job_id	ko_path	ko_start_line	ko_end_line	ko_unit_id	unit_type	ko_excerpt	required_identifiers	en_target_paths	en_start_line	coverage_status	action	evidence_excerpt	risk	notes
S016	DOCK/Home/36. Altibase 개발가이드__7341274.md	1	17	S016-D036-U001	metadata	--- title: "36. Altibase 개발가이드" page_id: "7341274" space_key: "DOCK" space_name: "Technical Documents(한국어)" source_url: "https://docs.altibase.com/pages/viewpage.action?pageId=7341274" updated_at: "2025-10-02T…	front matter; source_url; generated TOC	arch/Home/Altibase Development Guide__14058519.md	1	not_applicable	Excluded from technical coverage.	English target has its own metadata and split-page navigation.	none	Export metadata/generated navigation is not technical content.
S016	DOCK/Home/36. Altibase 개발가이드__7341274.md	23	27	S016-D036-U002	overview	본 문서는 Altibase를 이용한 개발환경에서 개발자가 고려해야 할 사항들을 설명합니다. 특정 개발환경 별 참고 문서는 각 개발환경 별로 작성된 기술문서를 참고하도록 합니다. 본 문서에는 일반적인 사항을 기술하며 문서 후반에는 ALTIBASE 에러메시지들에 대하여 설명하고 있습니다.	Altibase development considerations; specific environment docs; error messages	arch/Home/Altibase Development Guide__14058519.md	21	covered	No English change required.	This technical document describes considerations for developers using Altibase.	none	S016 direct inspection.
S016	DOCK/Home/36. Altibase 개발가이드__7341274.md	31	31	S016-D036-U003	reference_link	1. 『[Altibase 디스크I/O 병목을 고려한 볼륨구성 가이드](https://docs.altibase.com/pages/viewpage.action?pageId=11698408)』	Altibase Disk I/O Bottleneck Volume Configuration Guide; pageId=11698408	arch/Home/Altibase Development Guide__14058519.md	29	covered	No English change required.	1. [Altibase Disk I/O Bottleneck Volume Configuration Guide](https://docs.altibase.com/pages/viewpage.action?pageId=11698408)	none	S016 direct inspection.
S016	DOCK/Home/36. Altibase 개발가이드__7341274.md	33	33	S016-D036-U004	reference_link	2. 『[Altibase 백업정책 결정을 위한 고려사항](https://docs.altibase.com/pages/viewpage.action?pageId=14057586)』	Considerations for Altibase Backup Policy; pageId=14057586	arch/Home/Altibase Development Guide__14058519.md	30	covered	No English change required.	2. [Considerations for Altibase Backup Policy](https://docs.altibase.com/pages/viewpage.action?pageId=14057586)	none	S016 direct inspection.
S016	DOCK/Home/36. Altibase 개발가이드__7341274.md	35	35	S016-D036-U005	reference_link	3. 『[Altibase 이중화 구성 가이드](https://docs.altibase.com/pages/viewpage.action?pageId=13828098)』	Altibase Replication Configuration Guide; pageId=13828098	arch/Home/Altibase Development Guide__14058519.md	31	covered	No English change required.	3. [Altibase Replication Configuration Guide](https://docs.altibase.com/pages/viewpage.action?pageId=13828098)	none	S016 direct inspection.
S016	DOCK/Home/36. Altibase 개발가이드__7341274.md	37	37	S016-D036-U006	reference_link	4. 『[Altibase 이중화 제약사항 가이드](https://docs.altibase.com/pages/viewpage.action?pageId=19333729)』	Altibase Replication Constraints Guide; pageId=19333729	arch/Home/Altibase Development Guide__14058519.md	32	covered	No English change required.	4. [Altibase Replication Constraints Guide](https://docs.altibase.com/pages/viewpage.action?pageId=19333729)	none	S016 direct inspection.
S016	DOCK/Home/36. Altibase 개발가이드__7341274.md	39	39	S016-D036-U007	reference_link	5. 『[Altibase 운영을 위한 시스템 리소스 용량산정 가이드](https://docs.altibase.com/pages/viewpage.action?pageId=14057887)』	System Data Capacity Estimation Guide for Altibase Operations; pageId=14057887	arch/Home/Altibase Development Guide__14058519.md	33	covered	No English change required.	5. [System Data Capacity Estimation Guide for Altibase Operations](https://docs.altibase.com/pages/viewpage.action?pageId=14057887)	none	S016 direct inspection.
S016	DOCK/Home/36. Altibase 개발가이드__7341274.md	41	41	S016-D036-U008	reference_link	6. 『[Altibase Precompiler 가이드](https://docs.altibase.com/pages/viewpage.action?pageId=11698385)』	Altibase Precompiler Guide; pageId=11698385	arch/Home/Altibase Development Guide__14058519.md	34	covered	No English change required.	6. [Altibase Precompiler Guide](https://docs.altibase.com/pages/viewpage.action?pageId=11698385)	none	S016 direct inspection.
S016	DOCK/Home/36. Altibase 개발가이드__7341274.md	43	43	S016-D036-U009	reference_link	7. 『[Altibase SQL 튜닝 가이드](https://docs.altibase.com/pages/viewpage.action?pageId=19333563)』	Altibase SQL Tuning Guide; pageId=19333563	arch/Home/Altibase Development Guide__14058519.md	35	covered	No English change required.	7. [Altibase SQL Tuning Guide](https://docs.altibase.com/pages/viewpage.action?pageId=19333563)	none	S016 direct inspection.
S016	DOCK/Home/36. Altibase 개발가이드__7341274.md	45	45	S016-D036-U010	reference_link	8. 『[JAVA 개발 가이드](https://docs.altibase.com/pages/viewpage.action?pageId=14057500)』	JAVA Developer's Guide; pageId=14057500	arch/Home/Altibase Development Guide__14058519.md	36	covered	No English change required.	8. [JAVA Developer's Guide](https://docs.altibase.com/pages/viewpage.action?pageId=14057500)	none	S016 direct inspection.
S016	DOCK/Home/36. Altibase 개발가이드__7341274.md	47	47	S016-D036-U011	reference_link	9. 『[Altibase VC 2010 개발가이드](https://docs.altibase.com/pages/viewpage.action?pageId=19334121)』	Altibase VC 2010 Development Guide; pageId=19334121	arch/Home/Altibase Development Guide__14058519.md	37	covered	No English change required.	9. [Altibase VC 2010 Development Guide](https://docs.altibase.com/pages/viewpage.action?pageId=19334121)	none	S016 direct inspection.
S016	DOCK/Home/36. Altibase 개발가이드__7341274.md	49	49	S016-D036-U012	reference_link	10. 『[Oracle to Altibase 변환가이드](https://docs.altibase.com/pages/viewpage.action?pageId=7341605)』	ORACLE to ALTIBASE Conversion Guide; pageId=7341605	arch/Home/Altibase Development Guide__14058519.md	38	covered	No English change required.	10. [ORACLE to ALTIBASE Conversion Guide](https://docs.altibase.com/pages/viewpage.action?pageId=7341605)	none	S016 direct inspection.
S016	DOCK/Home/36. Altibase 개발가이드__7341274.md	51	54	S016-D036-U013	support	이 문서와 관련된 오류 및 개선사항은 기술지원포털 또는 기술지원센터로 문의주시기 바랍니다. - 기술지원포털 : [http://support.altibase.com](http://support.altibase.com/) ▶ 기술 지식 ▶ Q&A - 기술지원센터 : 02-2082-1114	support.altibase.com; Technical Knowledge > Q&A; 02-2082-1114	arch/Home/Altibase Development Guide__14058519.md	40	covered	No English change required.	For errors and improvements related to this document, contact the technical support portal or technical support center.	none	S016 direct inspection.
S016	DOCK/Home/36. Altibase 개발가이드__7341274.md	56	60	S016-D036-U014	boilerplate	이 문서는 정보 제공을 목적으로 제공되며, 사전에 예고 없이 변경될 수 있습니다. 이 문서는 오류가 있을 수 있으며, 상업적 또는 특정 목적에 부합하는 명시적, 묵시적인 책임이 일절 없습니다. 이 문서에 포함된 Altibase 제품의 특징이나 기능의 개발, 발표 등의 시기는 Altibase 재량입니다. Altibase는 이 문서에 대하여 관련된 특허권, 상표권, 저작권 또…	disclaimer; roadmap discretion; intellectual property	arch/Home/Altibase Development Guide__14058519.md	45	not_applicable	Excluded from technical coverage.	English target preserves equivalent legal/support boilerplate.	none	Nontechnical boilerplate recorded explicitly.
S016	DOCK/Home/36. Altibase 개발가이드__7341274.md	66	66	S016-D036-U015	design_intro	Altibase를 이용하여 DB 또는 시스템 설계를 수행하는 경우 고려할 사항들을 설명합니다. 설계 단계에서 고려하지 못한 사항들은 이후 개발뿐 아니라 운영 단계에까지 미치는 영향이 크기 때문에 반드시 아래 사항들을 고려하여 설계에 참고할 것을 권장합니다.	DB/system design; development and operations impact	arch/Home/Altibase Development Guide/1. Considerations when Designing__22642998.md	21	covered	No English change required.	This chapter describes considerations when designing a DB or system using ALTIBASE. Items missed during the design stage can have a significant impact on later development and operation, so use the following i…	none	S016 direct inspection.
S016	DOCK/Home/36. Altibase 개발가이드__7341274.md	72	76	S016-D036-U016	replication_design	1. Altibase는 네트워크 기반의 이중화 방식 Altibase는 네트워크를 기반으로 변경 트랜잭션 로그를 송/수신하여 데이터를 동기화 하는 이중화 방식을네트워크 환경에서 발생할 수 밖에 없 채택하고 있습니다. 즉, 일반적으로 사용자가 흔히 이해하는 디스크를 공유하는 방식이 아닙니다. 따라서, 이중화 설계 시 네트워크 환경에서 발생할 수 있는 데이터 전송지연 등을 고려…	network-based replication; Lazy; Eager; replication unit; data transmission delay	arch/Home/Altibase Development Guide/1. Considerations when Designing__22642998.md	25	covered	No English change required.	English lines 27-29 preserve network-based replication, non-disk-sharing behavior, data transmission delay, and Lazy/Eager per replication unit.	none	S016 direct inspection.
S016	DOCK/Home/36. Altibase 개발가이드__7341274.md	80	80	S016-D036-U017	comparison_table_row	| 성능 | 단독 서버의 90% 성능 수준 | Lazy 방식 대비 성능저하 |	Lazy performance; Eager performance; 90%	arch/Home/Altibase Development Guide/1. Considerations when Designing__22642998.md	33	covered	No English change required.	| Performance | 90% performance level of a single server | Performance degradation compared to the Lazy method |	none	S016 direct inspection.
S016	DOCK/Home/36. Altibase 개발가이드__7341274.md	81	81	S016-D036-U018	comparison_table_row	| 동기화 | 상대편 서버에 변경트랜잭션 로그의 전송 성공만을 확인하는 구조이기 때문에 성능은 우수한 반면 동기화는 지연될 수 있음 | 상대편 서버에 데이터 불일치를 원천 방지하기 위해 상대편 서버에 Commit 된 후 로컬에도 Commit 되기 때문에 성능은 지연되지만데이터의 동기화 보장. |	Lazy synchronization; Eager synchronization; commit on peer server	arch/Home/Altibase Development Guide/1. Considerations when Designing__22642998.md	34	covered	No English change required.	| Synchronization | This structure checks only whether the changed transaction log was transmitted successfully to the peer server, so performance is good but synchronization may be delayed. | To prevent data …	none	S016 direct inspection.
S016	DOCK/Home/36. Altibase 개발가이드__7341274.md	84	91	S016-D036-U019	replication_conflict_design	이중화 환경에서는 동일한 Primary Key를 갖는 레코드를 양쪽 서버에서 동시에 서로 다른 값으로 변경할 경우, 서버 간 충돌로 인해 원치 않는 데이터 불일치가 발생할 수 있습니다. 이를 방지하기 위해서는 다음과 같은 설계적 고려가 필요합니다. 1. 업무 로직 분리 변경(Insert/Update/Delete) 작업은 반드시 그룹 내 한쪽 서버에서만 수행되도록 배치하고,…	same Primary Key; Insert; Update; Delete; read-only; PK range; odd/even member IDs	arch/Home/Altibase Development Guide/1. Considerations when Designing__22642998.md	38	covered	No English change required.	In a dualized environment, if records with the same primary key are modified simultaneously with different values on both servers, unwanted data inconsistency may occur due to server conflicts. To prevent this…	none	S016 direct inspection.
S016	DOCK/Home/36. Altibase 개발가이드__7341274.md	94	96	S016-D036-U020	replication_log_method	Altibase의 이중화는 로컬서버에서 발생한 트랜잭션의 변경로그를 원격서버로 전송하는 형태입니다. 한 개의 SQL문으로 백만 건을 변경한 경우, 원격서버로 한 개의 SQL문이 전송되는 형태가 아닌 백만 건의 변경트랜잭션 로그가 전송되는 구조임을 의미합니다. 이외도 이중화 환경의 주요 고려사항들은 ALTIBASE의 기술문서인『[Altibase 이중화 구성 가이드](http…	one SQL; one million rows; changed transaction logs; replication configuration/constraints guides	arch/Home/Altibase Development Guide/1. Considerations when Designing__22642998.md	50	covered	No English change required.	Altibase replication sends the change logs of transactions generated on the local server to the remote server. If one SQL statement changes one million rows, one million changed transaction logs are transmitte…	none	S016 direct inspection.
S016	DOCK/Home/36. Altibase 개발가이드__7341274.md	102	102	S016-D036-U021	ha_failover	일반적인 상황에서는 장애가 발생하고 복구가 되면 이중화는 자동으로 자신이 가지고 있는 장애시점에 미처 보내지 못한 트랜잭션 로그를 상대편에 보내어 데이터 동기화를 수행하게 됩니다. 하지만, 네트워크의 특성상 장애 시점에 변경트랜잭션된 로그가 전송되지 않아 데이터 불일치로 인해 서비스를 바로 Fail-Over할 수 없는 업무가 있는지를 고려해야 합니다.	failure recovery; unsent transaction log; data inconsistency; Fail-Over	arch/Home/Altibase Development Guide/1. Considerations when Designing__22642998.md	56	covered	No English change required.	Under normal circumstances, when a failure occurs and recovery is performed, replication automatically synchronizes data by sending a transaction log to the other side that has not yet sent to the point of fai…	none	S016 direct inspection.
S016	DOCK/Home/36. Altibase 개발가이드__7341274.md	104	104	S016-D036-U022	offline_replicator	반드시 데이터가 동기화 된 이후에만 서비스가 가능한 업무라면 Altibase는 데이터 미전송분에 대한 반영을 위해 Off-Line replicator를 제공하고 있습니다. 다만, 이것은 장애 서버의 디스크에 접속이 가능한 상태에서만 사용이 가능하다는 제약조건이 있습니다. (이 기능을 쓰고자 한다면 공유디스크 장비를 구축하는 것을 권장합니다.)	Off-Line replicator; failed server disk accessible; shared disk recommended	arch/Home/Altibase Development Guide/1. Considerations when Designing__22642998.md	58	covered	No English change required.	If a service can be provided only after data is synchronized, ALTIBASE provides an Off-Line replicator to apply unsent data. However, it can be used only when the failed server's disk is accessible. To use thi…	none	S016 direct inspection.
S016	DOCK/Home/36. Altibase 개발가이드__7341274.md	106	106	S016-D036-U023	ha_policy	이러한 Off-Line replicator를 사용할 수 있는 환경이 아니라면 프로그램에서 장애시점의 Raw-Data를 누적하여 필요한 부분만큼 정상서버에 반영한 후 서비스를 이관하는 형태의 HA정책을 수립해야 합니다. 예를 들면, 증권사의 경우 대외계를 통해 나가는 모든 데이터는 고유번호로 관리됩니다. 이 번호는 대외계 시스템과 DB에 동일하게 존재하기 때문에 장애 발생시…	Raw-Data; unique numbers; external system; normal server; business logic	arch/Home/Altibase Development Guide/1. Considerations when Designing__22642998.md	60	covered	No English change required.	If the Off-Line replicator cannot be used, establish an HA policy in which the program accumulates raw data at the failure point and applies only the necessary portion to the normal server before transferring …	none	S016 direct inspection.
S016	DOCK/Home/36. Altibase 개발가이드__7341274.md	108	110	S016-D036-U024	backup_policy	HA외에도 물리적인 디스크 장애로 인한 데이터파일의 손상 및 트랜잭션 로그파일의 손상으로 인한 장애에 대비하여 백업정책을 수립해야 합니다. ALTIBASE의 백업 방식은 아카이브 모드를 이용한 전체 백업 방식과 증분 백업 방식을 모두 제공하고 있습니다. 따라서, 사용자는 백업 시점에 (1) 오프라인 상태에서 모든 필요 파일을 콜드 백업하는 방식, (2) 온라인 상태에서 데…	archive mode; full backup; incremental backup; cold backup; online tablespace backup	arch/Home/Altibase Development Guide/1. Considerations when Designing__22642998.md	62	covered	No English change required.	In addition to HA, it is necessary to establish a backup policy for data file damage caused by physical disk failure and failure caused by transaction log file corruption. The Altibase backup method provides b…	none	S016 direct inspection.
S016	DOCK/Home/36. Altibase 개발가이드__7341274.md	116	116	S016-D036-U025	backup_table_row	| iLoader 백업 | 주요 테이블 별로 레코드의 현재 값을 저장하는 형태로 iloader로 백업을 받는 시점의 데이터만 백업됩니다. |	iLoader backup; record current values	arch/Home/Altibase Development Guide/1. Considerations when Designing__22642998.md	70	covered	No English change required.	| iLoader Backup | Only snapshots of records are stored for each major table. Only data at the time of backup by iLoader is backed up |	none	S016 direct inspection.
S016	DOCK/Home/36. Altibase 개발가이드__7341274.md	117	117	S016-D036-U026	backup_table_row	| 콜드 백업 | ALTIBASE 프로세스를 내린 후 모든 필요 파일을 복사하여 보관하는 형태로 파일을 복사한 시점까지만 복구가 가능합니다. |	Cold Backup; copy all required files; restore to copied point	arch/Home/Altibase Development Guide/1. Considerations when Designing__22642998.md	71	covered	No English change required.	| Cold Backup | After the ALTIBASE process is shut down, all necessary files are copied and stored. Recovery is possible only up to the point when the files were copied. |	none	S016 direct inspection.
S016	DOCK/Home/36. Altibase 개발가이드__7341274.md	118	118	S016-D036-U027	backup_table_row	| 아카이브 전체 백업 | 백업 시점에 트랜잭션 로그파일을 포함하여 전체 데이터베이스 이미지를 백업하기 때문에 파일의 손상이 없는 시점까지 복구가 가능합니다. |	Archive Full Backup; transaction log files; full database image	arch/Home/Altibase Development Guide/1. Considerations when Designing__22642998.md	72	covered	No English change required.	| Archive Full Backup | Because the entire database image including transaction log files is backed up at the time of backup, recovery is possible to the point where there is no damage to the files. |	none	S016 direct inspection.
S016	DOCK/Home/36. Altibase 개발가이드__7341274.md	119	119	S016-D036-U028	backup_table_row	| 아카이브 증분 백업 | 처음에 한번 전체 백업을 수행하고 다음부터는 변경된 이미지만 백업하는 형태이며, 트랜잭션 로그파일까지 백업하기 때문에 파일의 손상이 없는 시점까지 복구가 가능합니다. 증분 백업본이 많을수록 복구 시간이 오래 걸리기 때문에 이에 대한 검토가 필요합니다. |	Archive Incremental Backup; changed images; recovery time	arch/Home/Altibase Development Guide/1. Considerations when Designing__22642998.md	73	covered	No English change required.	| Archive Incremental Backup | A full backup is performed once at the beginning, and only changed images are backed up afterward. Transaction log files are also backed up, so recovery is possible until the poi…	none	S016 direct inspection.
S016	DOCK/Home/36. Altibase 개발가이드__7341274.md	121	121	S016-D036-U029	reference_link	백업과 관련하여 『[Altibase 백업정책 결정을 위한 고려사항](https://docs.altibase.com/pages/viewpage.action?pageId=14057586)』문서를 참고하시기 바랍니다.	Considerations for Altibase Backup Policy; pageId=14057586	arch/Home/Altibase Development Guide/1. Considerations when Designing__22642998.md	75	covered	No English change required.	For backup, refer to [Considerations for Altibase Backup Policy](https://docs.altibase.com/pages/viewpage.action?pageId=14057586).	none	S016 direct inspection.
S016	DOCK/Home/36. Altibase 개발가이드__7341274.md	127	132	S016-D036-U030	table_design	1. 테이블 저장 위치를 목적에 맞게 선정 Altibase는 메모리/디스크 테이블스페이스를 모두 지원합니다. 1. 메모리 테이블스페이스 초고속 처리 성능이 요구되는 업무에 적합합니다. 트랜잭션 빈도가 높고, 데이터 유효기간이 짧은 테이블(예: 세션 정보, 당일 거래 데이터 등)에 권장됩니다.	memory tablespace; high performance; frequent transactions; short data validity	arch/Home/Altibase Development Guide/1. Considerations when Designing__22642998.md	79	covered	No English change required.	English lines 81-83 preserve memory/disk tablespace support, high-performance memory workloads, frequent transactions, and short data validity examples.	none	S016 direct inspection.
S016	DOCK/Home/36. Altibase 개발가이드__7341274.md	133	133	S016-D036-U031	table_design	2. 디스크 테이블스페이스 장기간 보관 및 대용량 데이터 적재가 필요한 업무에 적합합니다. 이력 데이터, 대량 조회 위주의 테이블에 주로 사용됩니다.	disk tablespace; long-term retention; large volume; historical data	arch/Home/Altibase Development Guide/1. Considerations when Designing__22642998.md	84	covered	No English change required.	2. Disk tablespaces are suitable for workloads that require long-term retention and loading large volumes of data. They are mainly used for historical data and tables that are queried in large volumes.	none	S016 direct inspection.
S016	DOCK/Home/36. Altibase 개발가이드__7341274.md	134	134	S016-D036-U032	table_design	3. Hybrid Partitioned Table(HPT) 활용 Altibase는 하나의 논리적 테이블을 메모리와 디스크 파티션으로 동시에 구성할 수 있는 HPT 기능을 제공합니다. 예: 최신 N일 데이터를 메모리 파티션에 저장하고, 그 이전 데이터는 디스크 파티션에 저장하여 단일 테이블처럼 관리 가능. 애플리케이션 입장에서는 별도 테이블을 구분할 필요 없이 하나의 테이블…	Hybrid Partitioned Table; HPT; memory partition; disk partition; disk I/O performance	arch/Home/Altibase Development Guide/1. Considerations when Designing__22642998.md	85	covered	No English change required.	3. Hybrid Partitioned Table (HPT) can be used to configure one logical table with both memory and disk partitions. For example, the latest N days of data can be stored in memory partitions and older data can b…	none	S016 direct inspection.
S016	DOCK/Home/36. Altibase 개발가이드__7341274.md	135	139	S016-D036-U033	data_type_design	2. 컬럼 타입에 대한 고려 Altibase에서 컬럼 타입을 선택할 때는 저장공간 효율성, 처리 성능, 연산 특성을 종합적으로 고려해야 합니다. 특히 숫자형과 날짜형의 경우, Native/Non-Native 타입의 차이와 내부 변환 비용이 성능에 직접적인 영향을 줄 수 있습니다. 다음의 사항들을 컬럼 타입의 선정에 있어 고려할 것을 권장합니다. | **고려사항** | **…	Native; Non-Native; SMALLINT; INTEGER; BIGINT; DOUBLE; NUMERIC(p,s); SUM; AVG	arch/Home/Altibase Development Guide/1. Considerations when Designing__22642998.md	87	covered	No English change required.	English lines 89-98 preserve numeric Native/Non-Native tradeoffs, SMALLINT/INTEGER/BIGINT/DOUBLE/NUMERIC guidance, Date/Char/Varchar, and JOIN type matching.	none	S016 direct inspection.
S016	DOCK/Home/36. Altibase 개발가이드__7341274.md	140	140	S016-D036-U034	data_type_design	| 날짜형 | 날짜 관련 연산이 중요한 경우라면 Date 타입을 선택하고 검색 및 비교 연산에 국한된 경우라면 Char/Varchar타입을 선택<br>(Date 타입은 8byte로 고정되어 있음) |	Date; Char; Varchar; 8byte	arch/Home/Altibase Development Guide/1. Considerations when Designing__22642998.md	97	covered	No English change required.	| Date Type | If the date-related operation is important, select the Date type. If it is limited to search and comparison operations, select the Char/Varchar type. (Date type is fixed at 8 bytes) |	none	S016 direct inspection.
S016	DOCK/Home/36. Altibase 개발가이드__7341274.md	141	141	S016-D036-U035	data_type_design	| Join | JOIN 조건에 사용되는 컬럼은 반드시 동일한 타입으로 정의해야 합니다.<br>서로 다른 타입 간 비교 시 내부 형 변환이 발생하여 성능 저하를 유발할 수 있습니다. |	JOIN; same data type; internal type conversion; performance degradation	arch/Home/Altibase Development Guide/1. Considerations when Designing__22642998.md	98	covered	No English change required.	| Join | Columns used in JOIN conditions must be defined with the same data type. Comparisons between different data types trigger internal type conversion, which can lead to performance degradation. |	none	S016 direct inspection.
S016	DOCK/Home/36. Altibase 개발가이드__7341274.md	142	143	S016-D036-U036	replication_fk_design	3. 이중화 대상인 경우 반드시 Primary Key를 가져야 합니다. 4. Foreign Key는 트랜잭션의 성능을 저하시키기 때문에 무분별한 사용은 자제해야 합니다.	Primary Key; Foreign Key; transaction performance	arch/Home/Altibase Development Guide/1. Considerations when Designing__22642998.md	100	covered	No English change required.	English lines 100-102 preserve the primary-key requirement for replicated tables and the foreign-key transaction performance caution.	none	S016 direct inspection.
S016	DOCK/Home/36. Altibase 개발가이드__7341274.md	149	149	S016-D036-U037	partition_limitation	Altibase 파티션 테이블의 경우 현재까지 (버전 7.3.0기준) Partitioned Local Index, Non-Partitioned Global Index를 지원하고 있으며 Partitioned Global Index를 지원하지 않습니다. 따라서, 파티션 테이블 전체를 조회하는 조건 절에 파티션 키가 배제된 형태의 조회 시에는 현저한 성능 저하가 발생할 수 있으…	Altibase 7.3.0; Partitioned Local Index; Non-Partitioned Global Index; Partitioned Global Index; partition key	arch/Home/Altibase Development Guide/1. Considerations when Designing__22642998.md	106	covered	No English change required.	For the ALTIBASE partition table (as of version 7.3.0), partitioned local indexes and non-partitioned global indexes are supported, and partitioned global indexes are not supported. Therefore, it is recommende…	none	S016 direct inspection.
S016	DOCK/Home/36. Altibase 개발가이드__7341274.md	155	163	S016-D036-U038	hardware_design	위에서 언급한 사항들과 관련된 물리적인 고려사항을 정리하여 설명합니다. | | | | **고려사항** | **설명** | | 이중화 | 네트웍을 이용하기 때문에 이중화의 연결은 별도의 Giga-bit 랜카드를 이용하여 서버간에 직접 연결하거나 Private망을 이용한 환경을 권장합니다. | | 디스크 | 백업을 고려할 경우 예측된 DB용량에 추가적으로 테이블스페이스 전체와…	Giga-bit LAN; private network; archive log files; redo log files; capacity estimation guide	arch/Home/Altibase Development Guide/1. Considerations when Designing__22642998.md	110	covered	No English change required.	The hardware-related considerations to the information above are summarized and explained in this section.	none	S016 direct inspection.
S016	DOCK/Home/36. Altibase 개발가이드__7341274.md	169	171	S016-D036-U039	unsupported_features	Altibase는 SQL92 표준을 준수하지만 타 DBMS와 비교하여 약간 상이한 부분들이 존재합니다. 이와 관련된 자세한 사항은 각 타 DBMS벤더 별로 제공되고 있는 기술문서를 참고하도록 합니다. (Ex)『[MSSQL to Altibase 변환가이드](https://docs.altibase.com/pages/viewpage.action?pageId=7341431)』, …	SQL92; MSSQL to ALTIBASE; ORACLE to ALTIBASE; Altibase/Oracle Comparison	arch/Home/Altibase Development Guide/1. Considerations when Designing__22642998.md	124	covered	No English change required.	ALTIBASE complies with the SQL92 standard, but there are some differences compared to other DBMSs.	none	S016 direct inspection.
S016	DOCK/Home/36. Altibase 개발가이드__7341274.md	177	177	S016-D036-U040	development_intro	개발 단계에서 필요한 고려사항들을 정리하여 설명합니다.	development-stage considerations	arch/Home/Altibase Development Guide/2. Considerations when Developing__14058531.md	21	covered	No English change required.	This chapter summarizes considerations needed during development.	none	S016 direct inspection.
S016	DOCK/Home/36. Altibase 개발가이드__7341274.md	183	191	S016-D036-U041	connection_type	1. Altibase 접속 방식의 선택 | **접속방식** | **설명** | | CONNTYPE=1 | TCP/IP 방식의 접속, 일반적인 접속 방식 | | CONNTYPE=2 | UNIX Domain Socket 방식의 접속, 로컬서버 내에서만 사용가능 | | CONNTYPE=3 | IPC 방식의 접속, 로컬서버 내에서만 사용가능 | CONNTYPE=n의 의미는 접속 …	CONNTYPE=1; CONNTYPE=2; CONNTYPE=3; TCP/IP; UNIX Domain Socket; IPC	arch/Home/Altibase Development Guide/2. Considerations when Developing__14058531.md	25	covered	No English change required.	English lines 27-33 preserve CONNTYPE=1/2/3, TCP/IP, UNIX Domain Socket, IPC, remote-server restriction, and local-server recommendation.	none	S016 direct inspection.
S016	DOCK/Home/36. Altibase 개발가이드__7341274.md	192	198	S016-D036-U042	auto_commit	2. Altibase는 Auto-Commit 모드가 기본 설정 JDBC는 표준 스펙상 Auto-Commit모드로 접속하게 됩니다. 그 외 응용프로그램은 사용자가 별도로 변경하지 않는 이상 기본적으로 $ALTIBASE_HOME/conf/altibase.properties 파일 내에 정의된 “AUTO_COMMIT” 속성값에 의해 결정됩니다. 이 속성값이 “1” 이면 Auto-…	JDBC; Auto-Commit; AUTO_COMMIT; altibase.properties; ALTER SESSION SET AUTOCOMMIT = FALSE; ALTER SYSTEM	arch/Home/Altibase Development Guide/2. Considerations when Developing__14058531.md	35	covered	No English change required.	English lines 37-45 preserve JDBC auto-commit, AUTO_COMMIT in altibase.properties, restart requirement, ALTER SESSION, and ALTER SYSTEM caveat.	none	S016 direct inspection.
S016	DOCK/Home/36. Altibase 개발가이드__7341274.md	204	216	S016-D036-U043	thread_connection_pool	Thread 환경의 프로그램에서는 하나의 연결을 다수의 Thread가 공유할 경우 반드시 해당 연결에 대한 동시성 제어를 개발자가 수행해야 합니다. Altibase는 세션과 서버간의 통신과정에서 약속된 프로토콜을 주고 받습니다. 일반적으로 PREPARE -> BIND -> EXECUTE -> FETCH등의 과정을 거치게 되는데 이 과정이 순차적으로 진행되어야 할 상황에서 …	PREPARE; BIND; EXECUTE; FETCH; Communication link failure; EXEC->INVL; PREP->EXEC; timer	arch/Home/Altibase Development Guide/2. Considerations when Developing__14058531.md	47	covered	No English change required.	English lines 49-61 preserve PREPARE -> BIND -> EXECUTE -> FETCH ordering, Communication link failure examples, concurrency control, and timer caveat.	none	S016 direct inspection.
S016	DOCK/Home/36. Altibase 개발가이드__7341274.md	222	245	S016-D036-U044	resource_release	프로그램에서 수행한 SQL문들은 개별 프로그램과 서버에 prepared 상태로 존재합니다. 이러한 SQL문들은 사용이 완료되면 관련 자원을 해제하도록 코드에 반영하는 것이 바람직합니다. 특히, 자바의 경우 메모리 증가 현상이 발생할 수 있으므로 다음과 같은 코드가 반드시 중요합니다. ``` Connection con = pool.getConnection(); Stateme…	Connection; Statement; ResultSet; rs.close(); stmt.close(); conn.close(); SQLAllocStmt; SQLFreeStmt; SQL_DROP; SQL_CLOSE	arch/Home/Altibase Development Guide/2. Considerations when Developing__14058531.md	63	covered	No English change required.	English lines 65-88 preserve Java close examples and CLI/ODBC SQLAllocStmt, SQLFreeStmt, SQL_CLOSE, and SQL_DROP resource-release rules.	none	S016 direct inspection.
S016	DOCK/Home/36. Altibase 개발가이드__7341274.md	251	260	S016-D036-U045	timeout_policy	세션은 DB에 접속한 프로그램의 연결을 의미합니다. 각 세션은 Altibase 고유의 Timeout정책에 의해 관리됩니다. Altibase는 크게 5가지 Timeout 정책을 제공하고 있으며 다음과 같습니다. (아래 색상이 표기된 것은 연결 문자열에서만 제어가 가능합니다.) | **구분** | **에러** **후** **세션상태** | **설명** | | CONNECTIO…	CONNECTION_TIMEOUT; TIMEOUT; QUERY_TIMEOUT; FETCH_TIMEOUT; IDLE_TIMEOUT; UTRANS_TIMEOUT	arch/Home/Altibase Development Guide/2. Considerations when Developing__14058531.md	90	covered	No English change required.	English lines 92-101 preserve CONNECTION_TIMEOUT, TIMEOUT, QUERY_TIMEOUT, FETCH_TIMEOUT, IDLE_TIMEOUT, and UTRANS_TIMEOUT semantics.	none	S016 direct inspection.
S016	DOCK/Home/36. Altibase 개발가이드__7341274.md	262	271	S016-D036-U046	timeout_configuration	만일, 사용자가 연결시도에 대한 5초 시간제한과 네트워크상의 블로킹현상이 발생할 경우 이를 30초안에 응답이 없으면 연결을 해제하겠다고 설정한다면 다음과 같이 연결 문자열에 옵션을 추가하면 됩니다. DSN=127.0.0.1;CONNTYPE=2;TIMEOUT=5;CONNECTION_TIMEOUT=30 그 외의 TIMEOUT설정은 기본적으로 $ALTIBASE_HOME/conf…	DSN=127.0.0.1; CONNTYPE=2; TIMEOUT=5; CONNECTION_TIMEOUT=30; ALTER SESSION SET QUERY_TIMEOUT; FETCH_TIMEOUT; 0 unlimited	arch/Home/Altibase Development Guide/2. Considerations when Developing__14058531.md	103	covered	No English change required.	To set a 5-second time limit for connection attempts and disconnect when there is no response within 30 seconds during network blocking, add options to the connection string as follows.	none	S016 direct inspection.
S016	DOCK/Home/36. Altibase 개발가이드__7341274.md	273	284	S016-D036-U047	timeout_errors	위의 TIMEOUT에 의한 오류가 발생하면 다음과 같은 에러를 응용 프로그램에서 확인할 수 있습니다. | **구분** | **에러** **메시지** | | CONNECTION_TIMEOUT | Connection time out | | TIMEOUT | Client unable to establish connection | | QUERY_TIMEOUT | Client's …	Connection time out; Client unable to establish connection; altibase_boot.log; The session has been closed by the server	arch/Home/Altibase Development Guide/2. Considerations when Developing__14058531.md	116	covered	No English change required.	If the error by TIMEOUT occurs, the following error can be checked in the application.	none	S016 direct inspection.
S016	DOCK/Home/36. Altibase 개발가이드__7341274.md	286	290	S016-D036-U048	timeout_log_action	[2010/07/06 13:10:35] [Thread-182894171744] [Level-1] [Notify : UTrans Timeout] Session Closed by Server : Session ID = 53 CLIENT_INFO => TCP 127.0.0.1:3992(PID : 13645) Time Limit => 3 Running Time => 5 Last …	UTrans Timeout; Session ID; CLIENT_INFO; Last Query; commit/rollback; tune query; session TIMEOUT setting	arch/Home/Altibase Development Guide/2. Considerations when Developing__14058531.md	129	covered	No English change required.	English lines 129-143 preserve UTrans Timeout log fields, query-tuning action, commit/rollback correction, and session-level TIMEOUT recommendation.	none	S016 direct inspection.
S016	DOCK/Home/36. Altibase 개발가이드__7341274.md	296	300	S016-D036-U049	cursor_usage	CURSOR를 이용한 SELECT문을 구현할 때에는 반드시 FETCH 구문에 대해 에러 체크를 수행하고 에러가 발생하거나 혹은 데이터를 모두 읽은 후에는 반드시 CURSOR를 CLOSE 해야 합니다. 만일, 이미 다 읽은 CURSOR를 FETCH하려고 하거나 아직 닫히지 않는 CURSOR에 어떤 작업을 시도할 경우 의도하지 않은 오류가 발생할 수 있으므로 CURSOR를 사…	FETCH error check; CLOSE CURSOR; COMMIT; ROLLBACK; separate DB session; bulk change cautions	arch/Home/Altibase Development Guide/2. Considerations when Developing__14058531.md	145	covered	No English change required.	English lines 147-153 preserve FETCH error checking, CLOSE CURSOR, COMMIT/ROLLBACK cursor closure, separate DB session, and bulk-change guidance.	none	S016 direct inspection.
S016	DOCK/Home/36. Altibase 개발가이드__7341274.md	306	325	S016-D036-U050	sql_error_check	Altibase환경의 개발자는 모든 질의 처리 이후 반드시 SQL Error를 체크할 것을 권장합니다. 특히, 다음의 경우를 반드시 체크하도록 해야 명확한 오류를 알아낼 수 있습니다. ``` EXEC SQL PREPARE …. EXEC SQL EXECUTE …. If (SQLCODE != SQL_SUCCESS) Error_log (); 또는, EXEC SQL DECLARE…	EXEC SQL PREPARE; EXEC SQL EXECUTE; SQLCODE; DECLARE CURSOR; OPEN; Not defined; PREPARE error check	arch/Home/Altibase Development Guide/2. Considerations when Developing__14058531.md	155	covered	No English change required.	English lines 157-176 preserve SQLCODE checks, PREPARE/DECLARE CURSOR error checking, Not defined error cause, and all-SQL-statement error-checking rule.	none	S016 direct inspection.
S016	DOCK/Home/36. Altibase 개발가이드__7341274.md	331	343	S016-D036-U051	lob_consideration	Altibase에서 LOB타입을 조회할 때에는 반드시 Non-Auto-Commit모드로 동작해야 합니다. Auto-Commit모드에서는 다음과 같은 오류가 발생할 수 있습니다. ``` [ERR-91101 : Connection is in autocommit mode. One can not operate on LOB data with autocommit mode on.] `…	ERR-91101; autocommit mode; Non-Auto-Commit; Altibase v6.3.1; ClientSide_Auto_Commit; altibase_cli.ini	arch/Home/Altibase Development Guide/2. Considerations when Developing__14058531.md	178	covered	No English change required.	English lines 180-204 preserve ERR-91101, non-auto-commit LOB requirement, Altibase 6.3.1+ JDBC exception, and ClientSide_Auto_Commit in altibase_cli.ini.	none	S016 direct inspection.
S016	DOCK/Home/36. Altibase 개발가이드__7341274.md	349	367	S016-D036-U052	prepared_statement	Altibase는 질의처리의 성능을 빠르게 하기 위해 내부에 수행된 질의의 실행계획을 저장하고 있습니다. 하지만, 매번 PREPARE/EXECUTE를 하는 형태의 질의를 수행하게 되면 내부적으로 이미 PREPARE된 실행계획을 사용하게 되지만 PREPARE를 수행하는 네트웍 비용이 매번 발생하기 때문에 이러한 성능 감소 요인을 막기 위해서는 다음과 같이 코드를 작성할 것을…	PREPARE; EXECUTE; OTL; streaming; dynamic SQL; INSERT INTO t1 VALUES	arch/Home/Altibase Development Guide/2. Considerations when Developing__14058531.md	206	covered	No English change required.	English lines 208-226 preserve PREPARE/EXECUTE reuse, OTL streaming option, network-cost reduction, and dynamic SQL/host-variable INSERT examples.	none	S016 direct inspection.
S016	DOCK/Home/36. Altibase 개발가이드__7341274.md	373	391	S016-D036-U053	sql_tuning	DB업무와 관련해 개발 작업을 진행하다 보면 질의 처리가 느린 경우들이 발생합니다. 혹은, 테스트 환경에서는 빠르게 처리되었는데 통합테스트 또는 운영 단계에서 질의가 매우 느린 경우들이 발생합니다. 이것은 수행되는 모든 질의에 대한 테스트 과정이나 실행계획 검증이 제대로 안 된 경우일 수 있습니다. Altibase는 질의의 처리과정 즉, 실행계획을 다음과 같이 확인할 수 …	ALTER SESSION SET EXPLAIN PLAN = ON; iSQL; AdminCenter2; FULL SCAN; IDX_T1; ACCESS: 262145; ALTIBASE SQL Tuning Guide	arch/Home/Altibase Development Guide/2. Considerations when Developing__14058531.md	228	covered	No English change required.	English lines 230-264 preserve ALTER SESSION SET EXPLAIN PLAN = ON, iSQL/AdminCenter2, FULL SCAN ACCESS 262145, IDX_T1 ACCESS 2, and SQL Tuning Guide reference.	none	S016 direct inspection.
S016	DOCK/Home/36. Altibase 개발가이드__7341274.md	397	402	S016-D036-U054	bulk_change_caution	일반적인 대량 변경작업은 Altibase뿐 아니라 타 DBMS에서도 부하가 크기 때문에 각 벤더 별로 요구하는 주의사항들이 존재합니다. ALTIBASE는 다음과 같은 사항의 주의가 필요합니다. 1. 메모리 테이블의 대량 변경작업 시 메모리 증가의 가능성 Altibase는 MVCC(Multi Version Concurrency Control)기법을 지원합니다. MVCC기법은…	MVCC; 10 million changes; memory increase; memory table	arch/Home/Altibase Development Guide/2. Considerations when Developing__14058531.md	266	covered	No English change required.	English lines 268-272 preserve MVCC, memory-table bulk change, 10 million row copy, and non-immediate memory release.	none	S016 direct inspection.
S016	DOCK/Home/36. Altibase 개발가이드__7341274.md	403	406	S016-D036-U055	bulk_change_caution	2. 대량 변경작업을 수행함으로써 트랜잭션 로그파일의 지속적인 증가 대량의 변경작업은 각 변경 대상 레코드에 대한 리두로그를 트랜잭션 로그파일에 기록해야 합니다. 따라서, 하나의 트랜잭션 내에 변경되는 모든 레코드의 리두로그를 기록해야 하는데 만일, 이 대상의 범위가 많다면 그만큼의 트랜잭션 로그파일도 많이 생성될 수 밖에 없습니다. (Altibase는 체크포인트 시점에 …	transaction log files; redo log; checkpoint; disk shortage	arch/Home/Altibase Development Guide/2. Considerations when Developing__14058531.md	274	covered	No English change required.	English lines 274-276 preserve redo log growth, transaction log file deletion at checkpoint, and disk-shortage risk.	none	S016 direct inspection.
S016	DOCK/Home/36. Altibase 개발가이드__7341274.md	407	409	S016-D036-U056	bulk_change_caution	3. 이중화 환경에서의 Dead-Lock 발생 가능성 및 반영 지연 이중화 환경에서는 앞서 설명한 바와 같이 하나의 트랜잭션이 변경한 모든 레코드의 변경정보를 상대편 서버로 전송하게 됩니다. 이 과정에서 상대편 서버의 해당하는 레코드에 대하여 락을 유지하게 되는데 만일, 상대편 서버에서 동일한 범위에 속하는 레코드를 변경할 경우 이중화 로그에 의해 발생한 트랜잭션과 상대편…	replication environment; Dead-Lock; reflection delay; peer server lock	arch/Home/Altibase Development Guide/2. Considerations when Developing__14058531.md	278	covered	No English change required.	English lines 278-282 preserve replication bulk-change transmission, peer-server lock retention, and deadlock between replication log and peer transaction.	none	S016 direct inspection.
S016	DOCK/Home/36. Altibase 개발가이드__7341274.md	415	423	S016-D036-U057	trace_intro	Altibase는 설치된 경로인 $ALTIBASE_HOME/trc 경로에 모듈 별로 중요한 상태정보 및 에러 등에 대해 Trace 로그를 기록하고 있습니다. 이 에러들에 설명합니다. ## Trace 로그의 분류 --- Altibase가 기록하는 Trace로그는 다음과 같습니다. | **분류** | **설명** |	ALTIBASE_HOME/trc; trace logs; module status; errors	arch/Home/Altibase Development Guide/3. Altibase Trace Logs__22643000.md	21	covered	No English change required.	ALTIBASE records trace logs for important status information and errors by module under the `$ALTIBASE_HOME/trc` path.	none	S016 direct inspection.
S016	DOCK/Home/36. Altibase 개발가이드__7341274.md	425	425	S016-D036-U058	trace_log_table_row	| altibase_boot.log | Start/Stop 과정 및 DBMS 전반의 로그를 기록 |	altibase_boot.log	arch/Home/Altibase Development Guide/3. Altibase Trace Logs__22643000.md	29	covered	No English change required.	| **altibase_boot.log** | Logs related to start/stop processes and overall DBMS operations |	none	S016 direct inspection.
S016	DOCK/Home/36. Altibase 개발가이드__7341274.md	426	426	S016-D036-U059	trace_log_table_row	| altibase_sm.log | 체크포인트 및 테이블스페이스 관련 로그를 기록 |	altibase_sm.log	arch/Home/Altibase Development Guide/3. Altibase Trace Logs__22643000.md	17	covered	No English change required.	- [Classification of trace logs](#id-3.AltibaseTraceLogs-Classificationoftracelogs) - [altibase_sm.log](#id-3.AltibaseTraceLogs-altibase_sm.log) - [altibase_qp.log](#id-3.AltibaseTraceLogs-altibase_qp.log) - […	none	S016 direct inspection.
S016	DOCK/Home/36. Altibase 개발가이드__7341274.md	427	427	S016-D036-U060	trace_log_table_row	| altibase_qp.log | DDL수행 및 Query Processing과 관련된 로그를 기록 |	altibase_qp.log	arch/Home/Altibase Development Guide/3. Altibase Trace Logs__22643000.md	17	covered	No English change required.	- [Classification of trace logs](#id-3.AltibaseTraceLogs-Classificationoftracelogs) - [altibase_sm.log](#id-3.AltibaseTraceLogs-altibase_sm.log) - [altibase_qp.log](#id-3.AltibaseTraceLogs-altibase_qp.log) - […	none	S016 direct inspection.
S016	DOCK/Home/36. Altibase 개발가이드__7341274.md	428	428	S016-D036-U061	trace_log_table_row	| altibase_rp.log | 이중화 동작상태와 관련된 로그를 기록 |	altibase_rp.log	arch/Home/Altibase Development Guide/3. Altibase Trace Logs__22643000.md	17	covered	No English change required.	- [Classification of trace logs](#id-3.AltibaseTraceLogs-Classificationoftracelogs) - [altibase_sm.log](#id-3.AltibaseTraceLogs-altibase_sm.log) - [altibase_qp.log](#id-3.AltibaseTraceLogs-altibase_qp.log) - […	none	S016 direct inspection.
S016	DOCK/Home/36. Altibase 개발가이드__7341274.md	429	429	S016-D036-U062	trace_log_table_row	| altibase_rp_conflict.log | 이중화 충돌(conflict)과 관련된 로그를 기록 |	altibase_rp_conflict.log	arch/Home/Altibase Development Guide/3. Altibase Trace Logs__22643000.md	41	covered	No English change required.	| **altibase_rp_conflict.log** | Logs related to replication conflicts |	none	S016 direct inspection.
S016	DOCK/Home/36. Altibase 개발가이드__7341274.md	430	430	S016-D036-U063	trace_log_table_row	| altibase_dk.log | DB link 사용과 관련된 로그를 기록 |	altibase_dk.log	arch/Home/Altibase Development Guide/3. Altibase Trace Logs__22643000.md	17	covered	No English change required.	- [Classification of trace logs](#id-3.AltibaseTraceLogs-Classificationoftracelogs) - [altibase_sm.log](#id-3.AltibaseTraceLogs-altibase_sm.log) - [altibase_qp.log](#id-3.AltibaseTraceLogs-altibase_qp.log) - […	none	S016 direct inspection.
S016	DOCK/Home/36. Altibase 개발가이드__7341274.md	431	431	S016-D036-U064	trace_log_table_row	| altibase_xa.log | XA 트랜잭션과 관련된 로그를 기록 |	altibase_xa.log	arch/Home/Altibase Development Guide/3. Altibase Trace Logs__22643000.md	44	covered	No English change required.	| **altibase_xa.log** | Logs related to XA transactions |	none	S016 direct inspection.
S016	DOCK/Home/36. Altibase 개발가이드__7341274.md	432	432	S016-D036-U065	trace_log_table_row	| altibase_mm.log | 메인 모듈(Main Module) 처리 시 발생하는 로그를 기록 |	altibase_mm.log	arch/Home/Altibase Development Guide/3. Altibase Trace Logs__22643000.md	38	covered	No English change required.	| **altibase_mm.log** | Logs generated during main module processing |	none	S016 direct inspection.
S016	DOCK/Home/36. Altibase 개발가이드__7341274.md	433	433	S016-D036-U066	trace_log_table_row	| altibase_error.log | 서버에서 발생하는 오류와 관련된 로그를 기록. |	altibase_error.log	arch/Home/Altibase Development Guide/3. Altibase Trace Logs__22643000.md	17	covered	No English change required.	- [Classification of trace logs](#id-3.AltibaseTraceLogs-Classificationoftracelogs) - [altibase_sm.log](#id-3.AltibaseTraceLogs-altibase_sm.log) - [altibase_qp.log](#id-3.AltibaseTraceLogs-altibase_qp.log) - […	none	S016 direct inspection.
S016	DOCK/Home/36. Altibase 개발가이드__7341274.md	434	434	S016-D036-U067	trace_log_table_row	| altibase_dump.log | 서버에서 발생하는 오류에 대한 디버깅 로그를 기록. |	altibase_dump.log	arch/Home/Altibase Development Guide/3. Altibase Trace Logs__22643000.md	32	covered	No English change required.	| **altibase_dump.log** | Debugging logs for errors occurring in the server |	none	S016 direct inspection.
S016	DOCK/Home/36. Altibase 개발가이드__7341274.md	435	435	S016-D036-U068	trace_log_table_row	| altibase_cm.log | 통신 모듈에서 발생하는 경고 메시지나 트레이스 메시지 등이 기록 |	altibase_cm.log	arch/Home/Altibase Development Guide/3. Altibase Trace Logs__22643000.md	30	covered	No English change required.	| **altibase_cm.log** | Logs warning or trace messages from the communication module |	none	S016 direct inspection.
S016	DOCK/Home/36. Altibase 개발가이드__7341274.md	436	436	S016-D036-U069	trace_log_table_row	| altibase_lb.log | 로드밸런서에서 발생하는 경고 메시지나 트레이스 메시지 등이 기록 |	altibase_lb.log	arch/Home/Altibase Development Guide/3. Altibase Trace Logs__22643000.md	37	covered	No English change required.	| **altibase_lb.log** | Logs warning or trace messages from the load balancer |	none	S016 direct inspection.
S016	DOCK/Home/36. Altibase 개발가이드__7341274.md	437	437	S016-D036-U070	trace_log_table_row	| altibase_job.log | JOB 객체의 실행과 관련된 정보가 기록 |	altibase_job.log	arch/Home/Altibase Development Guide/3. Altibase Trace Logs__22643000.md	36	covered	No English change required.	| **altibase_job.log** | Logs information related to the execution of JOB objects |	none	S016 direct inspection.
S016	DOCK/Home/36. Altibase 개발가이드__7341274.md	438	438	S016-D036-U071	trace_log_table_row	| altibase_ipc.log | IPC로 접속시 생성된 자원(resource)들에 대한 정보가 기록 |	altibase_ipc.log	arch/Home/Altibase Development Guide/3. Altibase Trace Logs__22643000.md	34	covered	No English change required.	| **altibase_ipc.log** | Logs information about resources created during IPC connection |	none	S016 direct inspection.
S016	DOCK/Home/36. Altibase 개발가이드__7341274.md	439	439	S016-D036-U072	trace_log_table_row	| altibase_ipcda.log | IPCDA로 접속 시 생성된 자원(resource)들에 대한 정보가 기록 |	altibase_ipcda.log	arch/Home/Altibase Development Guide/3. Altibase Trace Logs__22643000.md	35	covered	No English change required.	| **altibase_ipcda.log** | Logs information about resources created during IPCDA connection |	none	S016 direct inspection.
S016	DOCK/Home/36. Altibase 개발가이드__7341274.md	440	440	S016-D036-U073	trace_log_table_row	| altibase_snmp.log | SNMP에서 발생하는 경고 메시지나 트레이스 메시지 등이 기록 |	altibase_snmp.log	arch/Home/Altibase Development Guide/3. Altibase Trace Logs__22643000.md	43	covered	No English change required.	| **altibase_snmp.log** | Logs warning or trace messages from SNMP |	none	S016 direct inspection.
S016	DOCK/Home/36. Altibase 개발가이드__7341274.md	441	441	S016-D036-U074	trace_log_table_row	| killCheckServer.log | killCheckServer 유틸리티의 실행 결과가 기록 |	killCheckServer.log	arch/Home/Altibase Development Guide/3. Altibase Trace Logs__22643000.md	45	covered	No English change required.	| **killCheckServer.log** | Logs the results of executing the killCheckServer utility |	none	S016 direct inspection.
S016	DOCK/Home/36. Altibase 개발가이드__7341274.md	443	445	S016-D036-U075	trace_rotation	해당 로그파일은 기본적으로 10개까지 altibase_xx.log를 포함하여 altibase_xx.log-[1-10]까지 순환되면서 로그를 기록하게 됩니다. 이하에서는 사용자에게 의미 있는 중요한 메시지들에 대한 각 Trace로그 별로 분리하여 설명합니다.	altibase_xx.log; altibase_xx.log-[1-10]; 10 log files	arch/Home/Altibase Development Guide/3. Altibase Trace Logs__22643000.md	47	covered	No English change required.	By default, the log files are circulated to altibase_xx.log-[1-10], including altibase_xx.log, to record 10 log files.	none	S016 direct inspection.
S016	DOCK/Home/36. Altibase 개발가이드__7341274.md	453	455	S016-D036-U076	trace_message	| ERR-0108d (errno=0) License is invalid or expired. | | 구동단계에서 라이센스 파일이 없거나 잘못된 경우 발생합니다. ALTIBASE에서 라이센스 정보를 확인하고 필요 시 재발급을 받도록 해야 합니다. |	ERR-0108d; License is invalid or expired	arch/Home/Altibase Development Guide/3. Altibase Trace Logs__22643000.md	57	covered	No English change required.	| ERR-0108d (errno=0) License is invalid or expired. |	none	S016 direct inspection.
S016	DOCK/Home/36. Altibase 개발가이드__7341274.md	456	457	S016-D036-U077	trace_message	| ERR-01052(errno=13) Unable to invoke open() function on [/dbs/mydb-0-0] | | 최초에 구동 전에 DB를 생성하지 않았거나 해당 파일에 접근할 권한이 없는 경우 발생합니다. DB를 생성하거나 또는 디렉토리 및 파일에 접근권한이 있는지 확인합니다. 또는, 사용자의 실수로 데이터파일을 삭제한 경우일 수 있으므로 이 경…	ERR-01052; /dbs/mydb-0-0; open(); DB creation; permissions; backup recovery	arch/Home/Altibase Development Guide/3. Altibase Trace Logs__22643000.md	60	covered	No English change required.	| ERR-01052(errno=13) Unable to invoke open() function on [/dbs/mydb-0-0] |	none	S016 direct inspection.
S016	DOCK/Home/36. Altibase 개발가이드__7341274.md	458	459	S016-D036-U078	trace_message	| ERR-01052(errno=2) Unable to invoke open() function on [/dblog01/logfile536358] | | ALTIBASE 구동단계에서는 자동복구를 수행하게 되는데 이 과정에 필요한 리두로그파일이 손상되었거나 존재하지 않는 경우에 발생합니다. ALTIBASE 본사로 기술지원 요청을 해야 합니다. |	ERR-01052; /dblog01/logfile536358; redo log; automatic recovery; technical support	arch/Home/Altibase Development Guide/3. Altibase Trace Logs__22643000.md	62	covered	No English change required.	| ERR-01052(errno=2) Unable to invoke open() function on [/dblog01/logfile536358] |	none	S016 direct inspection.
S016	DOCK/Home/36. Altibase 개발가이드__7341274.md	460	461	S016-D036-U079	trace_message	| ERR-0001c(errno=76) Unable to shutdown the communication channel | | ALTIBASE Shutdown 단계에서 세션과 관련된 정리과정에서 나오는 Warning메시지로 운영에는 영향이 없습니다. |	ERR-0001c; shutdown communication channel; warning	arch/Home/Altibase Development Guide/3. Altibase Trace Logs__22643000.md	64	covered	No English change required.	| ERR-0001c(errno=76) Unable to shutdown the communication channel |	none	S016 direct inspection.
S016	DOCK/Home/36. Altibase 개발가이드__7341274.md	462	463	S016-D036-U080	trace_message	| ERR-71019 (errno=104) Failed to invoke a system function, write() (read, accept, select) | | 디스크 또는 네트웍상의 오류로 인해 발생합니다. 파일시스템의 체크나 네트웍상의 문제가 없는지 확인이 필요합니다. 또는, 메모리의 부족으로 시스템 콜이 실패하는 경우에 발생할 수 있습니다. |	ERR-71019; write(); read; accept; select; disk; network; memory	arch/Home/Altibase Development Guide/3. Altibase Trace Logs__22643000.md	66	covered	No English change required.	| ERR-71019 (errno=104) Failed to invoke a system function, write() (read, accept, select) |	none	S016 direct inspection.
S016	DOCK/Home/36. Altibase 개발가이드__7341274.md	464	465	S016-D036-U081	trace_message	| ERR-40029 (errno=16) Failed to invoke a system function, flock_trywrlock() | | 이미 ALTIBASE가 구동 중이거나 구동된 상태에서 다시 ALTIBASE를 재 구동하려고 하는 경우 발생합니다. 또는, 메모리의 부족으로 시스템 콜이 실패하는 경우 발생할 수 있습니다. |	ERR-40029; flock_trywrlock(); already running; memory	arch/Home/Altibase Development Guide/3. Altibase Trace Logs__22643000.md	68	covered	No English change required.	| ERR-40029 (errno=16) Failed to invoke a system function, flock_trywrlock() |	none	S016 direct inspection.
S016	DOCK/Home/36. Altibase 개발가이드__7341274.md	466	467	S016-D036-U082	trace_message	| ERR-11018 (errno=2) The version of data file for backup is not compatible with the version of storage manager. Backup DB => [ Version ID = 5.4.1, Bit = 64, Endian = LITTLE LogSize = 10485760 Transaction Tabl…	ERR-11018; backup data file version; Transaction Table Size; incompatible settings	arch/Home/Altibase Development Guide/3. Altibase Trace Logs__22643000.md	70	covered	No English change required.	| ERR-11018 (errno=2) The version of data file for backup is not compatible with the version of storage manager. Backup DB => [ Version ID = 5.4.1, Bit = 64, Endian = LITTLE LogSize = 10485760 Transaction Tabl…	none	S016 direct inspection.
S016	DOCK/Home/36. Altibase 개발가이드__7341274.md	468	469	S016-D036-U083	trace_message	| [ERROR] first write () operation failed. errno=32 | | 세션이 단절된 상태에서 read/write 시스템 콜이 오류가 발생할 수밖에 없으므로 그 정보를 Warning형태로 기록을 남길 경우입니다. 응용 프로그램에서 정상적인 Disconnect 명령 없이 강제 종료시키는 경우에도 이 로그가 기록됩니다. 운영에는 영향이 없습니다. |	first write operation failed; errno=32; disconnected session; forced termination	arch/Home/Altibase Development Guide/3. Altibase Trace Logs__22643000.md	72	covered	No English change required.	| [ERROR] first write () operation failed. errno=32 |	none	S016 direct inspection.
S016	DOCK/Home/36. Altibase 개발가이드__7341274.md	470	471	S016-D036-U084	trace_message	| ERR-7101d(errno=11) Protocol header error. (TCP 211.115.75.212:63847) Protocol processing failed. Close connection... | | ALTIBASE 서버버전과 호환되지 않는 버전의 클라이언트가 접속을 시도한 경우로, 출력된 접속정보를 통해 역추적하여 Server/Client의 버전 및…	ERR-7101d; Protocol header error; server/client compatibility	arch/Home/Altibase Development Guide/3. Altibase Trace Logs__22643000.md	74	covered	No English change required.	| ERR-7101d(errno=11) Protocol header error. (TCP 211.115.75.212:63847) Protocol processing failed. Close connection... |	none	S016 direct inspection.
S016	DOCK/Home/36. Altibase 개발가이드__7341274.md	472	473	S016-D036-U085	trace_message	| ERR-4000f(errno=2) No Error Message Loaded | | $ALTIBASE_HOME/msg/ 경로에 위치한 파일들이 없거나 버전과 호환되지 않는 경우 발생합니다. 또는, 해당 경로에 읽기 권한이 없을 경우도 발생합니다. |	ERR-4000f; No Error Message Loaded; $ALTIBASE_HOME/msg/	arch/Home/Altibase Development Guide/3. Altibase Trace Logs__22643000.md	76	covered	No English change required.	| ERR-4000f(errno=2) No Error Message Loaded |	none	S016 direct inspection.
S016	DOCK/Home/36. Altibase 개발가이드__7341274.md	474	475	S016-D036-U086	trace_message	| [Notify : Query Timeout] Query Canceled by Server : Session ID = 102373 [Notify : Fetch Timeout] Session Closed by Server : Session ID = 80106 [Notify : Utrans Timeout] Session Closed by Server : Session ID …	Query Timeout; Fetch Timeout; Utrans Timeout; Idle Timeout; Session ID	arch/Home/Altibase Development Guide/3. Altibase Trace Logs__22643000.md	78	covered	No English change required.	| [Notify : Query Timeout] Query Canceled by Server : Session ID = 102373 [Notify : Fetch Timeout] Session Closed by Server : Session ID = 80106 [Notify : Utrans Timeout] Session Closed by Server : Session ID …	none	S016 direct inspection.
S016	DOCK/Home/36. Altibase 개발가이드__7341274.md	476	477	S016-D036-U087	trace_message	| ERR-01027(errno=0) No more IPC channel (MAX=50, USED=50, BUFSIZE=65536) | | IPC 접속 가능한 자원보다 더 많은 IPC접속을 시도할 경우 발생합니다. |	ERR-01027; No more IPC channel; MAX=50; USED=50; BUFSIZE=65536	arch/Home/Altibase Development Guide/3. Altibase Trace Logs__22643000.md	80	covered	No English change required.	| ERR-01027(errno=0) No more IPC channel (MAX=50, USED=50, BUFSIZE=65536) |	none	S016 direct inspection.
S016	DOCK/Home/36. Altibase 개발가이드__7341274.md	478	479	S016-D036-U088	trace_message	| [Warning] Memory allocation failed. Size:524320 Timeout: 0 ERR-61055(errno=12) Memory allocation failure | | 메모리가 부족한 상황에서 내부적으로 필요한 메모리 할당에 실패하는 경우 발생합니다. 이 경우 메모리가 부족한 원인을 파악하여 조치해야 합니다. 만일, Swap 메모리까지 부족한…	Memory allocation failed; ERR-61055; swap memory; abnormal termination	arch/Home/Altibase Development Guide/3. Altibase Trace Logs__22643000.md	82	covered	No English change required.	| [Warning] Memory allocation failed. Size:524320 Timeout: 0 ERR-61055(errno=12) Memory allocation failure |	none	S016 direct inspection.
S016	DOCK/Home/36. Altibase 개발가이드__7341274.md	480	481	S016-D036-U089	trace_message	| ioctl() failed | | 소켓 또는 디스크 I/O작업간에 시스템 콜 수행에 일시적인 문제가 발생한 경우입니다. 일반적으로 무시해도 상관없으나 네트웍 또는 디스크를 점검하는 것을 권장합니다. |	ioctl() failed; socket; disk I/O; network	arch/Home/Altibase Development Guide/3. Altibase Trace Logs__22643000.md	84	covered	No English change required.	| ioctl() failed |	none	S016 direct inspection.
S016	DOCK/Home/36. Altibase 개발가이드__7341274.md	482	483	S016-D036-U090	trace_message	| WANING : write error number : 0, file name : /dblog01/logfile537572, file handle : 440, intended size : 10485760, writed size : 10485760 또는, File Extending Failed. : The disk space has been exhausted. Error …	WARNING write error; File Extending Failed; disk space exhausted; DataFile	arch/Home/Altibase Development Guide/3. Altibase Trace Logs__22643000.md	86	covered	No English change required.	| WARNING : write error number : 0, file name : /dblog01/logfile537572, file handle : 440, intended size : 10485760, writed size : 10485760, or File Extending Failed. : The disk space has been exhausted. Error…	none	S016 direct inspection.
S016	DOCK/Home/36. Altibase 개발가이드__7341274.md	491	493	S016-D036-U091	trace_message	| [CHECKPOINT-BEGIN] | | 체크포인트가 시작되었음을 의미합니다. |	CHECKPOINT-BEGIN	arch/Home/Altibase Development Guide/3. Altibase Trace Logs__22643000.md	95	covered	No English change required.	| [CHECKPOINT-BEGIN] |	none	S016 direct inspection.
S016	DOCK/Home/36. Altibase 개발가이드__7341274.md	494	495	S016-D036-U092	trace_message	| Remove Online Log File at LFG [0]: File[220 ~ 227] | | 체크포인트가 수행되면서 더 이상 복구에 필요하지 않은 트랜잭션 로그파일들을 정리하는 메시지입니다. 만일, File [None] 이라고 지속적으로 표시되고 리두로그 파일이 쌓이고 있다면 장시간 실행되는 질의가 없는지 또는, 이중화로 미전송되고 있는 부분이 없는지 확인이 필요…	Remove Online Log File; File[None]; long-running query; replication not transmitted	arch/Home/Altibase Development Guide/3. Altibase Trace Logs__22643000.md	98	covered	No English change required.	| Remove Online Log File at LFG [0]: File[220 ~ 227] |	none	S016 direct inspection.
S016	DOCK/Home/36. Altibase 개발가이드__7341274.md	496	497	S016-D036-U093	trace_message	| [CHECKPOINT-summary] BeginChkptLSN=[0,83,9820280], EndChkptLSN=[0,83,9820721], DiskRecLSN=[0,83,9820280] | | 체크포인트가 정상적으로 완료되는 시점에 체크포인트의 수행정보에 대한 요약정보를 로그에 남깁니다. |	CHECKPOINT-summary; BeginChkptLSN; EndChkptLSN; DiskRecLSN	arch/Home/Altibase Development Guide/3. Altibase Trace Logs__22643000.md	100	covered	No English change required.	| [CHECKPOINT-summary] BeginChkptLSN=[0,83,9820280], EndChkptLSN=[0,83,9820721], DiskRecLSN=[0,83,9820280] |	none	S016 direct inspection.
S016	DOCK/Home/36. Altibase 개발가이드__7341274.md	498	499	S016-D036-U094	trace_message	| [CHECKPOINT-END] | | 체크포인트가 정상적으로 완료 되었음을 의미합니다. |	CHECKPOINT-END	arch/Home/Altibase Development Guide/3. Altibase Trace Logs__22643000.md	102	covered	No English change required.	| [CHECKPOINT-END] |	none	S016 direct inspection.
S016	DOCK/Home/36. Altibase 개발가이드__7341274.md	500	501	S016-D036-U095	trace_message	| Minimum LSN = [0,83,9824136] | | 위 값은 현재 진행중인 트랜잭션의 기록중인 로그파일의 minimum offset위치입니다. 따라서, 저 값이 변동하지 않고 계속 같은 값을 유지한다면 위의 Remove로그와 동일하게 장시간 수행되는 질의의 존재 여부나 이중화 미 전송여부를 반드시 확인해야 합니다. |	Minimum LSN; offset; long-running query; replication not transmitted	arch/Home/Altibase Development Guide/3. Altibase Trace Logs__22643000.md	104	covered	No English change required.	| Minimum LSN = [0,83,9824136] |	none	S016 direct inspection.
S016	DOCK/Home/36. Altibase 개발가이드__7341274.md	502	503	S016-D036-U096	trace_message	| Database-Level Backup Completed [SUCCESS] | | 백업이 정상 수행되었음을 의미합니다. |	Database-Level Backup Completed; SUCCESS	arch/Home/Altibase Development Guide/3. Altibase Trace Logs__22643000.md	106	covered	No English change required.	| Database-Level Backup Completed [SUCCESS] |	none	S016 direct inspection.
S016	DOCK/Home/36. Altibase 개발가이드__7341274.md	504	505	S016-D036-U097	trace_message	| DISK TABLESPACE .... DATABASE .... | | 디스크 테이블스페이스의 백업이 수행되었음을 의미합니다. |	DISK TABLESPACE; DATABASE; backup	arch/Home/Altibase Development Guide/3. Altibase Trace Logs__22643000.md	108	covered	No English change required.	| DISK TABLESPACE .... DATABASE .... |	none	S016 direct inspection.
S016	DOCK/Home/36. Altibase 개발가이드__7341274.md	506	507	S016-D036-U098	trace_message	| ~/loganchor0 BACKUP TO | | 로그앵커의 백업이 수행되었음을 의미합니다. |	loganchor0 BACKUP TO	arch/Home/Altibase Development Guide/3. Altibase Trace Logs__22643000.md	110	covered	No English change required.	| ~/loganchor0 BACKUP TO |	none	S016 direct inspection.
S016	DOCK/Home/36. Altibase 개발가이드__7341274.md	508	509	S016-D036-U099	trace_message	| MEMORY TABLESPACE DATAFILE …. BACKUP TO …. | | 메모리 테이블스페이스의 백업이 수행되었음을 의미합니다. |	MEMORY TABLESPACE DATAFILE; BACKUP TO	arch/Home/Altibase Development Guide/3. Altibase Trace Logs__22643000.md	112	covered	No English change required.	| MEMORY TABLESPACE DATAFILE …. BACKUP TO …. |	none	S016 direct inspection.
S016	DOCK/Home/36. Altibase 개발가이드__7341274.md	517	519	S016-D036-U100	trace_message	| [EXEC_DDL_BEGIN : create index T1_IDX on T1 (A)] | | 사용자가 수행한 DDL의 수행시작을 의미하는 로그 |	EXEC_DDL_BEGIN; create index T1_IDX	arch/Home/Altibase Development Guide/3. Altibase Trace Logs__22643000.md	121	covered	No English change required.	| [EXEC_DDL_BEGIN : create index T1_IDX on T1 (A)] |	none	S016 direct inspection.
S016	DOCK/Home/36. Altibase 개발가이드__7341274.md	520	521	S016-D036-U101	trace_message	| [EXEC_DDL_END : SUCCESS] | | 사용자가 수행한 DDL의 정상완료를 의미하는 로그 |	EXEC_DDL_END; SUCCESS	arch/Home/Altibase Development Guide/3. Altibase Trace Logs__22643000.md	124	covered	No English change required.	| [EXEC_DDL_END : SUCCESS] |	none	S016 direct inspection.
S016	DOCK/Home/36. Altibase 개발가이드__7341274.md	522	523	S016-D036-U102	trace_message	| [EXEC_DDL_END : FAILURE] errorcode 1627549735. | | 사용자가 수행한 DDL의 오류내역을 의미하는 로그 |	EXEC_DDL_END; FAILURE; errorcode 1627549735	arch/Home/Altibase Development Guide/3. Altibase Trace Logs__22643000.md	126	covered	No English change required.	| [EXEC_DDL_END : FAILURE] errorcode 1627549735. |	none	S016 direct inspection.
S016	DOCK/Home/36. Altibase 개발가이드__7341274.md	524	525	S016-D036-U103	trace_message	| [SET-PROP] CHECKPOINT_BULK_WRITE_PAGE_COUNT=[0] | | 사용자가 시스템 전역에 영향을 미치는 DB속성 설정 값을 변경한 경우를 의미하는 로그 |	SET-PROP; CHECKPOINT_BULK_WRITE_PAGE_COUNT; ALTER SYSTEM	arch/Home/Altibase Development Guide/3. Altibase Trace Logs__22643000.md	128	covered	No English change required.	| [SET-PROP] CHECKPOINT_BULK_WRITE_PAGE_COUNT=[0] |	none	S016 direct inspection.
S016	DOCK/Home/36. Altibase 개발가이드__7341274.md	533	535	S016-D036-U104	trace_message	| ERR-31017(errno=0) Replication not found | | 이중화 관련 DDL을 수행할 때 지정한 이중화 객체가 존재하지 않는 경우에 발생한다. 따라서, 지정한 이중화 객체가 존재하는지 확인이 필요합니다. |	ERR-31017; Replication not found	arch/Home/Altibase Development Guide/3. Altibase Trace Logs__22643000.md	137	covered	No English change required.	| ERR-31017(errno=0) Replication not found |	none	S016 direct inspection.
S016	DOCK/Home/36. Altibase 개발가이드__7341274.md	536	537	S016-D036-U105	trace_message	| ERR-6200f(errno=16) [Sender] Stop sender thread REP1 at [9765213], Restart SN[9765207] | | 이중화 Sender를 사용자가 명시적으로 Stop시킨 경우 발생하는 로그입니다. |	ERR-6200f; Sender; Stop sender thread; REP1	arch/Home/Altibase Development Guide/3. Altibase Trace Logs__22643000.md	140	covered	No English change required.	| ERR-6200f(errno=16) [Sender] Stop sender thread REP1 at [9765213], Restart SN[9765207] |	none	S016 direct inspection.
S016	DOCK/Home/36. Altibase 개발가이드__7341274.md	538	539	S016-D036-U106	trace_message	| ERR-71017(errno=79) Failed to invoke a system function, connect() ERR-61012(errno=79) [Sender] Failed to connect to the peer server ERR-61022(errno=79) [Sender] Sender Sleep : 60 seconds [Sender] getNextLast…	ERR-71017; ERR-61012; ERR-61022; Sender Sleep; handshake; peer server	arch/Home/Altibase Development Guide/3. Altibase Trace Logs__22643000.md	142	covered	No English change required.	| ERR-71017(errno=79) Failed to invoke a system function, connect() ERR-61012(errno=79) [Sender] Failed to connect to the peer server ERR-61022(errno=79) [Sender] Sender Sleep : 60 seconds [Sender] getNextLast…	none	S016 direct inspection.
S016	DOCK/Home/36. Altibase 개발가이드__7341274.md	540	541	S016-D036-U107	trace_message	| [Recovery Sender] Replication REP1 Start... at [60495917] | | 이중화가 정상 개시되어 Sender가 구동된 로그입니다. |	Recovery Sender; Replication REP1 Start	arch/Home/Altibase Development Guide/3. Altibase Trace Logs__22643000.md	144	covered	No English change required.	| [Recovery Sender] Replication REP1 Start... at [60495917] |	none	S016 direct inspection.
S016	DOCK/Home/36. Altibase 개발가이드__7341274.md	542	543	S016-D036-U108	trace_message	| [Receiver] Replication REP1 Started ... | | 이중화가 정상 개시되어 Receiver가 구동된 로그입니다. |	Receiver; Replication REP1 Started	arch/Home/Altibase Development Guide/3. Altibase Trace Logs__22643000.md	146	covered	No English change required.	| [Receiver] Replication REP1 Started ... |	none	S016 direct inspection.
S016	DOCK/Home/36. Altibase 개발가이드__7341274.md	544	545	S016-D036-U109	trace_message	| RECEIVER:REPLICATION STOP MSG arrived! [ReceiverApply] REPLICATION STOP XLog arrived! Normal Stop! [Receiver] Replication REP1 Stopped ... | | 상대편 서버에서 사용자가 이중화를 명시적으로 stop한 경우입니다. |	REPLICATION STOP MSG; Normal Stop	arch/Home/Altibase Development Guide/3. Altibase Trace Logs__22643000.md	148	covered	No English change required.	| RECEIVER:REPLICATION STOP MSG arrived! [ReceiverApply] REPLICATION STOP XLog arrived! Normal Stop! [Receiver] Replication REP1 Stopped ... |	none	S016 direct inspection.
S016	DOCK/Home/36. Altibase 개발가이드__7341274.md	546	547	S016-D036-U110	trace_message	| ERR-61047(errno=0) [Receiver] REP1 receiver has error in recvXlog() ERR-61048(errno=0) [Receiver] REP1 receiver has recvXLog error in run() ERR-6104b(errno=0) [Receiver] REP1 receiver is ended (by thr_exit) …	ERR-61047; ERR-61048; ERR-6104b; Receiver thread ended	arch/Home/Altibase Development Guide/3. Altibase Trace Logs__22643000.md	150	covered	No English change required.	| ERR-61047(errno=0) [Receiver] REP1 receiver has error in recvXlog() ERR-61048(errno=0) [Receiver] REP1 receiver has recvXLog error in run() ERR-6104b(errno=0) [Receiver] REP1 receiver is ended (by thr_exit) |	none	S016 direct inspection.
S016	DOCK/Home/36. Altibase 개발가이드__7341274.md	553	566	S016-D036-U111	trace_message	altibase_rp_conflict.log에는 각종 Conflict발생 시의 질의가 기록되기 때문에 이중화 문제의 추적에 있어 중요한 단서제공을 하고 있습니다. | | | **ERR-61036(errno=0) [Receiver] err_not found in deleteXlog()**<br>**ERR-61000(errno=0) The received record is n…	altibase_rp_conflict.log; conflict SQL; ERR-61036; ERR-61035; ERR-6103a; ERR-11058; INSERT; UPDATE; DELETE	arch/Home/Altibase Development Guide/3. Altibase Trace Logs__22643000.md	157	covered	No English change required.	English lines 34-40 preserve Communication link failure causes and checks for altibase_boot.log, threaded-program precautions, and network issues.	none	S016 direct inspection.
S016	DOCK/Home/36. Altibase 개발가이드__7341274.md	574	576	S016-D036-U112	trace_message	| ERR-b1070(errno=0) ODBC problem occurred [0:IM002:[unixODBC][Driver Manager]Data source name not found, and no default driver specified] | | 지정한 Data Source 이름을 찾지 못하거나 LD_LIBRARY_PATH가 설정이 되어 있지 않을 경우 발생합니다…	ERR-b1070; IM002; unixODBC; Data source name not found; LD_LIBRARY_PATH	arch/Home/Altibase Development Guide/3. Altibase Trace Logs__22643000.md	180	covered	No English change required.	English lines 44-50 preserve STACK SIZE 8192 resolution and memory-increase/session-only caution.	none	S016 direct inspection.
S016	DOCK/Home/36. Altibase 개발가이드__7341274.md	577	578	S016-D036-U113	trace_message	| ERR-b1070(errno=239) ODBC problem occurred [327730:08001:Client unable to establish connection.] | | 알티베이스 서버에 연결할 수 없거나 odbc.ini 환경변수 설정이 되어 있지 않을 경우 발생합니다. 서버 구동 상태를 확인하고, odbc.ini를 환경변수에 추가하여 해결할 수 있습니다. |	ERR-b1070; 08001; Client unable to establish connection; odbc.ini	arch/Home/Altibase Development Guide/3. Altibase Trace Logs__22643000.md	183	covered	No English change required.	English lines 54-61 preserve BYTE/CLOB example and Altibase SQL Reference conversion-function link.	none	S016 direct inspection.
S016	DOCK/Home/36. Altibase 개발가이드__7341274.md	584	588	S016-D036-U114	trace_message	altibase_error.log에는 Altibase 비정상 종료 발생 시, 원인 분석을 위한 중요한 단서를 제공합니다. | BEGIN-STACK-[CRASH]=====================================<br>Caller[0] 0000000000417208 Caller[1] 00007FFB5324FC20 Caller[2] 000000000042D81…	altibase_error.log; BEGIN-STACK; CRASH; $ALTIBASE_HOME/trc; technical support	arch/Home/Altibase Development Guide/3. Altibase Trace Logs__22643000.md	190	covered	No English change required.	English lines 65-74 preserve invalid cursor state causes, thread concurrency issue, and CLOSE CURSOR remedy.	none	S016 direct inspection.
S016	DOCK/Home/36. Altibase 개발가이드__7341274.md	594	604	S016-D036-U110	client_error_intro	Altibase를 사용하는 응용 프로그램을 운영하는 환경에서 자주 발생하는 에러 유형들을 소개하고 각 유형들에 대해 어떤 사항들을 개발자가 확인해야 하는지를 설명한다. ## Connection does not exist --- DBMS에 연결이 되지 않은 상태 또는, 단절된 상태에서 질의를 처리하려고 할 경우 발생하는 오류이다. 다음의 경우들에서 발생할 수 있다. 1. 앞…	client application errors; developer checks; Connection does not exist; TIMEOUT policy	arch/Home/Altibase Development Guide/4. CLIENT APPLICATION Error Messages__14058547.md	21	covered	No English change required.	This chapter introduces error types that frequently occur when operating applications that use ALTIBASE, and explains what developers should check for each type.	none	S016 direct inspection.
S016	DOCK/Home/36. Altibase 개발가이드__7341274.md	610	616	S016-D036-U111	client_error	일반적으로 위의 “Connection does not exist” 는 이 오류 다음으로 발생하게 된다. 이 에러는 질의를 수행과정에서 세션이 단절된 상태를 의미한다. 원인은 앞서 설명한 것처럼 TIMEOUT정책에 의해 해제되는 경우가 일반적이다. 간혹, 네트웍의 문제로 연결이 단절되는 경우가 발생할 수 있다. 이 문제는 통신소켓상의 문제로 다양한 원인으로 발생할 수 있기 …	Communication link failure; altibase_boot.log; threaded program; network	arch/Home/Altibase Development Guide/4. CLIENT APPLICATION Error Messages__14058547.md	32	covered	No English change required.	English lines 34-40 preserve Communication link failure causes and checks for altibase_boot.log, threaded-program precautions, and network issues.	none	S016 direct inspection.
S016	DOCK/Home/36. Altibase 개발가이드__7341274.md	622	628	S016-D036-U112	client_error	Altibase 내부적으로 질의를 처리하는 과정에서 사용되는 객체로, 수행되는 질의가 필요로 하는 Stack이 부족한 경우 발생한다. 사용자는 해당 질의의 수행 전에 다음과 같이 수행한 후 에러가 발생한 질의를 수행하면 정상적으로 처리할 수 있다. ``` ALTER SESSION SET STACK SIZE = 8192; ``` 이 값은 메모리의 증가를 유발하기 때문에 전체…	Calculate stack overflow; ALTER SESSION SET STACK SIZE = 8192; memory increase	arch/Home/Altibase Development Guide/4. CLIENT APPLICATION Error Messages__14058547.md	42	covered	No English change required.	English lines 44-50 preserve STACK SIZE 8192 resolution and memory-increase/session-only caution.	none	S016 direct inspection.
S016	DOCK/Home/36. Altibase 개발가이드__7341274.md	634	641	S016-D036-U113	client_error	다음과 같은 경우에 발생한다. ``` CREATE TABLE t2 (a BYTE (2)); INSERT INTO t2 VALUES (CLOB’1’); ``` 위의 예제처럼 BYTE컬럼에 CLOB의 데이터를 넣을 경우 형 변환을 CLOB을 BYTE로 변환할 수 없음으로 에러를 발생시킨다. Altibase 변환 함수는 어떤 데이터 타입의 입력 값을 다른 데이터 타입으로 변환한…	Conversion not applicable; BYTE; CLOB; Altibase SQL Reference; conversion functions	arch/Home/Altibase Development Guide/4. CLIENT APPLICATION Error Messages__14058547.md	52	covered	No English change required.	English lines 54-61 preserve BYTE/CLOB example and Altibase SQL Reference conversion-function link.	none	S016 direct inspection.
S016	DOCK/Home/36. Altibase 개발가이드__7341274.md	647	656	S016-D036-U114	client_error	CURSOR를 사용할 때 다 사용된 CURSOR를 정상적으로 CLOSE CURSOR처리를 하지 않은 채 다시 OPEN CURSOR를 하려고 시도할 경우 발생한다. 또는 이미 Fetch가 완료된 CURSOR를 다시 Fetch하려고 시도하는 경우에도 발생한다. 간혹, 사용자 프로그램이 쓰레드인 경우 연결객체에 대한 동시성 제어를 제대로 하지 않아 자신의 쓰레드에 유효하지 않은…	Invalid cursor state; OPEN CURSOR; FETCH CURSOR; CLOSE CURSOR; thread concurrency	arch/Home/Altibase Development Guide/4. CLIENT APPLICATION Error Messages__14058547.md	63	covered	No English change required.	English lines 65-74 preserve invalid cursor state causes, thread concurrency issue, and CLOSE CURSOR remedy.	none	S016 direct inspection.
S016	DOCK/Home/36. Altibase 개발가이드__7341274.md	662	669	S016-D036-U115	client_error	CURSOR를 사용할 때 CURSOR NAME을 명시하는데 이 CURSOR NAME이 존재하지 않거나 혹은 DECLARE(PREPARE) CURSOR를 수행하는 과정에서 오류가 발생했는데 이를 체크하지 않아 EXECUTE 혹은 OPEN CURSOR단계에서 오류가 발생할 때 이 에러가 나타난다. 사용자는 반드시 다음과 같이 개발을 해야 한다. ``` DECLARE CURSO…	Not defined cursor; DECLARE CURSOR; PREPARE; SQLCODE; OPEN CURSOR	arch/Home/Altibase Development Guide/4. CLIENT APPLICATION Error Messages__14058547.md	76	covered	No English change required.	English lines 78-85 preserve missing/failed cursor declaration cause and SQLCODE check after DECLARE CURSOR.	none	S016 direct inspection.
S016	DOCK/Home/36. Altibase 개발가이드__7341274.md	675	677	S016-D036-U116	client_error	일반적으로 쓰레드 구조의 프로그램에서 자주 발생하며 앞에서 설명한 바와 같이 쓰레드 구조의 연결 객체에 대한 동시성 제어가 올바르지 않을 경우 ALTIBASE 서버와 클라이언트 간에 주고 받아야 하는 프로토콜의 순서가 틀려지는 경우 발생한다. 먼저, 프로그램의 구조가 쓰레드라면 이러한 동시성 제어가 올바른지 확인하도록 해야 한다. 혹은, PREAPRE->BINDING->E…	Invalid request to process the SQL statement; PREPARE; BINDING; EXECUTE; thread concurrency	arch/Home/Altibase Development Guide/4. CLIENT APPLICATION Error Messages__14058547.md	87	covered	No English change required.	English lines 89-91 preserve threaded-program concurrency-control cause and PREPARE -> BINDING -> EXECUTE order check.	none	S016 direct inspection.
S016	DOCK/Home/36. Altibase 개발가이드__7341274.md	683	696	S016-D036-U117	client_error	이 에러는 숫자형 타입에 문자를 입력하는 등의 오류가 발생할 경우 나타난다. ``` CREATE TABLE t1 (a INTEGER); INSERT INTO t1 VALUES (‘AAAA’); ``` 위의 예처럼 컬럼 타입이 숫자형임에도 데이터를 문자열로 삽입하려고 시도할 경우 발생한다. 반대로, 문자열을 숫자형 변수에 담으려고 할 경우에는 다음과 같이 오류가 발생한다. …	Invalid literal; INTEGER; AAAA; Invalid character value for cast specification	arch/Home/Altibase Development Guide/4. CLIENT APPLICATION Error Messages__14058547.md	93	covered	No English change required.	English lines 95-108 preserve INTEGER/AAAA invalid literal example and invalid character value for cast specification.	none	S016 direct inspection.
S016	DOCK/Home/36. Altibase 개발가이드__7341274.md	702	710	S016-D036-U118	client_error	컬럼 타입보다 더 큰 값으로 데이터가 입력되는 경우 발생한다. ``` CREATE TABLE t1 (a CHAR(2)); INSERT INTO t1 VALUES ('aaaa'); [ERR-2100D : Invalid length of the data type] ``` 위의 예처럼 컬럼 타입은 2byte까지 저장이 가능한데 입력을 4byte로 하려고 하면 지정된 컬럼 크기보…	Invalid length of data type; CHAR(2); ERR-2100D	arch/Home/Altibase Development Guide/4. CLIENT APPLICATION Error Messages__14058547.md	110	covered	No English change required.	English lines 112-120 preserve CHAR(2), aaaa, ERR-2100D, and column-size explanation.	none	S016 direct inspection.
S016	DOCK/Home/36. Altibase 개발가이드__7341274.md	716	725	S016-D036-U119	client_error	이 에러는 Precompiler를 사용하는 개발환경에서 발생을 하는데 SELECT 결과에서 컬럼의 리턴 값이 NULL로 리턴 될 경우 INDICATOR변수가 지정되지 않으면 SQL_SUCCESS_WITH_INFO와 함께 이 오류메시지를 발생하게 된다. ``` int IND_C1; int IND_C2; EXEC SELECT C1, C2 INTO :H_C1 INDICATOR …	Indicator variable required; Precompiler; SQL_SUCCESS_WITH_INFO; INDICATOR; -unsafe_null	arch/Home/Altibase Development Guide/4. CLIENT APPLICATION Error Messages__14058547.md	122	covered	No English change required.	English lines 124-133 preserve Precompiler, SQL_SUCCESS_WITH_INFO, INDICATOR variables, and -unsafe_null option.	none	S016 direct inspection.
S016	DOCK/Home/36. Altibase 개발가이드__7341274.md	731	733	S016-D036-U120	client_error	이 에러는 호스트 변수의 크기보다 더 큰 데이터를 넣어 질의가 처리될 경우 발생한다. 예를 들어, CHAR (20)으로 선언한 호스트변수에 20보다 큰 문자열이 들어올 경우 발생한다. 일반적으로 개발자가 변수의 초기화의 실패 또는, 쓰레기 값이 들어올 경우 발생할 수 있다. 또는, 쓰레드 환경의 프로그램에서 동시성 제어 실패로 A 문장을 PREPARE한 후 바인딩을 해야 …	Invalid size of data to bind to host variable; CHAR(20); concurrency control; host variable length	arch/Home/Altibase Development Guide/4. CLIENT APPLICATION Error Messages__14058547.md	135	covered	No English change required.	English lines 137-139 preserve host-variable length, CHAR(20), garbage initialization, and thread concurrency binding risk.	none	S016 direct inspection.
S016	DOCK/Home/36. Altibase 개발가이드__7341274.md	739	741	S016-D036-U121	client_error	Altibase 메모리 테이블스페이스의 경우는 모든 메모리 테이블스페이스의 합산이 $ALTIBASE_HOME/conf/altibase.properties 에서 설정한 MEM_MAX_DB_SIZE를 초과할 수 없다. 이 에러메시지는 모든 공간이 소진되어 발생한다. 따라서, 불필요한 테이블을 삭제하거나 MEM_MAX_DB_SIZE를 더 큰 값으로 늘리고 Altibase를 재 …	Too many pages are allocated; MEM_MAX_DB_SIZE; altibase.properties; restart	arch/Home/Altibase Development Guide/4. CLIENT APPLICATION Error Messages__14058547.md	156	covered	No English change required.	English lines 158-160 preserve MEM_MAX_DB_SIZE, restart after increase, and follow-up memory tablespace usage investigation.	none	S016 direct inspection.
S016	DOCK/Home/36. Altibase 개발가이드__7341274.md	747	747	S016-D036-U122	client_error	테이블스페이스의 여유공간이 부족할 경우 발생한다. 디스크 테이블스페이스의 경우 데이터파일의 추가 작업이 필요하다.	Tablespace does not have enough free space; disk tablespace; add data files	arch/Home/Altibase Development Guide/4. CLIENT APPLICATION Error Messages__14058547.md	162	covered	No English change required.	English line 164 preserves insufficient tablespace free space and disk tablespace data-file addition.	none	S016 direct inspection.
S016	DOCK/Home/36. Altibase 개발가이드__7341274.md	753	760	S016-D036-U123	client_error	DML간에는 Lock을 대기하고 서버에 설정된 TIMEOUT정책에 의해 동작을 하게 되지만 DML에 의해 잡힌 Lock으로 인해 DDL이 대기하게 될 경우 즉시, 이 에러가 발생하게 된다. | **시간** | **A** **세션** | **B** **세션** | | T1 | INSERT INTO x1 VALUES … (Lock획득) | | | T2 | | ALTER TAB…	lock timeout; DML; DDL; DDL_LOCK_TIMEOUT; INSERT; ALTER TABLE	arch/Home/Altibase Development Guide/4. CLIENT APPLICATION Error Messages__14058547.md	166	covered	No English change required.	English lines 168-175 preserve DML lock, DDL wait, INSERT/ALTER TABLE example, and lock check/remedy.	none	S016 direct inspection.
S016	DOCK/Home/36. Altibase 개발가이드__7341274.md	766	774	S016-D036-U124	client_error	Altibase는 대량 변경작업으로 인한 부작용을 방지하기 위해, 변경 트랜잭션에 의해 발생하는 리두로그의 양이 $ALTIBASE_HOME/trc/altibase.properties에서 설정한 TRX_UPDATE_MAX_LOGSIZE 값을 초과할 경우, 이 에러를 발생시키고 롤백 처리한다. 사용자는 해당 트랜잭션이 반드시 하나의 질의문으로 처리되어야 한다면 세션 레벨에서 …	TRX_UPDATE_MAX_LOGSIZE; ALTER SESSION; 10485760; 52428800; ERR-11118; X-Lock	arch/Home/Altibase Development Guide/4. CLIENT APPLICATION Error Messages__14058547.md	177	covered	No English change required.	English lines 179-189 preserve TRX_UPDATE_MAX_LOGSIZE, 10485760-byte default, ALTER SESSION values 0 and 52428800, redo-log disk-full risk, X-Lock, and ERR-11118 link.	none	S016 direct inspection.
S016	DOCK/Home/36. Altibase 개발가이드__7341274.md	780	780	S016-D036-U125	client_error	SELECT문 등에서 리턴 되는 문자타입의 값이 선언된 호스트변수의 크기보다 클 경우 발생한다. DB에 접속하여 조회하는 테이블의 컬럼 크기를 확인하고 사용된 호스트 변수의 크기를 (컬럼 크기 + 1 byte)로 선언하도록 해야 한다.	String data right truncated; host variable; column size + 1 byte	arch/Home/Altibase Development Guide/4. CLIENT APPLICATION Error Messages__14058547.md	191	covered	No English change required.	English line 193 preserves String data right truncated cause and host-variable size as column size + 1 byte.	none	S016 direct inspection.
S016	DOCK/Home/36. Altibase 개발가이드__7341274.md	786	792	S016-D036-U126	client_error	숫자형 컬럼의 표현 범위보다 더 큰 값이 입력될 경우 발생한다. ``` CREATE TABLE x2 (a NUMERIC(10, 5)); insert into x2 values (123444.5678); [ERR-21010 : Value overflow] ```	Value overflow; NUMERIC(10,5); ERR-21010	arch/Home/Altibase Development Guide/4. CLIENT APPLICATION Error Messages__14058547.md	195	covered	No English change required.	English lines 197-203 preserve NUMERIC(10,5), 123444.5678, and ERR-21010 Value overflow.	none	S016 direct inspection.
S016	DOCK/Home/36. Altibase 개발가이드__7341274.md	798	798	S016-D036-U127	client_error	Fetch 프로토콜이 진행 중에서 DDL을 수행하면 발생한다. 따라서, 모든 동일 세션에서 CURSOR-FETCH가 완료된 후 DDL을 수행하거나 열려 있는 CURSOR를 CLOSE한 이후 DDL질의를 수행하도록 해야 한다. 또는, 별도의 세션에서 DDL질의를 수행하도록 코드의 변경이 필요하다.	Several statement still opened; FETCH protocol; DDL; CURSOR-FETCH; separate session	arch/Home/Altibase Development Guide/4. CLIENT APPLICATION Error Messages__14058547.md	205	covered	No English change required.	English line 207 preserves Several statement still opened cause and remedies using completed CURSOR-FETCH, CLOSE CURSOR, or a separate session.	none	S016 direct inspection.
S016	DOCK/Home/36. Altibase 개발가이드__7341274.md	800	800	S016-D036-U128	attachment	`ALTIBASE_개발가이드.pdf` legacy # placeholder	ALTIBASE_개발가이드.pdf	arch/Home/Altibase Development Guide/4. CLIENT APPLICATION Error Messages__14058547.md	213	source_limitation	Recorded source limitation.	English target records the legacy filename without inventing a URL.	no downloadable URL in source	Korean source uses a legacy # attachment placeholder.
S016	DOCK/Home/36. Altibase 개발가이드__7341274.md	802	802	S016-D036-U129	attachment	구버전 : `ALTIBASE_개발가이드_5.3.pdf` legacy # placeholder (ALTIBASE v5.3)	ALTIBASE_개발가이드_5.3.pdf; ALTIBASE v5.3	arch/Home/Altibase Development Guide/4. CLIENT APPLICATION Error Messages__14058547.md	214	source_limitation	Recorded source limitation.	English target records the legacy filename and ALTIBASE v5.3 condition without inventing a URL.	no downloadable URL in source	Korean source uses a legacy # attachment placeholder.
S016	DOCK/Home/37. Altibase SQL 튜닝 가이드__19333563.md	1	17	S016-D037-U001	metadata	--- title: "37. Altibase SQL 튜닝 가이드" page_id: "19333563" space_key: "DOCK" space_name: "Technical Documents(한국어)" source_url: "https://docs.altibase.com/pages/viewpage.action?pageId=19333563" updated_at: "2023…	front matter; source_url; generated TOC	arch/Home/Altibase SQL Tuning Guide__22643010.md	1	not_applicable	Excluded from technical coverage.	English target has its own metadata and navigation.	none	Export metadata/generated navigation is not technical content.
S016	DOCK/Home/37. Altibase SQL 튜닝 가이드__19333563.md	23	23	S016-D037-U002	overview	본 문서에서는 Altibase를 사용하는 개발자를 위한 SQL 튜닝 가이드 입니다.	SQL tuning guide; developers using Altibase	arch/Home/Altibase SQL Tuning Guide__22643010.md	23	covered	No English change required.	This document is an SQL tuning guide for developers using Altibase.	none	S016 direct inspection.
S016	DOCK/Home/37. Altibase SQL 튜닝 가이드__19333563.md	25	28	S016-D037-U003	support	이 문서와 관련된 오류 및 개선사항은 기술지원포털 또는 기술지원센터로 문의주시기 바랍니다. - 기술지원포털 : [http://support.altibase.com](http://support.altibase.com/) ▶ 기술 지식 ▶ Q&A - 기술지원센터 : 02-2082-1114	support.altibase.com; Technical Knowledge > Q&A; 02-2082-1114	arch/Home/Altibase SQL Tuning Guide__22643010.md	25	covered	No English change required.	For errors and improvements related to this document, contact the technical support portal or technical support center.	none	S016 direct inspection.
S016	DOCK/Home/37. Altibase SQL 튜닝 가이드__19333563.md	30	34	S016-D037-U004	boilerplate	이 문서는 정보 제공을 목적으로 제공되며, 사전에 예고 없이 변경될 수 있습니다. 이 문서는 오류가 있을 수 있으며, 상업적 또는 특정 목적에 부합하는 명시적, 묵시적인 책임이 일절 없습니다. 이 문서에 포함된 Altibase 제품의 특징이나 기능의 개발, 발표 등의 시기는 Altibase 재량입니다. Altibase는 이 문서에 대하여 관련된 특허권, 상표권, 저작권 또…	disclaimer; roadmap discretion; intellectual property	arch/Home/Altibase SQL Tuning Guide__22643010.md	30	not_applicable	Excluded from technical coverage.	English target preserves equivalent legal/support boilerplate.	none	Nontechnical boilerplate recorded explicitly.
S016	DOCK/Home/37. Altibase SQL 튜닝 가이드__19333563.md	40	40	S016-D037-U005	version_condition	본 문서는 Altibase v5를 기반으로 작성 된 문서입니다.	Altibase v5	arch/Home/Altibase SQL Tuning Guide__22643010.md	40	covered	No English change required.	This guide was written based on Altibase v5.	none	S016 direct inspection.
S016	DOCK/Home/37. Altibase SQL 튜닝 가이드__19333563.md	42	42	S016-D037-U006	attachment	다운로드 가능 문서 : [D68_Altibase_SQL_Tuning_Guide.pdf](https://docs.altibase.com/download/attachments/19333563/D68_Altibase_SQL_Tuning_Guide.pdf?version=1&modificationDate=1697696104000&api=v2)	D68_Altibase_SQL_Tuning_Guide.pdf; docs.altibase.com/download/attachments/19333563	arch/Home/Altibase SQL Tuning Guide__22643010.md	48	covered	No English change required.	English Korean Source Attachments section preserves the source URL-backed PDF attachment.	none	English page also has its own downloadable attachment at line 42; Korean-source URL is preserved at line 48.
S016	DOCK/Home/39. Altibase, Oracle 비교 자료__14058137.md	1	17	S016-D039-U001	metadata	--- title: "39. Altibase, Oracle 비교 자료" page_id: "14058137" space_key: "DOCK" space_name: "Technical Documents(한국어)" source_url: "https://docs.altibase.com/pages/viewpage.action?pageId=14058137" updated_at: "2…	front matter; source_url; generated TOC	arch/Home/Altibase_Oracle Comparison__16875638.md	1	not_applicable	Excluded from technical coverage.	English target has its own metadata and navigation.	none	Export metadata/generated navigation is not technical comparison content.
S016	DOCK/Home/39. Altibase, Oracle 비교 자료__14058137.md	23	23	S016-D039-U002	overview	본 문서는 Altibase v7.1 이상 버전과 Oracle 12c 의 기능을 비교한다.	Altibase v7.1 or later; Oracle 12c; feature comparison	arch/Home/Altibase_Oracle Comparison__16875638.md	23	covered	No English change required.	This document compares the features of Altibase version 7.1 or later with Oracle 12c.	none	S016 direct inspection.
S016	DOCK/Home/39. Altibase, Oracle 비교 자료__14058137.md	25	28	S016-D039-U003	support	이 문서와 관련된 오류 및 개선사항은 기술지원포털 또는 기술지원센터로 문의주시기 바랍니다. - 기술지원포털 : [http://support.altibase.com](http://support.altibase.com/) ▶ 기술 지식 ▶ Q&A - 기술지원센터 : 02-2082-1114	support.altibase.com; Technical Knowledge > Q&A; 02-2082-1114	arch/Home/Altibase_Oracle Comparison__16875638.md	25	covered	No English change required.	For errors and improvements related to this document, contact the technical support portal or technical support center.	none	S016 direct inspection.
S016	DOCK/Home/39. Altibase, Oracle 비교 자료__14058137.md	30	34	S016-D039-U004	boilerplate	이 문서는 정보 제공을 목적으로 제공되며, 사전에 예고 없이 변경될 수 있습니다. 이 문서는 오류가 있을 수 있으며, 상업적 또는 특정 목적에 부합하는 명시적, 묵시적인 책임이 일절 없습니다. 이 문서에 포함된 Altibase 제품의 특징이나 기능의 개발, 발표 등의 시기는 Altibase 재량입니다. Altibase는 이 문서에 대하여 관련된 특허권, 상표권, 저작권 또…	disclaimer; roadmap discretion; intellectual property	arch/Home/Altibase_Oracle Comparison__16875638.md	30	not_applicable	Excluded from technical coverage.	English target preserves equivalent legal/support boilerplate.	none	Nontechnical boilerplate recorded explicitly.
S016	DOCK/Home/39. Altibase, Oracle 비교 자료__14058137.md	40	40	S016-D039-U005	section_intro	Altibase와 Oracle의 전반적인 모델에 대해 비교한다.	Altibase and Oracle overall model comparison	arch/Home/Altibase_Oracle Comparison__16875638.md	40	covered	No English change required.	Let's compare the overall model of Altibase and Oracle.	none	S016 direct inspection.
S016	DOCK/Home/39. Altibase, Oracle 비교 자료__14058137.md	119	119	S016-D039-U006	section_intro	Altibase과 Oracle 간 일반적인 기능에 대해 비교한다.	common features between Altibase and Oracle	arch/Home/Altibase_Oracle Comparison__16875638.md	119	covered	No English change required.	Let's compare the common features between Altibase and Oracle.	none	S016 direct inspection.
S016	DOCK/Home/39. Altibase, Oracle 비교 자료__14058137.md	242	242	S016-D039-U007	section_intro	Oracle을 Altibase로 변환하여 개발할 경우에 참고할 수 있는 기능 비교에 대해 기술한다.	Oracle to Altibase conversion development feature comparison	arch/Home/Altibase_Oracle Comparison__16875638.md	242	covered	No English change required.	This section describes a comparison of features that can be referred to when developing by converting Oracle to Altibase.	none	S016 direct inspection.
S016	DOCK/Home/39. Altibase, Oracle 비교 자료__14058137.md	48	48	S016-D039-T001	comparison_table_row	| 데이터베이스 구조 | 멀티 프로세스 구조 | 멀티 쓰레드 구조 | |	table row semantics	arch/Home/Altibase_Oracle Comparison__16875638.md	48	covered	No English change required.	| Database Structure | Multi-process structure | Multi-thread structure | |	none	S016 direct table-row inspection.
S016	DOCK/Home/39. Altibase, Oracle 비교 자료__14058137.md	49	49	S016-D039-T002	comparison_table_row	| 모 델 | 관계형 데이터베이스 구조 | 관계형 데이터베이스 구조 | |	table row semantics	arch/Home/Altibase_Oracle Comparison__16875638.md	49	covered	No English change required.	| Model | Relational database structure | Relational database structure | |	none	S016 direct table-row inspection.
S016	DOCK/Home/39. Altibase, Oracle 비교 자료__14058137.md	50	50	S016-D039-T003	comparison_table_row	| 아키텍처 | 클라이언트-서버 구조 | 클라이언트-서버 구조 | |	table row semantics	arch/Home/Altibase_Oracle Comparison__16875638.md	50	covered	No English change required.	| Architecture | Client-server architecture | Client-server architecture | |	none	S016 direct table-row inspection.
S016	DOCK/Home/39. Altibase, Oracle 비교 자료__14058137.md	51	51	S016-D039-T004	comparison_table_row	| 이중화 | 데이터베이스 이중화 (RAC) | 데이터 이중화 (Data Replication) | Altibase 이중화는 테이블의 데이터만 복제 |	RAC); Data; Replication); Altibase	arch/Home/Altibase_Oracle Comparison__16875638.md	51	covered	No English change required.	| Replication | Real Application Cluster (RAC) | Data Replication | Altibase replication replicates only table data |	none	S016 direct table-row inspection.
S016	DOCK/Home/39. Altibase, Oracle 비교 자료__14058137.md	52	52	S016-D039-T005	comparison_table_row	| 개별 인스턴스 | 내부 쓰레드 | | |	table row semantics	arch/Home/Altibase_Oracle Comparison__16875638.md	52	covered	No English change required.	| Individual instance | Internal thread | | |	none	S016 direct table-row inspection.
S016	DOCK/Home/39. Altibase, Oracle 비교 자료__14058137.md	53	53	S016-D039-T006	comparison_table_row	| 스토리지 공유 | 스토리지 별도 | | |	table row semantics	arch/Home/Altibase_Oracle Comparison__16875638.md	53	covered	No English change required.	| Shared storage | Separate storage | | |	none	S016 direct table-row inspection.
S016	DOCK/Home/39. Altibase, Oracle 비교 자료__14058137.md	54	54	S016-D039-T007	comparison_table_row	| 스키마 공유 | 스키마 별도 | | |	table row semantics	arch/Home/Altibase_Oracle Comparison__16875638.md	54	covered	No English change required.	| Shared schema | Separate schema | | |	none	S016 direct table-row inspection.
S016	DOCK/Home/39. Altibase, Oracle 비교 자료__14058137.md	55	55	S016-D039-T008	comparison_table_row	| 데이터 공유 | 데이터 복제 | | |	table row semantics	arch/Home/Altibase_Oracle Comparison__16875638.md	55	covered	No English change required.	| Shared data | Data replication | | |	none	S016 direct table-row inspection.
S016	DOCK/Home/39. Altibase, Oracle 비교 자료__14058137.md	56	56	S016-D039-T009	comparison_table_row	| 64bit 모드 지원 | 지원됨 | 지원됨 | |	64bit	arch/Home/Altibase_Oracle Comparison__16875638.md	56	covered	No English change required.	| 64bit mode support | Supported | Supported | |	none	S016 direct table-row inspection.
S016	DOCK/Home/39. Altibase, Oracle 비교 자료__14058137.md	57	57	S016-D039-T010	comparison_table_row	| Locking Mode | Row-Level Locking | Row-Level Locking | MVCC를 지원 |	Locking; Mode; Row-Level; MVCC	arch/Home/Altibase_Oracle Comparison__16875638.md	57	covered	No English change required.	| Locking mode | Row-Level Locking | Row-Level Locking | MVCC supported |	none	S016 direct table-row inspection.
S016	DOCK/Home/39. Altibase, Oracle 비교 자료__14058137.md	58	58	S016-D039-T011	comparison_table_row	| 데이터베이스 복구 | Checkpoint & Logfile 이용 | Checkpoint & Logfile이용 | |	Checkpoint; Logfile	arch/Home/Altibase_Oracle Comparison__16875638.md	58	covered	No English change required.	| Database recovery | Use Checkpoint & Logfile | Use Checkpoint & Logfile | |	none	S016 direct table-row inspection.
S016	DOCK/Home/39. Altibase, Oracle 비교 자료__14058137.md	59	59	S016-D039-T012	comparison_table_row	| 데드락 감지 (DeadLock Detection) | 자동 데드락 감지 및 복구 (Auto Deadlock Detect & Recovery) | 자동 데드락 감지 및 복구 (Auto Deadlock Detect & Recovery) | |	DeadLock; Detection); Auto; Deadlock; Detect; Recovery)	arch/Home/Altibase_Oracle Comparison__16875638.md	59	covered	No English change required.	| DeadLock Detection | Auto deadlock detection and recovery (Auto Deadlock Detect & Recovery) | Auto deadlock detection and recovery (Auto Deadlock Detect & Recovery) | |	none	S016 direct table-row inspection.
S016	DOCK/Home/39. Altibase, Oracle 비교 자료__14058137.md	67	67	S016-D039-T013	comparison_table_row	| 관리 구조 | 데이터베이스(DB) | 데이터베이스(DB) | Altibase는 단일 데이터베이스 | |	DB); Altibase	arch/Home/Altibase_Oracle Comparison__16875638.md	67	covered	No English change required.	| Management Structure | Database(DB) | Database(DB) | Altibase is a single database | |	none	S016 direct table-row inspection.
S016	DOCK/Home/39. Altibase, Oracle 비교 자료__14058137.md	68	68	S016-D039-T014	comparison_table_row	| 테이블스페이스(Tablespace) | 테이블스페이스(Tablespace) | | | |	Tablespace)	arch/Home/Altibase_Oracle Comparison__16875638.md	68	covered	No English change required.	| Tablespace | Tablespace | | | |	none	S016 direct table-row inspection.
S016	DOCK/Home/39. Altibase, Oracle 비교 자료__14058137.md	69	69	S016-D039-T015	comparison_table_row	| 세그멘트(Segment) | 세그멘트(Segment) | | | |	Segment)	arch/Home/Altibase_Oracle Comparison__16875638.md	69	covered	No English change required.	| Segment | Segment | | | |	none	S016 direct table-row inspection.
S016	DOCK/Home/39. Altibase, Oracle 비교 자료__14058137.md	70	70	S016-D039-T016	comparison_table_row	| 익스텐트(Extent) | 익스텐트(Extent) | | | |	Extent)	arch/Home/Altibase_Oracle Comparison__16875638.md	70	covered	No English change required.	| Extent | Extent | | | |	none	S016 direct table-row inspection.
S016	DOCK/Home/39. Altibase, Oracle 비교 자료__14058137.md	71	71	S016-D039-T017	comparison_table_row	| 블록(Block) | 페이지(Page) | | | |	Block); Page)	arch/Home/Altibase_Oracle Comparison__16875638.md	71	covered	No English change required.	| Block | Page | | | |	none	S016 direct table-row inspection.
S016	DOCK/Home/39. Altibase, Oracle 비교 자료__14058137.md	72	72	S016-D039-T018	comparison_table_row	| 로우(Row) | 레코드(Record) | | | |	Row); Record)	arch/Home/Altibase_Oracle Comparison__16875638.md	72	covered	No English change required.	| Row | Record | | | |	none	S016 direct table-row inspection.
S016	DOCK/Home/39. Altibase, Oracle 비교 자료__14058137.md	73	73	S016-D039-T019	comparison_table_row	| 시스템 테이블스페이스 | 데이터 딕셔너리(Data Dictionary) | SYSTEM, SYSAUX | SYS_TBS_MEM_DIC | |	Data; Dictionary); SYSTEM; SYSAUX; SYS_TBS_MEM_DIC	arch/Home/Altibase_Oracle Comparison__16875638.md	73	covered	No English change required.	| System Tablespace | Data Dictionary | SYSTEM, SYSAUX | SYS_TBS_MEM_DIC | |	none	S016 direct table-row inspection.
S016	DOCK/Home/39. Altibase, Oracle 비교 자료__14058137.md	74	74	S016-D039-T020	comparison_table_row	| 언두(Undo) | UNDOTBS | SYS_TBS_DISK_UNDO | | |	Undo); UNDOTBS; SYS_TBS_DISK_UNDO	arch/Home/Altibase_Oracle Comparison__16875638.md	74	covered	No English change required.	| Undo | UNDOTBS | SYS_TBS_DISK_UNDO | | |	none	S016 direct table-row inspection.
S016	DOCK/Home/39. Altibase, Oracle 비교 자료__14058137.md	75	75	S016-D039-T021	comparison_table_row	| 메모리 데이터(Memory Data) | - | SYS_TBS_MEM_DATA | | |	Memory; Data); SYS_TBS_MEM_DATA	arch/Home/Altibase_Oracle Comparison__16875638.md	75	covered	No English change required.	| Memory Data | - | SYS_TBS_MEM_DATA | | |	none	S016 direct table-row inspection.
S016	DOCK/Home/39. Altibase, Oracle 비교 자료__14058137.md	76	76	S016-D039-T022	comparison_table_row	| 임시(Temp) | TEMP | SYS_TBS_DISK_TEMP | | |	Temp); TEMP; SYS_TBS_DISK_TEMP	arch/Home/Altibase_Oracle Comparison__16875638.md	76	covered	No English change required.	| Temp | TEMP | SYS_TBS_DISK_TEMP | | |	none	S016 direct table-row inspection.
S016	DOCK/Home/39. Altibase, Oracle 비교 자료__14058137.md	77	77	S016-D039-T023	comparison_table_row	| 디스크 데이터(Disk Data) | SYSTEM | SYS_TBS_DISK_DATA | | |	Disk; Data); SYSTEM; SYS_TBS_DISK_DATA	arch/Home/Altibase_Oracle Comparison__16875638.md	77	covered	No English change required.	| Disk Data | SYSTEM | SYS_TBS_DISK_DATA | | |	none	S016 direct table-row inspection.
S016	DOCK/Home/39. Altibase, Oracle 비교 자료__14058137.md	78	78	S016-D039-T024	comparison_table_row	| 사용자 테이블스페이스 | 언두(Undo) | 사용자 지정 | Global Undo Tablespace | |	Undo); Global; Undo; Tablespace	arch/Home/Altibase_Oracle Comparison__16875638.md	78	covered	No English change required.	| User Tablespace | Undo | Specified by user | Global Undo Tablespace | |	none	S016 direct table-row inspection.
S016	DOCK/Home/39. Altibase, Oracle 비교 자료__14058137.md	79	79	S016-D039-T025	comparison_table_row	| 메모리 데이터(Memory Data) | 사용자 지정 | 사용자 지정 | Oracle은 메모리 옵션 설정으로 가능 | |	Memory; Data); Oracle	arch/Home/Altibase_Oracle Comparison__16875638.md	79	covered	No English change required.	| Memory Data | Specified by user | Specified by user | This is possible in Oracle by setting the memory option | |	none	S016 direct table-row inspection.
S016	DOCK/Home/39. Altibase, Oracle 비교 자료__14058137.md	80	80	S016-D039-T026	comparison_table_row	| 임시(Temp) | 사용자 지정 | 사용자 지정 | | |	Temp)	arch/Home/Altibase_Oracle Comparison__16875638.md	80	covered	No English change required.	| Temp | Specified by user | Specified by user | | |	none	S016 direct table-row inspection.
S016	DOCK/Home/39. Altibase, Oracle 비교 자료__14058137.md	81	81	S016-D039-T027	comparison_table_row	| 디스크 데이터(Disk Data) | 사용자 지정 | 사용자 지정 | | |	Disk; Data)	arch/Home/Altibase_Oracle Comparison__16875638.md	81	covered	No English change required.	| Disk Data | Specified by user | Specified by user | | |	none	S016 direct table-row inspection.
S016	DOCK/Home/39. Altibase, Oracle 비교 자료__14058137.md	82	82	S016-D039-T028	comparison_table_row	| 휘발성 데이터(Volatile Data) | 기능 없음 | 사용자 지정 | | |	Volatile; Data)	arch/Home/Altibase_Oracle Comparison__16875638.md	82	covered	No English change required.	| Volatile Data | Not available | Specified by user | | |	none	S016 direct table-row inspection.
S016	DOCK/Home/39. Altibase, Oracle 비교 자료__14058137.md	90	90	S016-D039-T029	comparison_table_row	| 데이터 파일 | 데이터파일 | 데이터파일 | |	table row semantics	arch/Home/Altibase_Oracle Comparison__16875638.md	90	covered	No English change required.	| Data File | Data File | Data File | |	none	S016 direct table-row inspection.
S016	DOCK/Home/39. Altibase, Oracle 비교 자료__14058137.md	91	91	S016-D039-T030	comparison_table_row	| 데이터베이스<br>정보 파일 | 컨트롤파일 | 로그앵커파일 | |	table row semantics	arch/Home/Altibase_Oracle Comparison__16875638.md	91	covered	No English change required.	| Data Information File | Control File | Log Anchor File | |	none	S016 direct table-row inspection.
S016	DOCK/Home/39. Altibase, Oracle 비교 자료__14058137.md	92	92	S016-D039-T031	comparison_table_row	| 온라인 로그 파일 | 온라인 로그파일<br>(Recycle) | 온라인 로그파일<br>(Serial) | |	Recycle); Serial)	arch/Home/Altibase_Oracle Comparison__16875638.md	92	covered	No English change required.	| Online Log File | Online Log File (Recycle) | Online Log File (Serial) | |	none	S016 direct table-row inspection.
S016	DOCK/Home/39. Altibase, Oracle 비교 자료__14058137.md	93	93	S016-D039-T032	comparison_table_row	| 아카이브 로그 파일 | %t_%s_%r.arc | logfile0 ~ | 온라인 로그 파일을 복제한 것으로 이름은 동일하고 저장위치만 다름 |	%t_%s_%r.arc; logfile0	arch/Home/Altibase_Oracle Comparison__16875638.md	93	covered	No English change required.	| Archive Log File | %t_%s_%r.arc | logfile0 ~ | It is a replicate of the online log file, with the same name and different storage locations. |	none	S016 direct table-row inspection.
S016	DOCK/Home/39. Altibase, Oracle 비교 자료__14058137.md	101	101	S016-D039-T033	comparison_table_row	| 객체 명칭 길이 | 128 Byte | 40 Byte | |	128; Byte; 40	arch/Home/Altibase_Oracle Comparison__16875638.md	101	covered	No English change required.	| Length of object name | 128 Byte | 40 Byte | |	none	S016 direct table-row inspection.
S016	DOCK/Home/39. Altibase, Oracle 비교 자료__14058137.md	102	102	S016-D039-T034	comparison_table_row	| 테이블스페이스 개수 | 65,533 | 65,536 | Maximum number per database |	65,533; 65,536; Maximum; number; per; database	arch/Home/Altibase_Oracle Comparison__16875638.md	102	covered	No English change required.	| Number of tablespaces | 65,533 | 65,536 | Maximum number per database |	none	S016 direct table-row inspection.
S016	DOCK/Home/39. Altibase, Oracle 비교 자료__14058137.md	103	103	S016-D039-T035	comparison_table_row	| 데이터베이스 파일 개수 | Operating system dependent; usually 1,022 | 1024 | Maximum per tablespace |	Operating; system; dependent; usually; 1,022; 1024; Maximum; per; tablespace	arch/Home/Altibase_Oracle Comparison__16875638.md	103	covered	No English change required.	| Number of database files | Operating system dependent; usually 1,022 | 1024 | Maximum per tablespace |	none	S016 direct table-row inspection.
S016	DOCK/Home/39. Altibase, Oracle 비교 자료__14058137.md	104	104	S016-D039-T036	comparison_table_row	| 65,533 | 67,108,864 | Maximum per database | |	65,533; 67,108,864; Maximum; per; database	arch/Home/Altibase_Oracle Comparison__16875638.md	104	covered	No English change required.	| 65,533 | 67,108,864 | Maximum per database | |	none	S016 direct table-row inspection.
S016	DOCK/Home/39. Altibase, Oracle 비교 자료__14058137.md	105	105	S016-D039-T037	comparison_table_row	| 사용자 개수 | 2,147,483,638 | 2,147,483,638 | Maximum per database |	2,147,483,638; Maximum; per; database	arch/Home/Altibase_Oracle Comparison__16875638.md	105	covered	No English change required.	| Number of users | 2,147,483,638 | 2,147,483,638 | Maximum per database |	none	S016 direct table-row inspection.
S016	DOCK/Home/39. Altibase, Oracle 비교 자료__14058137.md	106	106	S016-D039-T038	comparison_table_row	| 테이블 개수 | Unlimited | 2,097,151 | Maximum per database |	Unlimited; 2,097,151; Maximum; per; database	arch/Home/Altibase_Oracle Comparison__16875638.md	106	covered	No English change required.	| Number of tables | Unlimited | 2,097,151 | Maximum per database |	none	S016 direct table-row inspection.
S016	DOCK/Home/39. Altibase, Oracle 비교 자료__14058137.md	107	107	S016-D039-T039	comparison_table_row	| 인덱스 개수 | Unlimited | 64 | Maximum per table |	Unlimited; 64; Maximum; per; table	arch/Home/Altibase_Oracle Comparison__16875638.md	107	covered	No English change required.	| Number of indexes | Unlimited | 64 | Maximum per table |	none	S016 direct table-row inspection.
S016	DOCK/Home/39. Altibase, Oracle 비교 자료__14058137.md	108	108	S016-D039-T040	comparison_table_row	| 컬럼 개수 | 1,000 | 1024 | Per table |	1,000; 1024; Per; table	arch/Home/Altibase_Oracle Comparison__16875638.md	108	covered	No English change required.	| Number of Columns | 1,000 | 1024 | Per table |	none	S016 direct table-row inspection.
S016	DOCK/Home/39. Altibase, Oracle 비교 자료__14058137.md	109	109	S016-D039-T041	comparison_table_row	| 32 | 32 | Per index | |	32; Per; index	arch/Home/Altibase_Oracle Comparison__16875638.md	109	covered	No English change required.	| 32 | 32 | Per index | |	none	S016 direct table-row inspection.
S016	DOCK/Home/39. Altibase, Oracle 비교 자료__14058137.md	110	110	S016-D039-T042	comparison_table_row	| Trigger Cascade Limit | Operating system-dependent, typically 32 | 제한 없음 | Maximum value |	Trigger; Cascade; Limit; Operating; system-dependent; typically; 32; Maximum; value	arch/Home/Altibase_Oracle Comparison__16875638.md	110	covered	No English change required.	| Trigger Cascade Limit | Operating system-dependent, typically 32 | Unlimited | Maximum value |	none	S016 direct table-row inspection.
S016	DOCK/Home/39. Altibase, Oracle 비교 자료__14058137.md	111	111	S016-D039-T043	comparison_table_row	| 로우 수 | Unlimited | Unlimited | |	Unlimited	arch/Home/Altibase_Oracle Comparison__16875638.md	111	covered	No English change required.	| Number of rows | Unlimited | Unlimited | |	none	S016 direct table-row inspection.
S016	DOCK/Home/39. Altibase, Oracle 비교 자료__14058137.md	112	112	S016-D039-T044	comparison_table_row	| 파티션 개수 | Unlimited | 시스템 전체 2,097,151 | 테이블단위로 구분하지 않는다 |	Unlimited; 2,097,151	arch/Home/Altibase_Oracle Comparison__16875638.md	112	covered	No English change required.	| Number of partitions | Unlimited | System-wide<br>2,097,151 | Not divided into table units |	none	S016 direct table-row inspection.
S016	DOCK/Home/39. Altibase, Oracle 비교 자료__14058137.md	113	113	S016-D039-T045	comparison_table_row	| 제약조건 개수 | Unlimited | 시스템 전체 2,097,151 | 컬럼단위로 구분하지 않는다 |	Unlimited; 2,097,151	arch/Home/Altibase_Oracle Comparison__16875638.md	113	covered	No English change required.	| Number of constraints | Unlimited | System-wide<br>2,097,151 | Not divided by column |	none	S016 direct table-row inspection.
S016	DOCK/Home/39. Altibase, Oracle 비교 자료__14058137.md	127	127	S016-D039-T046	comparison_table_row	| Table | 지원 | 지원 | |	Table	arch/Home/Altibase_Oracle Comparison__16875638.md	127	covered	No English change required.	| Table | Supported | Supported | |	none	S016 direct table-row inspection.
S016	DOCK/Home/39. Altibase, Oracle 비교 자료__14058137.md	128	128	S016-D039-T047	comparison_table_row	| Multi Key-Index | 지원 | 지원 | |	Multi; Key-Index	arch/Home/Altibase_Oracle Comparison__16875638.md	128	covered	No English change required.	| Multi Key-Index | Supported | Supported | |	none	S016 direct table-row inspection.
S016	DOCK/Home/39. Altibase, Oracle 비교 자료__14058137.md	129	129	S016-D039-T048	comparison_table_row	| Stored Procedure | 지원 | 지원 | |	Stored; Procedure	arch/Home/Altibase_Oracle Comparison__16875638.md	129	covered	No English change required.	| Stored Procedure | Supported | Supported | |	none	S016 direct table-row inspection.
S016	DOCK/Home/39. Altibase, Oracle 비교 자료__14058137.md	130	130	S016-D039-T049	comparison_table_row	| Stored Function | 지원 | 지원 | |	Stored; Function	arch/Home/Altibase_Oracle Comparison__16875638.md	130	covered	No English change required.	| Stored Function | Supported | Supported | |	none	S016 direct table-row inspection.
S016	DOCK/Home/39. Altibase, Oracle 비교 자료__14058137.md	131	131	S016-D039-T050	comparison_table_row	| Package | 지원 | 지원 | |	Package	arch/Home/Altibase_Oracle Comparison__16875638.md	131	covered	No English change required.	| Package | Supported | Supported | |	none	S016 direct table-row inspection.
S016	DOCK/Home/39. Altibase, Oracle 비교 자료__14058137.md	132	132	S016-D039-T051	comparison_table_row	| Trigger | 지원 | 지원 | |	Trigger	arch/Home/Altibase_Oracle Comparison__16875638.md	132	covered	No English change required.	| Trigger | Supported | Supported | |	none	S016 direct table-row inspection.
S016	DOCK/Home/39. Altibase, Oracle 비교 자료__14058137.md	133	133	S016-D039-T052	comparison_table_row	| View | 지원 | 지원 | Materialized View 포함 |	View; Materialized	arch/Home/Altibase_Oracle Comparison__16875638.md	133	covered	No English change required.	| View | Supported | Supported | Including Materialized View |	none	S016 direct table-row inspection.
S016	DOCK/Home/39. Altibase, Oracle 비교 자료__14058137.md	134	134	S016-D039-T053	comparison_table_row	| Sequence | 지원 | 지원 | |	Sequence	arch/Home/Altibase_Oracle Comparison__16875638.md	134	covered	No English change required.	| Sequence | Supported | Supported | |	none	S016 direct table-row inspection.
S016	DOCK/Home/39. Altibase, Oracle 비교 자료__14058137.md	135	135	S016-D039-T054	comparison_table_row	| Queue | 지원( Advanced Queue) | 지원 | |	Queue; Advanced; Queue)	arch/Home/Altibase_Oracle Comparison__16875638.md	135	covered	No English change required.	| Queue | Supported (Advanced Queue) | Supported | |	none	S016 direct table-row inspection.
S016	DOCK/Home/39. Altibase, Oracle 비교 자료__14058137.md	136	136	S016-D039-T055	comparison_table_row	| Monitoring View | 지원 | 지원 | |	Monitoring; View	arch/Home/Altibase_Oracle Comparison__16875638.md	136	covered	No English change required.	| Monitoring View | Supported | Supported | |	none	S016 direct table-row inspection.
S016	DOCK/Home/39. Altibase, Oracle 비교 자료__14058137.md	137	137	S016-D039-T056	comparison_table_row	| 권한관리 | 지원 | 지원 | |	table row semantics	arch/Home/Altibase_Oracle Comparison__16875638.md	137	covered	No English change required.	| Authority Management | Supported | Supported | |	none	S016 direct table-row inspection.
S016	DOCK/Home/39. Altibase, Oracle 비교 자료__14058137.md	138	138	S016-D039-T057	comparison_table_row	| Role | 지원 | 지원 | |	Role	arch/Home/Altibase_Oracle Comparison__16875638.md	138	covered	No English change required.	| Role | Supported | Supported | |	none	S016 direct table-row inspection.
S016	DOCK/Home/39. Altibase, Oracle 비교 자료__14058137.md	139	139	S016-D039-T058	comparison_table_row	| Snapshot | 지원 | 미 지원 | |	Snapshot	arch/Home/Altibase_Oracle Comparison__16875638.md	139	covered	No English change required.	| Snapshot | Supported | Not supported | |	none	S016 direct table-row inspection.
S016	DOCK/Home/39. Altibase, Oracle 비교 자료__14058137.md	140	140	S016-D039-T059	comparison_table_row	| DB Link | 지원 | 지원 | 표준 JDBC로 지원 |	DB; Link; JDBC	arch/Home/Altibase_Oracle Comparison__16875638.md	140	covered	No English change required.	| DB Link | Supported | Supported | Supported by standard JDBC |	none	S016 direct table-row inspection.
S016	DOCK/Home/39. Altibase, Oracle 비교 자료__14058137.md	141	141	S016-D039-T060	comparison_table_row	| Synonym | 지원 | 지원 | |	Synonym	arch/Home/Altibase_Oracle Comparison__16875638.md	141	covered	No English change required.	| Synonym | Supported | Supported | |	none	S016 direct table-row inspection.
S016	DOCK/Home/39. Altibase, Oracle 비교 자료__14058137.md	142	142	S016-D039-T061	comparison_table_row	| Table partitioning | 지원 | 지원 | Global Non Partitioned Index 지원 |	Table; partitioning; Global; Non; Partitioned; Index	arch/Home/Altibase_Oracle Comparison__16875638.md	142	covered	No English change required.	| Table partitioning | Supported | Supported | Global Non Partitioned Index Supported |	none	S016 direct table-row inspection.
S016	DOCK/Home/39. Altibase, Oracle 비교 자료__14058137.md	143	143	S016-D039-T062	comparison_table_row	| User Defined Type | 지원 | 일부 지원 | Procedure에서만 지원됨 |	User; Defined; Type; Procedure	arch/Home/Altibase_Oracle Comparison__16875638.md	143	covered	No English change required.	| User Defined Type | Supported | Partially Supported | Only supported in Procedure |	none	S016 direct table-row inspection.
S016	DOCK/Home/39. Altibase, Oracle 비교 자료__14058137.md	144	144	S016-D039-T063	comparison_table_row	| Cluster Object | 지원 | 미 지원 | |	Cluster; Object	arch/Home/Altibase_Oracle Comparison__16875638.md	144	covered	No English change required.	| Cluster Object | Supported | Not supported | |	none	S016 direct table-row inspection.
S016	DOCK/Home/39. Altibase, Oracle 비교 자료__14058137.md	145	145	S016-D039-T064	comparison_table_row	| On-Line Backup | 지원 | 지원 | |	On-Line; Backup	arch/Home/Altibase_Oracle Comparison__16875638.md	145	covered	No English change required.	| On-Line Backup | Supported | Supported | |	none	S016 direct table-row inspection.
S016	DOCK/Home/39. Altibase, Oracle 비교 자료__14058137.md	146	146	S016-D039-T065	comparison_table_row	| XML 지원 | 지원 | 미 지원 | |	XML	arch/Home/Altibase_Oracle Comparison__16875638.md	146	covered	No English change required.	| XML | Supported | Not supported | |	none	S016 direct table-row inspection.
S016	DOCK/Home/39. Altibase, Oracle 비교 자료__14058137.md	147	147	S016-D039-T066	comparison_table_row	| DB공간 자동확장 | 지원 | 지원 | |	DB	arch/Home/Altibase_Oracle Comparison__16875638.md	147	covered	No English change required.	| Auto Expansion of DB space | Supported | Supported | |	none	S016 direct table-row inspection.
S016	DOCK/Home/39. Altibase, Oracle 비교 자료__14058137.md	155	155	S016-D039-T067	comparison_table_row	| GUI Admin Tool | OEM 및 다양한 3rd Party 제품 | Squirrel SQL, Orange 사용 가능 | |	GUI; Admin; Tool; OEM; 3rd; Party; Squirrel; SQL; Orange	arch/Home/Altibase_Oracle Comparison__16875638.md	155	covered	No English change required.	| GUI Admin Tool | OEM and various 3rd party products | Squirrel SQL, Orange available | |	none	S016 direct table-row inspection.
S016	DOCK/Home/39. Altibase, Oracle 비교 자료__14058137.md	156	156	S016-D039-T068	comparison_table_row	| Interactive SQL수행기 | SQL*Plus | iSQL | |	Interactive; SQL; SQL*Plus; iSQL	arch/Home/Altibase_Oracle Comparison__16875638.md	156	covered	No English change required.	| Interactive SQL Processor | SQL*Plus | iSQL | |	none	S016 direct table-row inspection.
S016	DOCK/Home/39. Altibase, Oracle 비교 자료__14058137.md	157	157	S016-D039-T069	comparison_table_row	| Data Loader | SQL*Loader | iLoader | |	Data; Loader; SQL*Loader; iLoader	arch/Home/Altibase_Oracle Comparison__16875638.md	157	covered	No English change required.	| Data Loader | SQL*Loader | iLoader | |	none	S016 direct table-row inspection.
S016	DOCK/Home/39. Altibase, Oracle 비교 자료__14058137.md	158	158	S016-D039-T070	comparison_table_row	| DBMS Admin TOOL | SQL*Plus | iSQL | |	DBMS; Admin; TOOL; SQL*Plus; iSQL	arch/Home/Altibase_Oracle Comparison__16875638.md	158	covered	No English change required.	| DBMS Admin TOOL | SQL*Plus | iSQL | |	none	S016 direct table-row inspection.
S016	DOCK/Home/39. Altibase, Oracle 비교 자료__14058137.md	159	159	S016-D039-T071	comparison_table_row	| Data 이관 | exp/imp | iLoader/aexport | Text 형태의 데이터로 Download / Upload |	Data; exp/imp; iLoader/aexport; Text; Download; Upload	arch/Home/Altibase_Oracle Comparison__16875638.md	159	covered	No English change required.	| Data Transfer | exp/imp | iLoader/aexport | Download / Upload as text type data |	none	S016 direct table-row inspection.
S016	DOCK/Home/39. Altibase, Oracle 비교 자료__14058137.md	160	160	S016-D039-T072	comparison_table_row	| Connection Dispatcher | Listener | Embedded in DBMS | |	Connection; Dispatcher; Listener; Embedded; in; DBMS	arch/Home/Altibase_Oracle Comparison__16875638.md	160	covered	No English change required.	| Connection Dispatcher | Listener | Embedded in DBMS | |	none	S016 direct table-row inspection.
S016	DOCK/Home/39. Altibase, Oracle 비교 자료__14058137.md	161	161	S016-D039-T073	comparison_table_row	| DB Create | DBCA | iSQL | |	DB; Create; DBCA; iSQL	arch/Home/Altibase_Oracle Comparison__16875638.md	161	covered	No English change required.	| DB Create | DBCA | iSQL | |	none	S016 direct table-row inspection.
S016	DOCK/Home/39. Altibase, Oracle 비교 자료__14058137.md	162	162	S016-D039-T074	comparison_table_row	| DB Destroyer | 없음 | iSQL | |	DB; Destroyer; iSQL	arch/Home/Altibase_Oracle Comparison__16875638.md	162	covered	No English change required.	| DB Destroyer | Not available | iSQL | |	none	S016 direct table-row inspection.
S016	DOCK/Home/39. Altibase, Oracle 비교 자료__14058137.md	163	163	S016-D039-T075	comparison_table_row	| C Precompiler | Pro*C/C++ | APRE*C/C++ | |	C; Precompiler; Pro*C/C++; APRE*C/C++	arch/Home/Altibase_Oracle Comparison__16875638.md	163	covered	No English change required.	| C Precompiler | Pro*C/C++ | APRE*C/C++ | |	none	S016 direct table-row inspection.
S016	DOCK/Home/39. Altibase, Oracle 비교 자료__14058137.md	164	164	S016-D039-T076	comparison_table_row	| Recovery Manager | RMAN | iSQL, aexport, iLoader | Storage업체 Tool과의 연계가능 (API제공) |	Recovery; Manager; RMAN; iSQL; aexport; iLoader; Storage; Tool; API	arch/Home/Altibase_Oracle Comparison__16875638.md	164	covered	No English change required.	| Recovery Manager | RMAN | iSQL, aexport, iLoader | Can be integrated with storage vendor tools (API provided) |	none	S016 direct table-row inspection.
S016	DOCK/Home/39. Altibase, Oracle 비교 자료__14058137.md	165	165	S016-D039-T077	comparison_table_row	| DBMS Watcher | | checkServer | |	DBMS; Watcher; checkServer	arch/Home/Altibase_Oracle Comparison__16875638.md	165	covered	No English change required.	| DBMS Watcher | | checkServer | |	none	S016 direct table-row inspection.
S016	DOCK/Home/39. Altibase, Oracle 비교 자료__14058137.md	173	173	S016-D039-T078	comparison_table_row	| 종류 (방법) | 범위 파티션(RANGE) | 지원 | 지원 | |	RANGE)	arch/Home/Altibase_Oracle Comparison__16875638.md	173	covered	No English change required.	| Type (Method) | RANGE partition | Supported | Supported | |	none	S016 direct table-row inspection.
S016	DOCK/Home/39. Altibase, Oracle 비교 자료__14058137.md	174	174	S016-D039-T079	comparison_table_row	| 리스트 파티션(LIST) | 지원 | 지원 | | |	LIST)	arch/Home/Altibase_Oracle Comparison__16875638.md	174	covered	No English change required.	| LIST partition | Supported | Supported | | |	none	S016 direct table-row inspection.
S016	DOCK/Home/39. Altibase, Oracle 비교 자료__14058137.md	175	175	S016-D039-T080	comparison_table_row	| 해쉬 파티션(HASH) | 지원 | 지원 | | |	HASH)	arch/Home/Altibase_Oracle Comparison__16875638.md	175	covered	No English change required.	| HASH partition | Supported | Supported | | |	none	S016 direct table-row inspection.
S016	DOCK/Home/39. Altibase, Oracle 비교 자료__14058137.md	176	176	S016-D039-T081	comparison_table_row	| 조합 파티션(COMPOSITE) | 지원 | 미 지원 | | |	COMPOSITE)	arch/Home/Altibase_Oracle Comparison__16875638.md	176	covered	No English change required.	| COMPOSITE partition | Supported | Not supported | | |	none	S016 direct table-row inspection.
S016	DOCK/Home/39. Altibase, Oracle 비교 자료__14058137.md	177	177	S016-D039-T082	comparison_table_row	| 관리 명령어 | 테이블스페이스 변경 | - | 지원 | 파티션 테이블 기능 상세 참조 |	table row semantics	arch/Home/Altibase_Oracle Comparison__16875638.md	177	covered	No English change required.	| Management command | Tablespace change | - | Supported | Refer to details of the partition table function |	none	S016 direct table-row inspection.
S016	DOCK/Home/39. Altibase, Oracle 비교 자료__14058137.md	178	178	S016-D039-T083	comparison_table_row	| 파티션 추가(ADD) | 지원 | 일부 지원 | | |	ADD)	arch/Home/Altibase_Oracle Comparison__16875638.md	178	covered	No English change required.	| ADD partition | Supported | Partially supported | | |	none	S016 direct table-row inspection.
S016	DOCK/Home/39. Altibase, Oracle 비교 자료__14058137.md	179	179	S016-D039-T084	comparison_table_row	| 파티션 병합(COALESCE) | 지원 | 일부 지원 | | |	COALESCE)	arch/Home/Altibase_Oracle Comparison__16875638.md	179	covered	No English change required.	| COALESCE partition | Supported | Partially supported | | |	none	S016 direct table-row inspection.
S016	DOCK/Home/39. Altibase, Oracle 비교 자료__14058137.md	180	180	S016-D039-T085	comparison_table_row	| 파티션 삭제(DROP) | 지원 | 지원 | | |	DROP)	arch/Home/Altibase_Oracle Comparison__16875638.md	180	covered	No English change required.	| DROP partition | Supported | Supported | | |	none	S016 direct table-row inspection.
S016	DOCK/Home/39. Altibase, Oracle 비교 자료__14058137.md	181	181	S016-D039-T086	comparison_table_row	| 파티션 분할(SPLIT) | 지원 | 지원 | | |	SPLIT)	arch/Home/Altibase_Oracle Comparison__16875638.md	181	covered	No English change required.	| SPLIT partition | Supported | Supported | | |	none	S016 direct table-row inspection.
S016	DOCK/Home/39. Altibase, Oracle 비교 자료__14058137.md	182	182	S016-D039-T087	comparison_table_row	| 파티션 합병(MERGE) | 지원 | 지원 | | |	MERGE)	arch/Home/Altibase_Oracle Comparison__16875638.md	182	covered	No English change required.	| MERGE partition | Supported | Supported | | |	none	S016 direct table-row inspection.
S016	DOCK/Home/39. Altibase, Oracle 비교 자료__14058137.md	183	183	S016-D039-T088	comparison_table_row	| 파티션 TRUNCATE | 지원 | 지원 | | |	TRUNCATE	arch/Home/Altibase_Oracle Comparison__16875638.md	183	covered	No English change required.	| TRUNCATE partition | Supported | Supported | | |	none	S016 direct table-row inspection.
S016	DOCK/Home/39. Altibase, Oracle 비교 자료__14058137.md	184	184	S016-D039-T089	comparison_table_row	| 파티션 RENAME | 지원 | 지원 | | |	RENAME	arch/Home/Altibase_Oracle Comparison__16875638.md	184	covered	No English change required.	| RENAME partition | Supported | Supported | | |	none	S016 direct table-row inspection.
S016	DOCK/Home/39. Altibase, Oracle 비교 자료__14058137.md	185	185	S016-D039-T090	comparison_table_row	| 파티션 교환(EXCHANGE) | 지원 | 미 지원 | | |	EXCHANGE)	arch/Home/Altibase_Oracle Comparison__16875638.md	185	covered	No English change required.	| EXCHANGE partition | Supported | Not supported | | |	none	S016 direct table-row inspection.
S016	DOCK/Home/39. Altibase, Oracle 비교 자료__14058137.md	186	186	S016-D039-T091	comparison_table_row	| 파티션 MODIFY | 지원 | 미 지원 | | |	MODIFY	arch/Home/Altibase_Oracle Comparison__16875638.md	186	covered	No English change required.	| MODIFY partition | Supported | Not supported | | |	none	S016 direct table-row inspection.
S016	DOCK/Home/39. Altibase, Oracle 비교 자료__14058137.md	187	187	S016-D039-T092	comparison_table_row	| 파티션 MOVE | 지원 | 미 지원 | | |	MOVE	arch/Home/Altibase_Oracle Comparison__16875638.md	187	covered	No English change required.	| MOVE partition | Supported | Not supported | | |	none	S016 direct table-row inspection.
S016	DOCK/Home/39. Altibase, Oracle 비교 자료__14058137.md	188	188	S016-D039-T093	comparison_table_row	| 인덱스 | Global Index | 지원 | 일부 지원 | Global Non Partitioned Index 지원 |	Global; Index; Non; Partitioned	arch/Home/Altibase_Oracle Comparison__16875638.md	188	covered	No English change required.	| Index | Global Index | Supported | Partially supported | Global Non Partitioned index supported |	none	S016 direct table-row inspection.
S016	DOCK/Home/39. Altibase, Oracle 비교 자료__14058137.md	189	189	S016-D039-T094	comparison_table_row	| Local Index | 지원 | 지원 | | |	Local; Index	arch/Home/Altibase_Oracle Comparison__16875638.md	189	covered	No English change required.	| | Local Index | Supported | Supported | |	none	S016 direct table-row inspection.
S016	DOCK/Home/39. Altibase, Oracle 비교 자료__14058137.md	199	199	S016-D039-T095	comparison_table_row	| 테이블스페이스 변경 | ALTER TABLE PARTITION | ALTER TABLE PARTITION | ALTER TABLE PARTITION |	ALTER; TABLE; PARTITION	arch/Home/Altibase_Oracle Comparison__16875638.md	199	covered	No English change required.	| Tablespace change | ALTER TABLE PARTITION | ALTER TABLE PARTITION | ALTER TABLE PARTITION |	none	S016 direct table-row inspection.
S016	DOCK/Home/39. Altibase, Oracle 비교 자료__14058137.md	200	200	S016-D039-T096	comparison_table_row	| ADD | N/A | N/A | ADD PARTITION |	ADD; N/A; PARTITION	arch/Home/Altibase_Oracle Comparison__16875638.md	200	covered	No English change required.	| ADD | N/A | N/A | ADD PARTITION |	none	S016 direct table-row inspection.
S016	DOCK/Home/39. Altibase, Oracle 비교 자료__14058137.md	201	201	S016-D039-T097	comparison_table_row	| COALESCE | N/A | N/A | COALESCE PARTITION |	COALESCE; N/A; PARTITION	arch/Home/Altibase_Oracle Comparison__16875638.md	201	covered	No English change required.	| COALESCE | N/A | N/A | COALESCE PARTITION |	none	S016 direct table-row inspection.
S016	DOCK/Home/39. Altibase, Oracle 비교 자료__14058137.md	202	202	S016-D039-T098	comparison_table_row	| DROP | DROP PARTITION | DROP PARTITION | N/A |	DROP; PARTITION; N/A	arch/Home/Altibase_Oracle Comparison__16875638.md	202	covered	No English change required.	| DROP | DROP PARTITION | DROP PARTITION | N/A |	none	S016 direct table-row inspection.
S016	DOCK/Home/39. Altibase, Oracle 비교 자료__14058137.md	203	203	S016-D039-T099	comparison_table_row	| MERGE | MERGE PARTITIONS | MERGE PARTITIONS | N/A |	MERGE; PARTITIONS; N/A	arch/Home/Altibase_Oracle Comparison__16875638.md	203	covered	No English change required.	| MERGE | MERGE PARTITIONS | MERGE PARTITIONS | N/A |	none	S016 direct table-row inspection.
S016	DOCK/Home/39. Altibase, Oracle 비교 자료__14058137.md	204	204	S016-D039-T100	comparison_table_row	| RENAME | RENAME PARTITION | RENAME PARTITION | RENAME PARTITION |	RENAME; PARTITION	arch/Home/Altibase_Oracle Comparison__16875638.md	204	covered	No English change required.	| RENAME | RENAME PARTITION | RENAME PARTITION | RENAME PARTITION |	none	S016 direct table-row inspection.
S016	DOCK/Home/39. Altibase, Oracle 비교 자료__14058137.md	205	205	S016-D039-T101	comparison_table_row	| SPLIT | SPLIT PARTITION | SPLIT PARTITION | N/A |	SPLIT; PARTITION; N/A	arch/Home/Altibase_Oracle Comparison__16875638.md	205	covered	No English change required.	| SPLIT | SPLIT PARTITION | SPLIT PARTITION | N/A |	none	S016 direct table-row inspection.
S016	DOCK/Home/39. Altibase, Oracle 비교 자료__14058137.md	206	206	S016-D039-T102	comparison_table_row	| TRUNCATE | TRUNCATE PARTITION | TRUNCATE PARTITION | TRUNCATE PARTITION |	TRUNCATE; PARTITION	arch/Home/Altibase_Oracle Comparison__16875638.md	206	covered	No English change required.	| TRUNCATE | TRUNCATE PARTITION | TRUNCATE PARTITION | TRUNCATE PARTITION |	none	S016 direct table-row inspection.
S016	DOCK/Home/39. Altibase, Oracle 비교 자료__14058137.md	212	212	S016-D039-T103	comparison_table_row	| **Range-Hash** | **Range-List** | | | | |	Range-Hash**; Range-List**	arch/Home/Altibase_Oracle Comparison__16875638.md	212	covered	No English change required.	| Range-Hash | Range-List | | | | |	none	S016 direct table-row inspection.
S016	DOCK/Home/39. Altibase, Oracle 비교 자료__14058137.md	213	213	S016-D039-T104	comparison_table_row	| ADD | ADD PARTITION | ADD PARTITION | ADD PARTITION | ADD PARTITION,<br>MODIFY PARTITION ... ADD SUBPARTITION | ADD PARTITION,<br>MODIFY PARTITION ... ADD SUBPARTITION |	ADD; PARTITION; MODIFY; SUBPARTITION	arch/Home/Altibase_Oracle Comparison__16875638.md	213	covered	No English change required.	| ADD | ADD PARTITION | ADD PARTITION | ADD PARTITION | ADD PARTITION,<br>MODIFY PARTITION ... ADD SUBPARTITION | ADD PARTITION,<br>MODIFY PARTITION ... ADD SUBPARTITION |	none	S016 direct table-row inspection.
S016	DOCK/Home/39. Altibase, Oracle 비교 자료__14058137.md	214	214	S016-D039-T105	comparison_table_row	| COALESCE | N/A | N/A | COALESCE<br>PARTITION | MODIFY PARTITION ... COALESCE SUBPARTITION | N/A |	COALESCE; N/A; PARTITION; MODIFY; SUBPARTITION	arch/Home/Altibase_Oracle Comparison__16875638.md	214	covered	No English change required.	| COALESCE | N/A | N/A | COALESCE PARTITION | MODIFY PARTITION ... COALESCE SUBPARTITION | N/A |	none	S016 direct table-row inspection.
S016	DOCK/Home/39. Altibase, Oracle 비교 자료__14058137.md	215	215	S016-D039-T106	comparison_table_row	| DROP | DROP PARTITION | DROP PARTITION | N/A | DROP PARTITION | DROP [SUB]PARTITION |	DROP; PARTITION; N/A; SUB	arch/Home/Altibase_Oracle Comparison__16875638.md	215	covered	No English change required.	| DROP | DROP PARTITION | DROP PARTITION | N/A | DROP PARTITION | DROP [SUB]PARTITION |	none	S016 direct table-row inspection.
S016	DOCK/Home/39. Altibase, Oracle 비교 자료__14058137.md	216	216	S016-D039-T107	comparison_table_row	| MERGE | MERGE PARTITIONS | MERGE PARTITIONS | N/A | MERGE PARTITIONS | MERGE [SUB]PARTITIONS |	MERGE; PARTITIONS; N/A; SUB	arch/Home/Altibase_Oracle Comparison__16875638.md	216	covered	No English change required.	| MERGE | MERGE PARTITIONS | MERGE PARTITIONS | N/A | MERGE PARTITIONS | MERGE [SUB]PARTITIONS |	none	S016 direct table-row inspection.
S016	DOCK/Home/39. Altibase, Oracle 비교 자료__14058137.md	217	217	S016-D039-T108	comparison_table_row	| RENAME | RENAME PARTITION | RENAME PARTITION | RENAME PARTITION | RENAME [SUB]PARTITION | RENAME [SUB]PARTITION |	RENAME; PARTITION; SUB	arch/Home/Altibase_Oracle Comparison__16875638.md	217	covered	No English change required.	| RENAME | RENAME PARTITION | RENAME PARTITION | RENAME PARTITION | RENAME [SUB]PARTITION | RENAME [SUB]PARTITION |	none	S016 direct table-row inspection.
S016	DOCK/Home/39. Altibase, Oracle 비교 자료__14058137.md	218	218	S016-D039-T109	comparison_table_row	| SPLIT | SPLIT PARTITION | SPLIT PARTITION | N/A | SPLIT PARTITION | SPLIT [SUB]PARTITION |	SPLIT; PARTITION; N/A; SUB	arch/Home/Altibase_Oracle Comparison__16875638.md	218	covered	No English change required.	| SPLIT | SPLIT PARTITION | SPLIT PARTITION | N/A | SPLIT PARTITION | SPLIT [SUB]PARTITION |	none	S016 direct table-row inspection.
S016	DOCK/Home/39. Altibase, Oracle 비교 자료__14058137.md	219	219	S016-D039-T110	comparison_table_row	| TRUNCATE | TRUNCATE PARTITION | TRUNCATE PARTITION | TRUNCATE PARTITION | TRUNCATE [SUB] PARTITION | TRUNCATE [SUB] PARTITION |	TRUNCATE; PARTITION; SUB	arch/Home/Altibase_Oracle Comparison__16875638.md	219	covered	No English change required.	| TRUNCATE | TRUNCATE PARTITION | TRUNCATE PARTITION | TRUNCATE PARTITION | TRUNCATE [SUB] PARTITION | TRUNCATE [SUB] PARTITION |	none	S016 direct table-row inspection.
S016	DOCK/Home/39. Altibase, Oracle 비교 자료__14058137.md	220	220	S016-D039-T111	comparison_table_row	| EXCHANGE | EXCHANGE PARTITION | EXCHANGE PARTITION | EXCHANGE PARTITION | EXCHANGE [SUB] PARTITION | EXCHANGE [SUB] PARTITION |	EXCHANGE; PARTITION; SUB	arch/Home/Altibase_Oracle Comparison__16875638.md	220	covered	No English change required.	| EXCHANGE | EXCHANGE PARTITION | EXCHANGE PARTITION | EXCHANGE PARTITION | EXCHANGE [SUB] PARTITION | EXCHANGE [SUB] PARTITION |	none	S016 direct table-row inspection.
S016	DOCK/Home/39. Altibase, Oracle 비교 자료__14058137.md	221	221	S016-D039-T112	comparison_table_row	| MOVE | MOVE PARTITION | MOVE PARTITION | MOVE PARTITION | MOVE S[UB](http://aid.altibase.com/pages/createpage.action?spaceKey=DOCKI&title=UB&linkCreation=true&fromPageId=13435164)PARTITION | MOVE SUBPARTITIO…	MOVE; PARTITION; S; UB; aid.altibase.com/pages/createpage.action; spaceKey; DOCKI; title; linkCreation; true; fromPageId; 13435164; SUBPARTITION	arch/Home/Altibase_Oracle Comparison__16875638.md	221	covered	No English change required.	| MOVE | MOVE PARTITION | MOVE PARTITION | MOVE PARTITION | MOVE SUBPARTITION | MOVE SUBPARTITION |	source export artifact corrected in English	Korean export has a malformed createpage link inside MOVE SUBPARTITION; English preserves the intended identifier.
S016	DOCK/Home/39. Altibase, Oracle 비교 자료__14058137.md	229	229	S016-D039-T113	comparison_table_row	| 온라인 백업(Hot) | 지원 | 지원 | |	Hot)	arch/Home/Altibase_Oracle Comparison__16875638.md	229	covered	No English change required.	| Online Backup (Hot) | Supported | Supported | |	none	S016 direct table-row inspection.
S016	DOCK/Home/39. Altibase, Oracle 비교 자료__14058137.md	230	230	S016-D039-T114	comparison_table_row	| 오프라인 백업(Cold) | 지원 | 지원 | |	Cold)	arch/Home/Altibase_Oracle Comparison__16875638.md	230	covered	No English change required.	| Offline Backup (Cold) | Supported | Supported | |	none	S016 direct table-row inspection.
S016	DOCK/Home/39. Altibase, Oracle 비교 자료__14058137.md	231	231	S016-D039-T115	comparison_table_row	| 테이블 단위 백업 | 지원 | 지원 | |	table row semantics	arch/Home/Altibase_Oracle Comparison__16875638.md	231	covered	No English change required.	| Table-by-table Backup | Supported | Supported | |	none	S016 direct table-row inspection.
S016	DOCK/Home/39. Altibase, Oracle 비교 자료__14058137.md	232	232	S016-D039-T116	comparison_table_row	| 불완전복구 | 지원 | 지원 | |	table row semantics	arch/Home/Altibase_Oracle Comparison__16875638.md	232	covered	No English change required.	| Incomplete Recovery | Supported | Supported | |	none	S016 direct table-row inspection.
S016	DOCK/Home/39. Altibase, Oracle 비교 자료__14058137.md	233	233	S016-D039-T117	comparison_table_row	| 완전복구 | 지원 | 지원 | |	table row semantics	arch/Home/Altibase_Oracle Comparison__16875638.md	233	covered	No English change required.	| Complete Recovery | Supported | Supported | |	none	S016 direct table-row inspection.
S016	DOCK/Home/39. Altibase, Oracle 비교 자료__14058137.md	234	234	S016-D039-T118	comparison_table_row	| 특정 테이블스페이스 복구 | 지원 | 지원 | |	table row semantics	arch/Home/Altibase_Oracle Comparison__16875638.md	234	covered	No English change required.	| Specific Tablespace Recovery | Supported | Supported | |	none	S016 direct table-row inspection.
S016	DOCK/Home/39. Altibase, Oracle 비교 자료__14058137.md	235	235	S016-D039-T119	comparison_table_row	| 증분 백업 | 지원 | 지원 | |	table row semantics	arch/Home/Altibase_Oracle Comparison__16875638.md	235	covered	No English change required.	| Incremental Backup | Supported | Supported | |	none	S016 direct table-row inspection.
S016	DOCK/Home/39. Altibase, Oracle 비교 자료__14058137.md	236	236	S016-D039-T120	comparison_table_row	| 텍스트 데이터 백업 및 복구 | 지원 | 일부 지원 | aexport로 객체 및 Data Text 가능 |	aexport; Data; Text	arch/Home/Altibase_Oracle Comparison__16875638.md	236	covered	No English change required.	| Text Data Backup & Recovery | Supported | Partially supported | Object and Data Text available with aexport |	none	S016 direct table-row inspection.
S016	DOCK/Home/39. Altibase, Oracle 비교 자료__14058137.md	250	250	S016-D039-T121	comparison_table_row	| SQL | 표준 SQL , 변형 SQL<br>(ANSI-SQL92, ANSI-SQL1999지원) | 표준 SQL<br>(ANSI-SQL92지원) | ANSI-SQL1999의 객체 지향 기능은 지원하지 않음 |	SQL; ANSI-SQL92; ANSI-SQL1999	arch/Home/Altibase_Oracle Comparison__16875638.md	250	covered	No English change required.	| SQL | Standard SQL, Transform SQL<br>(Support ANSI-SQL92, ANSI-SQL1999) | Standard SQL<br>(Support ANSI-SQL92) | Object-oriented features of ANSI-SQL1999 are not supported |	none	S016 direct table-row inspection.
S016	DOCK/Home/39. Altibase, Oracle 비교 자료__14058137.md	251	251	S016-D039-T122	comparison_table_row	| Sub-query(In-Line View) | 지원 | 지원 | |	Sub-query(In-Line; View)	arch/Home/Altibase_Oracle Comparison__16875638.md	251	covered	No English change required.	| Sub-query(In-Line View) | Supported | Supported | |	none	S016 direct table-row inspection.
S016	DOCK/Home/39. Altibase, Oracle 비교 자료__14058137.md	252	252	S016-D039-T123	comparison_table_row	| Sub-query(Scalar) | 지원 | 지원 | |	Sub-query(Scalar)	arch/Home/Altibase_Oracle Comparison__16875638.md	252	covered	No English change required.	| Sub-query(Scalar) | Supported | Supported | |	none	S016 direct table-row inspection.
S016	DOCK/Home/39. Altibase, Oracle 비교 자료__14058137.md	253	253	S016-D039-T124	comparison_table_row	| Sub-query(=,IN,EXISTS) | 지원 | 지원 | |	Sub-query(; IN; EXISTS)	arch/Home/Altibase_Oracle Comparison__16875638.md	253	covered	No English change required.	| Sub-query(=,IN,EXISTS) | Supported | Supported | |	none	S016 direct table-row inspection.
S016	DOCK/Home/39. Altibase, Oracle 비교 자료__14058137.md	254	254	S016-D039-T125	comparison_table_row	| Equi Join | 지원 | 지원 | |	Equi; Join	arch/Home/Altibase_Oracle Comparison__16875638.md	254	covered	No English change required.	| Equi Join | Supported | Supported | |	none	S016 direct table-row inspection.
S016	DOCK/Home/39. Altibase, Oracle 비교 자료__14058137.md	255	255	S016-D039-T126	comparison_table_row	| Inner Join | 지원 | 지원 | |	Inner; Join	arch/Home/Altibase_Oracle Comparison__16875638.md	255	covered	No English change required.	| Inner Join | Supported | Supported | |	none	S016 direct table-row inspection.
S016	DOCK/Home/39. Altibase, Oracle 비교 자료__14058137.md	256	256	S016-D039-T127	comparison_table_row	| Outer Join | 지원 | 지원 | Oracle (+ )도 지원됨 |	Outer; Join; Oracle	arch/Home/Altibase_Oracle Comparison__16875638.md	256	covered	No English change required.	| Outer Join | Supported | Supported | Oracle (+) is also supported |	none	S016 direct table-row inspection.
S016	DOCK/Home/39. Altibase, Oracle 비교 자료__14058137.md	257	257	S016-D039-T128	comparison_table_row	| Self Join | 지원 | 지원 | |	Self; Join	arch/Home/Altibase_Oracle Comparison__16875638.md	257	covered	No English change required.	| Self Join | Supported | Supported | |	none	S016 direct table-row inspection.
S016	DOCK/Home/39. Altibase, Oracle 비교 자료__14058137.md	258	258	S016-D039-T129	comparison_table_row	| 계층적 질의<br>CONNECT BY ~ WITH | 지원 | 지원 | CONNECT_BY_ISCYCLE는 지원하지 않음 |	CONNECT; BY; WITH; CONNECT_BY_ISCYCLE	arch/Home/Altibase_Oracle Comparison__16875638.md	258	covered	No English change required.	| Hierarchical query<br>CONNECT BY ~ WITH | Supported | Supported | CONNECT_BY_ISCYCLE is not supported |	none	S016 direct table-row inspection.
S016	DOCK/Home/39. Altibase, Oracle 비교 자료__14058137.md	259	259	S016-D039-T130	comparison_table_row	| Array Processing | 지원 | 지원 | |	Array; Processing	arch/Home/Altibase_Oracle Comparison__16875638.md	259	covered	No English change required.	| Array Processing | Supported | Supported | |	none	S016 direct table-row inspection.
S016	DOCK/Home/39. Altibase, Oracle 비교 자료__14058137.md	260	260	S016-D039-T131	comparison_table_row	| Move 구문 | 미 지원 | 지원 | |	Move	arch/Home/Altibase_Oracle Comparison__16875638.md	260	covered	No English change required.	| Move statement | Not supported | Supported | |	none	S016 direct table-row inspection.
S016	DOCK/Home/39. Altibase, Oracle 비교 자료__14058137.md	261	261	S016-D039-T132	comparison_table_row	| Queue | Advanced Queue | Enqueue/Dequeue | 사용 구문/방법의 차이 |	Queue; Advanced; Enqueue/Dequeue	arch/Home/Altibase_Oracle Comparison__16875638.md	261	covered	No English change required.	| Queue | Advanced Queue | Enqueue/Dequeue | Differences in statement/method used |	none	S016 direct table-row inspection.
S016	DOCK/Home/39. Altibase, Oracle 비교 자료__14058137.md	262	262	S016-D039-T133	comparison_table_row	| SELECT ~ FOR UPDATE | 지원 | 지원 | Join 사용은 지원하지 않음 |	SELECT; FOR; UPDATE; Join	arch/Home/Altibase_Oracle Comparison__16875638.md	262	covered	No English change required.	| SELECT ~ FOR UPDATE | Supported | Supported | Join is not supported |	none	S016 direct table-row inspection.
S016	DOCK/Home/39. Altibase, Oracle 비교 자료__14058137.md	263	263	S016-D039-T134	comparison_table_row	| SELECT DISTINCT ~ | 지원 | 지원 | |	SELECT; DISTINCT	arch/Home/Altibase_Oracle Comparison__16875638.md	263	covered	No English change required.	| SELECT DISTINCT ~ | Supported | Supported | |	none	S016 direct table-row inspection.
S016	DOCK/Home/39. Altibase, Oracle 비교 자료__14058137.md	264	264	S016-D039-T135	comparison_table_row	| UNION | 지원 | 지원 | |	UNION	arch/Home/Altibase_Oracle Comparison__16875638.md	264	covered	No English change required.	| UNION | Supported | Supported | |	none	S016 direct table-row inspection.
S016	DOCK/Home/39. Altibase, Oracle 비교 자료__14058137.md	265	265	S016-D039-T136	comparison_table_row	| UNION ALL | 지원 | 지원 | |	UNION; ALL	arch/Home/Altibase_Oracle Comparison__16875638.md	265	covered	No English change required.	| UNION ALL | Supported | Supported | |	none	S016 direct table-row inspection.
S016	DOCK/Home/39. Altibase, Oracle 비교 자료__14058137.md	266	266	S016-D039-T137	comparison_table_row	| INTERSECT | 지원 | 지원 | |	INTERSECT	arch/Home/Altibase_Oracle Comparison__16875638.md	266	covered	No English change required.	| INTERSECT | Supported | Supported | |	none	S016 direct table-row inspection.
S016	DOCK/Home/39. Altibase, Oracle 비교 자료__14058137.md	267	267	S016-D039-T138	comparison_table_row	| MINUS | 지원 | 지원 | |	MINUS	arch/Home/Altibase_Oracle Comparison__16875638.md	267	covered	No English change required.	| MINUS | Supported | Supported | |	none	S016 direct table-row inspection.
S016	DOCK/Home/39. Altibase, Oracle 비교 자료__14058137.md	268	268	S016-D039-T139	comparison_table_row	| CERATE TABLE AS SELECT ~ | 지원 | 지원 | |	CERATE; TABLE; AS; SELECT	arch/Home/Altibase_Oracle Comparison__16875638.md	268	covered	No English change required.	| CREATE TABLE AS SELECT ~ | Supported | Supported | |	source typo corrected in English	Korean source has CERATE; English preserves the intended CREATE TABLE AS SELECT identifier.
S016	DOCK/Home/39. Altibase, Oracle 비교 자료__14058137.md	269	269	S016-D039-T140	comparison_table_row	| Literal/Bind SQL | 지원 | 지원 | |	Literal/Bind; SQL	arch/Home/Altibase_Oracle Comparison__16875638.md	269	covered	No English change required.	| Literal/Bind SQL | Supported | Supported | |	none	S016 direct table-row inspection.
S016	DOCK/Home/39. Altibase, Oracle 비교 자료__14058137.md	270	270	S016-D039-T141	comparison_table_row	| VIEW를 통한 DML | 지원 | 지원 | |	VIEW; DML	arch/Home/Altibase_Oracle Comparison__16875638.md	270	covered	No English change required.	| DML with VIEW | Supported | Supported | |	none	S016 direct table-row inspection.
S016	DOCK/Home/39. Altibase, Oracle 비교 자료__14058137.md	271	271	S016-D039-T142	comparison_table_row	| WHERE REGEXP_LIKE Condition | 지원 | 지원 | |	WHERE; REGEXP_LIKE; Condition	arch/Home/Altibase_Oracle Comparison__16875638.md	271	covered	No English change required.	| WHERE REGEXP_LIKE Condition | Supported | Supported | |	none	S016 direct table-row inspection.
S016	DOCK/Home/39. Altibase, Oracle 비교 자료__14058137.md	272	272	S016-D039-T143	comparison_table_row	| Hint 기능 | 지원 | 지원 | |	Hint	arch/Home/Altibase_Oracle Comparison__16875638.md	272	covered	No English change required.	| Hint function | Supported | Supported | |	none	S016 direct table-row inspection.
S016	DOCK/Home/39. Altibase, Oracle 비교 자료__14058137.md	273	273	S016-D039-T144	comparison_table_row	| Cost Optimizer | 지원 | 지원 | |	Cost; Optimizer	arch/Home/Altibase_Oracle Comparison__16875638.md	273	covered	No English change required.	| Cost Optimizer | Supported | Supported | |	none	S016 direct table-row inspection.
S016	DOCK/Home/39. Altibase, Oracle 비교 자료__14058137.md	274	274	S016-D039-T145	comparison_table_row	| Parallel Select | 지원 | 미 지원 | |	Parallel; Select	arch/Home/Altibase_Oracle Comparison__16875638.md	274	covered	No English change required.	| Parallel Select | Supported | Not supported | |	none	S016 direct table-row inspection.
S016	DOCK/Home/39. Altibase, Oracle 비교 자료__14058137.md	275	275	S016-D039-T146	comparison_table_row	| Parallel Insert | 지원 | 지원 | |	Parallel; Insert	arch/Home/Altibase_Oracle Comparison__16875638.md	275	covered	No English change required.	| Parallel Insert | Supported | Supported | |	none	S016 direct table-row inspection.
S016	DOCK/Home/39. Altibase, Oracle 비교 자료__14058137.md	276	276	S016-D039-T147	comparison_table_row	| Parallel Index Build | 지원 | 지원 | |	Parallel; Index; Build	arch/Home/Altibase_Oracle Comparison__16875638.md	276	covered	No English change required.	| Parallel Index Build | Supported | Supported | |	none	S016 direct table-row inspection.
S016	DOCK/Home/39. Altibase, Oracle 비교 자료__14058137.md	285	285	S016-D039-T148	comparison_table_row	| 문자 타입 | CHAR | 고정길이 문자형 타입. 최대 2000 byte | CHAR | 고정길이 문자형 타입. 최대 32K |	CHAR; 2000; byte; 32K	arch/Home/Altibase_Oracle Comparison__16875638.md	285	covered	No English change required.	| Character Type | CHAR | Fixed-length character type. Up to 2000 bytes | CHAR | Fixed-length character type. Up to 32K |	none	S016 direct table-row inspection.
S016	DOCK/Home/39. Altibase, Oracle 비교 자료__14058137.md	286	286	S016-D039-T149	comparison_table_row	| VARCHAR2 | 가변길이 문자형 타입. 최대 4000 byte | VARCHAR | 가변길이 문자형 타입. 최대 32K | |	VARCHAR2; 4000; byte; VARCHAR; 32K	arch/Home/Altibase_Oracle Comparison__16875638.md	286	covered	No English change required.	| VARCHAR2 | Variable-length character type. Up to 4000 bytes | VARCHAR | Variable-length character type. Up to 32K | |	none	S016 direct table-row inspection.
S016	DOCK/Home/39. Altibase, Oracle 비교 자료__14058137.md	287	287	S016-D039-T150	comparison_table_row	| NCHAR | 유니코드 고정길이 문자형 타입.<br>최대 2000 byte | NCHAR | 문자 길이 최대16000(UTF16),<br>문자 길이 최대10666(UTF8) | |	NCHAR; 2000; byte; 16000; UTF16); 10666; UTF8)	arch/Home/Altibase_Oracle Comparison__16875638.md	287	covered	No English change required.	| NCHAR | Unicode fixed-length character type. Up to 2000 bytes | NCHAR | Character length up to 16000 (UTF16),<br>Character length up to 10666 (UTF8) | |	none	S016 direct table-row inspection.
S016	DOCK/Home/39. Altibase, Oracle 비교 자료__14058137.md	288	288	S016-D039-T151	comparison_table_row	| NVARCHAR2 | 유니코드 가변길이 문자형 타입.<br>최대 4000 byte | NVARCHAR | 문자 길이 최대16000(UTF16),<br>문자 길이 최대 10666(UTF8) | |	NVARCHAR2; 4000; byte; NVARCHAR; 16000; UTF16); 10666; UTF8)	arch/Home/Altibase_Oracle Comparison__16875638.md	288	covered	No English change required.	| NVARCHAR2 | Unicode variable-length character type.<br>Up to 4000 bytes | NVARCHAR | Character length up to 16000 (UTF16),<br>Character length up to 10666 (UTF8) | |	none	S016 direct table-row inspection.
S016	DOCK/Home/39. Altibase, Oracle 비교 자료__14058137.md	289	289	S016-D039-T152	comparison_table_row	| LONG | 문자형 타입. 최대2G | | CLOB으로 대체 가능 | |	LONG; 2G; CLOB	arch/Home/Altibase_Oracle Comparison__16875638.md	289	covered	No English change required.	| LONG | Character type, Up to 2G | | Can be replaced with CLOB | |	none	S016 direct table-row inspection.
S016	DOCK/Home/39. Altibase, Oracle 비교 자료__14058137.md	290	290	S016-D039-T153	comparison_table_row	| LOB 타입 | BLOB | 단일binary 타입.<br>최대 : (4G-1) * (database block size) | BLOB | 최대 2G |	LOB; BLOB; binary; 4G; 1; database; block; size); 2G	arch/Home/Altibase_Oracle Comparison__16875638.md	290	covered	No English change required.	| LOB Type | BLOB | Single binary type.<br>Max: (4G-1) * (database block size) | BLOB | Up to 2G |	none	S016 direct table-row inspection.
S016	DOCK/Home/39. Altibase, Oracle 비교 자료__14058137.md	291	291	S016-D039-T154	comparison_table_row	| CLOB | 단일byte 문자형 타입.<br>최대 : (4G-1) * (database block size) | CLOB | 최대 2G | |	CLOB; byte; 4G; 1; database; block; size); 2G	arch/Home/Altibase_Oracle Comparison__16875638.md	291	covered	No English change required.	| CLOB | Single byte character type.<br>Max: (4G-1) * (database block size) | CLOB | Up to 2G | |	none	S016 direct table-row inspection.
S016	DOCK/Home/39. Altibase, Oracle 비교 자료__14058137.md	292	292	S016-D039-T155	comparison_table_row	| NCLOB | 유니코드 문자형 타입.<br>최대 : (4G-1) * (database block size) | | CLOB로 대체 가능 | |	NCLOB; 4G; 1; database; block; size); CLOB	arch/Home/Altibase_Oracle Comparison__16875638.md	292	covered	No English change required.	| NCLOB | Unicode character type.<br>Max: (4G-1) * (database block size) | | Can be replaced with CLOB | |	none	S016 direct table-row inspection.
S016	DOCK/Home/39. Altibase, Oracle 비교 자료__14058137.md	293	293	S016-D039-T156	comparison_table_row	| 숫자 타입 | NUMERIC(p, s) | 숫자형 타입.<br>정밀도 p 1~38, 스케일 s -87~127 | NUMERIC(p, s) | 고정 소수점.<br>정밀도 p 1~38, 스케일 s -84~128 |	NUMERIC(p; s); p; 1; 38,; s; 87; 127; 84; 128	arch/Home/Altibase_Oracle Comparison__16875638.md	293	covered	No English change required.	| Numeric Type | NUMERIC(p, s) | Numeric type. Accuracy p 1 to 38, scale s -87 to 127 | NUMERIC(p, s) | Fixed point.<br>Accuracy p 1 to 38, scale s -84 to 128 |	none	S016 direct table-row inspection.
S016	DOCK/Home/39. Altibase, Oracle 비교 자료__14058137.md	294	294	S016-D039-T157	comparison_table_row	| NUMBER (*p*, *s*) | | NUMBER(p, s) | p, s를 지정하지 않으면 FLOAT와 동일. p 또는 p, s를 주면 NUMERIC과 동일 | |	NUMBER; p*; s*); NUMBER(p; s); p; s; FLOAT; NUMERIC	arch/Home/Altibase_Oracle Comparison__16875638.md	294	covered	No English change required.	| NUMBER (*p, s*) | | NUMBER(p, s) | Same as FLOAT if p and s are not specified. Given p or p, s is the same as NUMERIC | |	none	S016 direct table-row inspection.
S016	DOCK/Home/39. Altibase, Oracle 비교 자료__14058137.md	295	295	S016-D039-T158	comparison_table_row	| DECIMAL(p, s) | | DECIMAL(p, s) | NUMERIC (p, s)와 동일 | |	DECIMAL(p; s); NUMERIC; p	arch/Home/Altibase_Oracle Comparison__16875638.md	295	covered	No English change required.	| DECIMAL(p, s) | | DECIMAL(p, s) | Same as NUMERIC (p, s) | |	none	S016 direct table-row inspection.
S016	DOCK/Home/39. Altibase, Oracle 비교 자료__14058137.md	296	296	S016-D039-T159	comparison_table_row	| FLOAT(p),<br>BINARY_FLOAT | | FLOAT(p) | 부동 소수점. 정밀도(p)만 지정 가능 | |	FLOAT(p); BINARY_FLOAT; p)	arch/Home/Altibase_Oracle Comparison__16875638.md	296	covered	No English change required.	| FLOAT(p),<br>BINARY_FLOAT | | FLOAT(p) | Floating point. Only precision (p) can be specified | |	none	S016 direct table-row inspection.
S016	DOCK/Home/39. Altibase, Oracle 비교 자료__14058137.md	297	297	S016-D039-T160	comparison_table_row	| SMALLINT | | SMALLINT | 2 byte 정수형 타입 | |	SMALLINT; 2; byte	arch/Home/Altibase_Oracle Comparison__16875638.md	297	covered	No English change required.	| SMALLINT | | SMALLINT | 2 byte integer type | |	none	S016 direct table-row inspection.
S016	DOCK/Home/39. Altibase, Oracle 비교 자료__14058137.md	298	298	S016-D039-T161	comparison_table_row	| INT | | INTEGER | 4 byte 정수형 타입 | |	INT; INTEGER; 4; byte	arch/Home/Altibase_Oracle Comparison__16875638.md	298	covered	No English change required.	| INT | | INTEGER | 4 byte integer type | |	none	S016 direct table-row inspection.
S016	DOCK/Home/39. Altibase, Oracle 비교 자료__14058137.md	299	299	S016-D039-T162	comparison_table_row	| | | BIGINT | 8 byte 정수형 타입 | |	BIGINT; 8; byte	arch/Home/Altibase_Oracle Comparison__16875638.md	299	covered	No English change required.	| | | BIGINT | 8 byte integer type | |	none	S016 direct table-row inspection.
S016	DOCK/Home/39. Altibase, Oracle 비교 자료__14058137.md	300	300	S016-D039-T163	comparison_table_row	| REAL | | REAL | 4 byte 실수형 타입 | |	REAL; 4; byte	arch/Home/Altibase_Oracle Comparison__16875638.md	300	covered	No English change required.	| REAL | | REAL | 4 byte real type | |	none	S016 direct table-row inspection.
S016	DOCK/Home/39. Altibase, Oracle 비교 자료__14058137.md	301	301	S016-D039-T164	comparison_table_row	| DOUBLE,<br>BINARY_DOUBLE | | DOUBLE | 8 byte 실수형 타입 | |	DOUBLE; BINARY_DOUBLE; 8; byte	arch/Home/Altibase_Oracle Comparison__16875638.md	301	covered	No English change required.	| DOUBLE, BINARY_DOUBLE | | DOUBLE | 8 byte real type | |	none	S016 direct table-row inspection.
S016	DOCK/Home/39. Altibase, Oracle 비교 자료__14058137.md	302	302	S016-D039-T165	comparison_table_row	| 날짜 타입 | DATE | 날짜타입.<br>BC 4712년 1월1일 ~ AD 9999년 12월 31일 | DATE | 날짜타입 8byte |	DATE; BC; 4712; 1; AD; 9999; 12; 31; 8byte	arch/Home/Altibase_Oracle Comparison__16875638.md	302	covered	No English change required.	| Date Type | DATE | Date type. January 1, 4712 BC-December 31, 9999 AD | DATE | Date Type 8byte |	none	S016 direct table-row inspection.
S016	DOCK/Home/39. Altibase, Oracle 비교 자료__14058137.md	303	303	S016-D039-T166	comparison_table_row	| INTERVAL YEAR<br>TO MONTH | | | 미 지원 | |	INTERVAL; YEAR; TO; MONTH	arch/Home/Altibase_Oracle Comparison__16875638.md	303	covered	No English change required.	| INTERVAL YEAR TO MONTH | | | Not supported | |	none	S016 direct table-row inspection.
S016	DOCK/Home/39. Altibase, Oracle 비교 자료__14058137.md	304	304	S016-D039-T167	comparison_table_row	| INTERVAL DAY<br>TO SECOND | | | 미 지원 | |	INTERVAL; DAY; TO; SECOND	arch/Home/Altibase_Oracle Comparison__16875638.md	304	covered	No English change required.	| INTERVAL DAY TO SECOND | | | Not supported | |	none	S016 direct table-row inspection.
S016	DOCK/Home/39. Altibase, Oracle 비교 자료__14058137.md	305	305	S016-D039-T168	comparison_table_row	| TIMESTAMP<br>WITH TIME ZONE | | | 미 지원 | |	TIMESTAMP; WITH; TIME; ZONE	arch/Home/Altibase_Oracle Comparison__16875638.md	305	covered	No English change required.	| TIMESTAMP WITH TIME ZONE | | | Not supported | |	none	S016 direct table-row inspection.
S016	DOCK/Home/39. Altibase, Oracle 비교 자료__14058137.md	306	306	S016-D039-T169	comparison_table_row	| TIMESTAMP WITH LOCAL TIME ZONE | | | 미 지원 | |	TIMESTAMP; WITH; LOCAL; TIME; ZONE	arch/Home/Altibase_Oracle Comparison__16875638.md	306	covered	No English change required.	| TIMESTAMP WITH LOCAL TIME ZONE | | | Not supported | |	none	S016 direct table-row inspection.
S016	DOCK/Home/39. Altibase, Oracle 비교 자료__14058137.md	307	307	S016-D039-T170	comparison_table_row	| TIMESTAMP | 초 정보의 정밀도를 9자리까지 표현 가능 | DATE | Micro sec 까지(6자리) 까지 표현 가능 | |	TIMESTAMP; 9; DATE; Micro; sec; 6	arch/Home/Altibase_Oracle Comparison__16875638.md	307	covered	No English change required.	| TIMESTAMP | The precision of the second information can be expressed up to 9 digits. | DATE | Express up to micro sec (6 digits) | |	none	S016 direct table-row inspection.
S016	DOCK/Home/39. Altibase, Oracle 비교 자료__14058137.md	308	308	S016-D039-T171	comparison_table_row	| | | TIMESTAMP | REPLICATION 충돌 시 사용하는 Option Type | |	TIMESTAMP; REPLICATION; Option; Type	arch/Home/Altibase_Oracle Comparison__16875638.md	308	covered	No English change required.	| | | TIMESTAMP | Option Type used in case of REPLICATION conflict | |	none	S016 direct table-row inspection.
S016	DOCK/Home/39. Altibase, Oracle 비교 자료__14058137.md	309	309	S016-D039-T172	comparison_table_row	| 이진 타입 | BFILE | 대용량 이진 파일 타입. 최대 4G | | BLOB로 대체 가능 |	BFILE; 4G; BLOB	arch/Home/Altibase_Oracle Comparison__16875638.md	309	covered	No English change required.	| Binary Type | BFILE | Large binary file type. Up to 4G | | Can be replaced with BLOB |	none	S016 direct table-row inspection.
S016	DOCK/Home/39. Altibase, Oracle 비교 자료__14058137.md	310	310	S016-D039-T173	comparison_table_row	| RAW (*size*) | 원시 이진 타입. 최대 2000 byte | | BLOB로 대체 가능 | |	RAW; size*); 2000; byte; BLOB	arch/Home/Altibase_Oracle Comparison__16875638.md	310	covered	No English change required.	| | RAW (*size*) | Primitive binary type. Up to 2000 bytes | | Can be replaced with BLOB |	none	S016 direct table-row inspection.
S016	DOCK/Home/39. Altibase, Oracle 비교 자료__14058137.md	311	311	S016-D039-T174	comparison_table_row	| LONG RAW | 가변길이 윈시 이진 타입. 최대 2G | | BLOB 사용 | |	LONG; RAW; 2G; BLOB	arch/Home/Altibase_Oracle Comparison__16875638.md	311	covered	No English change required.	| | LONG RAW | Variable-length raw binary type. Up to 2G | | Use BLOB |	none	S016 direct table-row inspection.
S016	DOCK/Home/39. Altibase, Oracle 비교 자료__14058137.md	312	312	S016-D039-T175	comparison_table_row	| | | BYTE | 1~32000, 고정 길이 이진 데이터 타입 | |	BYTE; 1; 32000,	arch/Home/Altibase_Oracle Comparison__16875638.md	312	covered	No English change required.	| | | BYTE | 1 to 32000, fixed-length binary data type | |	none	S016 direct table-row inspection.
S016	DOCK/Home/39. Altibase, Oracle 비교 자료__14058137.md	313	313	S016-D039-T176	comparison_table_row	| | | NIBBLE | 1~254, 가변 길이 이진 데이터 타입 | |	NIBBLE; 1; 254,	arch/Home/Altibase_Oracle Comparison__16875638.md	313	covered	No English change required.	| | | NIBBLE | 1 to 254, variable-length binary data type | |	none	S016 direct table-row inspection.
S016	DOCK/Home/39. Altibase, Oracle 비교 자료__14058137.md	314	314	S016-D039-T177	comparison_table_row	| | | BIT | 1~60576, 0과 1로만 이루어짐<br>고정 길이 이진 데이터 타입 | |	BIT; 1; 60576,; 0	arch/Home/Altibase_Oracle Comparison__16875638.md	314	covered	No English change required.	| | | BIT | 1 to 60576, consisting only of 0 and 1<br>Fixed-length binary data type | |	none	S016 direct table-row inspection.
S016	DOCK/Home/39. Altibase, Oracle 비교 자료__14058137.md	315	315	S016-D039-T178	comparison_table_row	| | | VARBIT | 1~131068, 0과 1로만 이루어진 가변 길이 이진 데이터 타입 | |	VARBIT; 1; 131068,; 0	arch/Home/Altibase_Oracle Comparison__16875638.md	315	covered	No English change required.	| | | VARBIT | 1 to 131068, variable-length binary data type consisting only of 0s and 1s | |	none	S016 direct table-row inspection.
S016	DOCK/Home/39. Altibase, Oracle 비교 자료__14058137.md	316	316	S016-D039-T179	comparison_table_row	| 공간 데이터 타입 | | | GEOMETRY | 공간 데이터 타입 최대 100M |	GEOMETRY; 100M	arch/Home/Altibase_Oracle Comparison__16875638.md	316	covered	No English change required.	| Spatial Data Type | | | GEOMETRY | Spatial data type up to 100M |	none	S016 direct table-row inspection.
S016	DOCK/Home/39. Altibase, Oracle 비교 자료__14058137.md	324	324	S016-D039-T180	comparison_table_row	| SQL | 표준 SQL , 변형 SQL | 표준 SQL , 변형 SQL | |	SQL	arch/Home/Altibase_Oracle Comparison__16875638.md	324	covered	No English change required.	| SQL | Standard SQL, transformed SQL | Standard SQL, transformed SQL | |	none	S016 direct table-row inspection.
S016	DOCK/Home/39. Altibase, Oracle 비교 자료__14058137.md	325	325	S016-D039-T181	comparison_table_row	| JDBC Driver | 제공 | 제공 | |	JDBC; Driver	arch/Home/Altibase_Oracle Comparison__16875638.md	325	covered	No English change required.	| JDBC Driver | Provided | Provided | |	none	S016 direct table-row inspection.
S016	DOCK/Home/39. Altibase, Oracle 비교 자료__14058137.md	326	326	S016-D039-T182	comparison_table_row	| ODBC Driver | 제공 | 제공 | |	ODBC; Driver	arch/Home/Altibase_Oracle Comparison__16875638.md	326	covered	No English change required.	| ODBC Driver | Provided | Provided | |	none	S016 direct table-row inspection.
S016	DOCK/Home/39. Altibase, Oracle 비교 자료__14058137.md	327	327	S016-D039-T183	comparison_table_row	| PHP Driver | 제공 | ODBC를 이용 | |	PHP; Driver; ODBC	arch/Home/Altibase_Oracle Comparison__16875638.md	327	covered	No English change required.	| PHP Driver | Provided | Use ODBC | |	none	S016 direct table-row inspection.
S016	DOCK/Home/39. Altibase, Oracle 비교 자료__14058137.md	328	328	S016-D039-T184	comparison_table_row	| PDO Driver | 제공 | 제공 | |	PDO; Driver	arch/Home/Altibase_Oracle Comparison__16875638.md	328	covered	No English change required.	| PDO Driver | Provided | Provided | |	none	S016 direct table-row inspection.
S016	DOCK/Home/39. Altibase, Oracle 비교 자료__14058137.md	329	329	S016-D039-T185	comparison_table_row	| Embedded SQL | 제공 (Pro*C/C++) | 제공 (APRE*C/C++) | |	Embedded; SQL; Pro*C/C++); APRE*C/C++)	arch/Home/Altibase_Oracle Comparison__16875638.md	329	covered	No English change required.	| Embedded SQL | Provided (Pro*C/C++) | Provided (APRE*C/C++) | |	none	S016 direct table-row inspection.
S016	DOCK/Home/39. Altibase, Oracle 비교 자료__14058137.md	330	330	S016-D039-T186	comparison_table_row	| CLI Interface | 제공 (OCI) | 제공 (CLI) | |	CLI; Interface; OCI); CLI)	arch/Home/Altibase_Oracle Comparison__16875638.md	330	covered	No English change required.	| CLI Interface | Provided (OCI) | Provided (CLI) | |	none	S016 direct table-row inspection.
S016	DOCK/Home/39. Altibase, Oracle 비교 자료__14058137.md	331	331	S016-D039-T187	comparison_table_row	| XA API | 제공 | 제공 | |	XA; API	arch/Home/Altibase_Oracle Comparison__16875638.md	331	covered	No English change required.	| XA API | Provided | Provided | |	none	S016 direct table-row inspection.
S016	DOCK/Home/39. Altibase, Oracle 비교 자료__14058137.md	332	332	S016-D039-T188	comparison_table_row	| Threaded Application | 지원 | 지원 | |	Threaded; Application	arch/Home/Altibase_Oracle Comparison__16875638.md	332	covered	No English change required.	| Threaded Application | Supported | Supported | |	none	S016 direct table-row inspection.
S016	DOCK/Home/39. Altibase, Oracle 비교 자료__14058137.md	340	340	S016-D039-F001	builtin_function_table_row	| 숫자 함수 | ABS | ABS | 절대값을 반환 |	ABS	arch/Home/Altibase_Oracle Comparison__16875638.md	340	covered	No English change required.	| Numeric Function | ABS | ABS | Return absolute value |	none	S016 direct table-row inspection.
S016	DOCK/Home/39. Altibase, Oracle 비교 자료__14058137.md	341	341	S016-D039-F002	builtin_function_table_row	| | ACOS | ACOS | n의 역코사인(arc cosine)값을 반환 |	ACOS; n; arc; cosine)	arch/Home/Altibase_Oracle Comparison__16875638.md	341	covered	No English change required.	| | ACOS | ACOS | Return the arc cosine of n |	none	S016 direct table-row inspection.
S016	DOCK/Home/39. Altibase, Oracle 비교 자료__14058137.md	342	342	S016-D039-F003	builtin_function_table_row	| | ASIN | ASIN | n의 역사인(arc sine)값을 반환 |	ASIN; n; arc; sine)	arch/Home/Altibase_Oracle Comparison__16875638.md	342	covered	No English change required.	| | ASIN | ASIN | Return the arc sine of n |	none	S016 direct table-row inspection.
S016	DOCK/Home/39. Altibase, Oracle 비교 자료__14058137.md	343	343	S016-D039-F004	builtin_function_table_row	| | ATAN | ATAN | n의 역탄젠트(arc tangent)값을 반환 |	ATAN; n; arc; tangent)	arch/Home/Altibase_Oracle Comparison__16875638.md	343	covered	No English change required.	| | ATAN | ATAN | Return the arctangent of n |	none	S016 direct table-row inspection.
S016	DOCK/Home/39. Altibase, Oracle 비교 자료__14058137.md	344	344	S016-D039-F005	builtin_function_table_row	| | ATAN2 | ATAN2 | n/m의 역탄젠트(arc tangent)값을 반환 |	ATAN2; n/m; arc; tangent)	arch/Home/Altibase_Oracle Comparison__16875638.md	344	covered	No English change required.	| | ATAN2 | ATAN2 | Return the arc tangent of n/m |	none	S016 direct table-row inspection.
S016	DOCK/Home/39. Altibase, Oracle 비교 자료__14058137.md	345	345	S016-D039-F006	builtin_function_table_row	| | BITAND | BITAND | 인수1과 인수2의 비트에 대한 AND연산을 수행하여 정수를 반환 |	BITAND; 1; 2; AND	arch/Home/Altibase_Oracle Comparison__16875638.md	345	covered	No English change required.	| | BITAND | BITAND | Return an integer by performing an AND operation on the bits of argument 1 and argument 2 |	none	S016 direct table-row inspection.
S016	DOCK/Home/39. Altibase, Oracle 비교 자료__14058137.md	346	346	S016-D039-F007	builtin_function_table_row	| | BITNOT | BITNOT | bit_a의 비트에 대한 NOT 연산 결과를 반환 |	BITNOT; bit_a; NOT	arch/Home/Altibase_Oracle Comparison__16875638.md	346	covered	No English change required.	| | BITNOT | BITNOT | Return the result of a NOT operation on the bits of bit_a |	none	S016 direct table-row inspection.
S016	DOCK/Home/39. Altibase, Oracle 비교 자료__14058137.md	347	347	S016-D039-F008	builtin_function_table_row	| | BITOR | BITOR | bit_a와 bit_b의 비트에 대한 OR 연산 결과를 반환 |	BITOR; bit_a; bit_b; OR	arch/Home/Altibase_Oracle Comparison__16875638.md	347	covered	No English change required.	| | BITOR | BITOR | Return the result of an OR operation on the bits of bit_a and bit_b |	none	S016 direct table-row inspection.
S016	DOCK/Home/39. Altibase, Oracle 비교 자료__14058137.md	348	348	S016-D039-F009	builtin_function_table_row	| | BITXOR | BITXOR | bit_a와 bit_b의 비트에 대한 XOR(exlusive OR) 연산 결과를 반환 |	BITXOR; bit_a; bit_b; XOR(exlusive; OR)	arch/Home/Altibase_Oracle Comparison__16875638.md	348	covered	No English change required.	| | BITXOR | BITXOR | Return the XOR (exclusive OR) operation result for the bits of bit_a and bit_b |	none	S016 direct table-row inspection.
S016	DOCK/Home/39. Altibase, Oracle 비교 자료__14058137.md	349	349	S016-D039-F010	builtin_function_table_row	| | CEIL | CEIL | 인수에서 지정한 수치를 올림하여 정수를 반환 |	CEIL	arch/Home/Altibase_Oracle Comparison__16875638.md	349	covered	No English change required.	| | CEIL | CEIL | Round up the number specified in the argument and return an integer |	none	S016 direct table-row inspection.
S016	DOCK/Home/39. Altibase, Oracle 비교 자료__14058137.md	350	350	S016-D039-F011	builtin_function_table_row	| | COS | COS | 코사인값을 반환 |	COS	arch/Home/Altibase_Oracle Comparison__16875638.md	350	covered	No English change required.	| | COS | COS | Return the cosine value |	none	S016 direct table-row inspection.
S016	DOCK/Home/39. Altibase, Oracle 비교 자료__14058137.md	351	351	S016-D039-F012	builtin_function_table_row	| | COSH | COSH | 쌍곡 코사인값(hyperbolic cosine)을 반환 |	COSH; hyperbolic; cosine)	arch/Home/Altibase_Oracle Comparison__16875638.md	351	covered	No English change required.	| | COSH | COSH | Return the hyperbolic cosine |	none	S016 direct table-row inspection.
S016	DOCK/Home/39. Altibase, Oracle 비교 자료__14058137.md	352	352	S016-D039-F013	builtin_function_table_row	| | EXP | EXP | e의 n 제곱 값을 반환 |	EXP; e; n	arch/Home/Altibase_Oracle Comparison__16875638.md	352	covered	No English change required.	| | EXP | EXP | Return e to the power of n |	none	S016 direct table-row inspection.
S016	DOCK/Home/39. Altibase, Oracle 비교 자료__14058137.md	353	353	S016-D039-F014	builtin_function_table_row	| | FLOOR | FLOOR | 지정한 숫자보다 작거나 같은 정수 중에서 최대값을 반환 |	FLOOR	arch/Home/Altibase_Oracle Comparison__16875638.md	353	covered	No English change required.	| | FLOOR | FLOOR | Return the maximum value among integers less than or equal to a specified number |	none	S016 direct table-row inspection.
S016	DOCK/Home/39. Altibase, Oracle 비교 자료__14058137.md	354	354	S016-D039-F015	builtin_function_table_row	| | 미 지원 | ISNUMERIC | 입력한 수식이 숫자 데이터 타입으로 유효한지를 판단 |	ISNUMERIC	arch/Home/Altibase_Oracle Comparison__16875638.md	354	covered	No English change required.	| | Not supported | ISNUMERIC | Determine whether the entered expression is valid as a numeric data type |	none	S016 direct table-row inspection.
S016	DOCK/Home/39. Altibase, Oracle 비교 자료__14058137.md	355	355	S016-D039-F016	builtin_function_table_row	| | LN | LN | 입력값의 자연 로그 값을 반환 |	LN	arch/Home/Altibase_Oracle Comparison__16875638.md	355	covered	No English change required.	| | LN | LN | Return the natural logarithm of the input value |	none	S016 direct table-row inspection.
S016	DOCK/Home/39. Altibase, Oracle 비교 자료__14058137.md	356	356	S016-D039-F017	builtin_function_table_row	| | LOG | LOG | LOG(m,n)에서 밑을 m으로 한 n의 로그 값을 반환 |	LOG; LOG(m; n); m; n	arch/Home/Altibase_Oracle Comparison__16875638.md	356	covered	No English change required.	| | LOG | LOG | Return the logarithm of n with base m in LOG(m,n) |	none	S016 direct table-row inspection.
S016	DOCK/Home/39. Altibase, Oracle 비교 자료__14058137.md	357	357	S016-D039-F018	builtin_function_table_row	| | MOD | MOD | n2을 n1으로 나눈 나머지값을 반환 |	MOD; n2; n1	arch/Home/Altibase_Oracle Comparison__16875638.md	357	covered	No English change required.	| | MOD | MOD | Return the remainder of dividing n2 by n1 |	none	S016 direct table-row inspection.
S016	DOCK/Home/39. Altibase, Oracle 비교 자료__14058137.md	358	358	S016-D039-F019	builtin_function_table_row	| | NANVL | 미 지원 | 입력 값 n2가 Nan(숫치가 아닌)라면, 대체 값 n1을 반환. n2가 NaN이 아니라면, n2를 반환 |	NANVL; n2; Nan(; n1; NaN	arch/Home/Altibase_Oracle Comparison__16875638.md	358	covered	No English change required.	| | NANVL | Not supported | If input value n2 is NaN (not a number), return replacement value n1. If n2 is not NaN, return n2 |	none	S016 direct table-row inspection.
S016	DOCK/Home/39. Altibase, Oracle 비교 자료__14058137.md	359	359	S016-D039-F020	builtin_function_table_row	| | 미 지원 | NUMAND | BIGINT 타입인 bigint_a와 bigint_a의 비트 AND 연산의 결과를 BIGINT 타입의 결과값으로 반환 |	NUMAND; BIGINT; bigint_a; AND	arch/Home/Altibase_Oracle Comparison__16875638.md	359	covered	No English change required.	| | Not supported | NUMAND | Return the result of the bitwise AND operation of BIGINT type bigint_a and bigint_a as a BIGINT type value |	none	S016 direct table-row inspection.
S016	DOCK/Home/39. Altibase, Oracle 비교 자료__14058137.md	360	360	S016-D039-F021	builtin_function_table_row	| | 미 지원 | NUMOR | BIGINT 타입인 bigint_a와 bigint_a의 비트 OR 연산의 결과를 BIGINT 타입의 결과값으로 반환 |	NUMOR; BIGINT; bigint_a; OR	arch/Home/Altibase_Oracle Comparison__16875638.md	360	covered	No English change required.	| | Not supported | NUMOR | Return the result of the bitwise OR operation of BIGINT type bigint_a and bigint_a as a BIGINT type value |	none	S016 direct table-row inspection.
S016	DOCK/Home/39. Altibase, Oracle 비교 자료__14058137.md	361	361	S016-D039-F022	builtin_function_table_row	| | 미 지원 | NUMSHIFT | BIGINT 타입인 bigint에 비트 n 개 만큼 SHIFT한 결과를 BIGINT 타입의 결과값으로 반환 |	NUMSHIFT; BIGINT; bigint; n; SHIFT	arch/Home/Altibase_Oracle Comparison__16875638.md	361	covered	No English change required.	| | Not supported | NUMSHIFT | Return the result of shifting BIGINT type bigint by n bits as a BIGINT type value |	none	S016 direct table-row inspection.
S016	DOCK/Home/39. Altibase, Oracle 비교 자료__14058137.md	362	362	S016-D039-F023	builtin_function_table_row	| | 미 지원 | NUMXOR | BIGINT 타입인 bigint_a와 bigint_a의 비트 XOR 연산의 결과를 BIGINT 타입의 결과값으로 반환 |	NUMXOR; BIGINT; bigint_a; XOR	arch/Home/Altibase_Oracle Comparison__16875638.md	362	covered	No English change required.	| | Not supported | NUMXOR | Return the result of the bitwise XOR operation of BIGINT type bigint_a and bigint_a as a BIGINT type value |	none	S016 direct table-row inspection.
S016	DOCK/Home/39. Altibase, Oracle 비교 자료__14058137.md	363	363	S016-D039-F024	builtin_function_table_row	| | POWER | POWER | n2의 n1승 값을 반환. |	POWER; n2; n1	arch/Home/Altibase_Oracle Comparison__16875638.md	363	covered	No English change required.	| | POWER | POWER | Return the value of n2 to the power of n1 |	none	S016 direct table-row inspection.
S016	DOCK/Home/39. Altibase, Oracle 비교 자료__14058137.md	364	364	S016-D039-F025	builtin_function_table_row	| | 미 지원 | RAND | 0 이상부터 1 미만 사이의 임의 숫자를 생성하여 double 타입의 값으로 반환 |	RAND; 0; 1; double	arch/Home/Altibase_Oracle Comparison__16875638.md	364	covered	No English change required.	| | Not supported | RAND | Generate a random number between 0 inclusive and 1 exclusive and return it as a double type value |	none	S016 direct table-row inspection.
S016	DOCK/Home/39. Altibase, Oracle 비교 자료__14058137.md	365	365	S016-D039-F026	builtin_function_table_row	| | dbms.random() | RANDOM | 의사 랜덤 정수형 값(pseudo random integer value)을 반환 |	dbms.random(); RANDOM; pseudo; random; integer; value)	arch/Home/Altibase_Oracle Comparison__16875638.md	365	covered	No English change required.	| | dbms.random() | RANDOM | Return a pseudo-random integer value |	none	S016 direct table-row inspection.
S016	DOCK/Home/39. Altibase, Oracle 비교 자료__14058137.md	366	366	S016-D039-F027	builtin_function_table_row	| | REMAINDER | MOD | n2를 n1으로 나눈 나머지를 반환 |	REMAINDER; MOD; n2; n1	arch/Home/Altibase_Oracle Comparison__16875638.md	366	covered	No English change required.	| | REMAINDER | MOD | Return the remainder of n2 divided by n1 |	none	S016 direct table-row inspection.
S016	DOCK/Home/39. Altibase, Oracle 비교 자료__14058137.md	367	367	S016-D039-F028	builtin_function_table_row	| | ROUND (number) | ROUND (number) | n값을 소수점 이하를 integer를 기준으로 반올림하여 반환 |	ROUND; number); n; integer	arch/Home/Altibase_Oracle Comparison__16875638.md	367	covered	No English change required.	| | ROUND (number) | ROUND (number) | Round n at the decimal place based on integer and return the result |	none	S016 direct table-row inspection.
S016	DOCK/Home/39. Altibase, Oracle 비교 자료__14058137.md	368	368	S016-D039-F029	builtin_function_table_row	| | SIGN | SIGN | n의 부호를 반환 |	SIGN; n	arch/Home/Altibase_Oracle Comparison__16875638.md	368	covered	No English change required.	| | SIGN | SIGN | Return the sign of n |	none	S016 direct table-row inspection.
S016	DOCK/Home/39. Altibase, Oracle 비교 자료__14058137.md	369	369	S016-D039-F030	builtin_function_table_row	| | SIN | SIN | n의 사인(sine)값을 반환 |	SIN; n; sine)	arch/Home/Altibase_Oracle Comparison__16875638.md	369	covered	No English change required.	| | SIN | SIN | Return the sine of n |	none	S016 direct table-row inspection.
S016	DOCK/Home/39. Altibase, Oracle 비교 자료__14058137.md	370	370	S016-D039-F031	builtin_function_table_row	| | SINH | SINH | n의 쌍곡선 사인(hyperbolic sine)을 반환 |	SINH; n; hyperbolic; sine)	arch/Home/Altibase_Oracle Comparison__16875638.md	370	covered	No English change required.	| | SINH | SINH | Return the hyperbolic sine of n |	none	S016 direct table-row inspection.
S016	DOCK/Home/39. Altibase, Oracle 비교 자료__14058137.md	371	371	S016-D039-F032	builtin_function_table_row	| | SQRT | SQRT | n의 제곱근을 반환 |	SQRT; n	arch/Home/Altibase_Oracle Comparison__16875638.md	371	covered	No English change required.	| | SQRT | SQRT | Return the square root of n |	none	S016 direct table-row inspection.
S016	DOCK/Home/39. Altibase, Oracle 비교 자료__14058137.md	372	372	S016-D039-F033	builtin_function_table_row	| | TAN | TAN | n의 사인(tangent)값을 반환 |	TAN; n; tangent)	arch/Home/Altibase_Oracle Comparison__16875638.md	372	covered	No English change required.	| | TAN | TAN | Return the tangent of n |	none	S016 direct table-row inspection.
S016	DOCK/Home/39. Altibase, Oracle 비교 자료__14058137.md	373	373	S016-D039-F034	builtin_function_table_row	| | TANH | TANH | n의 쌍곡선 탄젠트(hyperbolic tangent)을 반환 |	TANH; n; hyperbolic; tangent)	arch/Home/Altibase_Oracle Comparison__16875638.md	373	covered	No English change required.	| | TANH | TANH | Return the hyperbolic tangent of n |	none	S016 direct table-row inspection.
S016	DOCK/Home/39. Altibase, Oracle 비교 자료__14058137.md	374	374	S016-D039-F035	builtin_function_table_row	| | TRUNC (number) | TRUNC (number) | 인수 n1을 소수점 자리 파라미터 n2 이하를 절삭 |	TRUNC; number); n1; n2	arch/Home/Altibase_Oracle Comparison__16875638.md	374	covered	No English change required.	| | TRUNC (number) | TRUNC (number) | Truncate argument n1 to the decimal place specified by parameter n2 |	none	S016 direct table-row inspection.
S016	DOCK/Home/39. Altibase, Oracle 비교 자료__14058137.md	375	375	S016-D039-F036	builtin_function_table_row	| | WIDTH_BUCKET | 미 지원 | 동일한 넓이를 갖는 히스토그램을 만들어 준다 |	WIDTH_BUCKET	arch/Home/Altibase_Oracle Comparison__16875638.md	375	covered	No English change required.	| | WIDTH_BUCKET | Not supported | Create a histogram with equal-width buckets |	none	S016 direct table-row inspection.
S016	DOCK/Home/39. Altibase, Oracle 비교 자료__14058137.md	376	376	S016-D039-F037	builtin_function_table_row	| 문자 값을 반환하는 문자 함수 | 미 지원 | CHOSUNG | 입력한 한글 문자열에서 각 글자의 초성만 추출하여 반환 |	CHOSUNG	arch/Home/Altibase_Oracle Comparison__16875638.md	376	covered	No English change required.	| Character functions that return character values | Not supported | CHOSUNG | Extract and return only the first letter of each letter from the entered Hangul string |	none	S016 direct table-row inspection.
S016	DOCK/Home/39. Altibase, Oracle 비교 자료__14058137.md	377	377	S016-D039-F038	builtin_function_table_row	| | CHR | CHR | 10진수 n 에 대응하는 아스키코드를 반환 |	CHR; 10; n	arch/Home/Altibase_Oracle Comparison__16875638.md	377	covered	No English change required.	| | CHR | CHR | Return the ASCII code corresponding to decimal number n |	none	S016 direct table-row inspection.
S016	DOCK/Home/39. Altibase, Oracle 비교 자료__14058137.md	378	378	S016-D039-F039	builtin_function_table_row	| | CONCAT | CONCAT | char1과 char2를 연결하여 반환 |	CONCAT; char1; char2	arch/Home/Altibase_Oracle Comparison__16875638.md	378	covered	No English change required.	| | CONCAT | CONCAT | Concatenate char1 and char2 and return the result |	none	S016 direct table-row inspection.
S016	DOCK/Home/39. Altibase, Oracle 비교 자료__14058137.md	379	379	S016-D039-F040	builtin_function_table_row	| | 미 지원 | DIGEST | 준 암호화 해쉬 알고리즘을 사용해서 expr의 해쉬 다이제스트를 VARCHAR타입으로 반환 |	DIGEST; expr; VARCHAR	arch/Home/Altibase_Oracle Comparison__16875638.md	379	covered	No English change required.	| | Not supported | DIGEST | Return the hash digest of expr as a VARCHAR type using a quasi-encrypted hash algorithm |	none	S016 direct table-row inspection.
S016	DOCK/Home/39. Altibase, Oracle 비교 자료__14058137.md	380	380	S016-D039-F041	builtin_function_table_row	| | 미 지원 | DIGITS | 입력 정수를 문자열로 반환 |	DIGITS	arch/Home/Altibase_Oracle Comparison__16875638.md	380	covered	No English change required.	| | Not supported | DIGITS | Return the input integer as a string |	none	S016 direct table-row inspection.
S016	DOCK/Home/39. Altibase, Oracle 비교 자료__14058137.md	381	381	S016-D039-F042	builtin_function_table_row	| | INITCAP | INITCAP | 입력 문자열 중에서 각 단어의 첫 글자를 대문자로 나머지는 소문자로 변환하여 반환 |	INITCAP	arch/Home/Altibase_Oracle Comparison__16875638.md	381	covered	No English change required.	| | INITCAP | INITCAP | Convert the first letter of each word in the input string to uppercase and the rest to lowercase, then return the result |	none	S016 direct table-row inspection.
S016	DOCK/Home/39. Altibase, Oracle 비교 자료__14058137.md	382	382	S016-D039-F043	builtin_function_table_row	| | LOWER | LOWER | 입력된 문자열을 소문자로 변환 |	LOWER	arch/Home/Altibase_Oracle Comparison__16875638.md	382	covered	No English change required.	| | LOWER | LOWER | Convert the input string to lowercase |	none	S016 direct table-row inspection.
S016	DOCK/Home/39. Altibase, Oracle 비교 자료__14058137.md	383	383	S016-D039-F044	builtin_function_table_row	| | LPAD | LPAD | 지정된 자리수 n으로부터 expr1을 채우고,왼편의 남은 공간에 expr1을 채운다 |	LPAD; n; expr1	arch/Home/Altibase_Oracle Comparison__16875638.md	383	covered	No English change required.	| | LPAD | LPAD | Fill expr1 from specified length n and fill the remaining left-side space with expr1 |	none	S016 direct table-row inspection.
S016	DOCK/Home/39. Altibase, Oracle 비교 자료__14058137.md	384	384	S016-D039-F045	builtin_function_table_row	| | LTRIM | LTRIM | 문자열 char 좌측으로부터 set으로 지정된 모든 문자를 제거 |	LTRIM; char; set	arch/Home/Altibase_Oracle Comparison__16875638.md	384	covered	No English change required.	| | LTRIM | LTRIM | Remove all characters specified by set from the left side of character string char |	none	S016 direct table-row inspection.
S016	DOCK/Home/39. Altibase, Oracle 비교 자료__14058137.md	385	385	S016-D039-F046	builtin_function_table_row	| | NCHR | NCHR | 유니코드 문자를 반환 |	NCHR	arch/Home/Altibase_Oracle Comparison__16875638.md	385	covered	No English change required.	| | NCHR | NCHR | Return a Unicode character |	none	S016 direct table-row inspection.
S016	DOCK/Home/39. Altibase, Oracle 비교 자료__14058137.md	386	386	S016-D039-F047	builtin_function_table_row	| | NLS_INITCAP | 미 지원 | 각 단어의 처음 문자를 대문자로, 나머지 문자를 소문자로 변환하여 char를 반환 |	NLS_INITCAP; char	arch/Home/Altibase_Oracle Comparison__16875638.md	386	covered	No English change required.	| | NLS_INITCAP | Not supported | Return char after converting the first letter of each word to uppercase and the remaining letters to lowercase |	none	S016 direct table-row inspection.
S016	DOCK/Home/39. Altibase, Oracle 비교 자료__14058137.md	387	387	S016-D039-F048	builtin_function_table_row	| | NLS_LOWER | 미 지원 | 모든 문자를 소문자로 변환하여 반환 |	NLS_LOWER	arch/Home/Altibase_Oracle Comparison__16875638.md	387	covered	No English change required.	| | NLS_LOWER | Not supported | Convert all characters to lowercase and return the result |	none	S016 direct table-row inspection.
S016	DOCK/Home/39. Altibase, Oracle 비교 자료__14058137.md	388	388	S016-D039-F049	builtin_function_table_row	| | NLS_UPPER | 미 지원 | 입력 문자열을 모두 대문자로 변환한 문자열을 반환 |	NLS_UPPER	arch/Home/Altibase_Oracle Comparison__16875638.md	388	covered	No English change required.	| | NLS_UPPER | Not supported | Return the input string converted to uppercase |	none	S016 direct table-row inspection.
S016	DOCK/Home/39. Altibase, Oracle 비교 자료__14058137.md	389	389	S016-D039-F050	builtin_function_table_row	| | NLSSORT | 미 지원 | 입력 문자열을 소팅하여 스트링을 반환 |	NLSSORT	arch/Home/Altibase_Oracle Comparison__16875638.md	389	covered	No English change required.	| | NLSSORT | Not supported | Sort the input string and return a string |	none	S016 direct table-row inspection.
S016	DOCK/Home/39. Altibase, Oracle 비교 자료__14058137.md	390	390	S016-D039-F051	builtin_function_table_row	| | 미 지원 | RANDOM_STRING | option에서 명시한 형태로 length의 길이만큼 임의의 문자열을 생성 |	RANDOM_STRING; option; length	arch/Home/Altibase_Oracle Comparison__16875638.md	390	covered	No English change required.	| | Not supported | RANDOM_STRING | Create a random string with length characters in the format specified by option |	none	S016 direct table-row inspection.
S016	DOCK/Home/39. Altibase, Oracle 비교 자료__14058137.md	391	391	S016-D039-F052	builtin_function_table_row	| | REGEXP_REPLACE | REGEXP_REPLACE | 지정한 정규 표현을 만족하는 부분을, 지정한 다른 문자열로 치환 |	REGEXP_REPLACE	arch/Home/Altibase_Oracle Comparison__16875638.md	391	covered	No English change required.	| | REGEXP_REPLACE | REGEXP_REPLACE | Replace the part that satisfies the specified regular expression with another specified string |	none	S016 direct table-row inspection.
S016	DOCK/Home/39. Altibase, Oracle 비교 자료__14058137.md	392	392	S016-D039-F053	builtin_function_table_row	| | REGEXP_SUBSTR | REGEXP_SUBSTR | 지정한 정규 표현을 만족하는 부분 문자열을 반환 |	REGEXP_SUBSTR	arch/Home/Altibase_Oracle Comparison__16875638.md	392	covered	No English change required.	| | REGEXP_SUBSTR | REGEXP_SUBSTR | Return the substring that satisfies the specified regular expression |	none	S016 direct table-row inspection.
S016	DOCK/Home/39. Altibase, Oracle 비교 자료__14058137.md	393	393	S016-D039-F054	builtin_function_table_row	| | REPLACE | REPLACE2 | 파라미터로 주어지는 첫번째 문자열에서, 두번째 문자열을 모두 세번째 문자열로 바꾼 후 결과를 반환 |	REPLACE; REPLACE2	arch/Home/Altibase_Oracle Comparison__16875638.md	393	covered	No English change required.	| | REPLACE | REPLACE2 | Replace every occurrence of the second string in the first string with the third string and return the result |	none	S016 direct table-row inspection.
S016	DOCK/Home/39. Altibase, Oracle 비교 자료__14058137.md	394	394	S016-D039-F055	builtin_function_table_row	| | 미 지원 | REPLICATE | expr 를 n만큼 반복한 문자열을 반환 |	REPLICATE; expr; n	arch/Home/Altibase_Oracle Comparison__16875638.md	394	covered	No English change required.	| | Not supported | REPLICATE | Return a string that repeats expr n times |	none	S016 direct table-row inspection.
S016	DOCK/Home/39. Altibase, Oracle 비교 자료__14058137.md	395	395	S016-D039-F056	builtin_function_table_row	| | 미 지원 | REVERSE_STR | expr의 문자 순서를 거꾸로 바꾼 결과를 반환 |	REVERSE_STR; expr	arch/Home/Altibase_Oracle Comparison__16875638.md	395	covered	No English change required.	| | Not supported | REVERSE_STR | Return the result of reversing the character order of expr |	none	S016 direct table-row inspection.
S016	DOCK/Home/39. Altibase, Oracle 비교 자료__14058137.md	396	396	S016-D039-F057	builtin_function_table_row	| | RPAD | RPAD | 인수 expr1 오른편으로 인수 expr2로 지정한 문자를 길이 필요에 따라 반복하여 n만큼 붙여준다 |	RPAD; expr1; expr2; n	arch/Home/Altibase_Oracle Comparison__16875638.md	396	covered	No English change required.	| | RPAD | RPAD | Append characters specified by argument expr2 to the right side of argument expr1 as many times as needed to reach n |	none	S016 direct table-row inspection.
S016	DOCK/Home/39. Altibase, Oracle 비교 자료__14058137.md	397	397	S016-D039-F058	builtin_function_table_row	| | RTRIM | RTRIM | 인수 char의 오른쪽 끝에서 부터 set으로 지정된 모든 문자를 제거 |	RTRIM; char; set	arch/Home/Altibase_Oracle Comparison__16875638.md	397	covered	No English change required.	| | RTRIM | RTRIM | Remove all characters specified by set from the right end of argument char |	none	S016 direct table-row inspection.
S016	DOCK/Home/39. Altibase, Oracle 비교 자료__14058137.md	398	398	S016-D039-F059	builtin_function_table_row	| | 미 지원 | SIZEOF | 문자열의 크기 또는 거기에 할당된 크기를 반환 |	SIZEOF	arch/Home/Altibase_Oracle Comparison__16875638.md	398	covered	No English change required.	| | Not supported | SIZEOF | Return the size of a string or the size allocated to it |	none	S016 direct table-row inspection.
S016	DOCK/Home/39. Altibase, Oracle 비교 자료__14058137.md	399	399	S016-D039-F060	builtin_function_table_row	| | SOUNDEX | 미 지원 | char의 음성 표현을 가지는 문자열을 반환 |	SOUNDEX; char	arch/Home/Altibase_Oracle Comparison__16875638.md	399	covered	No English change required.	| | SOUNDEX | Not supported | Return a string with the phonetic representation of char |	none	S016 direct table-row inspection.
S016	DOCK/Home/39. Altibase, Oracle 비교 자료__14058137.md	400	400	S016-D039-F061	builtin_function_table_row	| | 미 지원 | STUFF | start로 명시한 위치부터 length 길이만큼 제거하고 expr2를 그 자리에 삽입한 문자열을 반환 |	STUFF; start; length; expr2	arch/Home/Altibase_Oracle Comparison__16875638.md	400	covered	No English change required.	| | Not supported | STUFF | Remove length characters from the position specified by start and return the string with expr2 inserted at that position |	none	S016 direct table-row inspection.
S016	DOCK/Home/39. Altibase, Oracle 비교 자료__14058137.md	401	401	S016-D039-F062	builtin_function_table_row	| | SUBSTR | SUBSTR<br>SUBSTRING | expr에서 start번째 문자부터 length 길이만큼의 문자열을 반환 |	SUBSTR; SUBSTRING; expr; start; length	arch/Home/Altibase_Oracle Comparison__16875638.md	401	covered	No English change required.	| | SUBSTR | SUBSTR<br>SUBSTRING | Return a substring of expr with length characters starting at start |	none	S016 direct table-row inspection.
S016	DOCK/Home/39. Altibase, Oracle 비교 자료__14058137.md	402	402	S016-D039-F063	builtin_function_table_row	| | SUBSTRB | SUBSTRB | 위치와 길이를 문자가 아닌 바이트 단위로 결정 |	SUBSTRB	arch/Home/Altibase_Oracle Comparison__16875638.md	402	covered	No English change required.	| | SUBSTRB | SUBSTRB | Determine position and length in bytes, not characters |	none	S016 direct table-row inspection.
S016	DOCK/Home/39. Altibase, Oracle 비교 자료__14058137.md	403	403	S016-D039-F064	builtin_function_table_row	| | TRANSLATE | TRANSLATE | from_string에서 각 문자를 to_string안의 대응하는 문자로 치환하여 expr을 반환 |	TRANSLATE; from_string; to_string; expr	arch/Home/Altibase_Oracle Comparison__16875638.md	403	covered	No English change required.	| | TRANSLATE | TRANSLATE | Replace each character in from_string with the corresponding character in to_string and return expr |	none	S016 direct table-row inspection.
S016	DOCK/Home/39. Altibase, Oracle 비교 자료__14058137.md	404	404	S016-D039-F065	builtin_function_table_row	| | TREAT | 미 지원 | 인수의 선언형을 변경 |	TREAT	arch/Home/Altibase_Oracle Comparison__16875638.md	404	covered	No English change required.	| | TREAT | Not supported | Change the declared type of the argument |	none	S016 direct table-row inspection.
S016	DOCK/Home/39. Altibase, Oracle 비교 자료__14058137.md	405	405	S016-D039-F066	builtin_function_table_row	| | TRIM | TRIM | 문자열부터 선행 또는 후행(양쪽)문자를 제거 |	TRIM	arch/Home/Altibase_Oracle Comparison__16875638.md	405	covered	No English change required.	| | TRIM | TRIM | Remove leading or trailing characters, or both, from a string |	none	S016 direct table-row inspection.
S016	DOCK/Home/39. Altibase, Oracle 비교 자료__14058137.md	406	406	S016-D039-F067	builtin_function_table_row	| | UPPER | UPPER | 모든 문자를 대문자로 변환 |	UPPER	arch/Home/Altibase_Oracle Comparison__16875638.md	406	covered	No English change required.	| | UPPER | UPPER | Convert all characters to uppercase |	none	S016 direct table-row inspection.
S016	DOCK/Home/39. Altibase, Oracle 비교 자료__14058137.md	407	407	S016-D039-F068	builtin_function_table_row	| 수치 값을 반환하는 문자 함수 | ASCII | ASCII | 주어진 char의 첫 문자의 아스키 값에 상응하는 10진수값을 반환 |	ASCII; char; 10	arch/Home/Altibase_Oracle Comparison__16875638.md	407	covered	No English change required.	| Character functions that return numeric values | ASCII | ASCII | Return the decimal value corresponding to the ASCII value of the first character of a given char |	none	S016 direct table-row inspection.
S016	DOCK/Home/39. Altibase, Oracle 비교 자료__14058137.md	408	408	S016-D039-F069	builtin_function_table_row	| | 미 지원 | DATE_TO_UNIX | DATE 타입의 expr을 1970-01-01 00:00:00 (UTC +00:00 타임 존) 기준의 초 단위 값으로 변환하여 반환 |	DATE_TO_UNIX; DATE; expr; 1970; 01; 00; UTC	arch/Home/Altibase_Oracle Comparison__16875638.md	408	covered	No English change required.	| | Not supported | DATE_TO_UNIX | Convert expr of DATE type to a value in seconds based on 1970-01-01 00:00:00 (UTC +00:00 time zone) and return it |	none	S016 direct table-row inspection.
S016	DOCK/Home/39. Altibase, Oracle 비교 자료__14058137.md	409	409	S016-D039-F070	builtin_function_table_row	| | INSTR | INSTR | 문자열중에서 지정한 문자가 처음 나타나는 위치를 숫자로 반환 |	INSTR	arch/Home/Altibase_Oracle Comparison__16875638.md	409	covered	No English change required.	| | INSTR | INSTR | Return the position of the first occurrence of the specified character in a string as a number |	none	S016 direct table-row inspection.
S016	DOCK/Home/39. Altibase, Oracle 비교 자료__14058137.md	410	410	S016-D039-F071	builtin_function_table_row	| | 미 지원 | INSTRB | 지정한 문자열의 위치를 문자 단위가 아닌 바이트 단위로 반환 |	INSTRB	arch/Home/Altibase_Oracle Comparison__16875638.md	410	covered	No English change required.	| | Not supported | INSTRB | Return the position of the specified string in bytes rather than characters |	none	S016 direct table-row inspection.
S016	DOCK/Home/39. Altibase, Oracle 비교 자료__14058137.md	411	411	S016-D039-F072	builtin_function_table_row	| | LENGTH | CHAR_LENGTH<br>CHARACTER_LENGTH<br>LENGTH | 인수 char의 길이를 반환한다 |	LENGTH; CHAR_LENGTH; CHARACTER_LENGTH; char	arch/Home/Altibase_Oracle Comparison__16875638.md	411	covered	No English change required.	| | LENGTH | CHAR_LENGTH<br>CHARACTER_LENGTH<br>LENGTH | Return the length of the argument char |	none	S016 direct table-row inspection.
S016	DOCK/Home/39. Altibase, Oracle 비교 자료__14058137.md	412	412	S016-D039-F073	builtin_function_table_row	| | 미 지원 | LENGTHB | 입력된 문자열의 길이를 바이트 단위로 반환 |	LENGTHB	arch/Home/Altibase_Oracle Comparison__16875638.md	412	covered	No English change required.	| | Not supported | LENGTHB | Return the length of the input string in bytes |	none	S016 direct table-row inspection.
S016	DOCK/Home/39. Altibase, Oracle 비교 자료__14058137.md	413	413	S016-D039-F074	builtin_function_table_row	| | 미 지원 | OCT_TO_NUM | expr을 8진수로 변환 |	OCT_TO_NUM; expr; 8	arch/Home/Altibase_Oracle Comparison__16875638.md	413	covered	No English change required.	| | Not supported | OCT_TO_NUM | Convert expr to octal |	none	S016 direct table-row inspection.
S016	DOCK/Home/39. Altibase, Oracle 비교 자료__14058137.md	414	414	S016-D039-F075	builtin_function_table_row	| | 미 지원 | PKCS7PAD16 | expr의 전체 바이트 길이를 16의 배수에 맞춤 |	PKCS7PAD16; expr; 16	arch/Home/Altibase_Oracle Comparison__16875638.md	414	covered	No English change required.	| | Not supported | PKCS7PAD16 | Fit the total byte length of expr to a multiple of 16 |	none	S016 direct table-row inspection.
S016	DOCK/Home/39. Altibase, Oracle 비교 자료__14058137.md	415	415	S016-D039-F076	builtin_function_table_row	| | 미 지원 | PKCS7UNPAD16 | KCS7PAD16() 함수를 이용하여 생성된 16의 배수 길이 바이트 문자열을 패딩되기 전의 데이터로 복원 |	PKCS7UNPAD16; KCS7PAD16(); 16	arch/Home/Altibase_Oracle Comparison__16875638.md	415	covered	No English change required.	| | Not supported | PKCS7UNPAD16 | Restore a multiple of 16 byte string created using the KCS7PAD16() function to the data before padding |	none	S016 direct table-row inspection.
S016	DOCK/Home/39. Altibase, Oracle 비교 자료__14058137.md	416	416	S016-D039-F077	builtin_function_table_row	| | 미 지원 | POSITION | 입력 expr 문자열에서 substring을 찾아서 substring의 첫 번째 문자의 위치를 반환 |	POSITION; expr; substring	arch/Home/Altibase_Oracle Comparison__16875638.md	416	covered	No English change required.	| | Not supported | POSITION | Find substring in input expr string and return the position of the first character of the substring |	none	S016 direct table-row inspection.
S016	DOCK/Home/39. Altibase, Oracle 비교 자료__14058137.md	417	417	S016-D039-F078	builtin_function_table_row	| | REGEXP_COUNT | REGEXP_COUNT | 문자열에서 패턴이 밝생한 횟수를 반환 |	REGEXP_COUNT	arch/Home/Altibase_Oracle Comparison__16875638.md	417	covered	No English change required.	| | REGEXP_COUNT | REGEXP_COUNT | Return the number of times the pattern occurs in a string |	none	S016 direct table-row inspection.
S016	DOCK/Home/39. Altibase, Oracle 비교 자료__14058137.md	418	418	S016-D039-F079	builtin_function_table_row	| | REGEXP_INSTR | REGEXP_INSTR | 지정한 조건(정규 표현)을 만족하는 부분의 최초의 위치(무슨 문자인지)를 반환 |	REGEXP_INSTR	arch/Home/Altibase_Oracle Comparison__16875638.md	418	covered	No English change required.	| | REGEXP_INSTR | REGEXP_INSTR | Return the first position (what character) of the part that satisfies the specified condition (regular expression) |	none	S016 direct table-row inspection.
S016	DOCK/Home/39. Altibase, Oracle 비교 자료__14058137.md	419	419	S016-D039-F080	builtin_function_table_row	| NLS 문자 함수 | NLS_CHARSET_DECL_LEN<br>NLS_CHARSET_ID<br>NLS_CHARSET_NAME | 미 지원 | DB 문자셋 ID 및 이름 반환 |	NLS; NLS_CHARSET_DECL_LEN; NLS_CHARSET_ID; NLS_CHARSET_NAME; DB; ID	arch/Home/Altibase_Oracle Comparison__16875638.md	419	covered	No English change required.	| NLS character function | NLS_CHARSET_DECL_LEN<br>NLS_CHARSET_ID<br>NLS_CHARSET_NAME | Not supported | Return DB charset ID and name |	none	S016 direct table-row inspection.
S016	DOCK/Home/39. Altibase, Oracle 비교 자료__14058137.md	420	420	S016-D039-F081	builtin_function_table_row	| 데이터 정렬 함수 | COLLATION<br>NLS_COLLATION_ID<br>NLS_COLLATION_NAME | 미 지원 | 데이터 정렬 설정에 대한 정보 반환 |	COLLATION; NLS_COLLATION_ID; NLS_COLLATION_NAME	arch/Home/Altibase_Oracle Comparison__16875638.md	420	covered	No English change required.	| Collation function | COLLATION<br>NLS_COLLATION_ID<br>NLS_COLLATION_NAME | Not supported | Return information about collation settings |	none	S016 direct table-row inspection.
S016	DOCK/Home/39. Altibase, Oracle 비교 자료__14058137.md	421	421	S016-D039-F082	builtin_function_table_row	| 날짜시간 함수 | ADD_MONTHS | ADD_MONTHS | 일자 date에 특정 개월수 integer를 더한 값을 반환 |	ADD_MONTHS; date; integer	arch/Home/Altibase_Oracle Comparison__16875638.md	421	covered	No English change required.	| Datetime function | ADD_MONTHS | ADD_MONTHS | Return the value obtained by adding a specified number of months to date |	none	S016 direct table-row inspection.
S016	DOCK/Home/39. Altibase, Oracle 비교 자료__14058137.md	422	422	S016-D039-F083	builtin_function_table_row	| | 미 지원 | CONV_TIMEZONE | src_tz 타임 존 기준의 expr을 dest_tz 타임 존 기준으로 변환 |	CONV_TIMEZONE; src_tz; expr; dest_tz	arch/Home/Altibase_Oracle Comparison__16875638.md	422	covered	No English change required.	| | Not supported | CONV_TIMEZONE | Convert expr from the src_tz time zone to the dest_tz time zone |	none	S016 direct table-row inspection.
S016	DOCK/Home/39. Altibase, Oracle 비교 자료__14058137.md	423	423	S016-D039-F084	builtin_function_table_row	| | CURRENT_DATE | CURRENT_DATE | 현재 세션의 날짜 정보를 Date 데이터 형으로 반환 |	CURRENT_DATE; Date	arch/Home/Altibase_Oracle Comparison__16875638.md	423	covered	No English change required.	| | CURRENT_DATE | CURRENT_DATE | Return the current session date information as a Date data type |	none	S016 direct table-row inspection.
S016	DOCK/Home/39. Altibase, Oracle 비교 자료__14058137.md	424	424	S016-D039-F085	builtin_function_table_row	| | CURRENT_TIMESTAMP | CURRENT_TIMESTAMP | 현재 session의 날짜와 시간 정보를 반환 |	CURRENT_TIMESTAMP; session	arch/Home/Altibase_Oracle Comparison__16875638.md	424	covered	No English change required.	| | CURRENT_TIMESTAMP | CURRENT_TIMESTAMP | Return the current session date and time information |	none	S016 direct table-row inspection.
S016	DOCK/Home/39. Altibase, Oracle 비교 자료__14058137.md	425	425	S016-D039-F086	builtin_function_table_row	| | +, - 연산 | +, -, DATEADD | date의 date_field_name부분을 number 만큼 증가시켜 그 결과를 반환 |	DATEADD; date; date_field_name; number	arch/Home/Altibase_Oracle Comparison__16875638.md	425	covered	No English change required.	| | +, - operation | +, -, DATEADD | Increase the date_field_name part of date by number and return the result |	none	S016 direct table-row inspection.
S016	DOCK/Home/39. Altibase, Oracle 비교 자료__14058137.md	426	426	S016-D039-F087	builtin_function_table_row	| | 미 지원 | DATEDIFF | enddate에서 startdate를 뺀 값(즉, enddate-startdate)을 date_field_name에 명시한 단위로 반환 |	DATEDIFF; enddate; startdate; enddate-startdate); date_field_name	arch/Home/Altibase_Oracle Comparison__16875638.md	426	covered	No English change required.	| | Not supported | DATEDIFF | Return enddate minus startdate in the unit specified by date_field_name |	none	S016 direct table-row inspection.
S016	DOCK/Home/39. Altibase, Oracle 비교 자료__14058137.md	427	427	S016-D039-F088	builtin_function_table_row	| | 미 지원 | DATENAME | 입력 date_field_name에 따라서 지정한 date의 월 또는 요일의 이름을 반환 |	DATENAME; date_field_name; date	arch/Home/Altibase_Oracle Comparison__16875638.md	427	covered	No English change required.	| | Not supported | DATENAME | Return the month or weekday name of date according to input date_field_name |	none	S016 direct table-row inspection.
S016	DOCK/Home/39. Altibase, Oracle 비교 자료__14058137.md	428	428	S016-D039-F089	builtin_function_table_row	| | DBTIMEZONE | DB_TIMEZONE | 데이터 베이스 time zone의 값을 반환 |	DBTIMEZONE; DB_TIMEZONE; time; zone	arch/Home/Altibase_Oracle Comparison__16875638.md	428	covered	No English change required.	| | DBTIMEZONE | DB_TIMEZONE | Return the database time zone value |	none	S016 direct table-row inspection.
S016	DOCK/Home/39. Altibase, Oracle 비교 자료__14058137.md	429	429	S016-D039-F090	builtin_function_table_row	| | EXTRACT (datetime) | DATEPART<br>EXTRACT (datetime) | 입력 date에서 date_field_name 에 해당하는 값만 반환 |	EXTRACT; datetime); DATEPART; date; date_field_name	arch/Home/Altibase_Oracle Comparison__16875638.md	429	covered	No English change required.	| | EXTRACT (datetime) | DATEPART<br>EXTRACT (datetime) | Return only the value corresponding to date_field_name from the input date |	none	S016 direct table-row inspection.
S016	DOCK/Home/39. Altibase, Oracle 비교 자료__14058137.md	430	430	S016-D039-F091	builtin_function_table_row	| | FROM_TZ | 미 지원 | timestamp 데이터형과 time zone데이터 형을 TIMESTAMP WITH TIME ZONE 데이터형으로 변환 |	FROM_TZ; timestamp; time; zone; TIMESTAMP; WITH; TIME; ZONE	arch/Home/Altibase_Oracle Comparison__16875638.md	430	covered	No English change required.	| | FROM_TZ | Not supported | Convert a timestamp data type and time zone data type to a TIMESTAMP WITH TIME ZONE data type |	none	S016 direct table-row inspection.
S016	DOCK/Home/39. Altibase, Oracle 비교 자료__14058137.md	431	431	S016-D039-F092	builtin_function_table_row	| | LAST_DAY | LAST_DAY | 해당 날짜가 속한 달의 마지막 날짜를 반환 |	LAST_DAY	arch/Home/Altibase_Oracle Comparison__16875638.md	431	covered	No English change required.	| | LAST_DAY | LAST_DAY | Return the last day of the month that contains the date |	none	S016 direct table-row inspection.
S016	DOCK/Home/39. Altibase, Oracle 비교 자료__14058137.md	432	432	S016-D039-F093	builtin_function_table_row	| | LOCALTIMESTAMP | 미 지원 | timestamp의 현재 날짜와 시각을 출력 |	LOCALTIMESTAMP; timestamp	arch/Home/Altibase_Oracle Comparison__16875638.md	432	covered	No English change required.	| | LOCALTIMESTAMP | Not supported | Output the current date and time of timestamp |	none	S016 direct table-row inspection.
S016	DOCK/Home/39. Altibase, Oracle 비교 자료__14058137.md	433	433	S016-D039-F094	builtin_function_table_row	| | MONTHS_BETWEEN | MONTHS_BETWEEN | 일자 date1과 date2 사이의 월을 계산 |	MONTHS_BETWEEN; date1; date2	arch/Home/Altibase_Oracle Comparison__16875638.md	433	covered	No English change required.	| | MONTHS_BETWEEN | MONTHS_BETWEEN | Calculate the months between date1 and date2 |	none	S016 direct table-row inspection.
S016	DOCK/Home/39. Altibase, Oracle 비교 자료__14058137.md	434	434	S016-D039-F095	builtin_function_table_row	| | NEW_TIME | 미 지원 | zone1시간대를 zone2 시간대로 출력 |	NEW_TIME; zone1; zone2	arch/Home/Altibase_Oracle Comparison__16875638.md	434	covered	No English change required.	| | NEW_TIME | Not supported | Output the zone1 time as zone2 time |	none	S016 direct table-row inspection.
S016	DOCK/Home/39. Altibase, Oracle 비교 자료__14058137.md	435	435	S016-D039-F096	builtin_function_table_row	| | NEXT_DAY | NEXT_DAY | 해당일을 기준으로 명시된 요일의 다음 날짜를 변환 |	NEXT_DAY	arch/Home/Altibase_Oracle Comparison__16875638.md	435	covered	No English change required.	| | NEXT_DAY | NEXT_DAY | Return the next date of the specified weekday based on the given day |	none	S016 direct table-row inspection.
S016	DOCK/Home/39. Altibase, Oracle 비교 자료__14058137.md	436	436	S016-D039-F097	builtin_function_table_row	| | NUMTODSINTERVAL | 미 지원 | n을 INTERVAL DAY TO SECOND 문자로 변경 |	NUMTODSINTERVAL; n; INTERVAL; DAY; TO; SECOND	arch/Home/Altibase_Oracle Comparison__16875638.md	436	covered	No English change required.	| | NUMTODSINTERVAL | Not supported | Convert n to an INTERVAL DAY TO SECOND string |	none	S016 direct table-row inspection.
S016	DOCK/Home/39. Altibase, Oracle 비교 자료__14058137.md	437	437	S016-D039-F098	builtin_function_table_row	| | NUMTOYMINTERVAL | 미 지원 | n을 INTERVAL YEAR TO MONTH문자로 변경 |	NUMTOYMINTERVAL; n; INTERVAL; YEAR; TO; MONTH	arch/Home/Altibase_Oracle Comparison__16875638.md	437	covered	No English change required.	| | NUMTOYMINTERVAL | Not supported | Convert n to an INTERVAL YEAR TO MONTH string |	none	S016 direct table-row inspection.
S016	DOCK/Home/39. Altibase, Oracle 비교 자료__14058137.md	438	438	S016-D039-F099	builtin_function_table_row	| | ORA_DST_AFFECTED | 미 지원 | |	ORA_DST_AFFECTED	arch/Home/Altibase_Oracle Comparison__16875638.md	438	covered	No English change required.	| | ORA_DST_AFFECTED | Not supported | |	none	S016 direct table-row inspection.
S016	DOCK/Home/39. Altibase, Oracle 비교 자료__14058137.md	439	439	S016-D039-F100	builtin_function_table_row	| | ORA_DST_CONVERT | 미 지원 | |	ORA_DST_CONVERT	arch/Home/Altibase_Oracle Comparison__16875638.md	439	covered	No English change required.	| | ORA_DST_CONVERT | Not supported | |	none	S016 direct table-row inspection.
S016	DOCK/Home/39. Altibase, Oracle 비교 자료__14058137.md	440	440	S016-D039-F101	builtin_function_table_row	| | ORA_DST_ERROR | 미 지원 | |	ORA_DST_ERROR	arch/Home/Altibase_Oracle Comparison__16875638.md	440	covered	No English change required.	| | ORA_DST_ERROR | Not supported | |	none	S016 direct table-row inspection.
S016	DOCK/Home/39. Altibase, Oracle 비교 자료__14058137.md	441	441	S016-D039-F102	builtin_function_table_row	| | ROUND (date) | ROUND (date) | 포맷 모델 fmt에 의해 지정한 단위로 반올림된 날짜를 반환 |	ROUND; date); fmt	arch/Home/Altibase_Oracle Comparison__16875638.md	441	covered	No English change required.	| | ROUND (date) | ROUND (date) | Return the date rounded to the unit specified by format model fmt |	none	S016 direct table-row inspection.
S016	DOCK/Home/39. Altibase, Oracle 비교 자료__14058137.md	442	442	S016-D039-F103	builtin_function_table_row	| | SESSIONTIMEZONE | SESSION_TIMEZONE | 현재 세션의 시간대역(time zone)을 반영 |	SESSIONTIMEZONE; SESSION_TIMEZONE; time; zone)	arch/Home/Altibase_Oracle Comparison__16875638.md	442	covered	No English change required.	| | SESSIONTIMEZONE | SESSION_TIMEZONE | Reflect the current session time zone |	none	S016 direct table-row inspection.
S016	DOCK/Home/39. Altibase, Oracle 비교 자료__14058137.md	443	443	S016-D039-F104	builtin_function_table_row	| | SYS_EXTRACT_UTC | 미 지원 | 협정 세계시간 UTC (Coordinated Universal Time—formerly Greenwich Mean Time)을 반환 |	SYS_EXTRACT_UTC; UTC; Coordinated; Universal; Time; formerly; Greenwich; Mean; Time)	arch/Home/Altibase_Oracle Comparison__16875638.md	443	covered	No English change required.	| | SYS_EXTRACT_UTC | Not supported | Return Coordinated Universal Time (UTC, formerly Greenwich Mean Time) |	none	S016 direct table-row inspection.
S016	DOCK/Home/39. Altibase, Oracle 비교 자료__14058137.md	444	444	S016-D039-F105	builtin_function_table_row	| | SYSDATE | SYSDATE | 데이터 베이스가 있는 OS의 일자와 시간을 반환 |	SYSDATE; OS	arch/Home/Altibase_Oracle Comparison__16875638.md	444	covered	No English change required.	| | SYSDATE | SYSDATE | Return the date and time of the OS where the database resides |	none	S016 direct table-row inspection.
S016	DOCK/Home/39. Altibase, Oracle 비교 자료__14058137.md	445	445	S016-D039-F106	builtin_function_table_row	| | SYSTIMESTAMP | SYSTIMESTAMP | 시스템의 날짜를 반환한다 |	SYSTIMESTAMP	arch/Home/Altibase_Oracle Comparison__16875638.md	445	covered	No English change required.	| | SYSTIMESTAMP | SYSTIMESTAMP | Return the system date |	none	S016 direct table-row inspection.
S016	DOCK/Home/39. Altibase, Oracle 비교 자료__14058137.md	446	446	S016-D039-F107	builtin_function_table_row	| | TRUNC (date) | TRUNC (date) | 날짜를 년,월,일을 기준으로 반올림하거나 절삭 |	TRUNC; date)	arch/Home/Altibase_Oracle Comparison__16875638.md	446	covered	No English change required.	| | TRUNC (date) | TRUNC (date) | Round or truncate a date by year, month, or day |	none	S016 direct table-row inspection.
S016	DOCK/Home/39. Altibase, Oracle 비교 자료__14058137.md	447	447	S016-D039-F108	builtin_function_table_row	| | TZ_OFFSET | 미 지원 | 문장이 실행된 일자에 근거한 인수에 상응하는 time zone offset을 반환 |	TZ_OFFSET; time; zone; offset	arch/Home/Altibase_Oracle Comparison__16875638.md	447	covered	No English change required.	| | TZ_OFFSET | Not supported | Return the time zone offset corresponding to the argument based on the date when the statement is executed |	none	S016 direct table-row inspection.
S016	DOCK/Home/39. Altibase, Oracle 비교 자료__14058137.md	448	448	S016-D039-F109	builtin_function_table_row	| | 미 지원 | UNIX_DATE | 운영중인 시스템의 현재 날짜와 시간을 UTC +00:00 타임 존 기준으로 출력 |	UNIX_DATE; UTC; 00	arch/Home/Altibase_Oracle Comparison__16875638.md	448	covered	No English change required.	| | Not supported | UNIX_DATE | Output the current date and time of the operating system based on UTC +00:00 |	none	S016 direct table-row inspection.
S016	DOCK/Home/39. Altibase, Oracle 비교 자료__14058137.md	449	449	S016-D039-F110	builtin_function_table_row	| | 미 지원 | UNIX_TIMESTAMP | 운영중인 시스템의 현재 날짜와 시간을 UTC +00:00 타임 존 기준으로 출력 |	UNIX_TIMESTAMP; UTC; 00	arch/Home/Altibase_Oracle Comparison__16875638.md	449	covered	No English change required.	| | Not supported | UNIX_TIMESTAMP | Output the current date and time of the operating system based on UTC +00:00 |	none	S016 direct table-row inspection.
S016	DOCK/Home/39. Altibase, Oracle 비교 자료__14058137.md	450	450	S016-D039-F111	builtin_function_table_row	| | 미 지원 | UNIX_TO_DATE | expr을 DATE 타입으로 변환하여 반환 |	UNIX_TO_DATE; expr; DATE	arch/Home/Altibase_Oracle Comparison__16875638.md	450	covered	No English change required.	| | Not supported | UNIX_TO_DATE | Convert expr to DATE type and return it |	none	S016 direct table-row inspection.
S016	DOCK/Home/39. Altibase, Oracle 비교 자료__14058137.md	451	451	S016-D039-F112	builtin_function_table_row	| 비교 함수 | CASE | CASE, CASE2 | expr1이 참이면 ret_expr1 을 반환 |	CASE; CASE2; expr1; ret_expr1	arch/Home/Altibase_Oracle Comparison__16875638.md	451	covered	No English change required.	| Comparison function | CASE | CASE, CASE2 | If expr1 is true, return ret_expr1 |	none	S016 direct table-row inspection.
S016	DOCK/Home/39. Altibase, Oracle 비교 자료__14058137.md	452	452	S016-D039-F113	builtin_function_table_row	| | GREATEST | GREATEST | 하나 이상의 인수중에서 가장 큰 값을 반환. |	GREATEST	arch/Home/Altibase_Oracle Comparison__16875638.md	452	covered	No English change required.	| | GREATEST | GREATEST | Return the largest value among one or more arguments |	none	S016 direct table-row inspection.
S016	DOCK/Home/39. Altibase, Oracle 비교 자료__14058137.md	453	453	S016-D039-F114	builtin_function_table_row	| | LEAST | LEAST | 인수 EXPR의 리스트 중에서 가장 작은 값을 반환. |	LEAST; EXPR	arch/Home/Altibase_Oracle Comparison__16875638.md	453	covered	No English change required.	| | LEAST | LEAST | Return the smallest value among the list of arguments EXPR |	none	S016 direct table-row inspection.
S016	DOCK/Home/39. Altibase, Oracle 비교 자료__14058137.md	454	454	S016-D039-F115	builtin_function_table_row	| 변환 함수 | ASCIISTR | ASCIISTR | 문자열의 아스키 문자열을 반환 |	ASCIISTR	arch/Home/Altibase_Oracle Comparison__16875638.md	454	covered	No English change required.	| Conversion function | ASCIISTR | ASCIISTR | Return the ASCII string of a string |	none	S016 direct table-row inspection.
S016	DOCK/Home/39. Altibase, Oracle 비교 자료__14058137.md	455	455	S016-D039-F116	builtin_function_table_row	| | 미 지원 | BASE64_DECODE | base64형태로 인코딩된 VARBYTE타입의 입력 문자열을 디코딩하여 VARBYTE타입의 원 데이터를 반환한다. |	BASE64_DECODE; base64; VARBYTE	arch/Home/Altibase_Oracle Comparison__16875638.md	455	covered	No English change required.	| | Not supported | BASE64_DECODE | Decode the input string of VARBYTE type encoded in base64 format and return the original data of VARBYTE type |	none	S016 direct table-row inspection.
S016	DOCK/Home/39. Altibase, Oracle 비교 자료__14058137.md	456	456	S016-D039-F117	builtin_function_table_row	| | 미 지원 | BASE64_DECODE_STR | base64로 인코딩된 입력 문자열을 디코딩한 원 데이터를 16진수 문자열로 반환한다. |	BASE64_DECODE_STR; base64; 16	arch/Home/Altibase_Oracle Comparison__16875638.md	456	covered	No English change required.	| | Not supported | BASE64_DECODE_STR | Decode the input string encoded in base64 and return the original data as a hexadecimal string |	none	S016 direct table-row inspection.
S016	DOCK/Home/39. Altibase, Oracle 비교 자료__14058137.md	457	457	S016-D039-F118	builtin_function_table_row	| | 미 지원 | BASE64_ENCODE | VARBYTE타입의 값을 base64형태로 인코딩하여 VARBYTE타입의 문자열을 반환한다. |	BASE64_ENCODE; VARBYTE; base64	arch/Home/Altibase_Oracle Comparison__16875638.md	457	covered	No English change required.	| | Not supported | BASE64_ENCODE | Encode a VARBYTE type value in base64 format and return it as a VARBYTE type string |	none	S016 direct table-row inspection.
S016	DOCK/Home/39. Altibase, Oracle 비교 자료__14058137.md	458	458	S016-D039-F119	builtin_function_table_row	| | 미 지원 | BASE64_ENCODE_STR | 16진수 입력 문자열을 base64로 인코딩한 결과를 VARCHAR 타입의 문자열로 반환한다. |	BASE64_ENCODE_STR; 16; base64; VARCHAR	arch/Home/Altibase_Oracle Comparison__16875638.md	458	covered	No English change required.	| | Not supported | BASE64_ENCODE_STR | Return the result of base64-encoding a hexadecimal input string as a VARCHAR type string |	none	S016 direct table-row inspection.
S016	DOCK/Home/39. Altibase, Oracle 비교 자료__14058137.md	459	459	S016-D039-F120	builtin_function_table_row	| | 미 지원 | BINARY_LENGTH | BLOB, BYTE, NIBBLE과 같은 이진 데이터 형의 데이터 길이를 반환한다. |	BINARY_LENGTH; BLOB; BYTE; NIBBLE	arch/Home/Altibase_Oracle Comparison__16875638.md	459	covered	No English change required.	| | Not supported | BINARY_LENGTH | Return the data length of binary data types such as BLOB, BYTE, and NIBBLE |	none	S016 direct table-row inspection.
S016	DOCK/Home/39. Altibase, Oracle 비교 자료__14058137.md	460	460	S016-D039-F121	builtin_function_table_row	| | BIN_TO_NUM | BIN_TO_NUM | 비트(2진수) 벡터를 동등한 수치(10진수)로 변환 |	BIN_TO_NUM; 2; 10	arch/Home/Altibase_Oracle Comparison__16875638.md	460	covered	No English change required.	| | BIN_TO_NUM | BIN_TO_NUM | Convert bit (binary) vector to equivalent number (decimal) |	none	S016 direct table-row inspection.
S016	DOCK/Home/39. Altibase, Oracle 비교 자료__14058137.md	461	461	S016-D039-F122	builtin_function_table_row	| | CAST | CAST | 데이터 형식이나 collection 형식을 다른 데이터 형식이나 collection 형식으로변환 |	CAST; collection	arch/Home/Altibase_Oracle Comparison__16875638.md	461	covered	No English change required.	| | CAST | CAST | Convert data type or collection type to another data type or collection type |	none	S016 direct table-row inspection.
S016	DOCK/Home/39. Altibase, Oracle 비교 자료__14058137.md	462	462	S016-D039-F123	builtin_function_table_row	| | CHARTOROWID | 미 지원 | 문자타입의 값을 ROWID 형으로 변환 |	CHARTOROWID; ROWID	arch/Home/Altibase_Oracle Comparison__16875638.md	462	covered	No English change required.	| | CHARTOROWID | Not supported | Convert character type value to ROWID type |	none	S016 direct table-row inspection.
S016	DOCK/Home/39. Altibase, Oracle 비교 자료__14058137.md	463	463	S016-D039-F124	builtin_function_table_row	| | COMPOSE | 미 지원 | 정규화된 형태의 유니코드를 반환 |	COMPOSE	arch/Home/Altibase_Oracle Comparison__16875638.md	463	covered	No English change required.	| | COMPOSE | Not supported | Return Unicode in normalized form |	none	S016 direct table-row inspection.
S016	DOCK/Home/39. Altibase, Oracle 비교 자료__14058137.md	464	464	S016-D039-F125	builtin_function_table_row	| | CONVERT | CONVERT | 문자세트를 다른 문자세트로 문자열을 변환 |	CONVERT	arch/Home/Altibase_Oracle Comparison__16875638.md	464	covered	No English change required.	| | CONVERT | CONVERT | Convert character set to another character set |	none	S016 direct table-row inspection.
S016	DOCK/Home/39. Altibase, Oracle 비교 자료__14058137.md	465	465	S016-D039-F126	builtin_function_table_row	| | DECOMPOSE | 미 지원 | 입력과 같은 문자 세트로 분해후의 UNICODE 문자열을 반환 |	DECOMPOSE; UNICODE	arch/Home/Altibase_Oracle Comparison__16875638.md	465	covered	No English change required.	| | DECOMPOSE | Not supported | Return the UNICODE string after decomposition into the same character set as the input |	none	S016 direct table-row inspection.
S016	DOCK/Home/39. Altibase, Oracle 비교 자료__14058137.md	466	466	S016-D039-F127	builtin_function_table_row	| | 미 지원 | HEX_DECODE | 16진수 문자열을 ASCII 문자열로 변환해서 반환 |	HEX_DECODE; 16; ASCII	arch/Home/Altibase_Oracle Comparison__16875638.md	466	covered	No English change required.	| | Not supported | HEX_DECODE | Convert hexadecimal string to ASCII string and return |	none	S016 direct table-row inspection.
S016	DOCK/Home/39. Altibase, Oracle 비교 자료__14058137.md	467	467	S016-D039-F128	builtin_function_table_row	| | 미 지원 | HEX_ENCODE | ASCII 문자열을 각 문자에 대응하는 16진수 문자열로 변환해서 반환 |	HEX_ENCODE; ASCII; 16	arch/Home/Altibase_Oracle Comparison__16875638.md	467	covered	No English change required.	| | Not supported | HEX_ENCODE | Convert ASCII string to hexadecimal string corresponding to each character and return |	none	S016 direct table-row inspection.
S016	DOCK/Home/39. Altibase, Oracle 비교 자료__14058137.md	468	468	S016-D039-F129	builtin_function_table_row	| | 미 지원 | HEX_TO_NUM | expr을 10진수로 변환 |	HEX_TO_NUM; expr; 10	arch/Home/Altibase_Oracle Comparison__16875638.md	468	covered	No English change required.	| | Not supported | HEX_TO_NUM | convert expr to decimal |	none	S016 direct table-row inspection.
S016	DOCK/Home/39. Altibase, Oracle 비교 자료__14058137.md	469	469	S016-D039-F130	builtin_function_table_row	| | HEXTORAW | 미 지원 | 16진수를 raw값으로 변환 |	HEXTORAW; 16; raw	arch/Home/Altibase_Oracle Comparison__16875638.md	469	covered	No English change required.	| | HEXTORAW | Not supported | Convert hexadecimal to raw value |	none	S016 direct table-row inspection.
S016	DOCK/Home/39. Altibase, Oracle 비교 자료__14058137.md	470	470	S016-D039-F131	builtin_function_table_row	| | RAWTOHEX | 미 지원 | RAW을 16진수의 문자로 변환 |	RAWTOHEX; RAW; 16	arch/Home/Altibase_Oracle Comparison__16875638.md	470	covered	No English change required.	| | RAWTOHEX | Not supported | Convert RAW to hexadecimal characters |	none	S016 direct table-row inspection.
S016	DOCK/Home/39. Altibase, Oracle 비교 자료__14058137.md	471	471	S016-D039-F132	builtin_function_table_row	| | RAWTONHEX | 미 지원 | RAW을 NVARCHAR2 형태의 16진수로 변환 |	RAWTONHEX; RAW; NVARCHAR2; 16	arch/Home/Altibase_Oracle Comparison__16875638.md	471	covered	No English change required.	| | RAWTONHEX | Not supported | Convert RAW TO NVARCHAR2 hexadecimal number |	none	S016 direct table-row inspection.
S016	DOCK/Home/39. Altibase, Oracle 비교 자료__14058137.md	472	472	S016-D039-F133	builtin_function_table_row	| | 미 지원 | RAW_CONCAT | NULL이 아닌 입력된 복수의 VARBYTE 데이터 타입의 값을 연결하여 반환 |	RAW_CONCAT; NULL; VARBYTE	arch/Home/Altibase_Oracle Comparison__16875638.md	472	covered	No English change required.	| | Not supported | RAW_CONCAT | Concatenate and return values of multiple input VARBYTE data types that are not NULL |	none	S016 direct table-row inspection.
S016	DOCK/Home/39. Altibase, Oracle 비교 자료__14058137.md	473	473	S016-D039-F134	builtin_function_table_row	| | 미 지원 | RAW_SIZEOF | 입력된 expr 에 할당된 데이터 공간의 실제 크기를 반환 |	RAW_SIZEOF; expr	arch/Home/Altibase_Oracle Comparison__16875638.md	473	covered	No English change required.	| | Not supported | RAW_SIZEOF | Return the actual size of the data space allocated to the input expr |	none	S016 direct table-row inspection.
S016	DOCK/Home/39. Altibase, Oracle 비교 자료__14058137.md	474	474	S016-D039-F135	builtin_function_table_row	| | 미 지원 | RAW_TO_FLOAT | TO_RAW 함수를 이용하여 VARBYTE 데이터 타입으로 변환된 값을 NUMERIC 또는 FLOAT 데이터 타입으로 변환하여 반환 |	RAW_TO_FLOAT; TO_RAW; VARBYTE; NUMERIC; FLOAT	arch/Home/Altibase_Oracle Comparison__16875638.md	474	covered	No English change required.	| | Not supported | RAW_TO_FLOAT | Convert the value converted to VARBYTE data type to NUMERIC or FLOAT data type using TO_RAW function and return |	none	S016 direct table-row inspection.
S016	DOCK/Home/39. Altibase, Oracle 비교 자료__14058137.md	475	475	S016-D039-F136	builtin_function_table_row	| | 미 지원 | RAW_TO_INTEGER | TO_RAW 함수를 이용하여 VARBYTE로 변환된 값을 다시 INTEGER 데이터 타입으로 반환 |	RAW_TO_INTEGER; TO_RAW; VARBYTE; INTEGER	arch/Home/Altibase_Oracle Comparison__16875638.md	475	covered	No English change required.	| | Not supported | RAW_TO_INTEGER | Return the value converted to VARBYTE as INTEGER data type by using TO_RAW function |	none	S016 direct table-row inspection.
S016	DOCK/Home/39. Altibase, Oracle 비교 자료__14058137.md	476	476	S016-D039-F137	builtin_function_table_row	| | 미 지원 | RAW_TO_NUMERIC | TO_RAW 함수를 이용하여 VARBYTE 데이터 타입으로 변환된 값을 NUMERIC 또는 FLOAT 데이터 타입으로 변환하여 반환 |	RAW_TO_NUMERIC; TO_RAW; VARBYTE; NUMERIC; FLOAT	arch/Home/Altibase_Oracle Comparison__16875638.md	476	covered	No English change required.	| | Not supported | RAW_TO_NUMERIC | Convert the value converted to VARBYTE data type to NUMERIC or FLOAT data type using TO_RAW function and return |	none	S016 direct table-row inspection.
S016	DOCK/Home/39. Altibase, Oracle 비교 자료__14058137.md	477	477	S016-D039-F138	builtin_function_table_row	| | 미 지원 | RAW_TO_VARCHAR | VARCHAR 형의 데이터를 TO_RAW 함수를 이용하여 변환된 VARBYTE 형의 값을 다시 VARCHAR 형으로 변환하는 함수 |	RAW_TO_VARCHAR; VARCHAR; TO_RAW; VARBYTE	arch/Home/Altibase_Oracle Comparison__16875638.md	477	covered	No English change required.	| | Not supported | RAW_TO_VARCHAR | Convert a VARBYTE value converted from VARCHAR data by the TO_RAW function back to VARCHAR data |	none	S016 direct table-row inspection.
S016	DOCK/Home/39. Altibase, Oracle 비교 자료__14058137.md	478	478	S016-D039-F139	builtin_function_table_row	| | ROWIDTOCHAR | 미 지원 | rowid 값을 VARCHAR2형식으로 변환 |	ROWIDTOCHAR; rowid; VARCHAR2	arch/Home/Altibase_Oracle Comparison__16875638.md	478	covered	No English change required.	| | ROWIDTOCHAR | Not supported | Convert rowid value to VARCHAR2 format |	none	S016 direct table-row inspection.
S016	DOCK/Home/39. Altibase, Oracle 비교 자료__14058137.md	479	479	S016-D039-F140	builtin_function_table_row	| | ROWIDTONCHAR | 미 지원 | rowid값을 NVARCHAR2형식으로 변환 |	ROWIDTONCHAR; rowid; NVARCHAR2	arch/Home/Altibase_Oracle Comparison__16875638.md	479	covered	No English change required.	| | ROWIDTONCHAR | Not supported | Convert rowid value to NVARCHAR2 format |	none	S016 direct table-row inspection.
S016	DOCK/Home/39. Altibase, Oracle 비교 자료__14058137.md	480	480	S016-D039-F141	builtin_function_table_row	| | ROWNUM | ROWNUM | Select되는 ROW의 순서값, DML에는 지원안됨 |	ROWNUM; Select; ROW; DML	arch/Home/Altibase_Oracle Comparison__16875638.md	480	covered	No English change required.	| | ROWNUM | ROWNUM | Order the value of a selected row, not supported in DML |	none	S016 direct table-row inspection.
S016	DOCK/Home/39. Altibase, Oracle 비교 자료__14058137.md	481	481	S016-D039-F142	builtin_function_table_row	| | SCN_TO_TIMESTAMP | 미 지원 | 시스템 변경 번호(SCN)로 평가되는 수치를 인수로 취하여, SCN과 관련된 가까운 timestamp를 반환 |	SCN_TO_TIMESTAMP; SCN); SCN; timestamp	arch/Home/Altibase_Oracle Comparison__16875638.md	481	covered	No English change required.	| | SCN_TO_TIMESTAMP | Not supported | Take a number evaluated as a system change number (SCN) as an argument and return the nearest timestamp related to the SCN |	none	S016 direct table-row inspection.
S016	DOCK/Home/39. Altibase, Oracle 비교 자료__14058137.md	482	482	S016-D039-F143	builtin_function_table_row	| | TIMESTAMP_TO_SCN | 미 지원 | timestamp와 관련된 시스템 변경 번호(system change number,SCN)을 반환 |	TIMESTAMP_TO_SCN; timestamp; system; change; number; SCN)	arch/Home/Altibase_Oracle Comparison__16875638.md	482	covered	No English change required.	| | TIMESTAMP_TO_SCN | Not supported | Return system change number (SCN) related to timestamp |	none	S016 direct table-row inspection.
S016	DOCK/Home/39. Altibase, Oracle 비교 자료__14058137.md	483	483	S016-D039-F144	builtin_function_table_row	| | 미 지원 | TO_BIN | n을 이진수로 변환 |	TO_BIN; n	arch/Home/Altibase_Oracle Comparison__16875638.md	483	covered	No English change required.	| | Not supported | TO_BIN | Convert n to binary |	none	S016 direct table-row inspection.
S016	DOCK/Home/39. Altibase, Oracle 비교 자료__14058137.md	484	484	S016-D039-F145	builtin_function_table_row	| | TO_BINARY_DOUBLE | 미 지원 | 배정밀도 부동소수점을 반환 |	TO_BINARY_DOUBLE	arch/Home/Altibase_Oracle Comparison__16875638.md	484	covered	No English change required.	| | TO_BINARY_DOUBLE | Not supported | Return double-precision floating point |	none	S016 direct table-row inspection.
S016	DOCK/Home/39. Altibase, Oracle 비교 자료__14058137.md	485	485	S016-D039-F146	builtin_function_table_row	| | TO_BINARY_FLOAT | 미 지원 | 단순정밀도(single-precision) 부동 소수점수(floating-point number)를 반환 |	TO_BINARY_FLOAT; single-precision); floating-point; number)	arch/Home/Altibase_Oracle Comparison__16875638.md	485	covered	No English change required.	| | TO_BINARY_FLOAT | Not supported | Return a single-precision floating-point number |	none	S016 direct table-row inspection.
S016	DOCK/Home/39. Altibase, Oracle 비교 자료__14058137.md	486	486	S016-D039-F147	builtin_function_table_row	| | TO_BLOB (bfile) | 미 지원 | BFILE을 BLOB로 변환 |	TO_BLOB; bfile); BFILE; BLOB	arch/Home/Altibase_Oracle Comparison__16875638.md	486	covered	No English change required.	| | TO_BLOB (bfile) | Not supported | Convert BFILE to BLOB |	none	S016 direct table-row inspection.
S016	DOCK/Home/39. Altibase, Oracle 비교 자료__14058137.md	487	487	S016-D039-F148	builtin_function_table_row	| | TO_BLOB (raw) | 미 지원 | RAW를 BLOB로 변환 |	TO_BLOB; raw); RAW; BLOB	arch/Home/Altibase_Oracle Comparison__16875638.md	487	covered	No English change required.	| | TO_BLOB (raw) | Not supported | Convert RAW to BLOB |	none	S016 direct table-row inspection.
S016	DOCK/Home/39. Altibase, Oracle 비교 자료__14058137.md	488	488	S016-D039-F149	builtin_function_table_row	| | TO_CHAR (bfile\|blob) | 미 지원 | BFILE 및 BLOB을 데이터베이스 문자셋으로 변환 |	TO_CHAR; bfile; blob); BFILE; BLOB	arch/Home/Altibase_Oracle Comparison__16875638.md	488	covered	No English change required.	| | TO_CHAR (bfile\|blob) | Not supported | Convert BFILE and BLOB to database charset |	none	S016 direct table-row inspection.
S016	DOCK/Home/39. Altibase, Oracle 비교 자료__14058137.md	489	489	S016-D039-F150	builtin_function_table_row	| | TO_CHAR (character) | 미 지원 | 데이터 베이스 문자 세트로 변환 |	TO_CHAR; character)	arch/Home/Altibase_Oracle Comparison__16875638.md	489	covered	No English change required.	| | TO_CHAR (character) | Not supported | Convert to database character set |	none	S016 direct table-row inspection.
S016	DOCK/Home/39. Altibase, Oracle 비교 자료__14058137.md	490	490	S016-D039-F151	builtin_function_table_row	| | TO_CHAR (datetime) | TO_CHAR (datetime) | 지정된 포맷의 VARCHAR 데이터 타입의 값으로 변환 |	TO_CHAR; datetime); VARCHAR	arch/Home/Altibase_Oracle Comparison__16875638.md	490	covered	No English change required.	| | TO_CHAR (datetime) | TO_CHAR (datetime) | Convert to VARCHAR data type value of specified format |	none	S016 direct table-row inspection.
S016	DOCK/Home/39. Altibase, Oracle 비교 자료__14058137.md	491	491	S016-D039-F152	builtin_function_table_row	| | TO_CHAR (number) | TO_CHAR (number) | VARCHAR 데이터형의 값으로 변환 |	TO_CHAR; number); VARCHAR	arch/Home/Altibase_Oracle Comparison__16875638.md	491	covered	No English change required.	| | TO_CHAR (number) | TO_CHAR (number) | Convert to VARCHAR data type value |	none	S016 direct table-row inspection.
S016	DOCK/Home/39. Altibase, Oracle 비교 자료__14058137.md	492	492	S016-D039-F153	builtin_function_table_row	| | TO_CLOB (bfile\|blob) | 미 지원 | NCLOB값을 CLOB값으로 변환 |	TO_CLOB; bfile; blob); NCLOB; CLOB	arch/Home/Altibase_Oracle Comparison__16875638.md	492	covered	No English change required.	| | TO_CLOB (bfile\|blob) | Not supported | Convert NCLOB value to CLOB value |	none	S016 direct table-row inspection.
S016	DOCK/Home/39. Altibase, Oracle 비교 자료__14058137.md	493	493	S016-D039-F154	builtin_function_table_row	| | TO_CLOB (character) | 미 지원 | 문자값을 CLOB값으로 변환. |	TO_CLOB; character); CLOB	arch/Home/Altibase_Oracle Comparison__16875638.md	493	covered	No English change required.	| | TO_CLOB (character) | Not supported | Convert character value to CLOB |	none	S016 direct table-row inspection.
S016	DOCK/Home/39. Altibase, Oracle 비교 자료__14058137.md	494	494	S016-D039-F155	builtin_function_table_row	| | TO_DATE | TO_DATE | char을 날짜형 데이터 타입값으로 변환 |	TO_DATE; char	arch/Home/Altibase_Oracle Comparison__16875638.md	494	covered	No English change required.	| | TO_DATE | TO_DATE | Convert char to date data type value |	none	S016 direct table-row inspection.
S016	DOCK/Home/39. Altibase, Oracle 비교 자료__14058137.md	495	495	S016-D039-F156	builtin_function_table_row	| | TO_DSINTERVAL | 미 지원 | INTERVAR DAY TO SECOND값으로 변환 |	TO_DSINTERVAL; INTERVAR; DAY; TO; SECOND	arch/Home/Altibase_Oracle Comparison__16875638.md	495	covered	No English change required.	| | TO_DSINTERVAL | Not supported | Convert to an INTERVAL DAY TO SECOND value |	none	S016 direct table-row inspection.
S016	DOCK/Home/39. Altibase, Oracle 비교 자료__14058137.md	496	496	S016-D039-F157	builtin_function_table_row	| | 미 지원 | TO_HEX | n을 16진수로 변환 |	TO_HEX; n; 16	arch/Home/Altibase_Oracle Comparison__16875638.md	496	covered	No English change required.	| | Not supported | TO_HEX | Convert n to hexadecimal |	none	S016 direct table-row inspection.
S016	DOCK/Home/39. Altibase, Oracle 비교 자료__14058137.md	497	497	S016-D039-F158	builtin_function_table_row	| | 미 지원 | TO_INTERVAL (NUMTODSINTERVAL) | n을 interval_unit 단위로 변환해서 반환 |	TO_INTERVAL; NUMTODSINTERVAL); n; interval_unit	arch/Home/Altibase_Oracle Comparison__16875638.md	497	covered	No English change required.	| | Not supported | TO_INTERVAL (NUMTODSINTERVAL) | Convert n to interval_unit units and return |	none	S016 direct table-row inspection.
S016	DOCK/Home/39. Altibase, Oracle 비교 자료__14058137.md	498	498	S016-D039-F159	builtin_function_table_row	| | TO_LOB | 미 지원 | LONG또는 LONG ROW값을 LOB값으로 변환 |	TO_LOB; LONG; ROW; LOB	arch/Home/Altibase_Oracle Comparison__16875638.md	498	covered	No English change required.	| | TO_LOB | Not supported | Convert LONG or LONG RAW value to LOB value |	none	S016 direct table-row inspection.
S016	DOCK/Home/39. Altibase, Oracle 비교 자료__14058137.md	499	499	S016-D039-F160	builtin_function_table_row	| | TO_MULTI_BYTE | 미 지원 | multibyte 문자를 상응하는 single-byte 문자로 변환한 문자를 반환 |	TO_MULTI_BYTE; multibyte; single-byte	arch/Home/Altibase_Oracle Comparison__16875638.md	499	covered	No English change required.	| | TO_MULTI_BYTE | Not supported | Return the character converted from a multibyte character to the corresponding single-byte character |	none	S016 direct table-row inspection.
S016	DOCK/Home/39. Altibase, Oracle 비교 자료__14058137.md	500	500	S016-D039-F161	builtin_function_table_row	| | TO_NCHAR (character) | TO_NCHAR (character) | 문자열,CLOB,NCLOB 값을 각국 문자 세트로 변환 |	TO_NCHAR; character); CLOB; NCLOB	arch/Home/Altibase_Oracle Comparison__16875638.md	500	covered	No English change required.	| | TO_NCHAR (character) | TO_NCHAR (character) | Convert a string, CLOB, or NCLOB value to the national character set |	none	S016 direct table-row inspection.
S016	DOCK/Home/39. Altibase, Oracle 비교 자료__14058137.md	501	501	S016-D039-F162	builtin_function_table_row	| | TO_NCHAR (datetime) | TO_NCHAR (datetime) | national character set으로 변환 |	TO_NCHAR; datetime); national; character; set	arch/Home/Altibase_Oracle Comparison__16875638.md	501	covered	No English change required.	| | TO_NCHAR (datetime) | TO_NCHAR (datetime) | Convert to the national character set |	none	S016 direct table-row inspection.
S016	DOCK/Home/39. Altibase, Oracle 비교 자료__14058137.md	502	502	S016-D039-F163	builtin_function_table_row	| | TO_NCHAR (number) | TO_NCHAR (number) | n을 national character set으로 변환 |	TO_NCHAR; number); n; national; character; set	arch/Home/Altibase_Oracle Comparison__16875638.md	502	covered	No English change required.	| | TO_NCHAR (number) | TO_NCHAR (number) | Convert n to the national character set |	none	S016 direct table-row inspection.
S016	DOCK/Home/39. Altibase, Oracle 비교 자료__14058137.md	503	503	S016-D039-F164	builtin_function_table_row	| | TO_NCLOB | 미 지원 | CLOB값을 NCLOB값으로 변환 |	TO_NCLOB; CLOB; NCLOB	arch/Home/Altibase_Oracle Comparison__16875638.md	503	covered	No English change required.	| | TO_NCLOB | Not supported | Convert CLOB value to NCLOB value |	none	S016 direct table-row inspection.
S016	DOCK/Home/39. Altibase, Oracle 비교 자료__14058137.md	504	504	S016-D039-F165	builtin_function_table_row	| | TO_NUMBER | TO_NUMBER | expr을 NUMBER 데이터형의 값으로 변환 |	TO_NUMBER; expr; NUMBER	arch/Home/Altibase_Oracle Comparison__16875638.md	504	covered	No English change required.	| | TO_NUMBER | TO_NUMBER | Convert expr to a value of data type NUMBER |	none	S016 direct table-row inspection.
S016	DOCK/Home/39. Altibase, Oracle 비교 자료__14058137.md	505	505	S016-D039-F166	builtin_function_table_row	| | 미 지원 | TO_OCT | n을 8진수로 변환 |	TO_OCT; n; 8	arch/Home/Altibase_Oracle Comparison__16875638.md	505	covered	No English change required.	| | Not supported | TO_OCT | Convert n to octal |	none	S016 direct table-row inspection.
S016	DOCK/Home/39. Altibase, Oracle 비교 자료__14058137.md	506	506	S016-D039-F167	builtin_function_table_row	| | 미 지원 | TO_RAW | n에 입력한 모든 데이터 타입의 값을 VARBYTE 타입의 형태로 변환하여 반환 |	TO_RAW; n; VARBYTE	arch/Home/Altibase_Oracle Comparison__16875638.md	506	covered	No English change required.	| | Not supported | TO_RAW | Convert all data type values entered in n into VARBYTE type and return |	none	S016 direct table-row inspection.
S016	DOCK/Home/39. Altibase, Oracle 비교 자료__14058137.md	507	507	S016-D039-F168	builtin_function_table_row	| | TO_SINGLE_BYTE | 미 지원 | multibyte문자를 그에 상응하는 single-byte문자로 변환하여 char을 반환 |	TO_SINGLE_BYTE; multibyte; single-byte; char	arch/Home/Altibase_Oracle Comparison__16875638.md	507	covered	No English change required.	| | TO_SINGLE_BYTE | Not supported | Convert multibyte characters into corresponding single-byte characters and return char |	none	S016 direct table-row inspection.
S016	DOCK/Home/39. Altibase, Oracle 비교 자료__14058137.md	508	508	S016-D039-F169	builtin_function_table_row	| | TO_TIMESTAMP | TO_DATE | char을 TIMESTAMP 데이터형의 값으로 변환 |	TO_TIMESTAMP; TO_DATE; char; TIMESTAMP	arch/Home/Altibase_Oracle Comparison__16875638.md	508	covered	No English change required.	| | TO_TIMESTAMP | TO_DATE | Convert char to value of TIMESTAMP data type |	none	S016 direct table-row inspection.
S016	DOCK/Home/39. Altibase, Oracle 비교 자료__14058137.md	509	509	S016-D039-F170	builtin_function_table_row	| | TO_TIMESTAMP_TZ | 미 지원 | char을 TIMESTAMP WITH TIME ZONE 데이터형으로 변환 |	TO_TIMESTAMP_TZ; char; TIMESTAMP; WITH; TIME; ZONE	arch/Home/Altibase_Oracle Comparison__16875638.md	509	covered	No English change required.	| | TO_TIMESTAMP_TZ | Not supported | Convert char to TIMESTAMP WITH TIME ZONE data type |	none	S016 direct table-row inspection.
S016	DOCK/Home/39. Altibase, Oracle 비교 자료__14058137.md	510	510	S016-D039-F171	builtin_function_table_row	| | TO_YMINTERVAL | 미 지원 | 문자열을 INTERVAL YEAR TO MONTH 형태로 변경 |	TO_YMINTERVAL; INTERVAL; YEAR; TO; MONTH	arch/Home/Altibase_Oracle Comparison__16875638.md	510	covered	No English change required.	| | TO_YMINTERVAL | Not supported | Change string to INTERVAL YEAR TO MONTH format |	none	S016 direct table-row inspection.
S016	DOCK/Home/39. Altibase, Oracle 비교 자료__14058137.md	511	511	S016-D039-F172	builtin_function_table_row	| | TRANSLATE ... USING | 미 지원 | char을 데이터 베이스 문자세트와 각국어 문자 센트사이의 변환에 대한 지정된 문자 세트로 변경 |	TRANSLATE; USING; char	arch/Home/Altibase_Oracle Comparison__16875638.md	511	covered	No English change required.	| | TRANSLATE ... USING | Not supported | Convert char to the specified character set for conversion between the database character set and the national character set |	none	S016 direct table-row inspection.
S016	DOCK/Home/39. Altibase, Oracle 비교 자료__14058137.md	512	512	S016-D039-F173	builtin_function_table_row	| | UNISTR | UNISTR | 텍스트 문자열을 인수로 취하고, 각국어 문자 세트로 반환 |	UNISTR	arch/Home/Altibase_Oracle Comparison__16875638.md	512	covered	No English change required.	| | UNISTR | UNISTR | Take a text string as an argument and return it as the national character set |	none	S016 direct table-row inspection.
S016	DOCK/Home/39. Altibase, Oracle 비교 자료__14058137.md	513	513	S016-D039-F174	builtin_function_table_row	| | VALIDATE_CONVERSION | 미 지원 | expr이 지정된 데이터 유형으로 변환 될 수 있는지 여부를 판별합니다 |	VALIDATE_CONVERSION; expr	arch/Home/Altibase_Oracle Comparison__16875638.md	513	covered	No English change required.	| | VALIDATE_CONVERSION | Not supported | Determine whether expr can be converted to the specified data type |	none	S016 direct table-row inspection.
S016	DOCK/Home/39. Altibase, Oracle 비교 자료__14058137.md	514	514	S016-D039-F175	builtin_function_table_row	| Large Object(LOB) 함수 | BFILENAME | 미 지원 | 서버 파일 시스템의 물리 LOB 바이너리 파일과 연관된 BFILE locator를 반환. |	Large; Object(LOB); BFILENAME; LOB; BFILE; locator	arch/Home/Altibase_Oracle Comparison__16875638.md	514	covered	No English change required.	| Large Object (LOB) function | BFILENAME | Not supported | Return the BFILE locator associated with the physical LOB binary file of the server file system |	none	S016 direct table-row inspection.
S016	DOCK/Home/39. Altibase, Oracle 비교 자료__14058137.md	515	515	S016-D039-F176	builtin_function_table_row	| | EMPTY_BLOB | EMPTY_BLOB | lob변수를 초기화, empty lob의 위치를 반환 |	EMPTY_BLOB; lob; empty	arch/Home/Altibase_Oracle Comparison__16875638.md	515	covered	No English change required.	| | EMPTY_BLOB | EMPTY_BLOB | Initialize lob variable and return the location of empty lob |	none	S016 direct table-row inspection.
S016	DOCK/Home/39. Altibase, Oracle 비교 자료__14058137.md	516	516	S016-D039-F177	builtin_function_table_row	| | EMPTY_CLOB | EMPTY_CLOB | lob변수를 초기화, empty lob의 위치를 반환 |	EMPTY_CLOB; lob; empty	arch/Home/Altibase_Oracle Comparison__16875638.md	516	covered	No English change required.	| | EMPTY_CLOB | EMPTY_CLOB | Initialize lob variable and return the location of empty lob |	none	S016 direct table-row inspection.
S016	DOCK/Home/39. Altibase, Oracle 비교 자료__14058137.md	517	517	S016-D039-F178	builtin_function_table_row	| 중첩 테이블 관련 수집 함수 | CARDINALITY<br>COLLECT<br>POWERMULTISET<br>POWERMULTISET_BY_CARDINALITY<br>SET | 미 지원 | 중첩 테이블에 관련된 함수 |	CARDINALITY; COLLECT; POWERMULTISET; POWERMULTISET_BY_CARDINALITY; SET	arch/Home/Altibase_Oracle Comparison__16875638.md	517	covered	No English change required.	| Collection functions related to nested tables | CARDINALITY<br>COLLECT<br>POWERMULTISET<br>POWERMULTISET_BY_CARDINALITY<br>SET | Not supported | Functions related to nested tables |	none	S016 direct table-row inspection.
S016	DOCK/Home/39. Altibase, Oracle 비교 자료__14058137.md	518	518	S016-D039-F179	builtin_function_table_row	| 계층 함수 | SYS_CONNECT_BY_PATH | SYS_CONNECT_BY_PATH | 루트로 부터 node로 열의 값 Path를 반환. |	SYS_CONNECT_BY_PATH; node; Path	arch/Home/Altibase_Oracle Comparison__16875638.md	518	covered	No English change required.	| Hierarchical function | SYS_CONNECT_BY_PATH | SYS_CONNECT_BY_PATH | Return the column value Path from root to node |	none	S016 direct table-row inspection.
S016	DOCK/Home/39. Altibase, Oracle 비교 자료__14058137.md	519	519	S016-D039-F180	builtin_function_table_row	| 데이터 마이닝 함수 | CLUSTER_DETAILS<br>CLUSTER_DISTANCE<br>CLUSTER_ID<br>CLUSTER_PROBABILITY<br>CLUSTER_SET<br>FEATURE_COMPARE<br>FEATURE_DETAILS<br>FEATURE_ID<br>FEATURE_SET<br>FEATURE_VALUE<br>ORA_DM_PARTITION_NA…	CLUSTER_DETAILS; CLUSTER_DISTANCE; CLUSTER_ID; CLUSTER_PROBABILITY; CLUSTER_SET; FEATURE_COMPARE; FEATURE_DETAILS; FEATURE_ID; FEATURE_SET; FEATURE_VALUE; ORA_DM_PARTITION_NAME; PREDICTION; PREDICTION_BOUNDS; PREDICTION_COST; PREDICTION_DETAILS; PREDICTION_PROBABILITY; PREDICTION_SET	arch/Home/Altibase_Oracle Comparison__16875638.md	519	covered	No English change required.	| Data mining functions | CLUSTER_DETAILS<br>CLUSTER_DISTANCE<br>CLUSTER_ID<br>CLUSTER_PROBABILITY<br>CLUSTER_SET<br>FEATURE_COMPARE<br>FEATURE_DETAILS<br>FEATURE_ID<br>FEATURE_SET<br>FEATURE_VALUE<br>ORA_DM_P…	none	S016 direct table-row inspection.
S016	DOCK/Home/39. Altibase, Oracle 비교 자료__14058137.md	520	520	S016-D039-F181	builtin_function_table_row	| XML 함수 | APPENDCHILDXML<br>DELETEXML<br>DEPTH<br>EXISTSNODE<br>EXTRACT (XML)<br>EXTRACTVALUE<br>INSERTCHILDXML<br>INSERTCHILDXMLAFTER<br>INSERTCHILDXMLBEFORE<br>INSERTXMLAFTER<br>INSERTXMLBEFORE<br>PATH<br>S…	XML; APPENDCHILDXML; DELETEXML; DEPTH; EXISTSNODE; EXTRACT; XML); EXTRACTVALUE; INSERTCHILDXML; INSERTCHILDXMLAFTER; INSERTCHILDXMLBEFORE; INSERTXMLAFTER; INSERTXMLBEFORE; PATH; SYS_DBURIGEN; SYS_XMLAGG; SYS_XMLGEN; UPDATEXML	arch/Home/Altibase_Oracle Comparison__16875638.md	520	covered	No English change required.	| XML functions | APPENDCHILDXML<br>DELETEXML<br>DEPTH<br>EXISTSNODE<br>EXTRACT (XML)<br>EXTRACTVALUE<br>INSERTCHILDXML<br>INSERTCHILDXMLAFTER<br>INSERTCHILDXMLBEFORE<br>INSERTXMLAFTER<br>INSERTXMLBEFORE<br>PA…	none	S016 direct table-row inspection.
S016	DOCK/Home/39. Altibase, Oracle 비교 자료__14058137.md	521	521	S016-D039-F182	builtin_function_table_row	| JSON 함수 | JSON_ARRAY<br>JSON_ARRAYAGG<br>JSON_DATAGUIDE<br>JSON_OBJECT<br>JSON_OBJECTAGG<br>JSON_QUERY<br>JSON_TABLE<br>JSON_VALUE | 미 지원 | JSON 관련 함수 |	JSON; JSON_ARRAY; JSON_ARRAYAGG; JSON_DATAGUIDE; JSON_OBJECT; JSON_OBJECTAGG; JSON_QUERY; JSON_TABLE; JSON_VALUE	arch/Home/Altibase_Oracle Comparison__16875638.md	521	covered	No English change required.	| JSON functions | JSON_ARRAY<br>JSON_ARRAYAGG<br>JSON_DATAGUIDE<br>JSON_OBJECT<br>JSON_OBJECTAGG<br>JSON_QUERY<br>JSON_TABLE<br>JSON_VALUE | Not supported | JSON related functions |	none	S016 direct table-row inspection.
S016	DOCK/Home/39. Altibase, Oracle 비교 자료__14058137.md	522	522	S016-D039-F183	builtin_function_table_row	| 인코딩/디코딩 함수 | DECODE | DECODE | simple_case_expr이 사용된 CASE WHEN 과 동일 |	DECODE; simple_case_expr; CASE; WHEN	arch/Home/Altibase_Oracle Comparison__16875638.md	522	covered	No English change required.	| Encoding/Decoding functions | DECODE | DECODE | Same as CASE WHEN where simple_case_expr is used |	none	S016 direct table-row inspection.
S016	DOCK/Home/39. Altibase, Oracle 비교 자료__14058137.md	523	523	S016-D039-F184	builtin_function_table_row	| | DUMP | DUMP | 지정한 데이터의 위치와 길이 등을 지정한 형식으로 반환. |	DUMP	arch/Home/Altibase_Oracle Comparison__16875638.md	523	covered	No English change required.	| | DUMP | DUMP | Return the location and length of specified data in a specified format |	none	S016 direct table-row inspection.
S016	DOCK/Home/39. Altibase, Oracle 비교 자료__14058137.md	524	524	S016-D039-F185	builtin_function_table_row	| | ORA_HASH | 미 지원 | 주어진 표현에 대한 해쉬 값을 계산하는 함수. |	ORA_HASH	arch/Home/Altibase_Oracle Comparison__16875638.md	524	covered	No English change required.	| | ORA_HASH | Not supported | Calculate a hash value for a given expression |	none	S016 direct table-row inspection.
S016	DOCK/Home/39. Altibase, Oracle 비교 자료__14058137.md	525	525	S016-D039-F186	builtin_function_table_row	| | STANDARD_HASH | 미 지원 | 기본 해쉬 값 계산 |	STANDARD_HASH	arch/Home/Altibase_Oracle Comparison__16875638.md	525	covered	No English change required.	| | STANDARD_HASH | Not supported | Calculate standard hash value |	none	S016 direct table-row inspection.
S016	DOCK/Home/39. Altibase, Oracle 비교 자료__14058137.md	526	526	S016-D039-F187	builtin_function_table_row	| | VSIZE | OCTET_LENGTH | 입력된 문자열의 길이를 바이트 단위로 돌려준다. |	VSIZE; OCTET_LENGTH	arch/Home/Altibase_Oracle Comparison__16875638.md	526	covered	No English change required.	| | VSIZE | OCTET_LENGTH | Return the length of the input string in bytes |	none	S016 direct table-row inspection.
S016	DOCK/Home/39. Altibase, Oracle 비교 자료__14058137.md	527	527	S016-D039-F188	builtin_function_table_row	| NULL 함수 | COALESCE | COALESCE | NULL이 아닌 첫번째 인수를 반환 |	NULL; COALESCE	arch/Home/Altibase_Oracle Comparison__16875638.md	527	covered	No English change required.	| NULL functions | COALESCE | COALESCE | Returns the first non-NULL argument |	none	S016 direct table-row inspection.
S016	DOCK/Home/39. Altibase, Oracle 비교 자료__14058137.md	528	528	S016-D039-F189	builtin_function_table_row	| | LNNVL | LNNVL | 조건의 결과가 FALSE 또는 NULL인 경우 TRUE를 반환하고, TRUE인 경우 FALSE를 반환한다. |	LNNVL; FALSE; NULL; TRUE	arch/Home/Altibase_Oracle Comparison__16875638.md	528	covered	No English change required.	| | LNNVL | LNNVL | If the condition result is FALSE or NULL, return TRUE; if it is TRUE, return FALSE |	none	S016 direct table-row inspection.
S016	DOCK/Home/39. Altibase, Oracle 비교 자료__14058137.md	529	529	S016-D039-F190	builtin_function_table_row	| | NULLIF | NULLIF | expr1과 expr2가 같으면, NULL값을 반환. |	NULLIF; expr1; expr2; NULL	arch/Home/Altibase_Oracle Comparison__16875638.md	529	covered	No English change required.	| | NULLIF | NULLIF | If expr1 and expr2 are the same, return NULL |	none	S016 direct table-row inspection.
S016	DOCK/Home/39. Altibase, Oracle 비교 자료__14058137.md	530	530	S016-D039-F191	builtin_function_table_row	| | NVL | NVL | 쿼리의 결과에서 NULL 값을 공백으로 치환. |	NVL; NULL	arch/Home/Altibase_Oracle Comparison__16875638.md	530	covered	No English change required.	| | NVL | NVL | Replace NULL values with blanks in the query result |	none	S016 direct table-row inspection.
S016	DOCK/Home/39. Altibase, Oracle 비교 자료__14058137.md	531	531	S016-D039-F192	builtin_function_table_row	| | NVL2 | NVL2 | expr1이 NULL이 아니면 NVL2는 expr2를 반환하고, NULL이면 expr3를 반환한다. |	NVL2; expr1; NULL; expr2; expr3	arch/Home/Altibase_Oracle Comparison__16875638.md	531	covered	No English change required.	| | NVL2 | NVL2 | If expr1 is not NULL, NVL2 returns expr2; if expr1 is NULL, it returns expr3 |	none	S016 direct table-row inspection.
S016	DOCK/Home/39. Altibase, Oracle 비교 자료__14058137.md	532	532	S016-D039-F193	builtin_function_table_row	| 환경 및 식별자 함수 | 미 지원 | HOST_NAME | 현재 접속한 호스트의 이름을 반환 |	HOST_NAME	arch/Home/Altibase_Oracle Comparison__16875638.md	532	covered	No English change required.	| Environment and identifier functions | Not supported | HOST_NAME | Return the name of the currently connected host |	none	S016 direct table-row inspection.
S016	DOCK/Home/39. Altibase, Oracle 비교 자료__14058137.md	533	533	S016-D039-F194	builtin_function_table_row	| | CON_DBID_TO_ID<br>CON_GUID_TO_ID<br>CON_NAME_TO_ID<br>CON_UID_TO_ID<br>ORA_INVOKING_USER<br>ORA_INVOKING_USERID | 미 지원 | |	CON_DBID_TO_ID; CON_GUID_TO_ID; CON_NAME_TO_ID; CON_UID_TO_ID; ORA_INVOKING_USER; ORA_INVOKING_USERID	arch/Home/Altibase_Oracle Comparison__16875638.md	533	covered	No English change required.	| | CON_DBID_TO_ID<br>CON_GUID_TO_ID<br>CON_NAME_TO_ID<br>CON_UID_TO_ID<br>ORA_INVOKING_USER<br>ORA_INVOKING_USERID | Not supported | |	none	S016 direct table-row inspection.
S016	DOCK/Home/39. Altibase, Oracle 비교 자료__14058137.md	534	534	S016-D039-F195	builtin_function_table_row	| | 미 지원 | SENDMSG | 메시지를 ip-address, port에 Socket datagram으로 전달 |	SENDMSG; ip-address; port; Socket; datagram	arch/Home/Altibase_Oracle Comparison__16875638.md	534	covered	No English change required.	| | Not supported | SENDMSG | Send a message to ip-address and port as a Socket datagram |	none	S016 direct table-row inspection.
S016	DOCK/Home/39. Altibase, Oracle 비교 자료__14058137.md	535	535	S016-D039-F196	builtin_function_table_row	| | SYS_CONTEXT | SYS_CONTEXT | 현재 세션에 접속한 환경 정보(context)를 namespace로 하여 관련된 파라미터의 결과값을 반환 |	SYS_CONTEXT; context); namespace	arch/Home/Altibase_Oracle Comparison__16875638.md	535	covered	No English change required.	| | SYS_CONTEXT | SYS_CONTEXT | Return related parameter values by using the current session's environment information (context) as a namespace |	none	S016 direct table-row inspection.
S016	DOCK/Home/39. Altibase, Oracle 비교 자료__14058137.md	536	536	S016-D039-F197	builtin_function_table_row	| | SYS_GUID | SYS_GUID_STR | 16바이트로 구성된 고유전역식별자(globally unique identifier,RAW 값)을 생성하여 반환.<br>16바이트로 구성된 전역적으로 고유한 식별자를 생성하여 길이가 32인 16진수 문자열로 반환 |	SYS_GUID; SYS_GUID_STR; 16; globally; unique; identifier; RAW; 32	arch/Home/Altibase_Oracle Comparison__16875638.md	536	covered	No English change required.	| | SYS_GUID | SYS_GUID_STR | Create and return a globally unique identifier (RAW value) consisting of 16 bytes.<br>Create a globally unique 16-byte identifier and return it as a 32-character hexadecimal strin…	none	S016 direct table-row inspection.
S016	DOCK/Home/39. Altibase, Oracle 비교 자료__14058137.md	537	537	S016-D039-F198	builtin_function_table_row	| | SYS_TYPEID | 미 지원 | 식별자의 typeid를 반환. |	SYS_TYPEID; typeid	arch/Home/Altibase_Oracle Comparison__16875638.md	537	covered	No English change required.	| | SYS_TYPEID | Not supported | Return the typeid of the identifier |	none	S016 direct table-row inspection.
S016	DOCK/Home/39. Altibase, Oracle 비교 자료__14058137.md	538	538	S016-D039-F199	builtin_function_table_row	| | UID | USER_ID | 세션 사용자의 유일한 식별하는 정수를 반환. |	UID; USER_ID	arch/Home/Altibase_Oracle Comparison__16875638.md	538	covered	No English change required.	| | UID | USER_ID | Return an integer that uniquely identifies the session user |	none	S016 direct table-row inspection.
S016	DOCK/Home/39. Altibase, Oracle 비교 자료__14058137.md	539	539	S016-D039-F200	builtin_function_table_row	| | USER | USER_NAME | 세션 사용자의 이름을 반환. |	USER; USER_NAME	arch/Home/Altibase_Oracle Comparison__16875638.md	539	covered	No English change required.	| | USER | USER_NAME | Return the session user name |	none	S016 direct table-row inspection.
S016	DOCK/Home/39. Altibase, Oracle 비교 자료__14058137.md	540	540	S016-D039-F201	builtin_function_table_row	| | USERENV | SESSION_ID | USERENV는 세션에 대한 정보를 반환<br>SESSION_ID는 사용자의 SESSION_ID를 반환 |	USERENV; SESSION_ID	arch/Home/Altibase_Oracle Comparison__16875638.md	540	covered	No English change required.	| | USERENV | SESSION_ID | USERENV returns session information.<br>SESSION_ID returns the user's SESSION_ID |	none	S016 direct table-row inspection.
S016	DOCK/Home/39. Altibase, Oracle 비교 자료__14058137.md	541	541	S016-D039-F202	builtin_function_table_row	| 집계 함수 | APPROX_COUNT_DISTINCT<br>APPROX_COUNT_DISTINCT_AGG<br>APPROX_COUNT_DISTINCT_DETAIL<br>APPROX_MEDIAN<br>APPROX_PERCENTILE<br>APPROX_PERCENTILE_AGG<br>APPROX_PERCENTILE_DETAIL | 미 지원 | |	APPROX_COUNT_DISTINCT; APPROX_COUNT_DISTINCT_AGG; APPROX_COUNT_DISTINCT_DETAIL; APPROX_MEDIAN; APPROX_PERCENTILE; APPROX_PERCENTILE_AGG; APPROX_PERCENTILE_DETAIL	arch/Home/Altibase_Oracle Comparison__16875638.md	541	covered	No English change required.	| Aggregation functions | APPROX_COUNT_DISTINCT<br>APPROX_COUNT_DISTINCT_AGG<br>APPROX_COUNT_DISTINCT_DETAIL<br>APPROX_MEDIAN<br>APPROX_PERCENTILE<br>APPROX_PERCENTILE_AGG<br>APPROX_PERCENTILE_DETAIL | Not sup…	none	S016 direct table-row inspection.
S016	DOCK/Home/39. Altibase, Oracle 비교 자료__14058137.md	542	542	S016-D039-F203	builtin_function_table_row	| | GROUP_ID | 미 지원 | 지정된 GROUP BY 결과로부터 중복된 그룹을 구별 |	GROUP_ID; GROUP; BY	arch/Home/Altibase_Oracle Comparison__16875638.md	542	covered	No English change required.	| | GROUP_ID | Not supported | Distinguish duplicate groups from the specified GROUP BY result |	none	S016 direct table-row inspection.
S016	DOCK/Home/39. Altibase, Oracle 비교 자료__14058137.md	543	543	S016-D039-F204	builtin_function_table_row	| | GROUPING | GROUPING | ROLLUP이나 CUBE 연산자와 함께 사용하여 GROUPING 함수에 기술된 컬럼이 그룹핑 시<br>즉, ROLLUP이나 CUBE 연산시 사용이 되었는지를 보여 주는 함수. |	GROUPING; ROLLUP; CUBE	arch/Home/Altibase_Oracle Comparison__16875638.md	543	covered	No English change required.	| | GROUPING | GROUPING | When a column described in the GROUPING function is grouped by using it with the ROLLUP or CUBE operator.<br>In other words, a function that shows whether it was used in ROLLUP or CUB…	none	S016 direct table-row inspection.
S016	DOCK/Home/39. Altibase, Oracle 비교 자료__14058137.md	544	544	S016-D039-F205	builtin_function_table_row	| | GROUPING_ID | GROUPING_ID | 행과 관련되는 GROUPING 비트 벡터에 대응되는 수치를 반환. |	GROUPING_ID; GROUPING	arch/Home/Altibase_Oracle Comparison__16875638.md	544	covered	No English change required.	| | GROUPING_ID | GROUPING_ID | Return the number corresponding to the GROUPING bit vector associated with the row |	none	S016 direct table-row inspection.
S016	DOCK/Home/39. Altibase, Oracle 비교 자료__14058137.md	545	545	S016-D039-F206	builtin_function_table_row	| | MEDIAN | 미 지원 | 중앙값 또는 값의 정렬후에 중앙값이 보간된 값을 반환 |	MEDIAN	arch/Home/Altibase_Oracle Comparison__16875638.md	545	covered	No English change required.	| | MEDIAN | Not supported | Returns the median or interpolated value after sorting of values |	none	S016 direct table-row inspection.
S016	DOCK/Home/39. Altibase, Oracle 비교 자료__14058137.md	546	546	S016-D039-F207	builtin_function_table_row	| | STATS_BINOMIAL_TEST | 미 지원 | 단지 두개의 유효한 값이 존재하는 이분 변수(두개의 배타적인 값을 가지는 변수)에 대해서 이용되는 정확 확률 테스트. |	STATS_BINOMIAL_TEST	arch/Home/Altibase_Oracle Comparison__16875638.md	546	covered	No English change required.	| | STATS_BINOMIAL_TEST | Not supported | An exact probability test used for dichotomous variables where only two valid values exist (variables with two exclusive values) |	none	S016 direct table-row inspection.
S016	DOCK/Home/39. Altibase, Oracle 비교 자료__14058137.md	547	547	S016-D039-F208	builtin_function_table_row	| | STATS_CROSSTAB | 미 지원 | 교차분석(crosstab)은 두개의 명목 변수를 분석하는 방법. |	STATS_CROSSTAB; crosstab)	arch/Home/Altibase_Oracle Comparison__16875638.md	547	covered	No English change required.	| | STATS_CROSSTAB | Not supported | Analyze two nominal variables |	none	S016 direct table-row inspection.
S016	DOCK/Home/39. Altibase, Oracle 비교 자료__14058137.md	548	548	S016-D039-F209	builtin_function_table_row	| | STATS_F_TEST | 미 지원 | STATS_F_TEST함수는 두개의 분산이 유의한 차가 있는지 테스트. |	STATS_F_TEST	arch/Home/Altibase_Oracle Comparison__16875638.md	548	covered	No English change required.	| | STATS_F_TEST | Not supported | Test whether there is a significant difference between the two variances |	none	S016 direct table-row inspection.
S016	DOCK/Home/39. Altibase, Oracle 비교 자료__14058137.md	549	549	S016-D039-F210	builtin_function_table_row	| | STATS_KS_TEST | 미 지원 | 두개의 표본이 같은 모집단에 속하고 있는지 또는 같은 분포를 가지는 모집단에 속하고 있는지 테스트 하는 Kolmogorov-Smirnov함수. |	STATS_KS_TEST; Kolmogorov-Smirnov	arch/Home/Altibase_Oracle Comparison__16875638.md	549	covered	No English change required.	| | STATS_KS_TEST | Not supported | The Kolmogorov-Smirnov function that tests whether two samples belong to the same population or that they belong to a population with the same distribution |	none	S016 direct table-row inspection.
S016	DOCK/Home/39. Altibase, Oracle 비교 자료__14058137.md	550	550	S016-D039-F211	builtin_function_table_row	| | STATS_MODE | 미 지원 | 가장 큰 빈도를 가지는 값을 반환. |	STATS_MODE	arch/Home/Altibase_Oracle Comparison__16875638.md	550	covered	No English change required.	| | STATS_MODE | Not supported | Return the value with the largest frequency |	none	S016 direct table-row inspection.
S016	DOCK/Home/39. Altibase, Oracle 비교 자료__14058137.md	551	551	S016-D039-F212	builtin_function_table_row	| | STATS_MW_TEST | 미 지원 | A Mann Whitney test는 2개의 독립 표본을 비교. |	STATS_MW_TEST; A; Mann; Whitney; test; 2	arch/Home/Altibase_Oracle Comparison__16875638.md	551	covered	No English change required.	| | STATS_MW_TEST | Not supported | A Mann-Whitney test compares two independent samples. |	none	S016 direct table-row inspection.
S016	DOCK/Home/39. Altibase, Oracle 비교 자료__14058137.md	552	552	S016-D039-F213	builtin_function_table_row	| | STATS_ONE_WAY_ANOVA | STATS_ONE_WAY_ANOVA | 일원분산분석 함수(STATS_ONE_WAY_ANOVA)는 분산의 다른 2개 추정치 비교에 의해 통계적 유의성에 대한 평균(그룹 또는 변수에 대한)의 유의한 차를 검증. |	STATS_ONE_WAY_ANOVA; STATS_ONE_WAY_ANOVA); 2	arch/Home/Altibase_Oracle Comparison__16875638.md	552	covered	No English change required.	| | STATS_ONE_WAY_ANOVA | STATS_ONE_WAY_ANOVA | The one-way analysis of variance function (STATS_ONE_WAY_ANOVA) verifies the significant difference in the mean (for a group or variable) for statistical signifi…	none	S016 direct table-row inspection.
S016	DOCK/Home/39. Altibase, Oracle 비교 자료__14058137.md	553	553	S016-D039-F214	builtin_function_table_row	| | STATS_T_TEST_ (STATS_T_TEST_ONE, STATS_T_TEST_PAIRED, STATS_T_TEST_INDEP and STATS_T_TEST_INDEPU) | 미 지원 | t검정에서는, 평균치의 차이의 유의성을 측정. |	STATS_T_TEST_; STATS_T_TEST_ONE; STATS_T_TEST_PAIRED; STATS_T_TEST_INDEP; and; STATS_T_TEST_INDEPU); t	arch/Home/Altibase_Oracle Comparison__16875638.md	553	covered	No English change required.	| | STATS_T_TEST_ (STATS_T_TEST_ONE, STATS_T_TEST_PAIRED, STATS_T_TEST_INDEP and STATS_T_TEST_INDEPU) | Not supported | In a t-test, the significance of the difference between mean values is measured |	none	S016 direct table-row inspection.
S016	DOCK/Home/39. Altibase, Oracle 비교 자료__14058137.md	554	554	S016-D039-F215	builtin_function_table_row	| | STATS_WSR_TEST | 미 지원 | 대응쌍표본의 윌콕스 부호 순위 검증을 수행하며,표본간의 차이가 zero로부터 유의한 차이가 있는지 검정. |	STATS_WSR_TEST; zero	arch/Home/Altibase_Oracle Comparison__16875638.md	554	covered	No English change required.	| | STATS_WSR_TEST | Not supported | Wilcox sign ranking test of paired pairs is performed, and the difference between samples is tested whether there is a significant difference from zero |	none	S016 direct table-row inspection.
S016	DOCK/Home/39. Altibase, Oracle 비교 자료__14058137.md	555	555	S016-D039-F216	builtin_function_table_row	| | SYS_OP_ZONE_ID | 미 지원 | 인수로 rowid를 취하여 영역 ID를 반환합니다 |	SYS_OP_ZONE_ID; rowid; ID	arch/Home/Altibase_Oracle Comparison__16875638.md	555	covered	No English change required.	| | SYS_OP_ZONE_ID | Not supported | Take a rowid as an argument and return the area ID |	none	S016 direct table-row inspection.
S016	DOCK/Home/39. Altibase, Oracle 비교 자료__14058137.md	556	556	S016-D039-F217	builtin_function_table_row	| | TO_APPROX_COUNT_DISTINCT | 미 지원 | |	TO_APPROX_COUNT_DISTINCT	arch/Home/Altibase_Oracle Comparison__16875638.md	556	covered	No English change required.	| | TO_APPROX_COUNT_DISTINCT | Not supported | |	none	S016 direct table-row inspection.
S016	DOCK/Home/39. Altibase, Oracle 비교 자료__14058137.md	557	557	S016-D039-F218	builtin_function_table_row	| | TO_APPROX_PERCENTILE | 미 지원 | |	TO_APPROX_PERCENTILE	arch/Home/Altibase_Oracle Comparison__16875638.md	557	covered	No English change required.	| | TO_APPROX_PERCENTILE | Not supported | |	none	S016 direct table-row inspection.
S016	DOCK/Home/39. Altibase, Oracle 비교 자료__14058137.md	558	558	S016-D039-F219	builtin_function_table_row	| 분석함수 | FIRST_VALUE | FIRST_VALUE | 값의 정렬된 세트에서 첫번째 값을 반환. |	FIRST_VALUE	arch/Home/Altibase_Oracle Comparison__16875638.md	558	covered	No English change required.	| Analysis functions | FIRST_VALUE | FIRST_VALUE | Return the first value in an ordered set of values |	none	S016 direct table-row inspection.
S016	DOCK/Home/39. Altibase, Oracle 비교 자료__14058137.md	559	559	S016-D039-F220	builtin_function_table_row	| | 미 지원 | FIRST_VALUE_IGNORE_NULLS | 널 값을 제외한 첫 번째 행의 값을 구하는 함수 |	FIRST_VALUE_IGNORE_NULLS	arch/Home/Altibase_Oracle Comparison__16875638.md	559	covered	No English change required.	| | Not supported | FIRST_VALUE_IGNORE_NULLS | Return the first row value excluding NULL values |	none	S016 direct table-row inspection.
S016	DOCK/Home/39. Altibase, Oracle 비교 자료__14058137.md	560	560	S016-D039-F221	builtin_function_table_row	| | LAG | LAG | 현재 행을 기준으로 이전 값을 참조하는 함수. |	LAG	arch/Home/Altibase_Oracle Comparison__16875638.md	560	covered	No English change required.	| | LAG | LAG | Refer to a previous value relative to the current row |	none	S016 direct table-row inspection.
S016	DOCK/Home/39. Altibase, Oracle 비교 자료__14058137.md	561	561	S016-D039-F222	builtin_function_table_row	| | 미 지원 | LAG_IGNORE_NULLS | 현재 행을 기준으로 이전의 offset 번째 행부터 NULL이 아닌 첫 번째 값을 구하는 함수 |	LAG_IGNORE_NULLS; offset; NULL	arch/Home/Altibase_Oracle Comparison__16875638.md	561	covered	No English change required.	| | Not supported | LAG_IGNORE_NULLS | Return the first non-NULL value from the offset-th previous row relative to the current row |	none	S016 direct table-row inspection.
S016	DOCK/Home/39. Altibase, Oracle 비교 자료__14058137.md	562	562	S016-D039-F223	builtin_function_table_row	| | LAST_VALUE | LAST_VALUE | 윈도우에서 정렬된 값중에서 마지막 값을 반환. |	LAST_VALUE	arch/Home/Altibase_Oracle Comparison__16875638.md	562	covered	No English change required.	| | LAST_VALUE | LAST_VALUE | Return the last value in the ordered set within the window |	none	S016 direct table-row inspection.
S016	DOCK/Home/39. Altibase, Oracle 비교 자료__14058137.md	563	563	S016-D039-F224	builtin_function_table_row	| | 미 지원 | LAST_VALUE_IGNORE_NULLS | 널 값을 제외한 마지막 번째 행의 값을 구하는 함수 |	LAST_VALUE_IGNORE_NULLS	arch/Home/Altibase_Oracle Comparison__16875638.md	563	covered	No English change required.	| | Not supported | LAST_VALUE_IGNORE_NULLS | Return the last row value excluding NULL values |	none	S016 direct table-row inspection.
S016	DOCK/Home/39. Altibase, Oracle 비교 자료__14058137.md	564	564	S016-D039-F225	builtin_function_table_row	| | LEAD | LEAD | 현재 행을 기준으로 이후의 값을 참조하는 함수. |	LEAD	arch/Home/Altibase_Oracle Comparison__16875638.md	564	covered	No English change required.	| | LEAD | LEAD | Refer to a following value relative to the current row |	none	S016 direct table-row inspection.
S016	DOCK/Home/39. Altibase, Oracle 비교 자료__14058137.md	565	565	S016-D039-F226	builtin_function_table_row	| | 미 지원 | LEAD_IGNORE_NULLS | 현재 행을 기준으로 이후의 offset 번째부터 NULL이 아닌 첫 번째 행의 값을 구하는 함수 |	LEAD_IGNORE_NULLS; offset; NULL	arch/Home/Altibase_Oracle Comparison__16875638.md	565	covered	No English change required.	| | Not supported | LEAD_IGNORE_NULLS | Return the first non-NULL value from the offset-th following row relative to the current row |	none	S016 direct table-row inspection.
S016	DOCK/Home/39. Altibase, Oracle 비교 자료__14058137.md	566	566	S016-D039-F227	builtin_function_table_row	| | NTH_VALUE | NTH_VALUE | offset 번째 행의 값을 구하는 함수이다. |	NTH_VALUE; offset	arch/Home/Altibase_Oracle Comparison__16875638.md	566	covered	No English change required.	| | NTH_VALUE | NTH_VALUE | Return the value of the offset-th row |	none	S016 direct table-row inspection.
S016	DOCK/Home/39. Altibase, Oracle 비교 자료__14058137.md	567	567	S016-D039-F228	builtin_function_table_row	| | 미 지원 | NTH_VALUE_IGNORE_NULLS | 널 값을 제외한 offset 번째 행의 값을 구하는 함수 |	NTH_VALUE_IGNORE_NULLS; offset	arch/Home/Altibase_Oracle Comparison__16875638.md	567	covered	No English change required.	| | Not supported | NTH_VALUE_IGNORE_NULLS | Return the value of the offset-th row excluding NULL values |	none	S016 direct table-row inspection.
S016	DOCK/Home/39. Altibase, Oracle 비교 자료__14058137.md	568	568	S016-D039-F229	builtin_function_table_row	| | NTILE | NTILE | 출력 결과를 사용자가 지정한 그룹 수로 나누어 출력하는 함수 |	NTILE	arch/Home/Altibase_Oracle Comparison__16875638.md	568	covered	No English change required.	| | NTILE | NTILE | Divide output results into a user-specified number of groups |	none	S016 direct table-row inspection.
S016	DOCK/Home/39. Altibase, Oracle 비교 자료__14058137.md	569	569	S016-D039-F230	builtin_function_table_row	| | RATIO_TO_REPORT | RATIO_TO_REPORT | 값의 세트의 합에 대한 값의 비율을 계산 |	RATIO_TO_REPORT	arch/Home/Altibase_Oracle Comparison__16875638.md	569	covered	No English change required.	| | RATIO_TO_REPORT | RATIO_TO_REPORT | Calculate the ratio of a value to the sum of a set of values |	none	S016 direct table-row inspection.
S016	DOCK/Home/39. Altibase, Oracle 비교 자료__14058137.md	570	570	S016-D039-F231	builtin_function_table_row	| | ROW_NUMBER | ROW_NUMBER | 분할별로 정렬된 결과에 대해 순위를 부여하는 기능 |	ROW_NUMBER	arch/Home/Altibase_Oracle Comparison__16875638.md	570	covered	No English change required.	| | ROW_NUMBER | ROW_NUMBER | Assign ranks to results sorted within each partition |	none	S016 direct table-row inspection.
S016	DOCK/Home/39. Altibase, Oracle 비교 자료__14058137.md	571	571	S016-D039-F232	builtin_function_table_row	| 집계/분석함수 | AVG | AVG | 지정된 컬럼에 대한 조건을 만족하는 행중에서 Null을 제외한 평균을 반환 |	AVG; Null	arch/Home/Altibase_Oracle Comparison__16875638.md	571	covered	No English change required.	| Aggregation/analysis function | AVG | AVG | Return the average of the rows that satisfy the conditions for the specified column, excluding nulls |	none	S016 direct table-row inspection.
S016	DOCK/Home/39. Altibase, Oracle 비교 자료__14058137.md	572	572	S016-D039-F233	builtin_function_table_row	| | CORR | CORR | 수치 쌍에 대한 상관 계수를 반환. |	CORR	arch/Home/Altibase_Oracle Comparison__16875638.md	572	covered	No English change required.	| | CORR | CORR | Return the correlation coefficient for a pair of numbers |	none	S016 direct table-row inspection.
S016	DOCK/Home/39. Altibase, Oracle 비교 자료__14058137.md	573	573	S016-D039-F234	builtin_function_table_row	| | CORR_ (CORR_S,CORR_K) | 미 지원 | (CORR 참조)는 Pearson's 상관계수를 계산. |	CORR_; CORR_S; CORR_K); CORR; Pearson; s	arch/Home/Altibase_Oracle Comparison__16875638.md	573	covered	No English change required.	| | CORR_ (CORR_S,CORR_K) | Not supported | (See CORR) Calculate Pearson's correlation coefficient |	none	S016 direct table-row inspection.
S016	DOCK/Home/39. Altibase, Oracle 비교 자료__14058137.md	574	574	S016-D039-F235	builtin_function_table_row	| | COUNT | COUNT | 쿼리에 의해 반환된 행의 수를 반환. |	COUNT	arch/Home/Altibase_Oracle Comparison__16875638.md	574	covered	No English change required.	| | COUNT | COUNT | Return the number of rows returned by the query |	none	S016 direct table-row inspection.
S016	DOCK/Home/39. Altibase, Oracle 비교 자료__14058137.md	575	575	S016-D039-F236	builtin_function_table_row	| | COVAR_POP | COVAR_POP | number조합의 세트의 모집단 공분산을 반환. |	COVAR_POP; number	arch/Home/Altibase_Oracle Comparison__16875638.md	575	covered	No English change required.	| | COVAR_POP | COVAR_POP | Return the population covariance of a set of number combinations |	none	S016 direct table-row inspection.
S016	DOCK/Home/39. Altibase, Oracle 비교 자료__14058137.md	576	576	S016-D039-F237	builtin_function_table_row	| | COVAR_SAMP | COVAR_SAMP | number쌍의 세트의 표본 공분산을 반환. |	COVAR_SAMP; number	arch/Home/Altibase_Oracle Comparison__16875638.md	576	covered	No English change required.	| | COVAR_SAMP | COVAR_SAMP | Return the sample covariance of a set of number pairs |	none	S016 direct table-row inspection.
S016	DOCK/Home/39. Altibase, Oracle 비교 자료__14058137.md	577	577	S016-D039-F238	builtin_function_table_row	| | CUME_DIST | CUME_DIST | 값의 그룹에 있는 값의 누적 분포치를 계산. |	CUME_DIST	arch/Home/Altibase_Oracle Comparison__16875638.md	577	covered	No English change required.	| | CUME_DIST | CUME_DIST | Compute the cumulative distribution of values in a group of values |	none	S016 direct table-row inspection.
S016	DOCK/Home/39. Altibase, Oracle 비교 자료__14058137.md	578	578	S016-D039-F239	builtin_function_table_row	| | DENSE_RANK | DENSE_RANK | ORDER BY절에 사용된 컬럼이나 표현식에 대하여 순위를 부여하는데 RANK()와<br>달리 동일 순위 다음의 순위는 동일 순위의 수와 상관없이 1 증가된 값을 돌려준다 |	DENSE_RANK; ORDER; BY; RANK(); 1	arch/Home/Altibase_Oracle Comparison__16875638.md	578	covered	No English change required.	| | DENSE_RANK | DENSE_RANK | Rank is given to the column or expression used in the ORDER BY clause. Unlike RANK(), the rank after the same rank returns a value that is increased by 1 regardless of the number …	none	S016 direct table-row inspection.
S016	DOCK/Home/39. Altibase, Oracle 비교 자료__14058137.md	579	579	S016-D039-F240	builtin_function_table_row	| | FIRST | FIRST | 주어진 소트 지정에 대해서 FIRST 또는 LAST로서 순위를 주어서 행의 세트로부터<br>값의 세트에 운영하는 집계와 분석 함수. |	FIRST; LAST	arch/Home/Altibase_Oracle Comparison__16875638.md	579	covered	No English change required.	| | FIRST | FIRST | Operate on a set of values from a set of rows by ranking as FIRST or LAST for a given sort specification |	none	S016 direct table-row inspection.
S016	DOCK/Home/39. Altibase, Oracle 비교 자료__14058137.md	580	580	S016-D039-F241	builtin_function_table_row	| | 미 지원 | GROUP_CONCAT | 각 그룹에서 NULL이 아닌 expr1을 연결한 문자열을 반환 |	GROUP_CONCAT; NULL; expr1	arch/Home/Altibase_Oracle Comparison__16875638.md	580	covered	No English change required.	| | Not supported | GROUP_CONCAT | Return the string concatenated with non-NULL expr1 in each group |	none	S016 direct table-row inspection.
S016	DOCK/Home/39. Altibase, Oracle 비교 자료__14058137.md	581	581	S016-D039-F242	builtin_function_table_row	| | LAST | LAST | 행을 서열화 시켜서 마지막 행을 추출. |	LAST	arch/Home/Altibase_Oracle Comparison__16875638.md	581	covered	No English change required.	| | LAST | LAST | The last row is extracted by sequencing the rows |	none	S016 direct table-row inspection.
S016	DOCK/Home/39. Altibase, Oracle 비교 자료__14058137.md	582	582	S016-D039-F243	builtin_function_table_row	| | LISTAGG | LISTAGG | 그룹 내의 모든 로우에 대해 문자열과 구분자를 접합하여 하나의 문자열로 만들어 반환하는 함수이다. |	LISTAGG	arch/Home/Altibase_Oracle Comparison__16875638.md	582	covered	No English change required.	| | LISTAGG | LISTAGG | Return a single string by concatenating a string and a separator for all rows in a group |	none	S016 direct table-row inspection.
S016	DOCK/Home/39. Altibase, Oracle 비교 자료__14058137.md	583	583	S016-D039-F244	builtin_function_table_row	| | MAX | MAX | 인수중에서 최대값을 반환. |	MAX	arch/Home/Altibase_Oracle Comparison__16875638.md	583	covered	No English change required.	| | MAX | MAX | Return the maximum value among arguments |	none	S016 direct table-row inspection.
S016	DOCK/Home/39. Altibase, Oracle 비교 자료__14058137.md	584	584	S016-D039-F245	builtin_function_table_row	| | MIN | MIN | 인수중에서 최소값을 반환. |	MIN	arch/Home/Altibase_Oracle Comparison__16875638.md	584	covered	No English change required.	| | MIN | MIN | Return the minimum value among arguments |	none	S016 direct table-row inspection.
S016	DOCK/Home/39. Altibase, Oracle 비교 자료__14058137.md	585	585	S016-D039-F246	builtin_function_table_row	| | PERCENT_RANK | PERCENT_RANK | 그룹 수에 대한 값의 순위 퍼센트를 반환. |	PERCENT_RANK	arch/Home/Altibase_Oracle Comparison__16875638.md	585	covered	No English change required.	| | PERCENT_RANK | PERCENT_RANK | Return the rank percentage of a value for the number of groups |	none	S016 direct table-row inspection.
S016	DOCK/Home/39. Altibase, Oracle 비교 자료__14058137.md	586	586	S016-D039-F247	builtin_function_table_row	| | PERCENTILE_CONT | PERCENTILE_CONT | 연속된 분포 모델을 가정한 역 분포 함수(inverse distribution function). |	PERCENTILE_CONT; inverse; distribution; function).	arch/Home/Altibase_Oracle Comparison__16875638.md	586	covered	No English change required.	| | PERCENTILE_CONT | PERCENTILE_CONT | Inverse distribution function assuming a continuous distribution model |	none	S016 direct table-row inspection.
S016	DOCK/Home/39. Altibase, Oracle 비교 자료__14058137.md	587	587	S016-D039-F248	builtin_function_table_row	| | PERCENTILE_DISC | PERCENTILE_DISC | 이산 분포 모형을 가정하는 역 분포 함수. |	PERCENTILE_DISC	arch/Home/Altibase_Oracle Comparison__16875638.md	587	covered	No English change required.	| | PERCENTILE_DISC | PERCENTILE_DISC | Inverse distribution function assuming a discrete distribution model |	none	S016 direct table-row inspection.
S016	DOCK/Home/39. Altibase, Oracle 비교 자료__14058137.md	588	588	S016-D039-F249	builtin_function_table_row	| | RANK | RANK | 값의 그룹에서 값의 순위를 계산. |	RANK	arch/Home/Altibase_Oracle Comparison__16875638.md	588	covered	No English change required.	| | RANK | RANK | Calculate the rank of values in a group of values |	none	S016 direct table-row inspection.
S016	DOCK/Home/39. Altibase, Oracle 비교 자료__14058137.md	589	589	S016-D039-F250	builtin_function_table_row	| | REGR_ (Linear Regression) Functions | 미 지원 | 선형회귀함수는 정규 최소 제곱 회귀 선상을 수치 쌍의 세트에 적합. |	REGR_; Linear; Regression); Functions	arch/Home/Altibase_Oracle Comparison__16875638.md	589	covered	No English change required.	| | REGR_ (Linear Regression) Functions | Not supported | The linear regression function fits a normal least squares regression line to a set of numeric pairs |	none	S016 direct table-row inspection.
S016	DOCK/Home/39. Altibase, Oracle 비교 자료__14058137.md	590	590	S016-D039-F251	builtin_function_table_row	| | STDDEV | STDDEV | Number의 조합인 expr의 표본표준편차를 반환. |	STDDEV; Number; expr	arch/Home/Altibase_Oracle Comparison__16875638.md	590	covered	No English change required.	| | STDDEV | STDDEV | Return the sample standard deviation of expr, which is a combination of numbers |	none	S016 direct table-row inspection.
S016	DOCK/Home/39. Altibase, Oracle 비교 자료__14058137.md	591	591	S016-D039-F252	builtin_function_table_row	| | STDDEV_POP | STDDEV_POP | 모집단 표준 편차를 계산하고, 모집단 분산의 제곱근값을 반환. |	STDDEV_POP	arch/Home/Altibase_Oracle Comparison__16875638.md	591	covered	No English change required.	| | STDDEV_POP | STDDEV_POP | Calculate the population standard deviation and return the square root of the population variance |	none	S016 direct table-row inspection.
S016	DOCK/Home/39. Altibase, Oracle 비교 자료__14058137.md	592	592	S016-D039-F253	builtin_function_table_row	| | STDDEV_SAMP | STDDEV_SAMP | 누적 표본 표준편차를 계산하고, 표본 분산의 제곱근값을 반환. |	STDDEV_SAMP	arch/Home/Altibase_Oracle Comparison__16875638.md	592	covered	No English change required.	| | STDDEV_SAMP | STDDEV_SAMP | Calculate the cumulative sample standard deviation and returns the square root of the sample variance |	none	S016 direct table-row inspection.
S016	DOCK/Home/39. Altibase, Oracle 비교 자료__14058137.md	593	593	S016-D039-F254	builtin_function_table_row	| | SUM | SUM | expr의 값의 합을 반환. |	SUM; expr	arch/Home/Altibase_Oracle Comparison__16875638.md	593	covered	No English change required.	| | SUM | SUM | Return the sum of the values of expr |	none	S016 direct table-row inspection.
S016	DOCK/Home/39. Altibase, Oracle 비교 자료__14058137.md	594	594	S016-D039-F255	builtin_function_table_row	| | VAR_POP | VAR_POP | Null값들을 제거한후에 Number 세트의 모집단 분산을 반환. |	VAR_POP; Null; Number	arch/Home/Altibase_Oracle Comparison__16875638.md	594	covered	No English change required.	| | VAR_POP | VAR_POP | Return the population variance of a set of Numbers after removing null values |	none	S016 direct table-row inspection.
S016	DOCK/Home/39. Altibase, Oracle 비교 자료__14058137.md	595	595	S016-D039-F256	builtin_function_table_row	| | VAR_SAMP | VAR_SAMP | null들을 제거한후에 number의 세트의 표본분산을 반환. |	VAR_SAMP; null; number	arch/Home/Altibase_Oracle Comparison__16875638.md	595	covered	No English change required.	| | VAR_SAMP | VAR_SAMP | Return the sampling variance of a set of numbers after removing nulls. |	none	S016 direct table-row inspection.
S016	DOCK/Home/39. Altibase, Oracle 비교 자료__14058137.md	596	596	S016-D039-F257	builtin_function_table_row	| | VARIANCE | VARIANCE | expr의 분산을 반환. |	VARIANCE; expr	arch/Home/Altibase_Oracle Comparison__16875638.md	596	covered	No English change required.	| | VARIANCE | VARIANCE | Return the variance of expr |	none	S016 direct table-row inspection.
S016	DOCK/Home/39. Altibase, Oracle 비교 자료__14058137.md	597	597	S016-D039-F258	builtin_function_table_row	| Object 참조 함수 | DEREF<br>MAKE_REF<br>REF<br>REFTOHEX<br>VALUE | 미 지원 | 객체 참조 함수 |	Object; DEREF; MAKE_REF; REF; REFTOHEX; VALUE	arch/Home/Altibase_Oracle Comparison__16875638.md	597	covered	No English change required.	| Object reference functions | DEREF<br>MAKE_REF<br>REF<br>REFTOHEX<br>VALUE | Not supported | Object reference functions |	none	S016 direct table-row inspection.
S016	DOCK/Home/39. Altibase, Oracle 비교 자료__14058137.md	598	598	S016-D039-F259	builtin_function_table_row	| 모델 함수 | CV<br>ITERATION_NUMBER<br>PRESENTNNV<br>PRESENTV<br>PREVIOUS | 미 지원 | Select 문의 Model_clause에서만 사용 가능 |	CV; ITERATION_NUMBER; PRESENTNNV; PRESENTV; PREVIOUS; Select; Model_clause	arch/Home/Altibase_Oracle Comparison__16875638.md	598	covered	No English change required.	| Model functions | CV<br>ITERATION_NUMBER<br>PRESENTNNV<br>PRESENTV<br>PREVIOUS | Not supported | Available only in Model_clause of Select statement |	none	S016 direct table-row inspection.
S016	DOCK/Home/39. Altibase, Oracle 비교 자료__14058137.md	599	599	S016-D039-F260	builtin_function_table_row	| OLAP 함수 | CUBE_TABLE | 미 지원 | 3차원 데이터를 2차원 데이터로 변환 |	OLAP; CUBE_TABLE; 3; 2	arch/Home/Altibase_Oracle Comparison__16875638.md	599	covered	No English change required.	| OLAP function | CUBE_TABLE | Not supported | Convert 3D data to 2D data |	none	S016 direct table-row inspection.
S016	DOCK/Home/39. Altibase, Oracle 비교 자료__14058137.md	600	600	S016-D039-F261	builtin_function_table_row	| 데이터 카트리지 함수 | DATAOBJ_TO_MAT_PARTITION<br>DATAOBJ_TO_PARTITION | 미 지원 | 데이터 카트리지 개발에 유용함 |	DATAOBJ_TO_MAT_PARTITION; DATAOBJ_TO_PARTITION	arch/Home/Altibase_Oracle Comparison__16875638.md	600	covered	No English change required.	| Data cartridge function | DATAOBJ_TO_MAT_PARTITION<br>DATAOBJ_TO_PARTITION | Not supported | Useful for data cartridge development |	none	S016 direct table-row inspection.
S016	DOCK/Home/39. Altibase, Oracle 비교 자료__14058137.md	601	601	S016-D039-F262	builtin_function_table_row	| 암호화 | DBMS_CRYPTO | AESDECRYPT<br>AESENCRYPT<br>DESDECRYPT<br>DESENCRYPT<br>TDESDECRYPT<br>TRIPLE_DESDECRYPT<br>TDESENCRYPT<br>TRIPLE_DESENCRYPT | |	DBMS_CRYPTO; AESDECRYPT; AESENCRYPT; DESDECRYPT; DESENCRYPT; TDESDECRYPT; TRIPLE_DESDECRYPT; TDESENCRYPT; TRIPLE_DESENCRYPT	arch/Home/Altibase_Oracle Comparison__16875638.md	601	covered	No English change required.	| Encryption | DBMS_CRYPTO | AESDECRYPT<br>AESENCRYPT<br>DESDECRYPT<br>DESENCRYPT<br>TDESDECRYPT<br>TRIPLE_DESDECRYPT<br>TDESENCRYPT<br>TRIPLE_DESENCRYPT | |	none	S016 direct table-row inspection.
S016	DOCK/Home/39. Altibase, Oracle 비교 자료__14058137.md	603	603	S016-D039-U008	version_context	Altibase v5.5 vs ORACLE 10g 비교	Altibase v5.5 vs ORACLE 10g comparison	arch/Home/Altibase_Oracle Comparison__16875638.md	603	covered	No English change required.	Altibase v5.5 vs ORACLE 10g comparison	none	S016 direct inspection.
S016	DOCK/Home/39. Altibase, Oracle 비교 자료__14058137.md	605	605	S016-D039-U009	attachment	[ALTIBASE_ORACLE_비교자료.pdf](https://docs.altibase.com/download/attachments/14058137/ALTIBASE_ORACLE_%EB%B9%84%EA%B5%90%EC%9E%90%EB%A3%8C.pdf?version=1&modificationDate=1697697201000&api=v2)	ALTIBASE_ORACLE_비교자료.pdf; docs.altibase.com/download/attachments/14058137	arch/Home/Altibase_Oracle Comparison__16875638.md	609	covered	No English change required.	English Korean Source Attachments section preserves the URL-backed PDF attachment.	none	S016 direct attachment inspection.
