job_id	ko_path	ko_start_line	ko_end_line	ko_unit_id	unit_type	ko_excerpt	required_identifiers	en_target_paths	en_start_line	coverage_status	action	evidence_excerpt	risk	notes
S017	DOCK/Home/38. Altibase VC 2008 개발가이드__19333567.md	1	11	S017-D038-U001	metadata	--- title: "38. Altibase VC 2008 개발가이드" page_id: "19333567" space_key: "DOCK" space_name: "Technical Documents(한국어)" source_url: "https://docs.altibase.com/pages/viewpage.action?pageId=19333567" updated_at: "2023-11-0...	https://docs.altibase.com/pages/viewpage.action?pageId=19333567"; DOCK; Altibase; 38; 2008; 19333567; 2023; 11	arch/Home/Altibase VC 2008 Development Guide__19333567.md	14	not_applicable	Excluded from technical coverage.	English target has its own translated front matter.	none	Export metadata is not technical content.
S017	DOCK/Home/38. Altibase VC 2008 개발가이드__19333567.md	13	13	S017-D038-U002	heading	# 38. Altibase VC 2008 개발가이드	Altibase; 38; 2008	arch/Home/Altibase VC 2008 Development Guide__19333567.md	14	covered	No English change required.	# Altibase VC 2008 Development Guide	none	S017 direct inspection.
S017	DOCK/Home/38. Altibase VC 2008 개발가이드__19333567.md	14	14	S017-D038-U003	paragraph	Source: https://docs.altibase.com/pages/viewpage.action?pageId=19333567	https://docs.altibase.com/pages/viewpage.action?pageId=19333567; 19333567	arch/Home/Altibase VC 2008 Development Guide__19333567.md	14	not_applicable	Excluded from technical coverage.	English target preserves page source metadata separately.	none	Export source/update metadata is not technical content.
S017	DOCK/Home/38. Altibase VC 2008 개발가이드__19333567.md	15	15	S017-D038-U004	paragraph	Updated: 2023-11-02T13:34:22.000+0900	2023; 11; 34; 22.000; 0900	arch/Home/Altibase VC 2008 Development Guide__19333567.md	14	not_applicable	Excluded from technical coverage.	English target preserves page source metadata separately.	none	Export source/update metadata is not technical content.
S017	DOCK/Home/38. Altibase VC 2008 개발가이드__19333567.md	17	17	S017-D038-U005	list_item	- [개요](#id-38.AltibaseVC2008개발가이드-개요) - [Visual C++ 개발 가이드 문서](#id-38.AltibaseVC2008개발가이드-VisualC++개발가이드문서)	38	arch/Home/Altibase VC 2008 Development Guide__19333567.md	14	not_applicable	Excluded from technical coverage.	English target has generated navigation for the translated headings.	none	Generated Confluence table of contents/navigation.
S017	DOCK/Home/38. Altibase VC 2008 개발가이드__19333567.md	19	19	S017-D038-U006	heading	# 개요	section semantics	arch/Home/Altibase VC 2008 Development Guide__19333567.md	20	covered	No English change required.	# Overview	none	S017 direct inspection.
S017	DOCK/Home/38. Altibase VC 2008 개발가이드__19333567.md	23	23	S017-D038-U007	paragraph	본 문서에서는 Altibase를 사용하여 Visual C++ 2008 개발 가이드 입니다.	2008	arch/Home/Altibase VC 2008 Development Guide__19333567.md	24	covered	No English change required.	This document is a Visual C++ 2008 development guide for using Altibase.	none	S017 direct inspection.
S017	DOCK/Home/38. Altibase VC 2008 개발가이드__19333567.md	25	25	S017-D038-U008	paragraph	이 문서와 관련된 오류 및 개선사항은 기술지원포털 또는 기술지원센터로 문의주시기 바랍니다.	section semantics	arch/Home/Altibase VC 2008 Development Guide__19333567.md	20	covered	No English change required.	# Overview	none	S017 direct inspection.
S017	DOCK/Home/38. Altibase VC 2008 개발가이드__19333567.md	27	27	S017-D038-U009	support	- 기술지원포털 : [http://support.altibase.com](http://support.altibase.com/) ▶ 기술 지식 ▶ Q&A	http://support.altibase.com; http://support.altibase.com/	arch/Home/Altibase VC 2008 Development Guide__19333567.md	28	covered	No English change required.	- Technical support portal: [http://support.altibase.com](http://support.altibase.com/) > Technical Knowledge > Q&A	none	S017 direct inspection.
S017	DOCK/Home/38. Altibase VC 2008 개발가이드__19333567.md	28	28	S017-D038-U010	support	- 기술지원센터 : 02-2082-1114	02; 2082; 1114	arch/Home/Altibase VC 2008 Development Guide__19333567.md	29	covered	No English change required.	- Technical support center: 02-2082-1114	none	S017 direct inspection.
S017	DOCK/Home/38. Altibase VC 2008 개발가이드__19333567.md	30	30	S017-D038-U011	paragraph	이 문서는 정보 제공을 목적으로 제공되며, 사전에 예고 없이 변경될 수 있습니다. 이 문서는 오류가 있을 수 있으며, 상업적 또는 특정 목적에 부합하는 명시적, 묵시적인 책임이 일절 없습니다.	section semantics	arch/Home/Altibase VC 2008 Development Guide__19333567.md	20	not_applicable	Excluded from technical coverage.	English target preserves equivalent legal/support boilerplate where relevant.	none	Nontechnical legal boilerplate recorded explicitly.
S017	DOCK/Home/38. Altibase VC 2008 개발가이드__19333567.md	32	32	S017-D038-U012	paragraph	이 문서에 포함된 Altibase 제품의 특징이나 기능의 개발, 발표 등의 시기는 Altibase 재량입니다.	Altibase	arch/Home/Altibase VC 2008 Development Guide__19333567.md	20	not_applicable	Excluded from technical coverage.	English target preserves equivalent legal/support boilerplate where relevant.	none	Nontechnical legal boilerplate recorded explicitly.
S017	DOCK/Home/38. Altibase VC 2008 개발가이드__19333567.md	34	34	S017-D038-U013	paragraph	Altibase는 이 문서에 대하여 관련된 특허권, 상표권, 저작권 또는 기타 지적 재산권을 보유할 수 있습니다.	section semantics	arch/Home/Altibase VC 2008 Development Guide__19333567.md	20	not_applicable	Excluded from technical coverage.	English target preserves equivalent legal/support boilerplate where relevant.	none	Nontechnical legal boilerplate recorded explicitly.
S017	DOCK/Home/38. Altibase VC 2008 개발가이드__19333567.md	36	36	S017-D038-U014	heading	# Visual C++ 개발 가이드 문서	section semantics	arch/Home/Altibase VC 2008 Development Guide__19333567.md	37	covered	No English change required.	# Visual C++ Development Guide Document	none	S017 direct inspection.
S017	DOCK/Home/38. Altibase VC 2008 개발가이드__19333567.md	40	40	S017-D038-U015	paragraph	본 문서는 Altibase v5를 기반으로 작성 된 문서입니다.	Altibase	arch/Home/Altibase VC 2008 Development Guide__19333567.md	41	covered	No English change required.	This document is based on Altibase v5.	none	S017 direct inspection.
S017	DOCK/Home/38. Altibase VC 2008 개발가이드__19333567.md	42	42	S017-D038-U016	attachment_reference	다운로드 가능 문서 : [ALTIBASE_VC_2008_개발가이드.zip](https://docs.altibase.com/download/attachments/19333567/ALTIBASE_VC_2008_%EA%B0%9C%EB%B0%9C%EA%B0%80%EC%9D%B4%EB%93%9C.zip?version=1&modificationDate=1697696674000&api=v2)	https://docs.altibase.com/download/attachments/19333567/ALTIBASE_VC_2008_%EA%B0%9C%EB%B0%9C%EA%B0%80%EC%9D%B4%EB%93%9C.zip?version=1&modificationDate=1697696674000&api=v2; ALTIBASE_VC_2008_개발가이드.zip; 9C.zip; ALTIBASE_VC_2008_; 19333567; 80; 93; 1	arch/Home/Altibase VC 2008 Development Guide__19333567.md	43	covered	No English change required.	Downloadable document: [ALTIBASE_VC_2008_개발가이드.zip](https://docs.altibase.com/download/attachments/19333567/ALTIBASE_VC_2008_%EA%B0%9C%EB%B0%9C%EA%B0%80%EC%9D%B4%EB%93%9C.zip?version=1&modificationDate=1697696674000&a...	none	S017 direct inspection.
S017	DOCK/Home/40. Oracle to Altibase 변환가이드__7341605.md	1	11	S017-D040-U001	metadata	--- title: "40. Oracle to Altibase 변환가이드" page_id: "7341605" space_key: "DOCK" space_name: "Technical Documents(한국어)" source_url: "https://docs.altibase.com/pages/viewpage.action?pageId=7341605" updated_at: "2025-10-0...	https://docs.altibase.com/pages/viewpage.action?pageId=7341605"; DOCK; Oracle; Altibase; 40; 7341605; 2025; 10	arch/Home/ORACLE to ALTIBASE Conversion Guide__22643038.md	13	not_applicable	Excluded from technical coverage.	English target has its own translated front matter.	none	Export metadata is not technical content.
S017	DOCK/Home/40. Oracle to Altibase 변환가이드__7341605.md	13	13	S017-D040-U002	heading	# 40. Oracle to Altibase 변환가이드	Oracle; Altibase; 40	arch/Home/ORACLE to ALTIBASE Conversion Guide__22643038.md	13	covered	No English change required.	# ORACLE to ALTIBASE Conversion Guide	none	S017 direct inspection.
S017	DOCK/Home/40. Oracle to Altibase 변환가이드__7341605.md	14	14	S017-D040-U003	paragraph	Source: https://docs.altibase.com/pages/viewpage.action?pageId=7341605	https://docs.altibase.com/pages/viewpage.action?pageId=7341605; 7341605	arch/Home/ORACLE to ALTIBASE Conversion Guide__22643038.md	13	not_applicable	Excluded from technical coverage.	English target preserves page source metadata separately.	none	Export source/update metadata is not technical content.
S017	DOCK/Home/40. Oracle to Altibase 변환가이드__7341605.md	15	15	S017-D040-U004	paragraph	Updated: 2025-10-02T09:51:05.000+0900	2025; 10; 51; 05.000; 0900	arch/Home/ORACLE to ALTIBASE Conversion Guide__22643038.md	13	not_applicable	Excluded from technical coverage.	English target preserves page source metadata separately.	none	Export source/update metadata is not technical content.
S017	DOCK/Home/40. Oracle to Altibase 변환가이드__7341605.md	17	17	S017-D040-U005	list_item	- [개요](#id-40.OracletoAltibase변환가이드-개요) - [Migration Process](#id-40.OracletoAltibase변환가이드-MigrationProcess) - [시스템 분석](#id-40.OracletoAltibase변환가이드-시스템분석) - [지원 버전](#id-40.OracletoAltibase변환가이드-지원버전) - [사전 점검 항목](#id...	SQL; 40	arch/Home/ORACLE to ALTIBASE Conversion Guide__22643038.md	13	not_applicable	Excluded from technical coverage.	English target has generated navigation for the translated headings.	none	Generated Confluence table of contents/navigation.
S017	DOCK/Home/40. Oracle to Altibase 변환가이드__7341605.md	19	19	S017-D040-U006	heading	# 개요	section semantics	arch/Home/ORACLE to ALTIBASE Conversion Guide__22643038.md	19	covered	No English change required.	# Overview	none	S017 direct inspection.
S017	DOCK/Home/40. Oracle to Altibase 변환가이드__7341605.md	23	23	S017-D040-U007	paragraph	본 문서는 Oracle Database를 Altibase v7.1 이상으로 전환하는 방법에 대한 문서이다.	Oracle; Altibase; 1	arch/Home/ORACLE to ALTIBASE Conversion Guide__22643038.md	23	covered	No English change required.	This document is about how to migrate Oracle Database to Altibase v7.1 or higher.	none	S017 direct inspection.
S017	DOCK/Home/40. Oracle to Altibase 변환가이드__7341605.md	25	25	S017-D040-U008	paragraph	이 문서와 관련된 궁금사항은 기술지원포털 또는 기술지원센터로 문의주시기 바랍니다.	section semantics	arch/Home/ORACLE to ALTIBASE Conversion Guide__22643038.md	19	covered	No English change required.	# Overview	none	S017 direct inspection.
S017	DOCK/Home/40. Oracle to Altibase 변환가이드__7341605.md	27	27	S017-D040-U009	support	- 기술지원포털 : [http://support.altibase.com](http://support.altibase.com/) ▶ 기술 지식 ▶ Q&A	http://support.altibase.com; http://support.altibase.com/	arch/Home/ORACLE to ALTIBASE Conversion Guide__22643038.md	27	covered	No English change required.	- Technical support portal: [http://support.altibase.com](http://support.altibase.com/) > Technical Knowledge > Q&A	none	S017 direct inspection.
S017	DOCK/Home/40. Oracle to Altibase 변환가이드__7341605.md	28	28	S017-D040-U010	support	- 기술지원센터 : 02-2082-1114	02; 2082; 1114	arch/Home/ORACLE to ALTIBASE Conversion Guide__22643038.md	28	covered	No English change required.	- Technical support center: 02-2082-1114	none	S017 direct inspection.
S017	DOCK/Home/40. Oracle to Altibase 변환가이드__7341605.md	30	30	S017-D040-U011	paragraph	이 문서는 정보 제공을 목적으로 하며, 사전 예고 없이 변경될 수 있습니다.	section semantics	arch/Home/ORACLE to ALTIBASE Conversion Guide__22643038.md	19	not_applicable	Excluded from technical coverage.	English target preserves equivalent legal/support boilerplate where relevant.	none	Nontechnical legal boilerplate recorded explicitly.
S017	DOCK/Home/40. Oracle to Altibase 변환가이드__7341605.md	32	32	S017-D040-U012	paragraph	이 문서는 오류가 있을 수 있으며, 상업적 또는 특정 목적에 부합하는 명시적, 묵시적 책임이 일절 없습니다.	section semantics	arch/Home/ORACLE to ALTIBASE Conversion Guide__22643038.md	19	not_applicable	Excluded from technical coverage.	English target preserves equivalent legal/support boilerplate where relevant.	none	Nontechnical legal boilerplate recorded explicitly.
S017	DOCK/Home/40. Oracle to Altibase 변환가이드__7341605.md	34	34	S017-D040-U013	paragraph	이 문서에 포함된 알티베이스 제품의 특징이나 기능의 개발, 발표 등의 시기는 알티베이스 재량입니다.	section semantics	arch/Home/ORACLE to ALTIBASE Conversion Guide__22643038.md	19	not_applicable	Excluded from technical coverage.	English target preserves equivalent legal/support boilerplate where relevant.	none	Nontechnical legal boilerplate recorded explicitly.
S017	DOCK/Home/40. Oracle to Altibase 변환가이드__7341605.md	36	36	S017-D040-U014	paragraph	알티베이스는 이 문서에 대하여 관련된 특허권, 상표권, 저작권 또는 기타 지적 재산권을 보유할 수 있습니다.	section semantics	arch/Home/ORACLE to ALTIBASE Conversion Guide__22643038.md	19	not_applicable	Excluded from technical coverage.	English target preserves equivalent legal/support boilerplate where relevant.	none	Nontechnical legal boilerplate recorded explicitly.
S017	DOCK/Home/40. Oracle to Altibase 변환가이드__7341605.md	38	38	S017-D040-U015	heading	# Migration Process	section semantics	arch/Home/ORACLE to ALTIBASE Conversion Guide__22643038.md	38	covered	No English change required.	# Migration Process	none	S017 direct inspection.
S017	DOCK/Home/40. Oracle to Altibase 변환가이드__7341605.md	42	42	S017-D040-U016	paragraph	Oracle에서 Altibase로 전환은 다음 절차를 따른다.	section semantics	arch/Home/ORACLE to ALTIBASE Conversion Guide__22643038.md	38	covered	No English change required.	# Migration Process	none	S017 direct inspection.
S017	DOCK/Home/40. Oracle to Altibase 변환가이드__7341605.md	44	44	S017-D040-U017	image_reference	![intro1.png](https://docs.altibase.com/download/attachments/embedded-page/TD/40.%20Oracle%20to%20Altibase%20%EB%B3%80%ED%99%98%20%EA%B0%80%EC%9D%B4%EB%93%9C/intro1.png?api=v2)	https://docs.altibase.com/download/attachments/embedded-page/TD/40.%20Oracle%20to%20Altibase%20%EB%B3%80%ED%99%98%20%EA%B0%80%EC%9D%B4%EB%93%9C/intro1.png?api=v2; TD/40; 40; 20; 80; 99; 98; 93	arch/Home/ORACLE to ALTIBASE Conversion Guide__22643038.md	38	covered	No English change required.	# Migration Process	none	S017 direct inspection.
S017	DOCK/Home/40. Oracle to Altibase 변환가이드__7341605.md	46	46	S017-D040-U018	image_reference	![intro2.PNG](https://docs.altibase.com/download/attachments/embedded-page/TD/40.%20Oracle%20to%20Altibase%20%EB%B3%80%ED%99%98%20%EA%B0%80%EC%9D%B4%EB%93%9C/intro2.PNG?api=v2)	https://docs.altibase.com/download/attachments/embedded-page/TD/40.%20Oracle%20to%20Altibase%20%EB%B3%80%ED%99%98%20%EA%B0%80%EC%9D%B4%EB%93%9C/intro2.PNG?api=v2; PNG; TD/40; 40; 20; 80; 99; 98	arch/Home/ORACLE to ALTIBASE Conversion Guide__22643038.md	38	covered	No English change required.	# Migration Process	none	S017 direct inspection.
S017	DOCK/Home/40. Oracle to Altibase 변환가이드__7341605.md	48	48	S017-D040-U019	heading	# 시스템 분석	section semantics	arch/Home/ORACLE to ALTIBASE Conversion Guide__22643038.md	48	covered	No English change required.	# System Analysis	none	S017 direct inspection.
S017	DOCK/Home/40. Oracle to Altibase 변환가이드__7341605.md	52	52	S017-D040-U020	paragraph	Altibase로 전환 가능한 Oracle 버전 및 환경 구성을 위한 사전 점검 항목에 대해 기술한다.	Oracle	arch/Home/ORACLE to ALTIBASE Conversion Guide__22643038.md	52	covered	No English change required.	Describes the preliminary checklist for Oracle versions and environment configurations that can be migrated to Altibase.	none	S017 direct inspection.
S017	DOCK/Home/40. Oracle to Altibase 변환가이드__7341605.md	54	54	S017-D040-U021	heading	## 지원 버전	section semantics	arch/Home/ORACLE to ALTIBASE Conversion Guide__22643038.md	54	covered	No English change required.	## Supported Version	none	S017 direct inspection.
S017	DOCK/Home/40. Oracle to Altibase 변환가이드__7341605.md	58	58	S017-D040-U022	paragraph	Oracle 12c	Oracle	arch/Home/ORACLE to ALTIBASE Conversion Guide__22643038.md	58	covered	No English change required.	Oracle 12c	none	S017 direct inspection.
S017	DOCK/Home/40. Oracle to Altibase 변환가이드__7341605.md	60	60	S017-D040-U023	heading	## 사전 점검 항목	section semantics	arch/Home/ORACLE to ALTIBASE Conversion Guide__22643038.md	60	covered	No English change required.	## Preliminary Checklist	none	S017 direct inspection.
S017	DOCK/Home/40. Oracle to Altibase 변환가이드__7341605.md	64	64	S017-D040-U024	paragraph	Oracle에서 Altibase로 전환하기 위해서는 Oracle의 기본 정보들을 취합하여야 한다.	section semantics	arch/Home/ORACLE to ALTIBASE Conversion Guide__22643038.md	60	covered	No English change required.	## Preliminary Checklist	none	S017 direct inspection.
S017	DOCK/Home/40. Oracle to Altibase 변환가이드__7341605.md	66	66	S017-D040-U025	heading	### 환경 분석	section semantics	arch/Home/ORACLE to ALTIBASE Conversion Guide__22643038.md	66	covered	No English change required.	### Environment Analysis	none	S017 direct inspection.
S017	DOCK/Home/40. Oracle to Altibase 변환가이드__7341605.md	70	70	S017-D040-U026	list_item	- Oracle 버전	Oracle	arch/Home/ORACLE to ALTIBASE Conversion Guide__22643038.md	70	covered	No English change required.	- Oracle version	none	S017 direct inspection.
S017	DOCK/Home/40. Oracle to Altibase 변환가이드__7341605.md	71	71	S017-D040-U027	list_item	- Oracle이 설치된 시스템의 OS 및 HW Spec (Cpu, Memory, Disk 등)	section semantics	arch/Home/ORACLE to ALTIBASE Conversion Guide__22643038.md	66	covered	No English change required.	### Environment Analysis	none	S017 direct inspection.
S017	DOCK/Home/40. Oracle to Altibase 변환가이드__7341605.md	72	72	S017-D040-U028	list_item	- Altibase 버전	Altibase	arch/Home/ORACLE to ALTIBASE Conversion Guide__22643038.md	72	covered	No English change required.	- Altibase version	none	S017 direct inspection.
S017	DOCK/Home/40. Oracle to Altibase 변환가이드__7341605.md	73	73	S017-D040-U029	list_item	- Altibase가 설치될 시스템의 OS 및 HW Spec (Cpu, Memory, Disk 등)	section semantics	arch/Home/ORACLE to ALTIBASE Conversion Guide__22643038.md	66	covered	No English change required.	### Environment Analysis	none	S017 direct inspection.
S017	DOCK/Home/40. Oracle to Altibase 변환가이드__7341605.md	74	74	S017-D040-U030	list_item	- Database 서버의 Storage 제품, 사양(Cpu, Memory Network) 및 구성 (RAID1/RAID5 등)	RAID1/RAID5	arch/Home/ORACLE to ALTIBASE Conversion Guide__22643038.md	74	covered	No English change required.	- Storage product, specifications (CPU, memory, network), and configuration (RAID1/RAID5, etc.) of the database server	none	S017 direct inspection.
S017	DOCK/Home/40. Oracle to Altibase 변환가이드__7341605.md	75	75	S017-D040-U031	list_item	- Database 서버와 Storage 간의 Network 구성 및 속도	section semantics	arch/Home/ORACLE to ALTIBASE Conversion Guide__22643038.md	66	covered	No English change required.	### Environment Analysis	none	S017 direct inspection.
S017	DOCK/Home/40. Oracle to Altibase 변환가이드__7341605.md	77	77	S017-D040-U032	heading	### Oracle 분석	Oracle	arch/Home/ORACLE to ALTIBASE Conversion Guide__22643038.md	77	covered	No English change required.	### Oracle Analysis	none	S017 direct inspection.
S017	DOCK/Home/40. Oracle to Altibase 변환가이드__7341605.md	81	81	S017-D040-U033	list_item	- Tablespace 개수 및 사이즈	section semantics	arch/Home/ORACLE to ALTIBASE Conversion Guide__22643038.md	77	covered	No English change required.	### Oracle Analysis	none	S017 direct inspection.
S017	DOCK/Home/40. Oracle to Altibase 변환가이드__7341605.md	82	82	S017-D040-U034	list_item	- Table 개수 및 사이즈	section semantics	arch/Home/ORACLE to ALTIBASE Conversion Guide__22643038.md	77	covered	No English change required.	### Oracle Analysis	none	S017 direct inspection.
S017	DOCK/Home/40. Oracle to Altibase 변환가이드__7341605.md	83	83	S017-D040-U035	list_item	- Object 개수 및 사이즈	section semantics	arch/Home/ORACLE to ALTIBASE Conversion Guide__22643038.md	77	covered	No English change required.	### Oracle Analysis	none	S017 direct inspection.
S017	DOCK/Home/40. Oracle to Altibase 변환가이드__7341605.md	84	84	S017-D040-U036	list_item	- Oracle 서버의 Physical Memory / Swap 사이즈	Oracle	arch/Home/ORACLE to ALTIBASE Conversion Guide__22643038.md	77	covered	No English change required.	### Oracle Analysis	none	S017 direct inspection.
S017	DOCK/Home/40. Oracle to Altibase 변환가이드__7341605.md	85	85	S017-D040-U037	list_item	- 전체 Query 중 Function/Procedure의 비중	section semantics	arch/Home/ORACLE to ALTIBASE Conversion Guide__22643038.md	77	covered	No English change required.	### Oracle Analysis	none	S017 direct inspection.
S017	DOCK/Home/40. Oracle to Altibase 변환가이드__7341605.md	87	87	S017-D040-U038	heading	### 비즈니스 분석	section semantics	arch/Home/ORACLE to ALTIBASE Conversion Guide__22643038.md	87	covered	No English change required.	### Business Analysis	none	S017 direct inspection.
S017	DOCK/Home/40. Oracle to Altibase 변환가이드__7341605.md	91	91	S017-D040-U039	list_item	- 온라인성 업무와 배치성 업무의 구성 비율	section semantics	arch/Home/ORACLE to ALTIBASE Conversion Guide__22643038.md	87	covered	No English change required.	### Business Analysis	none	S017 direct inspection.
S017	DOCK/Home/40. Oracle to Altibase 변환가이드__7341605.md	92	92	S017-D040-U040	list_item	- 배치성 업무의 Query 복잡도 (Join, Group By, Order By 등)	section semantics	arch/Home/ORACLE to ALTIBASE Conversion Guide__22643038.md	87	covered	No English change required.	### Business Analysis	none	S017 direct inspection.
S017	DOCK/Home/40. Oracle to Altibase 변환가이드__7341605.md	93	93	S017-D040-U041	list_item	- 배치성 업무의 동시 작업(Query) 수	section semantics	arch/Home/ORACLE to ALTIBASE Conversion Guide__22643038.md	87	covered	No English change required.	### Business Analysis	none	S017 direct inspection.
S017	DOCK/Home/40. Oracle to Altibase 변환가이드__7341605.md	95	95	S017-D040-U042	heading	# SQL 변환 가이드	SQL	arch/Home/ORACLE to ALTIBASE Conversion Guide__22643038.md	95	covered	No English change required.	# SQL Conversion Guide	none	S017 direct inspection.
S017	DOCK/Home/40. Oracle to Altibase 변환가이드__7341605.md	99	99	S017-D040-U043	paragraph	Oracle에서 Altibase로 전환 시 SQL 변환 방법에 대한 설명이다.	SQL	arch/Home/ORACLE to ALTIBASE Conversion Guide__22643038.md	95	covered	No English change required.	# SQL Conversion Guide	none	S017 direct inspection.
S017	DOCK/Home/40. Oracle to Altibase 변환가이드__7341605.md	101	101	S017-D040-U044	heading	## 데이터 타입 변환	section semantics	arch/Home/ORACLE to ALTIBASE Conversion Guide__22643038.md	101	covered	No English change required.	## Data type conversion	none	S017 direct inspection.
S017	DOCK/Home/40. Oracle to Altibase 변환가이드__7341605.md	105	105	S017-D040-U045	paragraph	Oracle의 데이터 타입을 Altibase로 변환할 때 고려할 사항에 대하여 기술한다.	section semantics	arch/Home/ORACLE to ALTIBASE Conversion Guide__22643038.md	101	covered	No English change required.	## Data type conversion	none	S017 direct inspection.
S017	DOCK/Home/40. Oracle to Altibase 변환가이드__7341605.md	107	107	S017-D040-U046	table_row	| 분류 | Oracle | Altibase | Oracle 최대 크기 | Altibase 최대 크기 | 비고 |	Oracle; Altibase	arch/Home/ORACLE to ALTIBASE Conversion Guide__22643038.md	107	covered	No English change required.	| Category | Oracle | Altibase | Oracle Max Size | Altibase Max Size | Note |	none	S017 direct table-row alignment.
S017	DOCK/Home/40. Oracle to Altibase 변환가이드__7341605.md	109	109	S017-D040-U047	table_row	| 문자 타입 | CHAR | CHAR | 2000 bytes | 32000 bytes | |	CHAR; 2000; 32000	arch/Home/ORACLE to ALTIBASE Conversion Guide__22643038.md	109	covered	No English change required.	| Character Types | CHAR | CHAR | 2000 bytes | 32000 bytes | |	none	S017 direct table-row alignment.
S017	DOCK/Home/40. Oracle to Altibase 변환가이드__7341605.md	110	110	S017-D040-U048	table_row	| VARCHAR2,VARCHAR | VARCHAR2,VARCHAR | 4000 bytes | 32000 bytes | Oracle에서 MAX_STRING_SIZE=EXTENDED일 경우, 32767 bytes | |	VARCHAR2; VARCHAR; MAX_STRING_SIZE; 4000; 32000; 32767	arch/Home/ORACLE to ALTIBASE Conversion Guide__22643038.md	110	covered	No English change required.	| VARCHAR2,VARCHAR | VARCHAR2,VARCHAR | 4000 bytes | 32000 bytes | If MAX_STRING_SIZE=EXTENDED in Oracle, 32767 bytes | |	none	S017 direct table-row alignment.
S017	DOCK/Home/40. Oracle to Altibase 변환가이드__7341605.md	111	111	S017-D040-U049	table_row	| NCHAR | NCHAR | 1000(UTF16), 666(UTF8)<br>최대 2000 bytes | 16000(UTF16), 10666(UTF8)<br>최대 32000 bytes | | |	NCHAR; UTF16; UTF8; 1000; 666; 2000; 16000; 10666	arch/Home/ORACLE to ALTIBASE Conversion Guide__22643038.md	111	covered	No English change required.	| NCHAR | NCHAR | 1000(UTF16), 666(UTF8)<br>Max 2000 bytes | 16000(UTF16), 10666(UTF8)<br>Max 32000 bytes | | |	none	S017 direct table-row alignment.
S017	DOCK/Home/40. Oracle to Altibase 변환가이드__7341605.md	112	112	S017-D040-U050	table_row	| NVARCHAR2 | NVARCHAR | 2000(UTF16), 1333(UTF8)<br>최대 4000 bytes | 16000(UTF16), 10666(UTF8)<br>최대 32000 bytes | Oracle에서 MAX_STRING_SIZE=EXTENDED일 경우, 16383(UTF16), 10922(UTF8)<br>최대 32767 bytes | |	NVARCHAR2; NVARCHAR; UTF16; UTF8; MAX_STRING_SIZE; 2000; 1333; 4000	arch/Home/ORACLE to ALTIBASE Conversion Guide__22643038.md	112	covered	No English change required.	| NVARCHAR2 | NVARCHAR | 2000(UTF16), 1333(UTF8)<br>Max 4000 bytes | 16000(UTF16), 10666(UTF8)<br>Max 32000 bytes | If MAX_STRING_SIZE=EXTENDED in Oracle, 16383 (UTF16), 10922 (UTF8) Max 32767 bytes | |	none	S017 direct table-row alignment.
S017	DOCK/Home/40. Oracle to Altibase 변환가이드__7341605.md	113	113	S017-D040-U051	table_row	| 숫자 타입 | NUMBER NUMBER(p) NUMERIC(p, s) | NUMBER NUMBER(p) NUMERIC(p, s) | | | NUMBER(38)은 정수형이므로 최대 크기를 고려하여 SMALLINT, INTEGER, BIGINT 등 native type으로 전환을 권장한다.<br>native type을 사용할 경우, 데이터 처리 시 변환 비용에 따른 Overhead를 줄...	NUMBER; NUMERIC; SMALLINT; INTEGER; BIGINT; 38	arch/Home/ORACLE to ALTIBASE Conversion Guide__22643038.md	113	covered	No English change required.	| Number Types | NUMBER NUMBER(p) NUMERIC(p, s) | NUMBER NUMBER(p) NUMERIC(p, s) | | | NUMBER(38) is an integer type; it is recommended to convert it to native types such as SMALLINT, INTEGER, BIGINT, etc., considerin...	none	S017 direct table-row alignment.
S017	DOCK/Home/40. Oracle to Altibase 변환가이드__7341605.md	114	114	S017-D040-U052	table_row	| FLOAT FLOAT(p) | FLOAT FLOAT(p) | | | | |	FLOAT	arch/Home/ORACLE to ALTIBASE Conversion Guide__22643038.md	114	covered	No English change required.	| FLOAT FLOAT(p) | FLOAT FLOAT(p) | | | | |	none	S017 direct table-row alignment.
S017	DOCK/Home/40. Oracle to Altibase 변환가이드__7341605.md	115	115	S017-D040-U053	table_row	| BINARY_FLOAT | REAL | | | 4 bytes 실수형 타입 | |	BINARY_FLOAT; REAL; 4	arch/Home/ORACLE to ALTIBASE Conversion Guide__22643038.md	115	covered	No English change required.	| BINARY_FLOAT | REAL | | | 4-byte floating point type | |	none	S017 direct table-row alignment.
S017	DOCK/Home/40. Oracle to Altibase 변환가이드__7341605.md	116	116	S017-D040-U054	table_row	| BINARY_DOUBLE | DOUBLE | | | 8 bytes 실수형 타입 | |	BINARY_DOUBLE; DOUBLE; 8	arch/Home/ORACLE to ALTIBASE Conversion Guide__22643038.md	116	covered	No English change required.	| BINARY_DOUBLE | DOUBLE | | | 8-byte floating point type | |	none	S017 direct table-row alignment.
S017	DOCK/Home/40. Oracle to Altibase 변환가이드__7341605.md	117	117	S017-D040-U055	table_row	| LONG & RAW 타입 | LONG | CLOB | 2 GB | 4 GB - 1 | Altibase CLOB으로 대체 가능 |	LONG; RAW; CLOB; Altibase; 2; 4; 1	arch/Home/ORACLE to ALTIBASE Conversion Guide__22643038.md	117	covered	No English change required.	| LONG & RAW Types | LONG | CLOB | 2 GB | 4 GB - 1 | Can be replaced with Altibase CLOB |	none	S017 direct table-row alignment.
S017	DOCK/Home/40. Oracle to Altibase 변환가이드__7341605.md	118	118	S017-D040-U056	table_row	| LONG RAW | BLOB | 2 GB | 4 GB - 1 | Altibase BLOB으로 대체 가능 | |	LONG; RAW; BLOB; Altibase; 2; 4; 1	arch/Home/ORACLE to ALTIBASE Conversion Guide__22643038.md	118	covered	No English change required.	| LONG RAW | BLOB | 2 GB | 4 GB - 1 | Can be replaced with Altibase BLOB | |	none	S017 direct table-row alignment.
S017	DOCK/Home/40. Oracle to Altibase 변환가이드__7341605.md	119	119	S017-D040-U057	table_row	| RAW (size) | BLOB | 2000 bytes | 4 GB - 1 | Oracle에서 MAX_STRING_SIZE=EXTENDED일 경우, 32767 bytes<br>Altibase BLOB으로 대체 가능 | |	RAW; BLOB; MAX_STRING_SIZE; Altibase; 2000; 4; 1; 32767	arch/Home/ORACLE to ALTIBASE Conversion Guide__22643038.md	119	covered	No English change required.	| RAW (size) | BLOB | 2000 bytes | 4 GB - 1 | If MAX_STRING_SIZE=EXTENDED in Oracle, 32767 bytes<br>Can be replaced with Altibase BLOB | |	none	S017 direct table-row alignment.
S017	DOCK/Home/40. Oracle to Altibase 변환가이드__7341605.md	120	120	S017-D040-U058	table_row	| 날짜 타입 | DATE | DATE | | | Altibase DATE : 8 bytes. 범위는 1년 1월 1일부터 9999년 12월 31일. 년, 월, 일, 시, 분, 초, 마이크로초까지 저장 가능<br>Oracle DATE : 7 bytes. 범위는 BC 4712년 1월1일 ~ AD 9999년 12월 31일. 년,월,일,시,분,초까지 저장 가능 |	DATE; Altibase; Oracle; 8; 7	arch/Home/ORACLE to ALTIBASE Conversion Guide__22643038.md	120	covered	No English change required.	| Date Types | DATE | DATE | | | Altibase DATE: 8 bytes. Range: Jan 1, year 1 to Dec 31, 9999. Stores year, month, day, hour, minute, second, and microseconds. Oracle DATE: 7 bytes. Range: Jan 1, 4712 BC to Dec 31, 99...	none	S017 direct table-row alignment.
S017	DOCK/Home/40. Oracle to Altibase 변환가이드__7341605.md	121	121	S017-D040-U059	table_row	| INTERVAL YEAR TO MONTH | - | | | Altibase 미 지원 | |	INTERVAL; YEAR; MONTH; Altibase	arch/Home/ORACLE to ALTIBASE Conversion Guide__22643038.md	121	covered	No English change required.	| INTERVAL YEAR TO MONTH | - | | | Not supported in Altibase | |	none	S017 direct table-row alignment.
S017	DOCK/Home/40. Oracle to Altibase 변환가이드__7341605.md	122	122	S017-D040-U060	table_row	| INTERVAL DAY TO SECOND | - | | | Altibase 미 지원 | |	INTERVAL; DAY; SECOND; Altibase	arch/Home/ORACLE to ALTIBASE Conversion Guide__22643038.md	122	covered	No English change required.	| INTERVAL DAY TO SECOND | - | | | Not supported in Altibase | |	none	S017 direct table-row alignment.
S017	DOCK/Home/40. Oracle to Altibase 변환가이드__7341605.md	123	123	S017-D040-U061	table_row	| TIMESTAMP WITH TIME ZONE | - | | | Altibase 미 지원 | |	TIMESTAMP; WITH; TIME; ZONE; Altibase	arch/Home/ORACLE to ALTIBASE Conversion Guide__22643038.md	123	covered	No English change required.	| TIMESTAMP WITH TIME ZONE | - | | | Not supported in Altibase | |	none	S017 direct table-row alignment.
S017	DOCK/Home/40. Oracle to Altibase 변환가이드__7341605.md	124	124	S017-D040-U062	table_row	| TIMESTAMP WITH LOCAL TIME ZONE | - | | | Altibase 미 지원 | |	TIMESTAMP; WITH; LOCAL; TIME; ZONE; Altibase	arch/Home/ORACLE to ALTIBASE Conversion Guide__22643038.md	124	covered	No English change required.	| TIMESTAMP WITH LOCAL TIME ZONE | - | | | Not supported in Altibase | |	none	S017 direct table-row alignment.
S017	DOCK/Home/40. Oracle to Altibase 변환가이드__7341605.md	125	125	S017-D040-U063	table_row	| TIMESTAMP | DATE | | | Altibase DATE로 대체 가능<br>Altibase DATE : 초 정보의 정밀도를 6자리(microsec)까지 표현 가능<br>Oracle TIMESTAMP : 초 정보의 정밀도를 9자리까지 표현 가능<br>* 참고 : Altibase의 TIMESTAMP는 사용자가 값을 입력할 수 없다. | |	TIMESTAMP; DATE; Altibase; Oracle	arch/Home/ORACLE to ALTIBASE Conversion Guide__22643038.md	125	covered	No English change required.	| TIMESTAMP | DATE | | | Can be replaced with Altibase DATE Altibase DATE supports second precision up to 6 digits (microseconds) Oracle TIMESTAMP supports second precision up to 9 digits *Note: In Altibase, TIMESTAMP...	none	S017 direct table-row alignment.
S017	DOCK/Home/40. Oracle to Altibase 변환가이드__7341605.md	126	126	S017-D040-U064	table_row	| 대용량 타입 | BLOB | BLOB | (4 GB - 1) * (database block size) | 4 GB - 1 | |	BLOB; 4; 1	arch/Home/ORACLE to ALTIBASE Conversion Guide__22643038.md	126	covered	No English change required.	| Large Object Types | BLOB | BLOB | (4 GB - 1) * (database block size) | 4 GB - 1 | |	none	S017 direct table-row alignment.
S017	DOCK/Home/40. Oracle to Altibase 변환가이드__7341605.md	127	127	S017-D040-U065	table_row	| CLOB | CLOB | (4 GB - 1) * (database block size) | 4 GB - 1 | | |	CLOB; 4; 1	arch/Home/ORACLE to ALTIBASE Conversion Guide__22643038.md	127	covered	No English change required.	| CLOB | CLOB | (4 GB - 1) * (database block size) | 4 GB - 1 | | |	none	S017 direct table-row alignment.
S017	DOCK/Home/40. Oracle to Altibase 변환가이드__7341605.md	128	128	S017-D040-U066	table_row	| NCLOB | CLOB | (4 GB - 1) * (database block size) | 4 GB - 1 | Altibase CLOB으로 대체 가능 | |	NCLOB; CLOB; Altibase; 4; 1	arch/Home/ORACLE to ALTIBASE Conversion Guide__22643038.md	128	covered	No English change required.	| NCLOB | CLOB | (4 GB - 1) * (database block size) | 4 GB - 1 | Can be replaced with Altibase CLOB | |	none	S017 direct table-row alignment.
S017	DOCK/Home/40. Oracle to Altibase 변환가이드__7341605.md	129	129	S017-D040-U067	table_row	| BFILE | BLOB | 4 GB | 4 GB - 1 | Altibase BLOB으로 대체 가능 | |	BFILE; BLOB; Altibase; 4; 1	arch/Home/ORACLE to ALTIBASE Conversion Guide__22643038.md	129	covered	No English change required.	| BFILE | BLOB | 4 GB | 4 GB - 1 | Can be replaced with Altibase BLOB | |	none	S017 direct table-row alignment.
S017	DOCK/Home/40. Oracle to Altibase 변환가이드__7341605.md	130	130	S017-D040-U068	table_row	| ROWID 타입 | ROWID | - | | | Altibase 미 지원 |	ROWID; Altibase	arch/Home/ORACLE to ALTIBASE Conversion Guide__22643038.md	130	covered	No English change required.	| ROWID Types | ROWID | - | | | Not supported in Altibase |	none	S017 direct table-row alignment.
S017	DOCK/Home/40. Oracle to Altibase 변환가이드__7341605.md	131	131	S017-D040-U069	table_row	| UROWID | - | | | Altibase 미 지원 | |	UROWID; Altibase	arch/Home/ORACLE to ALTIBASE Conversion Guide__22643038.md	131	covered	No English change required.	| UROWID | - | | | Not supported in Altibase | |	none	S017 direct table-row alignment.
S017	DOCK/Home/40. Oracle to Altibase 변환가이드__7341605.md	132	132	S017-D040-U070	table_row	| Any 타입 | ANYTYPE | - | | | Altibase 미 지원 |	ANYTYPE; Altibase	arch/Home/ORACLE to ALTIBASE Conversion Guide__22643038.md	132	covered	No English change required.	| Any Types | ANYTYPE | - | | | Not supported in Altibase |	none	S017 direct table-row alignment.
S017	DOCK/Home/40. Oracle to Altibase 변환가이드__7341605.md	133	133	S017-D040-U071	table_row	| ANYDATA | - | | | Altibase 미 지원 | |	ANYDATA; Altibase	arch/Home/ORACLE to ALTIBASE Conversion Guide__22643038.md	133	covered	No English change required.	| ANYDATA | - | | | Not supported in Altibase | |	none	S017 direct table-row alignment.
S017	DOCK/Home/40. Oracle to Altibase 변환가이드__7341605.md	134	134	S017-D040-U072	table_row	| ANYDATASET | - | | | Altibase 미 지원 | |	ANYDATASET; Altibase	arch/Home/ORACLE to ALTIBASE Conversion Guide__22643038.md	134	covered	No English change required.	| ANYDATASET | - | | | Not supported in Altibase | |	none	S017 direct table-row alignment.
S017	DOCK/Home/40. Oracle to Altibase 변환가이드__7341605.md	135	135	S017-D040-U073	table_row	| XML 타입 | XMLType | - | | | Altibase 미 지원 |	XML; Altibase	arch/Home/ORACLE to ALTIBASE Conversion Guide__22643038.md	135	covered	No English change required.	| XML Types | XMLType | - | | | Not supported in Altibase |	none	S017 direct table-row alignment.
S017	DOCK/Home/40. Oracle to Altibase 변환가이드__7341605.md	136	136	S017-D040-U074	table_row	| URI Data Types | - | | | Altibase 미 지원 | |	URI; Altibase	arch/Home/ORACLE to ALTIBASE Conversion Guide__22643038.md	136	covered	No English change required.	| URI Data Types | - | | | Not supported in Altibase | |	none	S017 direct table-row alignment.
S017	DOCK/Home/40. Oracle to Altibase 변환가이드__7341605.md	137	137	S017-D040-U075	table_row	| URIFactory Package | - | | | Altibase 미 지원 | |	Altibase	arch/Home/ORACLE to ALTIBASE Conversion Guide__22643038.md	137	covered	No English change required.	| URIFactory Package | - | | | Not supported in Altibase | |	none	S017 direct table-row alignment.
S017	DOCK/Home/40. Oracle to Altibase 변환가이드__7341605.md	138	138	S017-D040-U076	table_row	| Spatial 타입 | SDO_GEOMETRY | GEOMETRY | | 16 bytes ~ 100 MB<br>기본값 : 32,000 bytes | Altibase GEOMETRY으로 대체 가능 |	SDO_GEOMETRY; GEOMETRY; Altibase; 16; 100; 32; 000	arch/Home/ORACLE to ALTIBASE Conversion Guide__22643038.md	138	covered	No English change required.	| Spatial Types | SDO_GEOMETRY | GEOMETRY | | 16 bytes ~ 100 MB<br>default: 32,000 bytes | Can be replaced with Altibase GEOMETRY |	none	S017 direct table-row alignment.
S017	DOCK/Home/40. Oracle to Altibase 변환가이드__7341605.md	139	139	S017-D040-U077	table_row	| SDO_TOPO_GEOMETRY | - | | | Altibase 미 지원 | |	SDO_TOPO_GEOMETRY; Altibase	arch/Home/ORACLE to ALTIBASE Conversion Guide__22643038.md	139	covered	No English change required.	| SDO_TOPO_GEOMETRY | - | | | Not supported in Altibase | |	none	S017 direct table-row alignment.
S017	DOCK/Home/40. Oracle to Altibase 변환가이드__7341605.md	140	140	S017-D040-U078	table_row	| SDO_GEORASTER | - | | | Altibase 미 지원 | |	SDO_GEORASTER; Altibase	arch/Home/ORACLE to ALTIBASE Conversion Guide__22643038.md	140	covered	No English change required.	| SDO_GEORASTER | - | | | Not supported in Altibase | |	none	S017 direct table-row alignment.
S017	DOCK/Home/40. Oracle to Altibase 변환가이드__7341605.md	141	141	S017-D040-U079	table_row	| Media 타입 | ORDAudio | - | | | Altibase 미 지원 |	Altibase	arch/Home/ORACLE to ALTIBASE Conversion Guide__22643038.md	141	covered	No English change required.	| Media Types | ORDAudio | - | | | Not supported in Altibase |	none	S017 direct table-row alignment.
S017	DOCK/Home/40. Oracle to Altibase 변환가이드__7341605.md	142	142	S017-D040-U080	table_row	| ORDDicom | - | | | Altibase 미 지원 | |	Altibase	arch/Home/ORACLE to ALTIBASE Conversion Guide__22643038.md	142	covered	No English change required.	| ORDDicom | - | | | Not supported in Altibase | |	none	S017 direct table-row alignment.
S017	DOCK/Home/40. Oracle to Altibase 변환가이드__7341605.md	143	143	S017-D040-U081	table_row	| ORDDoc | - | | | Altibase 미 지원 | |	Altibase	arch/Home/ORACLE to ALTIBASE Conversion Guide__22643038.md	143	covered	No English change required.	| ORDDoc | - | | | Not supported in Altibase | |	none	S017 direct table-row alignment.
S017	DOCK/Home/40. Oracle to Altibase 변환가이드__7341605.md	144	144	S017-D040-U082	table_row	| ORDImage | - | | | Altibase 미 지원 | |	Altibase	arch/Home/ORACLE to ALTIBASE Conversion Guide__22643038.md	144	covered	No English change required.	| ORDImage | - | | | Not supported in Altibase | |	none	S017 direct table-row alignment.
S017	DOCK/Home/40. Oracle to Altibase 변환가이드__7341605.md	145	145	S017-D040-U083	table_row	| ORDVideo | - | | | Altibase 미 지원 | |	Altibase	arch/Home/ORACLE to ALTIBASE Conversion Guide__22643038.md	145	covered	No English change required.	| ORDVideo | - | | | Not supported in Altibase | |	none	S017 direct table-row alignment.
S017	DOCK/Home/40. Oracle to Altibase 변환가이드__7341605.md	146	146	S017-D040-U084	table_row	| still_image_object_types | - | | | Altibase 미 지원 | |	Altibase	arch/Home/ORACLE to ALTIBASE Conversion Guide__22643038.md	146	covered	No English change required.	| still_image_object_types | - | | | Not supported in Altibase | |	none	S017 direct table-row alignment.
S017	DOCK/Home/40. Oracle to Altibase 변환가이드__7341605.md	148	148	S017-D040-U085	heading	## Object 변환	section semantics	arch/Home/ORACLE to ALTIBASE Conversion Guide__22643038.md	148	covered	No English change required.	## Object Conversion	none	S017 direct inspection.
S017	DOCK/Home/40. Oracle to Altibase 변환가이드__7341605.md	152	152	S017-D040-U086	paragraph	Oracle Object들을 Altibase로 변환할 때 고려할 사항에 대해 기술한다.	Oracle	arch/Home/ORACLE to ALTIBASE Conversion Guide__22643038.md	152	covered	No English change required.	Describes considerations when converting Oracle objects to Altibase.	none	S017 direct inspection.
S017	DOCK/Home/40. Oracle to Altibase 변환가이드__7341605.md	154	154	S017-D040-U087	heading	### Object 비교	section semantics	arch/Home/ORACLE to ALTIBASE Conversion Guide__22643038.md	154	covered	No English change required.	### Object Comparison	none	S017 direct inspection.
S017	DOCK/Home/40. Oracle to Altibase 변환가이드__7341605.md	158	158	S017-D040-U088	table_row	| 분류 | Oracle | Altibase |	Oracle; Altibase	arch/Home/ORACLE to ALTIBASE Conversion Guide__22643038.md	158	covered	No English change required.	| Category | Oracle | Altibase |	none	S017 direct table-row alignment.
S017	DOCK/Home/40. Oracle to Altibase 변환가이드__7341605.md	160	160	S017-D040-U089	table_row	| Schema Object | ANALYTIC VIEW | 미 지원 |	ANALYTIC; VIEW	arch/Home/ORACLE to ALTIBASE Conversion Guide__22643038.md	160	covered	No English change required.	| Schema Object | ANALYTIC VIEW | Not supported |	none	S017 direct table-row alignment.
S017	DOCK/Home/40. Oracle to Altibase 변환가이드__7341605.md	161	161	S017-D040-U090	table_row	| ATTRIBUTE DIMENSION | 미 지원 | |	ATTRIBUTE; DIMENSION	arch/Home/ORACLE to ALTIBASE Conversion Guide__22643038.md	161	covered	No English change required.	| ATTRIBUTE DIMENSION | Not supported | |	none	S017 direct table-row alignment.
S017	DOCK/Home/40. Oracle to Altibase 변환가이드__7341605.md	162	162	S017-D040-U091	table_row	| CLUSTER | 미 지원 | |	CLUSTER	arch/Home/ORACLE to ALTIBASE Conversion Guide__22643038.md	162	covered	No English change required.	| CLUSTER | Not supported | |	none	S017 direct table-row alignment.
S017	DOCK/Home/40. Oracle to Altibase 변환가이드__7341605.md	163	163	S017-D040-U092	table_row	| CONSTRAINT | 지원 | |	CONSTRAINT	arch/Home/ORACLE to ALTIBASE Conversion Guide__22643038.md	163	covered	No English change required.	| CONSTRAINT | Supported | |	none	S017 direct table-row alignment.
S017	DOCK/Home/40. Oracle to Altibase 변환가이드__7341605.md	164	164	S017-D040-U093	table_row	| DATABASE LINK | 지원 | |	DATABASE; LINK	arch/Home/ORACLE to ALTIBASE Conversion Guide__22643038.md	164	covered	No English change required.	| DATABASE LINK | Supported | |	none	S017 direct table-row alignment.
S017	DOCK/Home/40. Oracle to Altibase 변환가이드__7341605.md	165	165	S017-D040-U094	table_row	| DATABASE TRIGGER | 지원 | |	DATABASE; TRIGGER	arch/Home/ORACLE to ALTIBASE Conversion Guide__22643038.md	165	covered	No English change required.	| DATABASE TRIGGER | Supported | |	none	S017 direct table-row alignment.
S017	DOCK/Home/40. Oracle to Altibase 변환가이드__7341605.md	166	166	S017-D040-U095	table_row	| DIMENSION | 미 지원 | |	DIMENSION	arch/Home/ORACLE to ALTIBASE Conversion Guide__22643038.md	166	covered	No English change required.	| DIMENSION | Not supported | |	none	S017 direct table-row alignment.
S017	DOCK/Home/40. Oracle to Altibase 변환가이드__7341605.md	167	167	S017-D040-U096	table_row	| EXTERNAL PROCEDURE LIBRARY | 지원(C/C++만 가능) | |	EXTERNAL; PROCEDURE; LIBRARY; C/C	arch/Home/ORACLE to ALTIBASE Conversion Guide__22643038.md	167	covered	No English change required.	| EXTERNAL PROCEDURE LIBRARY | Supported(C/C++ only) | |	none	S017 direct table-row alignment.
S017	DOCK/Home/40. Oracle to Altibase 변환가이드__7341605.md	168	168	S017-D040-U097	table_row	| HIERARCHY | 미 지원 | |	HIERARCHY	arch/Home/ORACLE to ALTIBASE Conversion Guide__22643038.md	168	covered	No English change required.	| HIERARCHY | Not supported | |	none	S017 direct table-row alignment.
S017	DOCK/Home/40. Oracle to Altibase 변환가이드__7341605.md	169	169	S017-D040-U098	table_row	| INDEX-ORGANIZED TABLE | 미 지원 | |	INDEX-ORGANIZED; TABLE	arch/Home/ORACLE to ALTIBASE Conversion Guide__22643038.md	169	covered	No English change required.	| INDEX-ORGANIZED TABLE | Not supported | |	none	S017 direct table-row alignment.
S017	DOCK/Home/40. Oracle to Altibase 변환가이드__7341605.md	170	170	S017-D040-U099	table_row	| INDEX | B-TREE, R-TREE, Function based 지원(BITMAP, CLUSTER, Global Partitioned INDEX는 미 지원) | |	INDEX; B-TREE; R-TREE; BITMAP; CLUSTER	arch/Home/ORACLE to ALTIBASE Conversion Guide__22643038.md	170	covered	No English change required.	| INDEX | Supports B-TREE, R-TREE, and Function-based indexes (BITMAP, CLUSTER, and Global Partitioned INDEX are not supported) | |	none	S017 direct table-row alignment.
S017	DOCK/Home/40. Oracle to Altibase 변환가이드__7341605.md	171	171	S017-D040-U100	table_row	| INDEXTYPE | 미 지원 | |	INDEXTYPE	arch/Home/ORACLE to ALTIBASE Conversion Guide__22643038.md	171	covered	No English change required.	| INDEXTYPE | Not supported | |	none	S017 direct table-row alignment.
S017	DOCK/Home/40. Oracle to Altibase 변환가이드__7341605.md	172	172	S017-D040-U101	table_row	| JAVA 관련 객체 | 미 지원 | |	JAVA	arch/Home/ORACLE to ALTIBASE Conversion Guide__22643038.md	172	covered	No English change required.	| JAVA-related objects | Not supported | |	none	S017 direct table-row alignment.
S017	DOCK/Home/40. Oracle to Altibase 변환가이드__7341605.md	173	173	S017-D040-U102	table_row	| JOIN GROUP | 미 지원 | |	JOIN; GROUP	arch/Home/ORACLE to ALTIBASE Conversion Guide__22643038.md	173	covered	No English change required.	| JOIN GROUP | Not supported | |	none	S017 direct table-row alignment.
S017	DOCK/Home/40. Oracle to Altibase 변환가이드__7341605.md	174	174	S017-D040-U103	table_row	| MATERIALIZED VIEW | 지원 | |	MATERIALIZED; VIEW	arch/Home/ORACLE to ALTIBASE Conversion Guide__22643038.md	174	covered	No English change required.	| MATERIALIZED VIEW | Supported | |	none	S017 direct table-row alignment.
S017	DOCK/Home/40. Oracle to Altibase 변환가이드__7341605.md	175	175	S017-D040-U104	table_row	| MATERIALIZED VIEW LOG | 미 지원 | |	MATERIALIZED; VIEW; LOG	arch/Home/ORACLE to ALTIBASE Conversion Guide__22643038.md	175	covered	No English change required.	| MATERIALIZED VIEW LOG | Not supported | |	none	S017 direct table-row alignment.
S017	DOCK/Home/40. Oracle to Altibase 변환가이드__7341605.md	176	176	S017-D040-U105	table_row	| MINING MODEL | 미 지원 | |	MINING; MODEL	arch/Home/ORACLE to ALTIBASE Conversion Guide__22643038.md	176	covered	No English change required.	| MINING MODEL | Not supported | |	none	S017 direct table-row alignment.
S017	DOCK/Home/40. Oracle to Altibase 변환가이드__7341605.md	177	177	S017-D040-U106	table_row	| OBJECT TABLE | 미 지원 | |	OBJECT; TABLE	arch/Home/ORACLE to ALTIBASE Conversion Guide__22643038.md	177	covered	No English change required.	| OBJECT TABLE | Not supported | |	none	S017 direct table-row alignment.
S017	DOCK/Home/40. Oracle to Altibase 변환가이드__7341605.md	178	178	S017-D040-U107	table_row	| OBJECT TYPE | 미 지원 | |	OBJECT; TYPE	arch/Home/ORACLE to ALTIBASE Conversion Guide__22643038.md	178	covered	No English change required.	| OBJECT TYPE | Not supported | |	none	S017 direct table-row alignment.
S017	DOCK/Home/40. Oracle to Altibase 변환가이드__7341605.md	179	179	S017-D040-U108	table_row	| OBJECT VIEW | 미 지원 | |	OBJECT; VIEW	arch/Home/ORACLE to ALTIBASE Conversion Guide__22643038.md	179	covered	No English change required.	| OBJECT VIEW | Not supported | |	none	S017 direct table-row alignment.
S017	DOCK/Home/40. Oracle to Altibase 변환가이드__7341605.md	180	180	S017-D040-U109	table_row	| OPERATOR | 미 지원 | |	OPERATOR	arch/Home/ORACLE to ALTIBASE Conversion Guide__22643038.md	180	covered	No English change required.	| OPERATOR | Not supported | |	none	S017 direct table-row alignment.
S017	DOCK/Home/40. Oracle to Altibase 변환가이드__7341605.md	181	181	S017-D040-U110	table_row	| PACKAGE | 지원 | |	PACKAGE	arch/Home/ORACLE to ALTIBASE Conversion Guide__22643038.md	181	covered	No English change required.	| PACKAGE | Supported | |	none	S017 direct table-row alignment.
S017	DOCK/Home/40. Oracle to Altibase 변환가이드__7341605.md	182	182	S017-D040-U111	table_row	| SEQUENCE | 지원 | |	SEQUENCE	arch/Home/ORACLE to ALTIBASE Conversion Guide__22643038.md	182	covered	No English change required.	| SEQUENCE | Supported | |	none	S017 direct table-row alignment.
S017	DOCK/Home/40. Oracle to Altibase 변환가이드__7341605.md	183	183	S017-D040-U112	table_row	| STORED FUNCTION/PROCEDURE | 지원 | |	STORED; FUNCTION/PROCEDURE	arch/Home/ORACLE to ALTIBASE Conversion Guide__22643038.md	183	covered	No English change required.	| STORED FUNCTION/PROCEDURE | Supported | |	none	S017 direct table-row alignment.
S017	DOCK/Home/40. Oracle to Altibase 변환가이드__7341605.md	184	184	S017-D040-U113	table_row	| SYNONYM | 지원 | |	SYNONYM	arch/Home/ORACLE to ALTIBASE Conversion Guide__22643038.md	184	covered	No English change required.	| SYNONYM | Supported | |	none	S017 direct table-row alignment.
S017	DOCK/Home/40. Oracle to Altibase 변환가이드__7341605.md	185	185	S017-D040-U114	table_row	| TABLE | 지원 | |	TABLE	arch/Home/ORACLE to ALTIBASE Conversion Guide__22643038.md	185	covered	No English change required.	| TABLE | Supported | |	none	S017 direct table-row alignment.
S017	DOCK/Home/40. Oracle to Altibase 변환가이드__7341605.md	186	186	S017-D040-U115	table_row	| VIEW | 지원 | |	VIEW	arch/Home/ORACLE to ALTIBASE Conversion Guide__22643038.md	186	covered	No English change required.	| VIEW | Supported | |	none	S017 direct table-row alignment.
S017	DOCK/Home/40. Oracle to Altibase 변환가이드__7341605.md	187	187	S017-D040-U116	table_row	| ZONE MAP | 미 지원 | |	ZONE; MAP	arch/Home/ORACLE to ALTIBASE Conversion Guide__22643038.md	187	covered	No English change required.	| ZONE MAP | Not supported | |	none	S017 direct table-row alignment.
S017	DOCK/Home/40. Oracle to Altibase 변환가이드__7341605.md	188	188	S017-D040-U117	table_row	| Nonschema Object | CONTEXT | 미 지원 |	CONTEXT	arch/Home/ORACLE to ALTIBASE Conversion Guide__22643038.md	188	covered	No English change required.	| Nonschema Object | CONTEXT | Not supported |	none	S017 direct table-row alignment.
S017	DOCK/Home/40. Oracle to Altibase 변환가이드__7341605.md	189	189	S017-D040-U118	table_row	| DIRECTORY | 지원 | |	DIRECTORY	arch/Home/ORACLE to ALTIBASE Conversion Guide__22643038.md	189	covered	No English change required.	| DIRECTORY | Supported | |	none	S017 direct table-row alignment.
S017	DOCK/Home/40. Oracle to Altibase 변환가이드__7341605.md	190	190	S017-D040-U119	table_row	| EDITION | 미 지원 | |	EDITION	arch/Home/ORACLE to ALTIBASE Conversion Guide__22643038.md	190	covered	No English change required.	| EDITION | Not supported | |	none	S017 direct table-row alignment.
S017	DOCK/Home/40. Oracle to Altibase 변환가이드__7341605.md	191	191	S017-D040-U120	table_row	| FLASHBACK ARCHIVEF | 미 지원 | |	FLASHBACK; ARCHIVEF	arch/Home/ORACLE to ALTIBASE Conversion Guide__22643038.md	191	covered	No English change required.	| FLASHBACK ARCHIVEF | Not supported | |	none	S017 direct table-row alignment.
S017	DOCK/Home/40. Oracle to Altibase 변환가이드__7341605.md	192	192	S017-D040-U121	table_row	| LOCKDOWN PROFILE | 미 지원 | |	LOCKDOWN; PROFILE	arch/Home/ORACLE to ALTIBASE Conversion Guide__22643038.md	192	covered	No English change required.	| LOCKDOWN PROFILE | Not supported | |	none	S017 direct table-row alignment.
S017	DOCK/Home/40. Oracle to Altibase 변환가이드__7341605.md	193	193	S017-D040-U122	table_row	| PROFILE | 미 지원 | |	PROFILE	arch/Home/ORACLE to ALTIBASE Conversion Guide__22643038.md	193	covered	No English change required.	| PROFILE | Not supported | |	none	S017 direct table-row alignment.
S017	DOCK/Home/40. Oracle to Altibase 변환가이드__7341605.md	194	194	S017-D040-U123	table_row	| RESTROE POINT | 미 지원 | |	RESTROE; POINT	arch/Home/ORACLE to ALTIBASE Conversion Guide__22643038.md	194	covered	No English change required.	| RESTROE POINT | Not supported | |	none	S017 direct table-row alignment.
S017	DOCK/Home/40. Oracle to Altibase 변환가이드__7341605.md	195	195	S017-D040-U124	table_row	| ROLE | 지원 | |	ROLE	arch/Home/ORACLE to ALTIBASE Conversion Guide__22643038.md	195	covered	No English change required.	| ROLE | Supported | |	none	S017 direct table-row alignment.
S017	DOCK/Home/40. Oracle to Altibase 변환가이드__7341605.md	196	196	S017-D040-U125	table_row	| ROLLBACK SEGMENT | 미 지원 | |	ROLLBACK; SEGMENT	arch/Home/ORACLE to ALTIBASE Conversion Guide__22643038.md	196	covered	No English change required.	| ROLLBACK SEGMENT | Not supported | |	none	S017 direct table-row alignment.
S017	DOCK/Home/40. Oracle to Altibase 변환가이드__7341605.md	197	197	S017-D040-U126	table_row	| TABLESPACE | MEMORY, DISK, VOLATILE, TEMPORARY, UNDO 지원 | |	TABLESPACE; MEMORY; DISK; VOLATILE; TEMPORARY; UNDO	arch/Home/ORACLE to ALTIBASE Conversion Guide__22643038.md	197	covered	No English change required.	| TABLESPACE | MEMORY, DISK, VOLATILE, TEMPORARY, UNDO Supported | |	none	S017 direct table-row alignment.
S017	DOCK/Home/40. Oracle to Altibase 변환가이드__7341605.md	198	198	S017-D040-U127	table_row	| TABLESPACE SET | 미 지원 | |	TABLESPACE; SET	arch/Home/ORACLE to ALTIBASE Conversion Guide__22643038.md	198	covered	No English change required.	| TABLESPACE SET | Not supported | |	none	S017 direct table-row alignment.
S017	DOCK/Home/40. Oracle to Altibase 변환가이드__7341605.md	199	199	S017-D040-U128	table_row	| UNIFIED AUDIT POLICY | 미 지원 | |	UNIFIED; AUDIT; POLICY	arch/Home/ORACLE to ALTIBASE Conversion Guide__22643038.md	199	covered	No English change required.	| UNIFIED AUDIT POLICY | Not supported | |	none	S017 direct table-row alignment.
S017	DOCK/Home/40. Oracle to Altibase 변환가이드__7341605.md	200	200	S017-D040-U129	table_row	| USER | 지원 | |	USER	arch/Home/ORACLE to ALTIBASE Conversion Guide__22643038.md	200	covered	No English change required.	| USER | Supported | |	none	S017 direct table-row alignment.
S017	DOCK/Home/40. Oracle to Altibase 변환가이드__7341605.md	202	202	S017-D040-U130	heading	### CREATE TABLESPACE	CREATE; TABLESPACE	arch/Home/ORACLE to ALTIBASE Conversion Guide__22643038.md	202	covered	No English change required.	### CREATE TABLESPACE	none	S017 direct inspection.
S017	DOCK/Home/40. Oracle to Altibase 변환가이드__7341605.md	206	206	S017-D040-U131	paragraph	Oracle의 Data Tablespace는 모두 Disk Tablespace이다. Altibase는 Memory Tablespace와 Disk Tablespace를 지원하므로 업무 특성에 맞게 구성할 수 있다.	section semantics	arch/Home/ORACLE to ALTIBASE Conversion Guide__22643038.md	202	covered	No English change required.	### CREATE TABLESPACE	none	S017 direct inspection.
S017	DOCK/Home/40. Oracle to Altibase 변환가이드__7341605.md	208	208	S017-D040-U132	heading	#### DATA TABLESPACE	DATA; TABLESPACE	arch/Home/ORACLE to ALTIBASE Conversion Guide__22643038.md	208	covered	No English change required.	#### DATA TABLESPACE	none	S017 direct inspection.
S017	DOCK/Home/40. Oracle to Altibase 변환가이드__7341605.md	212	212	S017-D040-U133	table_row	| Oracle | Altibase | 비고 |	Oracle; Altibase	arch/Home/ORACLE to ALTIBASE Conversion Guide__22643038.md	212	covered	No English change required.	| Oracle | Altibase | Note |	none	S017 direct table-row alignment.
S017	DOCK/Home/40. Oracle to Altibase 변환가이드__7341605.md	214	214	S017-D040-U134	table_row	| BIGFILE\|SMALLFILE | - | Altibase는 지원하지 않으므로 변환 시 해당 옵션 삭제 |	BIGFILE; SMALLFILE	arch/Home/ORACLE to ALTIBASE Conversion Guide__22643038.md	214	covered	No English change required.	| BIGFILE\|SMALLFILE | - | Not supported by Altibase, so delete the corresponding option during conversion |	none	S017 direct table-row alignment.
S017	DOCK/Home/40. Oracle to Altibase 변환가이드__7341605.md	215	215	S017-D040-U135	table_row	| DATAFILE File Specification | DATAFILE File Specification | |	DATAFILE	arch/Home/ORACLE to ALTIBASE Conversion Guide__22643038.md	215	covered	No English change required.	| DATAFILE File Specification | DATAFILE File Specification | |	none	S017 direct table-row alignment.
S017	DOCK/Home/40. Oracle to Altibase 변환가이드__7341605.md	216	216	S017-D040-U136	table_row	| MINIMUM EXTENT | - | Altibase는 지원하지 않으므로 변환 시 해당 옵션 삭제 |	MINIMUM; EXTENT	arch/Home/ORACLE to ALTIBASE Conversion Guide__22643038.md	216	covered	No English change required.	| MINIMUM EXTENT | - | Not supported by Altibase, so delete the corresponding option during conversion |	none	S017 direct table-row alignment.
S017	DOCK/Home/40. Oracle to Altibase 변환가이드__7341605.md	217	217	S017-D040-U137	table_row	| BLOCKSIZE | - | Altibase는 지원하지 않으므로 변환 시 해당 옵션 삭제 |	BLOCKSIZE	arch/Home/ORACLE to ALTIBASE Conversion Guide__22643038.md	217	covered	No English change required.	| BLOCKSIZE | - | Not supported by Altibase, so delete the corresponding option during conversion |	none	S017 direct table-row alignment.
S017	DOCK/Home/40. Oracle to Altibase 변환가이드__7341605.md	218	218	S017-D040-U138	table_row	| LOGGING\|NOLOGGING | - | Altibase는 지원하지 않으므로 변환 시 해당 옵션 삭제 |	LOGGING; NOLOGGING	arch/Home/ORACLE to ALTIBASE Conversion Guide__22643038.md	218	covered	No English change required.	| LOGGING\|NOLOGGING | - | Not supported by Altibase, so delete the corresponding option during conversion |	none	S017 direct table-row alignment.
S017	DOCK/Home/40. Oracle to Altibase 변환가이드__7341605.md	219	219	S017-D040-U139	table_row	| FORCE LOGGING | - | Altibase는 지원하지 않으므로 변환 시 해당 옵션 삭제 |	FORCE; LOGGING	arch/Home/ORACLE to ALTIBASE Conversion Guide__22643038.md	219	covered	No English change required.	| FORCE LOGGING | - | Not supported by Altibase, so delete the corresponding option during conversion |	none	S017 direct table-row alignment.
S017	DOCK/Home/40. Oracle to Altibase 변환가이드__7341605.md	220	220	S017-D040-U140	table_row	| DEFAULT Storage 구문 | - | Altibase는 지원하지 않으므로 변환 시 해당 옵션 삭제 |	DEFAULT	arch/Home/ORACLE to ALTIBASE Conversion Guide__22643038.md	220	covered	No English change required.	| DEFAULT Storage statement | - | Not supported by Altibase, so delete the corresponding option during conversion |	none	S017 direct table-row alignment.
S017	DOCK/Home/40. Oracle to Altibase 변환가이드__7341605.md	221	221	S017-D040-U141	table_row	| ONLINE\|OFFLINE | ALTER TABLESPACE 구문으로 가능 | OFFLINE의 경우, CREATE TABLESPACE 구문에서 지원하지 않으므로 해당 옵션을 삭제하고 ALTER TABLESPACE tablespace_name OFFLINE; 구문 추가 |	ONLINE; OFFLINE; ALTER; TABLESPACE; CREATE	arch/Home/ORACLE to ALTIBASE Conversion Guide__22643038.md	221	covered	No English change required.	| ONLINE\|OFFLINE | Can be done with the ALTER TABLESPACE statement | For OFFLINE, since it is not supported in the CREATE TABLESPACE statement, delete the option and add the statement: `ALTER TABLESPACE tablespace_na...	none	S017 direct table-row alignment.
S017	DOCK/Home/40. Oracle to Altibase 변환가이드__7341605.md	222	222	S017-D040-U142	table_row	| EXTENT MANAGEMENT LOCAL AUTOALLOCATE\|UNIFORM SIZE | EXTENTSIZE | EXTENT 관리 방식은 지원하지 않고 EXTENTSIZE만 설정 가능 |	EXTENT; MANAGEMENT; LOCAL; AUTOALLOCATE; UNIFORM; SIZE; EXTENTSIZE	arch/Home/ORACLE to ALTIBASE Conversion Guide__22643038.md	222	covered	No English change required.	| EXTENT MANAGEMENT LOCAL AUTOALLOCATE\|UNIFORM SIZE | EXTENTSIZE | Extent management is not supported; only EXTENTSIZE can be set |	none	S017 direct table-row alignment.
S017	DOCK/Home/40. Oracle to Altibase 변환가이드__7341605.md	223	223	S017-D040-U143	table_row	| SEGMENT SPACE MANAGEMENT AUTO\|MANUAL | SEGMENT MANAGEMENT AUTO\|MANUAL | |	SEGMENT; SPACE; MANAGEMENT; AUTO; MANUAL	arch/Home/ORACLE to ALTIBASE Conversion Guide__22643038.md	223	covered	No English change required.	| SEGMENT SPACE MANAGEMENT AUTO\|MANUAL | SEGMENT MANAGEMENT AUTO\|MANUAL | |	none	S017 direct table-row alignment.
S017	DOCK/Home/40. Oracle to Altibase 변환가이드__7341605.md	224	224	S017-D040-U144	table_row	| FLASHBACK ON\|OFF | - | Altibase는 지원하지 않으므로 변환 시 해당 옵션 삭제 |	FLASHBACK; OFF	arch/Home/ORACLE to ALTIBASE Conversion Guide__22643038.md	224	covered	No English change required.	| FLASHBACK ON\|OFF | - | Not supported by Altibase, so delete the corresponding option during conversion |	none	S017 direct table-row alignment.
S017	DOCK/Home/40. Oracle to Altibase 변환가이드__7341605.md	226	226	S017-D040-U145	heading	#### CREATE DATA TABLESPACE 변환 예제	CREATE; DATA; TABLESPACE	arch/Home/ORACLE to ALTIBASE Conversion Guide__22643038.md	226	covered	No English change required.	#### Example of CREATE DATA TABLESPACE conversion	none	S017 direct inspection.
S017	DOCK/Home/40. Oracle to Altibase 변환가이드__7341605.md	230	230	S017-D040-U146	table_row	| Oracle | Altibase |	Oracle; Altibase	arch/Home/ORACLE to ALTIBASE Conversion Guide__22643038.md	230	covered	No English change required.	| Oracle | Altibase |	none	S017 direct table-row alignment.
S017	DOCK/Home/40. Oracle to Altibase 변환가이드__7341605.md	232	232	S017-D040-U147	table_row	| ```<br>CREATE TABLESPACE TESTDATA<br>DATAFILE 'testdata01.dbf'<br>SIZE 1024M<br>AUTOEXTEND ON<br>NEXT 50M<br>MAXSIZE UNLIMITED<br>LOGGING<br>ONLINE<br>EXTENT MANAGEMENT LOCAL AUTOALLOCATE<br>BLOCKSIZE 8K<br>SEGMENT...	CREATE; TABLESPACE; TESTDATA; DATAFILE; SIZE; AUTOEXTEND; NEXT; MAXSIZE	arch/Home/ORACLE to ALTIBASE Conversion Guide__22643038.md	232	covered	No English change required.	| ```<br>CREATE TABLESPACE TESTDATA<br>DATAFILE 'testdata01.dbf'<br>SIZE 1024M<br>AUTOEXTEND ON<br>NEXT 50M<br>MAXSIZE UNLIMITED<br>LOGGING<br>ONLINE<br>EXTENT MANAGEMENT LOCAL AUTOALLOCATE<br>BLOCKSIZE 8K<br>SEGMENT...	none	S017 direct table-row alignment.
S017	DOCK/Home/40. Oracle to Altibase 변환가이드__7341605.md	234	234	S017-D040-U148	paragraph	 SEGMENT 절은 SEGMENT MANAGEMENT AUTO|MANUAL 절로 수정하고 그 외 지원하지 않는 구문은 삭제	SEGMENT; MANAGEMENT; AUTO; MANUAL	arch/Home/ORACLE to ALTIBASE Conversion Guide__22643038.md	232	covered	No English change required.	| ```<br>CREATE TABLESPACE TESTDATA<br>DATAFILE 'testdata01.dbf'<br>SIZE 1024M<br>AUTOEXTEND ON<br>NEXT 50M<br>MAXSIZE UNLIMITED<br>LOGGING<br>ONLINE<br>EXTENT MANAGEMENT LOCAL AUTOALLOCATE<br>BLOCKSIZE 8K<br>SEGMENT...	none	S017 direct inspection.
S017	DOCK/Home/40. Oracle to Altibase 변환가이드__7341605.md	236	236	S017-D040-U149	heading	#### TEMPORARY TABLESPACE	TEMPORARY; TABLESPACE	arch/Home/ORACLE to ALTIBASE Conversion Guide__22643038.md	236	covered	No English change required.	#### TEMPORARY TABLESPACE	none	S017 direct inspection.
S017	DOCK/Home/40. Oracle to Altibase 변환가이드__7341605.md	240	240	S017-D040-U150	table_row	| Oracle | Altibase | 비고 |	Oracle; Altibase	arch/Home/ORACLE to ALTIBASE Conversion Guide__22643038.md	242	covered	No English change required.	| Oracle | Altibase | Remarks |	none	S017 direct table-row alignment.
S017	DOCK/Home/40. Oracle to Altibase 변환가이드__7341605.md	242	242	S017-D040-U151	table_row	| TABLESPACE GROUP | - | Altibase는 지원하지 않으므로 변환 시 해당 옵션 삭제 |	TABLESPACE; GROUP	arch/Home/ORACLE to ALTIBASE Conversion Guide__22643038.md	244	covered	No English change required.	| TABLESPACE GROUP | - | Not supported by Altibase, so delete the corresponding option during conversion |	none	S017 direct table-row alignment.
S017	DOCK/Home/40. Oracle to Altibase 변환가이드__7341605.md	243	243	S017-D040-U152	table_row	| EXTENT MANAGEMENT LOCAL AUTOALLOCATE\|UNIFORM SIZE | EXTENTSIZE | EXTENT 관리 방식은 지원하지 않고 EXTENTSIZE만 설정 가능 |	EXTENT; MANAGEMENT; LOCAL; AUTOALLOCATE; UNIFORM; SIZE; EXTENTSIZE	arch/Home/ORACLE to ALTIBASE Conversion Guide__22643038.md	245	covered	No English change required.	| EXTENT MANAGEMENT LOCAL AUTOALLOCATE\|UNIFORM SIZE | EXTENTSIZE | Extent management is not supported; only EXTENTSIZE can be configured |	none	S017 direct table-row alignment.
S017	DOCK/Home/40. Oracle to Altibase 변환가이드__7341605.md	245	245	S017-D040-U153	heading	#### CREATE TEMPORARY TABLESPACE 변환 예제	CREATE; TEMPORARY; TABLESPACE	arch/Home/ORACLE to ALTIBASE Conversion Guide__22643038.md	240	covered	No English change required.	#### Example of	none	S017 direct inspection.
S017	DOCK/Home/40. Oracle to Altibase 변환가이드__7341605.md	249	249	S017-D040-U154	table_row	| Oracle | Altibase |	Oracle; Altibase	arch/Home/ORACLE to ALTIBASE Conversion Guide__22643038.md	251	covered	No English change required.	| Oracle | Altibase |	none	S017 direct table-row alignment.
S017	DOCK/Home/40. Oracle to Altibase 변환가이드__7341605.md	251	251	S017-D040-U155	table_row	| ```<br>CREATE TEMPORARY TABLESPACE tbs_temp_02<br>TEMPFILE 'temp02.dbf' SIZE 5M AUTOEXTEND ON<br>TABLESPACE GROUP tbs_grp_01;<br>``` | ```<br>CREATE TEMPORARY TABLESPACE tbs_temp_02<br>TEMPFILE 'temp02.dbf' SIZE 5M...	CREATE; TEMPORARY; TABLESPACE; TEMPFILE; SIZE; AUTOEXTEND; GROUP	arch/Home/ORACLE to ALTIBASE Conversion Guide__22643038.md	253	covered	No English change required.	| ```<br>CREATE TEMPORARY TABLESPACE tbs_temp_02<br>TEMPFILE 'temp02.dbf' SIZE 5M AUTOEXTEND ON<br>TABLESPACE GROUP tbs_grp_01;<br>``` | ```<br>CREATE TEMPORARY TABLESPACE tbs_temp_02<br>TEMPFILE 'temp02.dbf' SIZE 5M...	none	S017 direct table-row alignment.
S017	DOCK/Home/40. Oracle to Altibase 변환가이드__7341605.md	253	253	S017-D040-U156	paragraph	 TABLESPACE GROUP 절은 지원하지 않으므로 삭제	TABLESPACE; GROUP	arch/Home/ORACLE to ALTIBASE Conversion Guide__22643038.md	244	covered	No English change required.	| TABLESPACE GROUP | - | Not supported by Altibase, so delete the corresponding option during conversion |	none	S017 direct inspection.
S017	DOCK/Home/40. Oracle to Altibase 변환가이드__7341605.md	255	255	S017-D040-U157	heading	#### UNDO TABLESPACE	UNDO; TABLESPACE	arch/Home/ORACLE to ALTIBASE Conversion Guide__22643038.md	247	covered	No English change required.	#### Example of CREATE TEMPORARY TABLESPACE	none	S017 direct inspection.
S017	DOCK/Home/40. Oracle to Altibase 변환가이드__7341605.md	259	259	S017-D040-U158	paragraph	Altibase는 시스템에 의해 자동으로 Undo Tablespace를 관리한다. Undo Tablespace에 데이터 파일의 추가 및 크기 변경만 가능하다.	section semantics	arch/Home/ORACLE to ALTIBASE Conversion Guide__22643038.md	247	covered	No English change required.	#### Example of CREATE TEMPORARY TABLESPACE	none	S017 direct inspection.
S017	DOCK/Home/40. Oracle to Altibase 변환가이드__7341605.md	261	261	S017-D040-U159	heading	#### CREATE UNDO TABLESPACE 변환 예제	CREATE; UNDO; TABLESPACE	arch/Home/ORACLE to ALTIBASE Conversion Guide__22643038.md	257	covered	No English change required.	#### UNDO TABLESPACE	none	S017 direct inspection.
S017	DOCK/Home/40. Oracle to Altibase 변환가이드__7341605.md	265	265	S017-D040-U160	table_row	| Oracle | Altibase |	Oracle; Altibase	arch/Home/ORACLE to ALTIBASE Conversion Guide__22643038.md	267	covered	No English change required.	| Oracle | Altibase |	none	S017 direct table-row alignment.
S017	DOCK/Home/40. Oracle to Altibase 변환가이드__7341605.md	267	267	S017-D040-U161	table_row	| ```<br>CREATE UNDO TABLESPACE UNDOTBS2<br>DATAFILE ‘undotbs2.dbf'<br>SIZE 500M<br>AUTOEXTEND ON<br>NEXT 5M<br>MAXSIZE UNLIMITED;<br>``` | ```<br>ALTER TABLESPACE SYS_TBS_DISK_UNDO<br>ADD DATAFILE 'undotbs2.dbf'<br>S...	CREATE; UNDO; TABLESPACE; UNDOTBS2; DATAFILE; SIZE; AUTOEXTEND; NEXT	arch/Home/ORACLE to ALTIBASE Conversion Guide__22643038.md	269	covered	No English change required.	| ```<br>CREATE UNDO TABLESPACE UNDOTBS2<br>DATAFILE ‘undotbs2.dbf'<br>SIZE 500M<br>AUTOEXTEND ON<br>NEXT 5M<br>MAXSIZE UNLIMITED;<br>``` | ```<br>ALTER TABLESPACE SYS_TBS_DISK_UNDO<br>ADD DATAFILE 'undotbs2.dbf'<br>S...	none	S017 direct table-row alignment.
S017	DOCK/Home/40. Oracle to Altibase 변환가이드__7341605.md	269	269	S017-D040-U162	heading	### CREATE TABLE	CREATE; TABLE	arch/Home/ORACLE to ALTIBASE Conversion Guide__22643038.md	263	covered	No English change required.	#### Example of CREATE UNDO TABLESPACE	none	S017 direct inspection.
S017	DOCK/Home/40. Oracle to Altibase 변환가이드__7341605.md	273	273	S017-D040-U163	paragraph	Altibase는 Object Table, XMLType Table을 지원하지 않지만 Memory Table을 지원하므로 업무 특성을 파악하여 Memory Table과 Disk Table로 분리하여 테이블을 생성할 수 있다.	section semantics	arch/Home/ORACLE to ALTIBASE Conversion Guide__22643038.md	263	covered	No English change required.	#### Example of CREATE UNDO TABLESPACE	none	S017 direct inspection.
S017	DOCK/Home/40. Oracle to Altibase 변환가이드__7341605.md	275	275	S017-D040-U164	paragraph	TABLE 생성 시 Segment 관련 내용을 지정할 경우에는 TABLESPACE 지정 -> PCTFREE/PCTUSED 지정 -> INITRANS/MAXTRANS 지정 -> Storage 절 -> Logging 절 순으로 지정해야 한다.	TABLE; TABLESPACE; PCTFREE/PCTUSED; INITRANS/MAXTRANS	arch/Home/ORACLE to ALTIBASE Conversion Guide__22643038.md	263	covered	No English change required.	#### Example of CREATE UNDO TABLESPACE	none	S017 direct inspection.
S017	DOCK/Home/40. Oracle to Altibase 변환가이드__7341605.md	277	277	S017-D040-U165	heading	#### COLUMN DEFINITION 절	COLUMN; DEFINITION	arch/Home/ORACLE to ALTIBASE Conversion Guide__22643038.md	271	covered	No English change required.	### CREATE TABLE	none	S017 direct inspection.
S017	DOCK/Home/40. Oracle to Altibase 변환가이드__7341605.md	281	281	S017-D040-U166	table_row	| Oracle | Altibase | 비고 |	Oracle; Altibase	arch/Home/ORACLE to ALTIBASE Conversion Guide__22643038.md	283	covered	No English change required.	| Oracle | Altibase | Remarks |	none	S017 direct table-row alignment.
S017	DOCK/Home/40. Oracle to Altibase 변환가이드__7341605.md	283	283	S017-D040-U167	table_row	| SORT | - | Altibase는 지원하지 않으므로 변환 시 해당 옵션 삭제 |	SORT	arch/Home/ORACLE to ALTIBASE Conversion Guide__22643038.md	285	covered	No English change required.	| SORT | - | Not supported by Altibase, so delete the corresponding option during conversion |	none	S017 direct table-row alignment.
S017	DOCK/Home/40. Oracle to Altibase 변환가이드__7341605.md	284	284	S017-D040-U168	table_row	| DEFAULT | DEFAULT | |	DEFAULT	arch/Home/ORACLE to ALTIBASE Conversion Guide__22643038.md	286	covered	No English change required.	| DEFAULT | DEFAULT | |	none	S017 direct table-row alignment.
S017	DOCK/Home/40. Oracle to Altibase 변환가이드__7341605.md	285	285	S017-D040-U169	table_row	| ENCRYPT | ENCRYPT | |	ENCRYPT	arch/Home/ORACLE to ALTIBASE Conversion Guide__22643038.md	287	covered	No English change required.	| ENCRYPT | ENCRYPT | |	none	S017 direct table-row alignment.
S017	DOCK/Home/40. Oracle to Altibase 변환가이드__7341605.md	286	286	S017-D040-U170	table_row	| Constraint 구문 | Constraint 구문 | Altibase는 Constraint 지정 시 ENABLE/DISABLE 옵션, References 절의 ON DELETE SET NULL(ON DELETE CASCADE는 지원) 옵션은 지원하지 않으므로 삭제. Altibase는 PRIMARY KEY, UNIQUE 지정 시 Using Index 절에는 Tablespace 절,...	ENABLE/DISABLE; DELETE; SET; NULL; PRIMARY; KEY; UNIQUE; CREATE	arch/Home/ORACLE to ALTIBASE Conversion Guide__22643038.md	288	covered	No English change required.	| Constraint statement | Constraint statement | Altibase does not support the ENABLE/DISABLE options for constraints or the ON DELETE SET NULL option in the REFERENCES clause (ON DELETE CASCADE is supported), so these...	none	S017 direct table-row alignment.
S017	DOCK/Home/40. Oracle to Altibase 변환가이드__7341605.md	287	287	S017-D040-U171	table_row	| Ref Constraint 구문 | - | Altibase는 REF 컬럼을 지원하지 않으므로 변환 시 해당 옵션 삭제 |	REF	arch/Home/ORACLE to ALTIBASE Conversion Guide__22643038.md	289	covered	No English change required.	| Ref Constraint syntax | - | Altibase does not support REF columns, so this option should be removed during conversion |	none	S017 direct table-row alignment.
S017	DOCK/Home/40. Oracle to Altibase 변환가이드__7341605.md	288	288	S017-D040-U172	table_row	| ORGANIZATION | - | Altibase는 지원하지 않으므로 변환 시 해당 옵션 삭제 |	ORGANIZATION	arch/Home/ORACLE to ALTIBASE Conversion Guide__22643038.md	290	covered	No English change required.	| ORGANIZATION | - | Not supported by Altibase, so delete the corresponding option during conversion |	none	S017 direct table-row alignment.
S017	DOCK/Home/40. Oracle to Altibase 변환가이드__7341605.md	289	289	S017-D040-U173	table_row	| CLUSTER | - | Altibase는 지원하지 않으므로 변환 시 해당 옵션 삭제 |	CLUSTER	arch/Home/ORACLE to ALTIBASE Conversion Guide__22643038.md	291	covered	No English change required.	| CLUSTER | - | Not supported by Altibase, so delete the corresponding option during conversion |	none	S017 direct table-row alignment.
S017	DOCK/Home/40. Oracle to Altibase 변환가이드__7341605.md	290	290	S017-D040-U174	table_row	| COMPRESS\|NOCOMPRESS | COMPRESS | Altibase는 지정하지 않으면 NOCOMPRESS이므로 변환 시 NOCOMPRESS 옵션은 삭제 |	COMPRESS; NOCOMPRESS	arch/Home/ORACLE to ALTIBASE Conversion Guide__22643038.md	292	covered	No English change required.	| COMPRESS\|NOCOMPRESS | COMPRESS | Altibase defaults to NOCOMPRESS if not specified, so the NOCOMPRESS option should be removed during conversion |	none	S017 direct table-row alignment.
S017	DOCK/Home/40. Oracle to Altibase 변환가이드__7341605.md	291	291	S017-D040-U175	table_row	| Column의 크기 지정 시 Byte 키워드 명시 가능 | Column의 크기 지정 시 Byte 키워드 미지원 | Oracle은 Column의 크기 지정 시 Byte 키워드를 명시할 수 있지만, Altibase는 지원하지 않음. ex) Oracle : c1 VARCHAR2(10 Byte) => Altibase : c1 VARCHAR2(10) |	VARCHAR2; Oracle; Altibase; 10	arch/Home/ORACLE to ALTIBASE Conversion Guide__22643038.md	293	covered	No English change required.	| Specifying the Byte keyword for column size | The Byte keyword is not supported when specifying column size. | Oracle allows specifying the Byte keyword for column size, but Altibase does not support it. Example: Or...	none	S017 direct table-row alignment.
S017	DOCK/Home/40. Oracle to Altibase 변환가이드__7341605.md	293	293	S017-D040-U176	paragraph	 PRIMARY KEY, UNIQUE Constraint을 지정 시 USING INDEX 절을 이용하여 INDEX 속성을 지정할 경우, Altibase는 TABLESPACE 절, PARALLEL/NOPARALLEL 절, LOGGING/NOLOGGING 절만 지정이 가능하다. 즉, storage 관련 속성은 지정할 수 없다.	PRIMARY; KEY; UNIQUE; USING; INDEX; TABLESPACE; PARALLEL/NOPARALLEL; LOGGING/NOLOGGING	arch/Home/ORACLE to ALTIBASE Conversion Guide__22643038.md	288	covered	No English change required.	| Constraint statement | Constraint statement | Altibase does not support the ENABLE/DISABLE options for constraints or the ON DELETE SET NULL option in the REFERENCES clause (ON DELETE CASCADE is supported), so these...	none	S017 direct inspection.
S017	DOCK/Home/40. Oracle to Altibase 변환가이드__7341605.md	295	295	S017-D040-U177	heading	#### SEGMENT ATTRIBUTES 절	SEGMENT; ATTRIBUTES	arch/Home/ORACLE to ALTIBASE Conversion Guide__22643038.md	279	covered	No English change required.	#### COLUMN DEFINITION Clause	none	S017 direct inspection.
S017	DOCK/Home/40. Oracle to Altibase 변환가이드__7341605.md	299	299	S017-D040-U178	table_row	| Oracle | Altibase | 비고 |	Oracle; Altibase	arch/Home/ORACLE to ALTIBASE Conversion Guide__22643038.md	301	covered	No English change required.	| Oracle | Altibase | Remarks |	none	S017 direct table-row alignment.
S017	DOCK/Home/40. Oracle to Altibase 변환가이드__7341605.md	301	301	S017-D040-U179	table_row	| TABLESPACE | TABLESPACE | |	TABLESPACE	arch/Home/ORACLE to ALTIBASE Conversion Guide__22643038.md	303	covered	No English change required.	| TABLESPACE | TABLESPACE | |	none	S017 direct table-row alignment.
S017	DOCK/Home/40. Oracle to Altibase 변환가이드__7341605.md	302	302	S017-D040-U180	table_row	| PCTFREE | PCTFREE | |	PCTFREE	arch/Home/ORACLE to ALTIBASE Conversion Guide__22643038.md	304	covered	No English change required.	| PCTFREE | PCTFREE | |	none	S017 direct table-row alignment.
S017	DOCK/Home/40. Oracle to Altibase 변환가이드__7341605.md	303	303	S017-D040-U181	table_row	| PCTUSED | PCTUSED | |	PCTUSED	arch/Home/ORACLE to ALTIBASE Conversion Guide__22643038.md	305	covered	No English change required.	| PCTUSED | PCTUSED | |	none	S017 direct table-row alignment.
S017	DOCK/Home/40. Oracle to Altibase 변환가이드__7341605.md	304	304	S017-D040-U182	table_row	| INITRANS | INITRANS | |	INITRANS	arch/Home/ORACLE to ALTIBASE Conversion Guide__22643038.md	306	covered	No English change required.	| INITRANS | INITRANS | |	none	S017 direct table-row alignment.
S017	DOCK/Home/40. Oracle to Altibase 변환가이드__7341605.md	305	305	S017-D040-U183	table_row	| MAXTRANS | MAXTRANS | Oracle의 기본/최대값 : 255, Altibase의 기본/최대값 : 120<br>Altibase로 변환 시 이 파라미터 생략 또는 120으로 변경한다. 참고로 Oracle의 MAXTRANS 파라미터는 deprecated 상태이다. |	MAXTRANS; 255; 120	arch/Home/ORACLE to ALTIBASE Conversion Guide__22643038.md	307	covered	No English change required.	| MAXTRANS | MAXTRANS | Oracle default/maximum value: 255, Altibase default/maximum value: 120<br>When converting to Altibase, omit this parameter or change it to 120. Note that Oracle's MAXTRANS parameter is deprecat...	none	S017 direct table-row alignment.
S017	DOCK/Home/40. Oracle to Altibase 변환가이드__7341605.md	306	306	S017-D040-U184	table_row	| LOGGING\|NOLOGGING | LOGGING\|NOLOGGING | |	LOGGING; NOLOGGING	arch/Home/ORACLE to ALTIBASE Conversion Guide__22643038.md	308	covered	No English change required.	| LOGGING\|NOLOGGING | LOGGING\|NOLOGGING | |	none	S017 direct table-row alignment.
S017	DOCK/Home/40. Oracle to Altibase 변환가이드__7341605.md	308	308	S017-D040-U185	heading	#### STORAGE 절	STORAGE	arch/Home/ORACLE to ALTIBASE Conversion Guide__22643038.md	297	covered	No English change required.	#### SEGMENT ATTRIBUTES clause	none	S017 direct inspection.
S017	DOCK/Home/40. Oracle to Altibase 변환가이드__7341605.md	312	312	S017-D040-U186	table_row	| Oracle | Altibase | 비고 |	Oracle; Altibase	arch/Home/ORACLE to ALTIBASE Conversion Guide__22643038.md	314	covered	No English change required.	| Oracle | Altibase | Remarks |	none	S017 direct table-row alignment.
S017	DOCK/Home/40. Oracle to Altibase 변환가이드__7341605.md	314	314	S017-D040-U187	table_row	| INITIAL | INITEXTENTS | bytes -> extent 개수로 변경 |	INITIAL; INITEXTENTS	arch/Home/ORACLE to ALTIBASE Conversion Guide__22643038.md	316	covered	No English change required.	| INITIAL | INITEXTENTS | Change from bytes to number of extents |	none	S017 direct table-row alignment.
S017	DOCK/Home/40. Oracle to Altibase 변환가이드__7341605.md	315	315	S017-D040-U188	table_row	| NEXT | NEXTEXTENTS | bytes -> extent 개수로 변경 |	NEXT; NEXTEXTENTS	arch/Home/ORACLE to ALTIBASE Conversion Guide__22643038.md	317	covered	No English change required.	| NEXT | NEXTEXTENTS | Change from bytes to number of extents |	none	S017 direct table-row alignment.
S017	DOCK/Home/40. Oracle to Altibase 변환가이드__7341605.md	316	316	S017-D040-U189	table_row	| MINEXTENTS | MINEXTENTS | |	MINEXTENTS	arch/Home/ORACLE to ALTIBASE Conversion Guide__22643038.md	318	covered	No English change required.	| MINEXTENTS | MINEXTENTS | |	none	S017 direct table-row alignment.
S017	DOCK/Home/40. Oracle to Altibase 변환가이드__7341605.md	317	317	S017-D040-U190	table_row	| MAXEXTENTS | MAXEXTENTS | |	MAXEXTENTS	arch/Home/ORACLE to ALTIBASE Conversion Guide__22643038.md	319	covered	No English change required.	| MAXEXTENTS | MAXEXTENTS | |	none	S017 direct table-row alignment.
S017	DOCK/Home/40. Oracle to Altibase 변환가이드__7341605.md	318	318	S017-D040-U191	table_row	| PCTINCREASE | - | Altibase는 지원하지 않으므로 변환 시 해당 옵션 삭제 |	PCTINCREASE	arch/Home/ORACLE to ALTIBASE Conversion Guide__22643038.md	320	covered	No English change required.	| PCTINCREASE | - | Not supported by Altibase, so delete the corresponding option during conversion |	none	S017 direct table-row alignment.
S017	DOCK/Home/40. Oracle to Altibase 변환가이드__7341605.md	319	319	S017-D040-U192	table_row	| FREELISTS | - | Altibase는 지원하지 않으므로 변환 시 해당 옵션 삭제 |	FREELISTS	arch/Home/ORACLE to ALTIBASE Conversion Guide__22643038.md	321	covered	No English change required.	| FREELISTS | - | Not supported by Altibase, so delete the corresponding option during conversion |	none	S017 direct table-row alignment.
S017	DOCK/Home/40. Oracle to Altibase 변환가이드__7341605.md	320	320	S017-D040-U193	table_row	| FREELIST | - | Altibase는 지원하지 않으므로 변환 시 해당 옵션 삭제 |	FREELIST	arch/Home/ORACLE to ALTIBASE Conversion Guide__22643038.md	322	covered	No English change required.	| FREELIST | - | Not supported by Altibase, so delete the corresponding option during conversion |	none	S017 direct table-row alignment.
S017	DOCK/Home/40. Oracle to Altibase 변환가이드__7341605.md	321	321	S017-D040-U194	table_row	| OPTIMAL | - | Altibase는 지원하지 않으므로 변환 시 해당 옵션 삭제 |	OPTIMAL	arch/Home/ORACLE to ALTIBASE Conversion Guide__22643038.md	323	covered	No English change required.	| OPTIMAL | - | Not supported by Altibase, so delete the corresponding option during conversion |	none	S017 direct table-row alignment.
S017	DOCK/Home/40. Oracle to Altibase 변환가이드__7341605.md	322	322	S017-D040-U195	table_row	| BUFFER POOL | - | Altibase는 지원하지 않으므로 변환 시 해당 옵션 삭제 |	BUFFER; POOL	arch/Home/ORACLE to ALTIBASE Conversion Guide__22643038.md	324	covered	No English change required.	| BUFFER POOL | - | Not supported by Altibase, so delete the corresponding option during conversion |	none	S017 direct table-row alignment.
S017	DOCK/Home/40. Oracle to Altibase 변환가이드__7341605.md	324	324	S017-D040-U196	heading	#### LOB STORAGE 절	LOB; STORAGE	arch/Home/ORACLE to ALTIBASE Conversion Guide__22643038.md	310	covered	No English change required.	#### STORAGE clause	none	S017 direct inspection.
S017	DOCK/Home/40. Oracle to Altibase 변환가이드__7341605.md	328	328	S017-D040-U197	table_row	| Oracle | Altibase | 비고 |	Oracle; Altibase	arch/Home/ORACLE to ALTIBASE Conversion Guide__22643038.md	330	covered	No English change required.	| Oracle | Altibase | Remarks |	none	S017 direct table-row alignment.
S017	DOCK/Home/40. Oracle to Altibase 변환가이드__7341605.md	330	330	S017-D040-U198	table_row	| TABLESPACE | TABLESPACE | Altibase의 LOB STORAGE절은 TABLESPACE만 지정 가능 |	TABLESPACE; LOB	arch/Home/ORACLE to ALTIBASE Conversion Guide__22643038.md	332	covered	No English change required.	| TABLESPACE | TABLESPACE | In Altibase, the LOB STORAGE clause can specify only TABLESPACE. |	none	S017 direct table-row alignment.
S017	DOCK/Home/40. Oracle to Altibase 변환가이드__7341605.md	331	331	S017-D040-U199	table_row	| STORAGE | - | Altibase는 지원하지 않으므로 변환 시 해당 옵션 삭제 |	STORAGE	arch/Home/ORACLE to ALTIBASE Conversion Guide__22643038.md	333	covered	No English change required.	| STORAGE | - | Not supported by Altibase, so delete the corresponding option during conversion |	none	S017 direct table-row alignment.
S017	DOCK/Home/40. Oracle to Altibase 변환가이드__7341605.md	332	332	S017-D040-U200	table_row	| CHUNK | - | Altibase는 지원하지 않으므로 변환 시 해당 옵션 삭제 |	CHUNK	arch/Home/ORACLE to ALTIBASE Conversion Guide__22643038.md	334	covered	No English change required.	| CHUNK | - | Not supported by Altibase, so delete the corresponding option during conversion |	none	S017 direct table-row alignment.
S017	DOCK/Home/40. Oracle to Altibase 변환가이드__7341605.md	333	333	S017-D040-U201	table_row	| PCTVERSION | - | Altibase는 지원하지 않으므로 변환 시 해당 옵션 삭제 |	PCTVERSION	arch/Home/ORACLE to ALTIBASE Conversion Guide__22643038.md	335	covered	No English change required.	| PCTVERSION | - | Not supported by Altibase, so delete the corresponding option during conversion |	none	S017 direct table-row alignment.
S017	DOCK/Home/40. Oracle to Altibase 변환가이드__7341605.md	334	334	S017-D040-U202	table_row	| RETENTION | - | Altibase는 지원하지 않으므로 변환 시 해당 옵션 삭제 |	RETENTION	arch/Home/ORACLE to ALTIBASE Conversion Guide__22643038.md	336	covered	No English change required.	| RETENTION | - | Not supported by Altibase, so delete the corresponding option during conversion |	none	S017 direct table-row alignment.
S017	DOCK/Home/40. Oracle to Altibase 변환가이드__7341605.md	335	335	S017-D040-U203	table_row	| FREEPOOLS | - | Altibase는 지원하지 않으므로 변환 시 해당 옵션 삭제 |	FREEPOOLS	arch/Home/ORACLE to ALTIBASE Conversion Guide__22643038.md	337	covered	No English change required.	| FREEPOOLS | - | Not supported by Altibase, so delete the corresponding option during conversion |	none	S017 direct table-row alignment.
S017	DOCK/Home/40. Oracle to Altibase 변환가이드__7341605.md	336	336	S017-D040-U204	table_row	| CACHE | - | Altibase는 지원하지 않으므로 변환 시 해당 옵션 삭제 |	CACHE	arch/Home/ORACLE to ALTIBASE Conversion Guide__22643038.md	338	covered	No English change required.	| CACHE | - | Not supported by Altibase, so delete the corresponding option during conversion |	none	S017 direct table-row alignment.
S017	DOCK/Home/40. Oracle to Altibase 변환가이드__7341605.md	337	337	S017-D040-U205	table_row	| STORAGE IN ROW | - | Altibase는 지원하지 않으므로 변환 시 해당 옵션 삭제 |	STORAGE; ROW	arch/Home/ORACLE to ALTIBASE Conversion Guide__22643038.md	339	covered	No English change required.	| STORAGE IN ROW | - | Not supported by Altibase, so delete the corresponding option during conversion |	none	S017 direct table-row alignment.
S017	DOCK/Home/40. Oracle to Altibase 변환가이드__7341605.md	338	338	S017-D040-U206	table_row	| LOGGING\|NOLOGGING | LOGGING\|NOLOGGING | |	LOGGING; NOLOGGING	arch/Home/ORACLE to ALTIBASE Conversion Guide__22643038.md	340	covered	No English change required.	| LOGGING\|NOLOGGING | LOGGING\|NOLOGGING | |	none	S017 direct table-row alignment.
S017	DOCK/Home/40. Oracle to Altibase 변환가이드__7341605.md	340	340	S017-D040-U207	heading	#### TABLE PARTITION 절	TABLE; PARTITION	arch/Home/ORACLE to ALTIBASE Conversion Guide__22643038.md	326	covered	No English change required.	#### LOB STORAGE clause	none	S017 direct inspection.
S017	DOCK/Home/40. Oracle to Altibase 변환가이드__7341605.md	344	344	S017-D040-U208	table_row	| Oracle | Altibase | 비고 |	Oracle; Altibase	arch/Home/ORACLE to ALTIBASE Conversion Guide__22643038.md	346	covered	No English change required.	| Oracle | Altibase | Note |	none	S017 direct table-row alignment.
S017	DOCK/Home/40. Oracle to Altibase 변환가이드__7341605.md	346	346	S017-D040-U209	table_row	| PARTITION BY RANGE | PARTITION BY RANGE | |	PARTITION; RANGE	arch/Home/ORACLE to ALTIBASE Conversion Guide__22643038.md	348	covered	No English change required.	| PARTITION BY RANGE | PARTITION BY RANGE | |	none	S017 direct table-row alignment.
S017	DOCK/Home/40. Oracle to Altibase 변환가이드__7341605.md	347	347	S017-D040-U210	table_row	| PARTITION BY HASH | PARTITION BY HASH | |	PARTITION; HASH	arch/Home/ORACLE to ALTIBASE Conversion Guide__22643038.md	349	covered	No English change required.	| PARTITION BY HASH | PARTITION BY HASH | |	none	S017 direct table-row alignment.
S017	DOCK/Home/40. Oracle to Altibase 변환가이드__7341605.md	348	348	S017-D040-U211	table_row	| PARTITION BY LIST | PARTITION BY LIST | |	PARTITION; LIST	arch/Home/ORACLE to ALTIBASE Conversion Guide__22643038.md	350	covered	No English change required.	| PARTITION BY LIST | PARTITION BY LIST | |	none	S017 direct table-row alignment.
S017	DOCK/Home/40. Oracle to Altibase 변환가이드__7341605.md	349	349	S017-D040-U212	table_row	| Composite partitioning 구문 | - | Altibase는 지원하지 않으므로 변환 시 해당 옵션 삭제 |	Composite partitioning 구문	arch/Home/ORACLE to ALTIBASE Conversion Guide__22643038.md	351	covered	No English change required.	| Composite partitioning statement | - | Not supported by Altibase, so delete the corresponding option during conversion |	none	S017 direct table-row alignment.
S017	DOCK/Home/40. Oracle to Altibase 변환가이드__7341605.md	351	351	S017-D040-U213	heading	#### TABLE PROPERTIES 절	TABLE; PROPERTIES	arch/Home/ORACLE to ALTIBASE Conversion Guide__22643038.md	342	covered	No English change required.	#### TABLE PARTITION clause	none	S017 direct inspection.
S017	DOCK/Home/40. Oracle to Altibase 변환가이드__7341605.md	355	355	S017-D040-U214	table_row	| Oracle | Altibase | 비고 |	Oracle; Altibase	arch/Home/ORACLE to ALTIBASE Conversion Guide__22643038.md	357	covered	No English change required.	| Oracle | Altibase | Note |	none	S017 direct table-row alignment.
S017	DOCK/Home/40. Oracle to Altibase 변환가이드__7341605.md	357	357	S017-D040-U215	table_row	| ENABLE\|DISABLE ROW MOVEMENT | ENABLE\|DISABLE ROW MOVEMENT | Partitioned TABLE에만 지원 |	ENABLE; DISABLE; ROW; MOVEMENT	arch/Home/ORACLE to ALTIBASE Conversion Guide__22643038.md	359	covered	No English change required.	| ENABLE\|DISABLE ROW MOVEMENT | ENABLE\|DISABLE ROW MOVEMENT | Supported only for partitioned TABLEs |	none	S017 direct table-row alignment.
S017	DOCK/Home/40. Oracle to Altibase 변환가이드__7341605.md	358	358	S017-D040-U216	table_row	| NOPARALLEL\|PARALLEL | NOPARALLEL\|PARALLEL | |	NOPARALLEL; PARALLEL	arch/Home/ORACLE to ALTIBASE Conversion Guide__22643038.md	360	covered	No English change required.	| NOPARALLEL\|PARALLEL | NOPARALLEL\|PARALLEL | |	none	S017 direct table-row alignment.
S017	DOCK/Home/40. Oracle to Altibase 변환가이드__7341605.md	359	359	S017-D040-U217	table_row	| ENABLE\|DISABLE VALIDATE\|NOVALIDATE | - | Altibase는 지원하지 않으므로 변환 시 해당 옵션 삭제 |	ENABLE; DISABLE; VALIDATE; NOVALIDATE	arch/Home/ORACLE to ALTIBASE Conversion Guide__22643038.md	361	covered	No English change required.	| ENABLE\|DISABLE VALIDATE\|NOVALIDATE | - | Not supported by Altibase, so delete the corresponding option during conversion |	none	S017 direct table-row alignment.
S017	DOCK/Home/40. Oracle to Altibase 변환가이드__7341605.md	361	361	S017-D040-U218	heading	#### CREATE TABLE 변환 예제	CREATE; TABLE	arch/Home/ORACLE to ALTIBASE Conversion Guide__22643038.md	353	covered	No English change required.	#### TABLE PROPERTIES clause	none	S017 direct inspection.
S017	DOCK/Home/40. Oracle to Altibase 변환가이드__7341605.md	365	365	S017-D040-U219	table_row	| Oracle | Altibase |	Oracle; Altibase	arch/Home/ORACLE to ALTIBASE Conversion Guide__22643038.md	367	covered	No English change required.	| Oracle | Altibase |	none	S017 direct table-row alignment.
S017	DOCK/Home/40. Oracle to Altibase 변환가이드__7341605.md	367	367	S017-D040-U220	table_row	| ```<br>CREATE TABLE "SCOTT"."EMP"<br>(\t"EMPNO" NUMBER(4,0),<br>"ENAME" VARCHAR2(10 Byte),<br>"JOB" VARCHAR2(9 Byte),<br>"MGR" NUMBER(4,0),<br>"HIREDATE" DATE,<br>"SAL" NUMBER(7,2),<br>"COMM" NUMBER(7,2),<br>"DEPTNO...	CREATE; TABLE; SCOTT; EMP; EMPNO; NUMBER; ENAME; VARCHAR2	arch/Home/ORACLE to ALTIBASE Conversion Guide__22643038.md	369	covered	No English change required.	| ```<br>CREATE TABLE "SCOTT"."EMP"<br>(\t"EMPNO" NUMBER(4,0),<br>"ENAME" VARCHAR2(10 Byte),<br>"JOB" VARCHAR2(9 Byte),<br>"MGR" NUMBER(4,0),<br>"HIREDATE" DATE,<br>"SAL" NUMBER(7,2),<br>"COMM" NUMBER(7,2),<br>"DEPTNO...	none	S017 direct table-row alignment.
S017	DOCK/Home/40. Oracle to Altibase 변환가이드__7341605.md	369	379	S017-D040-U221	command_or_sql_block	```\n "ENAME" VARCHAR2(10) : Byte 삭제\n USING INDEX TABLESPACE "USERS" : PK 지정 시 USING INDEX 절에는 TABLESPACE 절, PARALLEL/NOPARALLEL 절, LOGGING/NOLOGGING 절만 지정 가능하므로 TABLESPACE 절 외의 다른 옵션은 삭제\n REFERENCES "SCOTT"."DEP...	ENAME; VARCHAR2; USING; INDEX; TABLESPACE; USERS; PARALLEL/NOPARALLEL; LOGGING/NOLOGGING	arch/Home/ORACLE to ALTIBASE Conversion Guide__22643038.md	369	covered	No English change required.	| ```<br>CREATE TABLE "SCOTT"."EMP"<br>(\t"EMPNO" NUMBER(4,0),<br>"ENAME" VARCHAR2(10 Byte),<br>"JOB" VARCHAR2(9 Byte),<br>"MGR" NUMBER(4,0),<br>"HIREDATE" DATE,<br>"SAL" NUMBER(7,2),<br>"COMM" NUMBER(7,2),<br>"DEPTNO...	none	S017 direct inspection.
S017	DOCK/Home/40. Oracle to Altibase 변환가이드__7341605.md	381	381	S017-D040-U222	heading	### CREATE INDEX	CREATE; INDEX	arch/Home/ORACLE to ALTIBASE Conversion Guide__22643038.md	363	covered	No English change required.	#### example of CREATE TABLE	none	S017 direct inspection.
S017	DOCK/Home/40. Oracle to Altibase 변환가이드__7341605.md	385	385	S017-D040-U223	paragraph	Altibase가 지원하는 인덱스 종류는 BTREE, RTREE 및 Function-based INDEX이고, BITMAP, CLUSTER, REVERSE, Global partitioned INDEX는 지원하지 않는다.	BTREE; RTREE; BITMAP; CLUSTER; REVERSE	arch/Home/ORACLE to ALTIBASE Conversion Guide__22643038.md	382	covered	No English change required.	The types of indexes supported by Altibase are BTREE, RTREE, and Function-based INDEX. BITMAP, CLUSTER, REVERSE, and Global partitioned INDEX are not supported.	none	S017 direct inspection.
S017	DOCK/Home/40. Oracle to Altibase 변환가이드__7341605.md	387	387	S017-D040-U224	paragraph	Altibase INDEX 생성 시 segment 관련 내용을 지정할 경우, TABLESPACE 지정 -> PARALLEL/ NOPARALLEL 지정 -> LOGGING/NOLOGGING 지정 -> storage 절 순으로 지정해야 한다.	INDEX; TABLESPACE; PARALLEL; NOPARALLEL; LOGGING/NOLOGGING; Altibase	arch/Home/ORACLE to ALTIBASE Conversion Guide__22643038.md	369	covered	No English change required.	| ```<br>CREATE TABLE "SCOTT"."EMP"<br>(\t"EMPNO" NUMBER(4,0),<br>"ENAME" VARCHAR2(10 Byte),<br>"JOB" VARCHAR2(9 Byte),<br>"MGR" NUMBER(4,0),<br>"HIREDATE" DATE,<br>"SAL" NUMBER(7,2),<br>"COMM" NUMBER(7,2),<br>"DEPTNO...	none	S017 direct inspection.
S017	DOCK/Home/40. Oracle to Altibase 변환가이드__7341605.md	389	389	S017-D040-U225	table_row	| Oracle | Altibase | 비고 |	Oracle; Altibase	arch/Home/ORACLE to ALTIBASE Conversion Guide__22643038.md	386	covered	No English change required.	| Oracle | Altibase | Remarks |	none	S017 direct table-row alignment.
S017	DOCK/Home/40. Oracle to Altibase 변환가이드__7341605.md	391	391	S017-D040-U226	table_row	| TABLESPACE | TABLESPACE | |	TABLESPACE	arch/Home/ORACLE to ALTIBASE Conversion Guide__22643038.md	388	covered	No English change required.	| TABLESPACE | TABLESPACE | |	none	S017 direct table-row alignment.
S017	DOCK/Home/40. Oracle to Altibase 변환가이드__7341605.md	392	392	S017-D040-U227	table_row	| LOGGING\|NOLOGGING | LOGGING\|NOLOGGING | |	LOGGING; NOLOGGING	arch/Home/ORACLE to ALTIBASE Conversion Guide__22643038.md	389	covered	No English change required.	| LOGGING\|NOLOGGING | LOGGING\|NOLOGGING | |	none	S017 direct table-row alignment.
S017	DOCK/Home/40. Oracle to Altibase 변환가이드__7341605.md	393	393	S017-D040-U228	table_row	| NOPARALLEL\|PARALLEL | NOPARALLEL\|PARALLEL | |	NOPARALLEL; PARALLEL	arch/Home/ORACLE to ALTIBASE Conversion Guide__22643038.md	390	covered	No English change required.	| NOPARALLEL\|PARALLEL | NOPARALLEL\|PARALLEL | |	none	S017 direct table-row alignment.
S017	DOCK/Home/40. Oracle to Altibase 변환가이드__7341605.md	394	394	S017-D040-U229	table_row	| COMPUTE STATISTICS | - | Altibase는 지원하지 않으므로 변환 시 해당 옵션 삭제 |	COMPUTE; STATISTICS	arch/Home/ORACLE to ALTIBASE Conversion Guide__22643038.md	391	covered	No English change required.	| COMPUTE STATISTICS | - | Not supported by Altibase, so delete the corresponding option during conversion |	none	S017 direct table-row alignment.
S017	DOCK/Home/40. Oracle to Altibase 변환가이드__7341605.md	395	395	S017-D040-U230	table_row	| REVERSE | - | Altibase는 지원하지 않으므로 변환 시 해당 옵션 삭제 |	REVERSE	arch/Home/ORACLE to ALTIBASE Conversion Guide__22643038.md	392	covered	No English change required.	| REVERSE | - | Not supported by Altibase, so delete the corresponding option during conversion |	none	S017 direct table-row alignment.
S017	DOCK/Home/40. Oracle to Altibase 변환가이드__7341605.md	396	396	S017-D040-U231	table_row	| SORT\|NOSORT | - | Altibase는 지원하지 않으므로 변환 시 해당 옵션 삭제 |	SORT; NOSORT	arch/Home/ORACLE to ALTIBASE Conversion Guide__22643038.md	393	covered	No English change required.	| SORT\|NOSORT | - | Not supported by Altibase, so delete the corresponding option during conversion |	none	S017 direct table-row alignment.
S017	DOCK/Home/40. Oracle to Altibase 변환가이드__7341605.md	397	397	S017-D040-U232	table_row	| ONLINE | - | Altibase는 지원하지 않으므로 변환 시 해당 옵션 삭제 |	ONLINE	arch/Home/ORACLE to ALTIBASE Conversion Guide__22643038.md	394	covered	No English change required.	| ONLINE | - | Not supported by Altibase, so delete the corresponding option during conversion |	none	S017 direct table-row alignment.
S017	DOCK/Home/40. Oracle to Altibase 변환가이드__7341605.md	398	398	S017-D040-U233	table_row	| COMPRESS\|NOCOMPRESS | - | Altibase는 지원하지 않으므로 변환 시 해당 옵션 삭제 |	COMPRESS; NOCOMPRESS	arch/Home/ORACLE to ALTIBASE Conversion Guide__22643038.md	395	covered	No English change required.	| COMPRESS\|NOCOMPRESS | - | Not supported by Altibase, so delete the corresponding option during conversion |	none	S017 direct table-row alignment.
S017	DOCK/Home/40. Oracle to Altibase 변환가이드__7341605.md	399	399	S017-D040-U234	table_row	| PCTFREE, PCTUSED, | - | Altibase는 지원하지 않으므로 변환 시 해당 옵션 삭제 |	PCTFREE; PCTUSED	arch/Home/ORACLE to ALTIBASE Conversion Guide__22643038.md	396	covered	No English change required.	| PCTFREE, PCTUSED, | - | Not supported by Altibase, so delete the corresponding option during conversion |	none	S017 direct table-row alignment.
S017	DOCK/Home/40. Oracle to Altibase 변환가이드__7341605.md	400	400	S017-D040-U235	table_row	| INITRANS | INITRANS | |	INITRANS	arch/Home/ORACLE to ALTIBASE Conversion Guide__22643038.md	397	covered	No English change required.	| INITRANS | INITRANS | |	none	S017 direct table-row alignment.
S017	DOCK/Home/40. Oracle to Altibase 변환가이드__7341605.md	401	401	S017-D040-U236	table_row	| MAXTRANS | MAXTRANS | Oracle의 기본/최대값 : 255, Altibase의 기본/최대값 : 30<br>Altibase로 변환 시 이 파라미터 생략 또는 30으로 변경한다. 참고로 Oracle의 MAXTRANS 파라미터는 deprecated 상태이다. |	MAXTRANS; 255; 30	arch/Home/ORACLE to ALTIBASE Conversion Guide__22643038.md	398	covered	No English change required.	| MAXTRANS | MAXTRANS | Oracle default/maximum value: 255, Altibase default/maximum value: 30<br>When converting to Altibase, omit this parameter or change it to 30. Note that Oracle's MAXTRANS parameter is deprecated. |	none	S017 direct table-row alignment.
S017	DOCK/Home/40. Oracle to Altibase 변환가이드__7341605.md	402	402	S017-D040-U237	table_row	| Storage 구문 | TABLE의 Storage 구문과 동일 | |	Storage 구문	arch/Home/ORACLE to ALTIBASE Conversion Guide__22643038.md	399	covered	No English change required.	| Storage statement | Same as the TABLE Storage clause | |	none	S017 direct table-row alignment.
S017	DOCK/Home/40. Oracle to Altibase 변환가이드__7341605.md	404	404	S017-D040-U238	heading	#### CREATE INDEX 변환 예제	CREATE; INDEX	arch/Home/ORACLE to ALTIBASE Conversion Guide__22643038.md	378	covered	No English change required.	### CREATE INDEX	none	S017 direct inspection.
S017	DOCK/Home/40. Oracle to Altibase 변환가이드__7341605.md	408	408	S017-D040-U239	table_row	| Oracle | Altibase |	Oracle; Altibase	arch/Home/ORACLE to ALTIBASE Conversion Guide__22643038.md	405	covered	No English change required.	| Oracle | Altibase |	none	S017 direct table-row alignment.
S017	DOCK/Home/40. Oracle to Altibase 변환가이드__7341605.md	410	410	S017-D040-U240	table_row	| ```<br>CREATE INDEX "SCOTT"."EMP_IDX1" ON "SCOTT"."EMP" ("DEPTNO", "SAL")<br>PCTFREE 10 INITRANS 2 MAXTRANS 255 COMPUTE STATISTICS<br>STORAGE(INITIAL 65536 NEXT 1048576 MINEXTENTS 1 MAXEXTENTS 2147483645<br>PCTINCRE...	CREATE; INDEX; SCOTT; EMP_IDX1; EMP; DEPTNO; SAL; PCTFREE	arch/Home/ORACLE to ALTIBASE Conversion Guide__22643038.md	407	covered	No English change required.	| ```<br>CREATE INDEX "SCOTT"."EMP_IDX1" ON "SCOTT"."EMP" ("DEPTNO", "SAL")<br>PCTFREE 10 INITRANS 2 MAXTRANS 255 COMPUTE STATISTICS<br>STORAGE(INITIAL 65536 NEXT 1048576 MINEXTENTS 1 MAXEXTENTS 2147483645<br>PCTINCRE...	none	S017 direct table-row alignment.
S017	DOCK/Home/40. Oracle to Altibase 변환가이드__7341605.md	412	418	S017-D040-U241	command_or_sql_block	```\n INITRANS 2 MAXTRANS 30 : MAXTRANS는 30까지 지원하므로 30으로 변경\n STORAGE(INITEXTENTS 1 NEXTEXTENTS 1 MINEXTENTS 1 MAXEXTENTS 2147483645) : STORAGE 절에는 INITEXTENTS, NEXTEXTENTS, MINEXTENTS, MAXEXTENTS 만 지정 가능하고, INITIAL...	INITRANS; MAXTRANS; STORAGE; INITEXTENTS; NEXTEXTENTS; MINEXTENTS; MAXEXTENTS; TABLESPACE	arch/Home/ORACLE to ALTIBASE Conversion Guide__22643038.md	397	covered	No English change required.	| INITRANS | INITRANS | |	none	S017 direct inspection.
S017	DOCK/Home/40. Oracle to Altibase 변환가이드__7341605.md	420	420	S017-D040-U242	heading	### CREATE VIEW	CREATE; VIEW	arch/Home/ORACLE to ALTIBASE Conversion Guide__22643038.md	401	covered	No English change required.	#### example of CREATE INDEX	none	S017 direct inspection.
S017	DOCK/Home/40. Oracle to Altibase 변환가이드__7341605.md	424	424	S017-D040-U243	paragraph	Altibase의 VIEW는 Oracle의 VIEW 생성 구문과 동일하게 CREATE OR REPLACE VIEW 구문으로 생성한다.	VIEW; CREATE; REPLACE	arch/Home/ORACLE to ALTIBASE Conversion Guide__22643038.md	413	covered	No English change required.	### CREATE VIEW	none	S017 direct inspection.
S017	DOCK/Home/40. Oracle to Altibase 변환가이드__7341605.md	426	426	S017-D040-U244	table_row	| Oracle | Altibase | 비고 |	Oracle; Altibase	arch/Home/ORACLE to ALTIBASE Conversion Guide__22643038.md	419	covered	No English change required.	| Oracle | Altibase | Remarks |	none	S017 direct table-row alignment.
S017	DOCK/Home/40. Oracle to Altibase 변환가이드__7341605.md	428	428	S017-D040-U245	table_row	| WITH READ ONLY | WITH READ ONLY | 이 옵션을 지정하지 않으면 updatable view가 생성된다. |	WITH; READ; ONLY	arch/Home/ORACLE to ALTIBASE Conversion Guide__22643038.md	421	covered	No English change required.	| WITH READ ONLY | WITH READ ONLY | If this option is not specified, an updatable view is created |	none	S017 direct table-row alignment.
S017	DOCK/Home/40. Oracle to Altibase 변환가이드__7341605.md	429	429	S017-D040-U246	table_row	| NO FORCE | NO FORCE | |	FORCE	arch/Home/ORACLE to ALTIBASE Conversion Guide__22643038.md	422	covered	No English change required.	| NO FORCE | NO FORCE | |	none	S017 direct table-row alignment.
S017	DOCK/Home/40. Oracle to Altibase 변환가이드__7341605.md	430	430	S017-D040-U247	table_row	| WITH CHECK OPTION | - | Altibase는 지원하지 않으므로 변환 시 해당 옵션 삭제 |	WITH; CHECK; OPTION	arch/Home/ORACLE to ALTIBASE Conversion Guide__22643038.md	423	covered	No English change required.	| WITH CHECK OPTION | - | Not supported by Altibase, so delete the corresponding option during conversion |	none	S017 direct table-row alignment.
S017	DOCK/Home/40. Oracle to Altibase 변환가이드__7341605.md	431	431	S017-D040-U248	table_row	| XMLType view 구문 | - | Altibase는 지원하지 않으므로 변환 시 해당 옵션 삭제 |	XMLType view 구문	arch/Home/ORACLE to ALTIBASE Conversion Guide__22643038.md	424	covered	No English change required.	| XMLType view statement | - | Not supported by Altibase, so delete the corresponding option during conversion |	none	S017 direct table-row alignment.
S017	DOCK/Home/40. Oracle to Altibase 변환가이드__7341605.md	432	432	S017-D040-U249	table_row	| Object view 구문 | - | Altibase는 지원하지 않으므로 변환 시 해당 옵션 삭제 |	Object view 구문	arch/Home/ORACLE to ALTIBASE Conversion Guide__22643038.md	425	covered	No English change required.	| Object view statement | - | Not supported by Altibase, so delete the corresponding option during conversion |	none	S017 direct table-row alignment.
S017	DOCK/Home/40. Oracle to Altibase 변환가이드__7341605.md	434	434	S017-D040-U250	heading	### CREATE TRIGGER	CREATE; TRIGGER	arch/Home/ORACLE to ALTIBASE Conversion Guide__22643038.md	413	covered	No English change required.	### CREATE VIEW	none	S017 direct inspection.
S017	DOCK/Home/40. Oracle to Altibase 변환가이드__7341605.md	438	438	S017-D040-U251	paragraph	Altibase의 TRIGGER는 Oracle의 TRIGGER 생성 구문과 동일하게 CREATE OR REPLACE TRIGGER 구문으로 생성한다.	TRIGGER; CREATE; REPLACE	arch/Home/ORACLE to ALTIBASE Conversion Guide__22643038.md	427	covered	No English change required.	### CREATE TRIGGER	none	S017 direct inspection.
S017	DOCK/Home/40. Oracle to Altibase 변환가이드__7341605.md	440	440	S017-D040-U252	paragraph	Altibae 이중화를 사용할 경우, 이중화에 의해 반영되는 데이터 변경은 트리거 동작을 발생시키지 않으므로 비지니스 로직에서 이런 사항이 고려되어야 한다.	section semantics	arch/Home/ORACLE to ALTIBASE Conversion Guide__22643038.md	413	covered	No English change required.	### CREATE VIEW	none	S017 direct inspection.
S017	DOCK/Home/40. Oracle to Altibase 변환가이드__7341605.md	442	442	S017-D040-U253	table_row	| Oracle | Altibase | 비고 |	Oracle; Altibase	arch/Home/ORACLE to ALTIBASE Conversion Guide__22643038.md	435	covered	No English change required.	| Oracle | Altibase | Remarks |	none	S017 direct table-row alignment.
S017	DOCK/Home/40. Oracle to Altibase 변환가이드__7341605.md	444	444	S017-D040-U254	table_row	| CREATE OR REPLACE TRIGGER | CREATE OR REPLACE TRIGGER | |	CREATE; REPLACE; TRIGGER	arch/Home/ORACLE to ALTIBASE Conversion Guide__22643038.md	437	covered	No English change required.	| CREATE OR REPLACE TRIGGER | CREATE OR REPLACE TRIGGER | |	none	S017 direct table-row alignment.
S017	DOCK/Home/40. Oracle to Altibase 변환가이드__7341605.md	445	445	S017-D040-U255	table_row	| BEFORE\|AFTER\|INSTEAD OF | BEFORE\|AFTER\|INSTEAD OF | |	BEFORE; AFTER; INSTEAD	arch/Home/ORACLE to ALTIBASE Conversion Guide__22643038.md	438	covered	No English change required.	| BEFORE\|AFTER\|INSTEAD OF | BEFORE\|AFTER\|INSTEAD OF | |	none	S017 direct table-row alignment.
S017	DOCK/Home/40. Oracle to Altibase 변환가이드__7341605.md	446	446	S017-D040-U256	table_row	| DML 이벤트 구문 | DML 이벤트 구문 | DML 이벤트 구문은 Oracle과 동일 |	DML	arch/Home/ORACLE to ALTIBASE Conversion Guide__22643038.md	439	covered	No English change required.	| DML event statement | DML event statement | DML event statements are the same as in Oracle |	none	S017 direct table-row alignment.
S017	DOCK/Home/40. Oracle to Altibase 변환가이드__7341605.md	447	447	S017-D040-U257	table_row	| DDL 이벤트 구문 | - | Altibase는 DDL TRIGGER를 지원하지 않음 |	DDL	arch/Home/ORACLE to ALTIBASE Conversion Guide__22643038.md	440	covered	No English change required.	| DDL event statement | - | Altibase does not support DDL triggers |	none	S017 direct table-row alignment.
S017	DOCK/Home/40. Oracle to Altibase 변환가이드__7341605.md	448	448	S017-D040-U258	table_row	| WHEN 조건 | WHEN 조건 | |	WHEN	arch/Home/ORACLE to ALTIBASE Conversion Guide__22643038.md	441	covered	No English change required.	| WHEN condition | WHEN condition | |	none	S017 direct table-row alignment.
S017	DOCK/Home/40. Oracle to Altibase 변환가이드__7341605.md	449	449	S017-D040-U259	table_row	| FOR EACH ROW | FOR EACH ROW | |	FOR; EACH; ROW	arch/Home/ORACLE to ALTIBASE Conversion Guide__22643038.md	442	covered	No English change required.	| FOR EACH ROW | FOR EACH ROW | |	none	S017 direct table-row alignment.
S017	DOCK/Home/40. Oracle to Altibase 변환가이드__7341605.md	450	450	S017-D040-U260	table_row	| REFERENCING | REFERENCING | Altibase에서는 OLD/NEW가 키워드이므로 alias로 사용할 수 없다. |	REFERENCING; OLD/	arch/Home/ORACLE to ALTIBASE Conversion Guide__22643038.md	443	covered	No English change required.	| REFERENCING | REFERENCING | In Altibase, OLD and NEW are keywords and cannot be used as aliases |	none	S017 direct table-row alignment.
S017	DOCK/Home/40. Oracle to Altibase 변환가이드__7341605.md	451	451	S017-D040-U261	table_row	| Trigger body 구문 | Trigger body 구문 | |	Trigger body 구문	arch/Home/ORACLE to ALTIBASE Conversion Guide__22643038.md	444	covered	No English change required.	| Trigger body statement | Trigger body statement | |	none	S017 direct table-row alignment.
S017	DOCK/Home/40. Oracle to Altibase 변환가이드__7341605.md	453	453	S017-D040-U262	heading	### CREATE SEQUENCE	CREATE; SEQUENCE	arch/Home/ORACLE to ALTIBASE Conversion Guide__22643038.md	427	covered	No English change required.	### CREATE TRIGGER	none	S017 direct inspection.
S017	DOCK/Home/40. Oracle to Altibase 변환가이드__7341605.md	457	457	S017-D040-U263	paragraph	Altibase의 SEQUENCE는 Oracle의 SEQUENCE 생성 구문과 동일하게 CREATE SEQUENCE 구문으로 생성한다.	SEQUENCE; CREATE	arch/Home/ORACLE to ALTIBASE Conversion Guide__22643038.md	446	covered	No English change required.	### CREATE SEQUENCE	none	S017 direct inspection.
S017	DOCK/Home/40. Oracle to Altibase 변환가이드__7341605.md	459	459	S017-D040-U264	table_row	| Oracle | Altibase | 비고 |	Oracle; Altibase	arch/Home/ORACLE to ALTIBASE Conversion Guide__22643038.md	452	covered	No English change required.	| Oracle | Altibase | Remarks |	none	S017 direct table-row alignment.
S017	DOCK/Home/40. Oracle to Altibase 변환가이드__7341605.md	461	461	S017-D040-U265	table_row	| CREATE SEQUENCE | CREATE SEQUENCE | |	CREATE; SEQUENCE	arch/Home/ORACLE to ALTIBASE Conversion Guide__22643038.md	454	covered	No English change required.	| CREATE SEQUENCE | CREATE SEQUENCE | |	none	S017 direct table-row alignment.
S017	DOCK/Home/40. Oracle to Altibase 변환가이드__7341605.md	462	462	S017-D040-U266	table_row	| START WITH | START WITH | |	START; WITH	arch/Home/ORACLE to ALTIBASE Conversion Guide__22643038.md	455	covered	No English change required.	| START WITH | START WITH | |	none	S017 direct table-row alignment.
S017	DOCK/Home/40. Oracle to Altibase 변환가이드__7341605.md	463	463	S017-D040-U267	table_row	| INCREMENT BY | INCREMENT BY | |	INCREMENT	arch/Home/ORACLE to ALTIBASE Conversion Guide__22643038.md	456	covered	No English change required.	| INCREMENT BY | INCREMENT BY | |	none	S017 direct table-row alignment.
S017	DOCK/Home/40. Oracle to Altibase 변환가이드__7341605.md	464	464	S017-D040-U268	table_row	| MAXVALUE\|NOMAXVALUE | MAXVALUE\|NOMAXVALUE | Oracle의 maxvalue는 28자리 정수까지 지정 가능<br>Altibase의 maxvalue는 -9223372036854775805 ~ 9223372036854775806 범위 내에서 지정 가능 |	MAXVALUE; NOMAXVALUE; 9223372036854775805; 9223372036854775806	arch/Home/ORACLE to ALTIBASE Conversion Guide__22643038.md	457	covered	No English change required.	| MAXVALUE\|NOMAXVALUE | MAXVALUE\|NOMAXVALUE | Oracle’s maxvalue can be specified up to a 28-digit integer.<br>Altibase’s maxvalue can be specified within the range of -9,223,372,036,854,775,805 to 9,223,372,036,854,...	none	S017 direct table-row alignment.
S017	DOCK/Home/40. Oracle to Altibase 변환가이드__7341605.md	465	465	S017-D040-U269	table_row	| MINVALUE\|NOMINVALUE | MINVALUE\|NOMINVALUE | |	MINVALUE; NOMINVALUE	arch/Home/ORACLE to ALTIBASE Conversion Guide__22643038.md	458	covered	No English change required.	| MINVALUE\|NOMINVALUE | MINVALUE\|NOMINVALUE | |	none	S017 direct table-row alignment.
S017	DOCK/Home/40. Oracle to Altibase 변환가이드__7341605.md	466	466	S017-D040-U270	table_row	| CYCLE\|NOCYCLE | CYCLE\|NOCYCLE | |	CYCLE; NOCYCLE	arch/Home/ORACLE to ALTIBASE Conversion Guide__22643038.md	459	covered	No English change required.	| CYCLE\|NOCYCLE | CYCLE\|NOCYCLE | |	none	S017 direct table-row alignment.
S017	DOCK/Home/40. Oracle to Altibase 변환가이드__7341605.md	467	467	S017-D040-U271	table_row	| CACHE\|NOCACHE | CACHE\|NOCACHE | |	CACHE; NOCACHE	arch/Home/ORACLE to ALTIBASE Conversion Guide__22643038.md	460	covered	No English change required.	| CACHE\|NOCACHE | CACHE\|NOCACHE | |	none	S017 direct table-row alignment.
S017	DOCK/Home/40. Oracle to Altibase 변환가이드__7341605.md	468	468	S017-D040-U272	table_row	| ORDER\|NOORDER | | Altibase는 지원하지 않으므로 변환 시 해당 옵션 삭제 |	ORDER; NOORDER	arch/Home/ORACLE to ALTIBASE Conversion Guide__22643038.md	461	covered	No English change required.	| ORDER\|NOORDER | | Not supported by Altibase, so delete the corresponding option during conversion |	none	S017 direct table-row alignment.
S017	DOCK/Home/40. Oracle to Altibase 변환가이드__7341605.md	469	469	S017-D040-U273	table_row	| KEEP\|NOKEEP | | Altibase는 지원하지 않으므로 변환 시 해당 옵션 삭제 |	KEEP; NOKEEP	arch/Home/ORACLE to ALTIBASE Conversion Guide__22643038.md	462	covered	No English change required.	| KEEP\|NOKEEP | | Not supported by Altibase, so delete the corresponding option during conversion |	none	S017 direct table-row alignment.
S017	DOCK/Home/40. Oracle to Altibase 변환가이드__7341605.md	470	470	S017-D040-U274	table_row	| SESSION\|GLOBAL | | Altibase는 지원하지 않으므로 변환 시 해당 옵션 삭제 |	SESSION; GLOBAL	arch/Home/ORACLE to ALTIBASE Conversion Guide__22643038.md	463	covered	No English change required.	| SESSION\|GLOBAL | | Not supported by Altibase, so delete the corresponding option during conversion |	none	S017 direct table-row alignment.
S017	DOCK/Home/40. Oracle to Altibase 변환가이드__7341605.md	472	472	S017-D040-U275	heading	### CREATE SYNONYM	CREATE; SYNONYM	arch/Home/ORACLE to ALTIBASE Conversion Guide__22643038.md	446	covered	No English change required.	### CREATE SEQUENCE	none	S017 direct inspection.
S017	DOCK/Home/40. Oracle to Altibase 변환가이드__7341605.md	476	476	S017-D040-U276	paragraph	Altibase의 CREATE SYNONYM 구문은 Oracle과 동일하다. 단, EDITIONABLE|NONEDITIONABLE 옵션은 지원하지 않는다.	CREATE; SYNONYM; EDITIONABLE; NONEDITIONABLE	arch/Home/ORACLE to ALTIBASE Conversion Guide__22643038.md	446	covered	No English change required.	### CREATE SEQUENCE	none	S017 direct inspection.
S017	DOCK/Home/40. Oracle to Altibase 변환가이드__7341605.md	478	478	S017-D040-U277	heading	### ALTER TABLE	ALTER; TABLE	arch/Home/ORACLE to ALTIBASE Conversion Guide__22643038.md	465	covered	No English change required.	### CREATE SYNONYM	none	S017 direct inspection.
S017	DOCK/Home/40. Oracle to Altibase 변환가이드__7341605.md	482	482	S017-D040-U278	paragraph	Altibase는 Constraint 추가 시 한번에 1개의 Constraint만 추가 가능하다.	section semantics	arch/Home/ORACLE to ALTIBASE Conversion Guide__22643038.md	465	covered	No English change required.	### CREATE SYNONYM	none	S017 direct inspection.
S017	DOCK/Home/40. Oracle to Altibase 변환가이드__7341605.md	484	484	S017-D040-U279	paragraph	Oracle에서 “ALTER TABLE ADD (CONSTRAINT constraint_name constraint_type,…);” 문으로 여러 개의 Constraint를 추가하는 문장은 “ALTER TABLE ADD CONSTRAINT constraint_name constraint_type;” 문으로 Constraint 별로 나눠서 실행해야 한다.	ALTER; TABLE; ADD; CONSTRAINT	arch/Home/ORACLE to ALTIBASE Conversion Guide__22643038.md	471	covered	No English change required.	### ALTER TABLE	none	S017 direct inspection.
S017	DOCK/Home/40. Oracle to Altibase 변환가이드__7341605.md	486	486	S017-D040-U280	paragraph	Oracle은 PRIMARY KEY와 UNIQUE를 지정 시 INDEX를 미리 생성한 후 지정이 가능하지만, Altibase는 Constraint를 지정하는 시점에 내부적으로 INDEX를 생성하기 때문에 동일 컬럼에 대해 PK Constraint, UNIQUE Constraint, INDEX 생성 중 하나만 가능하다. 즉, INDEX를 생성한 컬럼에 PK Constraint를 지정할 수...	PRIMARY; UNIQUE; INDEX	arch/Home/ORACLE to ALTIBASE Conversion Guide__22643038.md	481	covered	No English change required.	In Oracle, PRIMARY KEY and UNIQUE constraints can be specified after pre-creating the index. However, in Altibase, the index is created internally at the time of constraint definition, so only one of PK constraint, UN...	none	S017 direct inspection.
S017	DOCK/Home/40. Oracle to Altibase 변환가이드__7341605.md	488	488	S017-D040-U281	heading	## SQL 변환	SQL	arch/Home/ORACLE to ALTIBASE Conversion Guide__22643038.md	471	covered	No English change required.	### ALTER TABLE	none	S017 direct inspection.
S017	DOCK/Home/40. Oracle to Altibase 변환가이드__7341605.md	492	492	S017-D040-U282	heading	### Numeric Functions	section semantics	arch/Home/ORACLE to ALTIBASE Conversion Guide__22643038.md	483	covered	No English change required.	## SQL Conversion	none	S017 direct inspection.
S017	DOCK/Home/40. Oracle to Altibase 변환가이드__7341605.md	496	496	S017-D040-U283	table_row	| Oracle | Altibase | 비고 |	Oracle; Altibase	arch/Home/ORACLE to ALTIBASE Conversion Guide__22643038.md	491	covered	No English change required.	| Oracle | Altibase | Note |	none	S017 direct table-row alignment.
S017	DOCK/Home/40. Oracle to Altibase 변환가이드__7341605.md	498	498	S017-D040-U284	table_row	| ABS(n) | ABS(n) | n의 절대 값을 반환 |	ABS	arch/Home/ORACLE to ALTIBASE Conversion Guide__22643038.md	493	covered	No English change required.	| ABS(n) | ABS(n) | Returns the absolute value of n |	none	S017 direct table-row alignment.
S017	DOCK/Home/40. Oracle to Altibase 변환가이드__7341605.md	499	499	S017-D040-U285	table_row	| ACOS(n) | ACOS(n) | n의 역코사인(arc cosine) 값을 반환 |	ACOS	arch/Home/ORACLE to ALTIBASE Conversion Guide__22643038.md	494	covered	No English change required.	| ACOS(n) | ACOS(n) | Returns the arc cosine of n |	none	S017 direct table-row alignment.
S017	DOCK/Home/40. Oracle to Altibase 변환가이드__7341605.md	500	500	S017-D040-U286	table_row	| ASIN(n) | ASIN(n) | n의 역사인(arc sine) 값을 반환 |	ASIN	arch/Home/ORACLE to ALTIBASE Conversion Guide__22643038.md	495	covered	No English change required.	| ASIN(n) | ASIN(n) | Returns the arc sine of n |	none	S017 direct table-row alignment.
S017	DOCK/Home/40. Oracle to Altibase 변환가이드__7341605.md	501	501	S017-D040-U287	table_row	| ATAN(n) | ATAN(n) | n의 역탄젠트(arc tangent) 값을 반환 |	ATAN	arch/Home/ORACLE to ALTIBASE Conversion Guide__22643038.md	496	covered	No English change required.	| ATAN(n) | ATAN(n) | Returns the arc tangent of n |	none	S017 direct table-row alignment.
S017	DOCK/Home/40. Oracle to Altibase 변환가이드__7341605.md	502	502	S017-D040-U288	table_row	| ATAN2(n1, n2) | ATAN2(n1, n2) | n1/n2의 역탄젠트(arc tangent) 값을 라디안(radian)으로 반환 |	ATAN2	arch/Home/ORACLE to ALTIBASE Conversion Guide__22643038.md	497	covered	No English change required.	| ATAN2(n1, n2) | ATAN2(n1, n2) | Returns the arc tangent of n1/n2 in radians |	none	S017 direct table-row alignment.
S017	DOCK/Home/40. Oracle to Altibase 변환가이드__7341605.md	503	503	S017-D040-U289	table_row	| BITAND(expr1, expr2) | BITAND(expr1, expr2) | expr1과 expr2의 비트에 대한 and 연산을 수행하여 정수를 반환 |	BITAND	arch/Home/ORACLE to ALTIBASE Conversion Guide__22643038.md	498	covered	No English change required.	| BITAND(expr1, expr2) | BITAND(expr1, expr2) | Performs bitwise AND between expr1 and expr2 and returns an integer |	none	S017 direct table-row alignment.
S017	DOCK/Home/40. Oracle to Altibase 변환가이드__7341605.md	504	504	S017-D040-U290	table_row	| CEIL(n) | CEIL(n) | n에서 지정한 수치를 올림하여 정수를 반환 |	CEIL	arch/Home/ORACLE to ALTIBASE Conversion Guide__22643038.md	499	covered	No English change required.	| CEIL(n) | CEIL(n) | Returns the smallest integer greater than or equal to n |	none	S017 direct table-row alignment.
S017	DOCK/Home/40. Oracle to Altibase 변환가이드__7341605.md	505	505	S017-D040-U291	table_row	| COS(n) | COS(n) | n의 코사인 값을 반환 |	COS	arch/Home/ORACLE to ALTIBASE Conversion Guide__22643038.md	500	covered	No English change required.	| COS(n) | COS(n) | Returns the cosine of n |	none	S017 direct table-row alignment.
S017	DOCK/Home/40. Oracle to Altibase 변환가이드__7341605.md	506	506	S017-D040-U292	table_row	| COSH(n) | COSH(n) | n의 쌍곡 코사인 값을 반환 |	COSH	arch/Home/ORACLE to ALTIBASE Conversion Guide__22643038.md	501	covered	No English change required.	| COSH(n) | COSH(n) | Returns the hyperbolic cosine of n |	none	S017 direct table-row alignment.
S017	DOCK/Home/40. Oracle to Altibase 변환가이드__7341605.md	507	507	S017-D040-U293	table_row	| EXP(n) | EXP(n) | e의 n제곱 값을 반환 |	EXP	arch/Home/ORACLE to ALTIBASE Conversion Guide__22643038.md	502	covered	No English change required.	| EXP(n) | EXP(n) | Returns e raised to the power of n |	none	S017 direct table-row alignment.
S017	DOCK/Home/40. Oracle to Altibase 변환가이드__7341605.md	508	508	S017-D040-U294	table_row	| FLOOR(n) | FLOOR(n) | n 보다 작거나 같은 가장 큰 정수 반환 |	FLOOR	arch/Home/ORACLE to ALTIBASE Conversion Guide__22643038.md	503	covered	No English change required.	| FLOOR(n) | FLOOR(n) | Returns the largest integer less than or equal to n |	none	S017 direct table-row alignment.
S017	DOCK/Home/40. Oracle to Altibase 변환가이드__7341605.md	509	509	S017-D040-U295	table_row	| LN(n) | LN(n) | n의 자연 로그 값을 반환 |	LN(n)	arch/Home/ORACLE to ALTIBASE Conversion Guide__22643038.md	504	covered	No English change required.	| LN(n) | LN(n) | Returns the natural logarithm of n |	none	S017 direct table-row alignment.
S017	DOCK/Home/40. Oracle to Altibase 변환가이드__7341605.md	510	510	S017-D040-U296	table_row	| LOG(n2, n1) | LOG(n2, n1) | 밑이 n2인 n1의 로그 값을 반환 |	LOG	arch/Home/ORACLE to ALTIBASE Conversion Guide__22643038.md	505	covered	No English change required.	| LOG(n2, n1) | LOG(n2, n1) | Returns the logarithm of n1 with base n2 |	none	S017 direct table-row alignment.
S017	DOCK/Home/40. Oracle to Altibase 변환가이드__7341605.md	511	511	S017-D040-U297	table_row	| MOD(n2, n1) | MOD(n2, n1) | n2를 n1으로 나눈 나머지 값을 반환 |	MOD	arch/Home/ORACLE to ALTIBASE Conversion Guide__22643038.md	506	covered	No English change required.	| MOD(n2, n1) | MOD(n2, n1) | Returns the remainder of n2 divided by n1 |	none	S017 direct table-row alignment.
S017	DOCK/Home/40. Oracle to Altibase 변환가이드__7341605.md	512	512	S017-D040-U298	table_row	| NANVL(n2, n1) | 미 지원 | n2가 NaN이면 대체 값 n1을 반환, NaN가 아니면 n2를 반환 |	NANVL	arch/Home/ORACLE to ALTIBASE Conversion Guide__22643038.md	507	covered	No English change required.	| NANVL(n2, n1) | Not Supported | Returns n1 if n2 is NaN, otherwise returns n2 |	none	S017 direct table-row alignment.
S017	DOCK/Home/40. Oracle to Altibase 변환가이드__7341605.md	513	513	S017-D040-U299	table_row	| POWER(n2, n1) | POWER(n2, n1) | n2의 n1 제곱을 반환 |	POWER	arch/Home/ORACLE to ALTIBASE Conversion Guide__22643038.md	508	covered	No English change required.	| POWER(n2, n1) | POWER(n2, n1) | Returns n2 raised to the power of n1 |	none	S017 direct table-row alignment.
S017	DOCK/Home/40. Oracle to Altibase 변환가이드__7341605.md	514	514	S017-D040-U300	table_row	| REMAINDER(n2, n1) | MOD(n2, n1) | n2를 n1으로 나눈 나머지를 반환 |	REMAINDER; MOD	arch/Home/ORACLE to ALTIBASE Conversion Guide__22643038.md	509	covered	No English change required.	| REMAINDER(n2, n1) | MOD(n2, n1) | Returns the remainder of n2 divided by n1 |	none	S017 direct table-row alignment.
S017	DOCK/Home/40. Oracle to Altibase 변환가이드__7341605.md	515	515	S017-D040-U301	table_row	| ROUND(number) | ROUND(number) | n값의 소수점 이하를 integer를 기준으로 반올림하여 반환 |	ROUND	arch/Home/ORACLE to ALTIBASE Conversion Guide__22643038.md	510	covered	No English change required.	| ROUND(number) | ROUND(number) | Rounds number to the nearest integer |	none	S017 direct table-row alignment.
S017	DOCK/Home/40. Oracle to Altibase 변환가이드__7341605.md	516	516	S017-D040-U302	table_row	| SIGN(n) | SIGN(n) | n의 부호를 반환 |	SIGN	arch/Home/ORACLE to ALTIBASE Conversion Guide__22643038.md	511	covered	No English change required.	| SIGN(n) | SIGN(n) | Returns the sign of n |	none	S017 direct table-row alignment.
S017	DOCK/Home/40. Oracle to Altibase 변환가이드__7341605.md	517	517	S017-D040-U303	table_row	| SIN(n) | SIN(n) | n의 사인 값을 반환 |	SIN	arch/Home/ORACLE to ALTIBASE Conversion Guide__22643038.md	512	covered	No English change required.	| SIN(n) | SIN(n) | Returns the sine of n |	none	S017 direct table-row alignment.
S017	DOCK/Home/40. Oracle to Altibase 변환가이드__7341605.md	518	518	S017-D040-U304	table_row	| SINH(n) | SINH(n) | n의 쌍곡선 사인을 반환 |	SINH	arch/Home/ORACLE to ALTIBASE Conversion Guide__22643038.md	513	covered	No English change required.	| SINH(n) | SINH(n) | Returns the hyperbolic sine of n |	none	S017 direct table-row alignment.
S017	DOCK/Home/40. Oracle to Altibase 변환가이드__7341605.md	519	519	S017-D040-U305	table_row	| SQRT(n) | SQRT(n) | n의 제곱근을 반환 |	SQRT	arch/Home/ORACLE to ALTIBASE Conversion Guide__22643038.md	514	covered	No English change required.	| SQRT(n) | SQRT(n) | Returns the square root of n |	none	S017 direct table-row alignment.
S017	DOCK/Home/40. Oracle to Altibase 변환가이드__7341605.md	520	520	S017-D040-U306	table_row	| TAN(n) | TAN(n) | n의 탄젠트 값을 반환 |	TAN	arch/Home/ORACLE to ALTIBASE Conversion Guide__22643038.md	515	covered	No English change required.	| TAN(n) | TAN(n) | Returns the tangent of n |	none	S017 direct table-row alignment.
S017	DOCK/Home/40. Oracle to Altibase 변환가이드__7341605.md	521	521	S017-D040-U307	table_row	| TANH(n) | TANH(n) | n의 쌍곡선 탄젠트(hyperbolic tangent)값을 반환 |	TANH	arch/Home/ORACLE to ALTIBASE Conversion Guide__22643038.md	516	covered	No English change required.	| TANH(n) | TANH(n) | Returns the hyperbolic tangent of n |	none	S017 direct table-row alignment.
S017	DOCK/Home/40. Oracle to Altibase 변환가이드__7341605.md	522	522	S017-D040-U308	table_row	| TRUNC(number) | TRUNC(number) | n1에서 소수점 자리 파라미터 n2 이하를 절삭 |	TRUNC	arch/Home/ORACLE to ALTIBASE Conversion Guide__22643038.md	517	covered	No English change required.	| TRUNC(number) | TRUNC(number) | Truncates number to the specified decimal places |	none	S017 direct table-row alignment.
S017	DOCK/Home/40. Oracle to Altibase 변환가이드__7341605.md	523	523	S017-D040-U309	table_row	| WIDTH_BUCKET | 미 지원 | 동일한 넓이를 갖는 히스토그램을 생성 |	WIDTH_BUCKET	arch/Home/ORACLE to ALTIBASE Conversion Guide__22643038.md	518	covered	No English change required.	| WIDTH_BUCKET | Not Supported | Creates histograms with equal width |	none	S017 direct table-row alignment.
S017	DOCK/Home/40. Oracle to Altibase 변환가이드__7341605.md	525	525	S017-D040-U310	heading	### Character Functions Returning Character Values	section semantics	arch/Home/ORACLE to ALTIBASE Conversion Guide__22643038.md	487	covered	No English change required.	### Numeric Functions	none	S017 direct inspection.
S017	DOCK/Home/40. Oracle to Altibase 변환가이드__7341605.md	529	529	S017-D040-U311	table_row	| Oracle | Altibase | 비고 |	Oracle; Altibase	arch/Home/ORACLE to ALTIBASE Conversion Guide__22643038.md	524	covered	No English change required.	| Oracle | Altibase | Note |	none	S017 direct table-row alignment.
S017	DOCK/Home/40. Oracle to Altibase 변환가이드__7341605.md	531	531	S017-D040-U312	table_row	| CHR | CHR | 입력 ASCII 코드 값에 해당하는 문자를 반환 |	CHR; ASCII	arch/Home/ORACLE to ALTIBASE Conversion Guide__22643038.md	526	covered	No English change required.	| CHR | CHR | Returns the character corresponding to the input ASCII code value |	none	S017 direct table-row alignment.
S017	DOCK/Home/40. Oracle to Altibase 변환가이드__7341605.md	532	532	S017-D040-U313	table_row	| CONCAT | CONCAT | char1과 char2를 연결하여 반환 |	CONCAT	arch/Home/ORACLE to ALTIBASE Conversion Guide__22643038.md	527	covered	No English change required.	| CONCAT | CONCAT | Concatenates char1 and char2 and returns the result |	none	S017 direct table-row alignment.
S017	DOCK/Home/40. Oracle to Altibase 변환가이드__7341605.md	533	533	S017-D040-U314	table_row	| INITCAP | INITCAP | 입력 문자열 중에서 각 단어의 첫 글자를 대문자로 변환하여 반환 |	INITCAP	arch/Home/ORACLE to ALTIBASE Conversion Guide__22643038.md	528	covered	No English change required.	| INITCAP | INITCAP | Converts the first letter of each word in the input string to uppercase and returns it |	none	S017 direct table-row alignment.
S017	DOCK/Home/40. Oracle to Altibase 변환가이드__7341605.md	534	534	S017-D040-U315	table_row	| LOWER | LOWER | 입력된 문자열을 소문자로 변환하여 반환 |	LOWER	arch/Home/ORACLE to ALTIBASE Conversion Guide__22643038.md	529	covered	No English change required.	| LOWER | LOWER | Converts the input string to lowercase and returns it |	none	S017 direct table-row alignment.
S017	DOCK/Home/40. Oracle to Altibase 변환가이드__7341605.md	535	535	S017-D040-U316	table_row	| LPAD | LPAD | expr1의 왼쪽에 expr2를 전체 길이가 n이 될 때까지 반복적으로 삽입하여 그 결과를 반환 |	LPAD	arch/Home/ORACLE to ALTIBASE Conversion Guide__22643038.md	530	covered	No English change required.	| LPAD | LPAD | Inserts expr2 repeatedly on the left side of expr1 until the total length is n and returns it |	none	S017 direct table-row alignment.
S017	DOCK/Home/40. Oracle to Altibase 변환가이드__7341605.md	536	536	S017-D040-U317	table_row	| LTRIM | LTRIM | expr1의 왼쪽에 expr2와 같은 문자가 있으면 삭제하여 그 결과를 반환 |	LTRIM	arch/Home/ORACLE to ALTIBASE Conversion Guide__22643038.md	531	covered	No English change required.	| LTRIM | LTRIM | Removes characters matching expr2 from the left side of expr1 and returns it |	none	S017 direct table-row alignment.
S017	DOCK/Home/40. Oracle to Altibase 변환가이드__7341605.md	537	537	S017-D040-U318	table_row	| NCHR | NCHR | 국가 문자 집합(national character set)에서 n 값에 해당하는 문자를 반환 |	NCHR	arch/Home/ORACLE to ALTIBASE Conversion Guide__22643038.md	532	covered	No English change required.	| NCHR | NCHR | Returns the character corresponding to the value n in the national character set |	none	S017 direct table-row alignment.
S017	DOCK/Home/40. Oracle to Altibase 변환가이드__7341605.md	538	538	S017-D040-U319	table_row	| NLS_INITCAP | 미 지원 | 입력 문자열에서 각 단어의 첫 글자를 대문자로 변환하여 반환 |	NLS_INITCAP	arch/Home/ORACLE to ALTIBASE Conversion Guide__22643038.md	533	covered	No English change required.	| NLS_INITCAP | Not Supported | Converts the first letter of each word in the input string to uppercase and returns it |	none	S017 direct table-row alignment.
S017	DOCK/Home/40. Oracle to Altibase 변환가이드__7341605.md	539	539	S017-D040-U320	table_row	| NLS_LOWER | 미 지원 | 모든 문자를 소문자로 변환하여 반환 |	NLS_LOWER	arch/Home/ORACLE to ALTIBASE Conversion Guide__22643038.md	534	covered	No English change required.	| NLS_LOWER | Not Supported | Converts all characters to lowercase and returns it |	none	S017 direct table-row alignment.
S017	DOCK/Home/40. Oracle to Altibase 변환가이드__7341605.md	540	540	S017-D040-U321	table_row	| NLS_UPPER | 미 지원 | 입력 문자열을 모두 대문자로 변환하여 반환 |	NLS_UPPER	arch/Home/ORACLE to ALTIBASE Conversion Guide__22643038.md	535	covered	No English change required.	| NLS_UPPER | Not Supported | Converts the input string to uppercase and returns it |	none	S017 direct table-row alignment.
S017	DOCK/Home/40. Oracle to Altibase 변환가이드__7341605.md	541	541	S017-D040-U322	table_row	| NLSSORT | 미 지원 | 입력 문자열을 정렬하여 반환 |	NLSSORT	arch/Home/ORACLE to ALTIBASE Conversion Guide__22643038.md	536	covered	No English change required.	| NLSSORT | Not Supported | Sorts the input string and returns it |	none	S017 direct table-row alignment.
S017	DOCK/Home/40. Oracle to Altibase 변환가이드__7341605.md	542	542	S017-D040-U323	table_row	| REGEXP_REPLACE | REGEXP_REPLACE | 지정한 정규 표현을 만족하는 부분을, 지정한 다른 문자열로 변환하여 반환 |	REGEXP_REPLACE	arch/Home/ORACLE to ALTIBASE Conversion Guide__22643038.md	537	covered	No English change required.	| REGEXP_REPLACE | REGEXP_REPLACE | Replaces parts matching the specified regular expression with another string and returns it |	none	S017 direct table-row alignment.
S017	DOCK/Home/40. Oracle to Altibase 변환가이드__7341605.md	543	543	S017-D040-U324	table_row	| REGEXP_SUBSTR | REGEXP_SUBSTR | 지정한 정규 표현을 만족하는 부분 문자열을 반환 |	REGEXP_SUBSTR	arch/Home/ORACLE to ALTIBASE Conversion Guide__22643038.md	538	covered	No English change required.	| REGEXP_SUBSTR | REGEXP_SUBSTR | Returns the substring matching the specified regular expression |	none	S017 direct table-row alignment.
S017	DOCK/Home/40. Oracle to Altibase 변환가이드__7341605.md	544	544	S017-D040-U325	table_row	| REPLACE | REPLACE2 | 파라미터의 첫 번째 문자열에서, 두 번째 문자열을 모두 세 번째 문자열로 바꾼 후 결과를 반환 |	REPLACE; REPLACE2	arch/Home/ORACLE to ALTIBASE Conversion Guide__22643038.md	539	covered	No English change required.	| REPLACE | REPLACE2 | Replaces all occurrences of the second string with the third string in the first string and returns the result |	none	S017 direct table-row alignment.
S017	DOCK/Home/40. Oracle to Altibase 변환가이드__7341605.md	545	545	S017-D040-U326	table_row	| RPAD | RPAD | expr1의 오른쪽에 expr2를 전체 길이가 n이 될 때까지 반복적으로 삽입하여 그 결과를 반환 |	RPAD	arch/Home/ORACLE to ALTIBASE Conversion Guide__22643038.md	540	covered	No English change required.	| RPAD | RPAD | Inserts expr2 repeatedly on the right side of expr1 until the total length is n and returns it |	none	S017 direct table-row alignment.
S017	DOCK/Home/40. Oracle to Altibase 변환가이드__7341605.md	546	546	S017-D040-U327	table_row	| RTRIM | RTRIM | expr1의 오른쪽에 expr2와 같은 문자가 있으면 삭제하여 그 결과를 반환 |	RTRIM	arch/Home/ORACLE to ALTIBASE Conversion Guide__22643038.md	541	covered	No English change required.	| RTRIM | RTRIM | Removes characters matching expr2 from the right side of expr1 and returns it |	none	S017 direct table-row alignment.
S017	DOCK/Home/40. Oracle to Altibase 변환가이드__7341605.md	547	547	S017-D040-U328	table_row	| SOUNDEX | 미 지원 | char의 음성 표현을 가지는 문자열을 반환 |	SOUNDEX	arch/Home/ORACLE to ALTIBASE Conversion Guide__22643038.md	542	covered	No English change required.	| SOUNDEX | Not Supported | Returns a string representing the phonetic expression of the character |	none	S017 direct table-row alignment.
S017	DOCK/Home/40. Oracle to Altibase 변환가이드__7341605.md	548	548	S017-D040-U329	table_row	| SUBSTR | SUBSTR<br>SUBSTRING | expr에서 start번째 문자부터 length 길이 만큼의 문자열을 반환 |	SUBSTR; SUBSTRING	arch/Home/ORACLE to ALTIBASE Conversion Guide__22643038.md	543	covered	No English change required.	| SUBSTR | SUBSTR | Returns the substring from expr starting at position start for length characters |	none	S017 direct table-row alignment.
S017	DOCK/Home/40. Oracle to Altibase 변환가이드__7341605.md	549	549	S017-D040-U330	table_row	| TRANSLATE | TRANSLATE | from_string에서 각 문자를 to_string 안의 대응하는 문자로 치환하여 반환 |	TRANSLATE	arch/Home/ORACLE to ALTIBASE Conversion Guide__22643038.md	544	covered	No English change required.	| TRANSLATE | TRANSLATE | Replaces each character in from_string with the corresponding character in to_string and returns it |	none	S017 direct table-row alignment.
S017	DOCK/Home/40. Oracle to Altibase 변환가이드__7341605.md	550	550	S017-D040-U331	table_row	| TRANSLATE ... USING | 미 지원 | char를 database character set과 national character set 간에 지정된 문자 집합으로 변환하여 반환 |	TRANSLATE; USING	arch/Home/ORACLE to ALTIBASE Conversion Guide__22643038.md	545	covered	No English change required.	| TRANSLATE ... USING | Not Supported | Converts characters between database character set and national character set and returns it |	none	S017 direct table-row alignment.
S017	DOCK/Home/40. Oracle to Altibase 변환가이드__7341605.md	551	551	S017-D040-U332	table_row	| TRIM | TRIM | expr2에서 찾을 수 있는 모든 문자를 expr1의 처음과 끝에서 제거하여 그 결과를 반환 |	TRIM	arch/Home/ORACLE to ALTIBASE Conversion Guide__22643038.md	546	covered	No English change required.	| TRIM | TRIM | Removes all characters found in expr2 from the beginning and end of expr1 and returns it |	none	S017 direct table-row alignment.
S017	DOCK/Home/40. Oracle to Altibase 변환가이드__7341605.md	552	552	S017-D040-U333	table_row	| UPPER | UPPER | 모든 문자를 대문자로 변환하여 반환 |	UPPER	arch/Home/ORACLE to ALTIBASE Conversion Guide__22643038.md	547	covered	No English change required.	| UPPER | UPPER | Converts all characters to uppercase and returns it |	none	S017 direct table-row alignment.
S017	DOCK/Home/40. Oracle to Altibase 변환가이드__7341605.md	554	554	S017-D040-U334	heading	### Character Functions Returning Number Values	section semantics	arch/Home/ORACLE to ALTIBASE Conversion Guide__22643038.md	520	covered	No English change required.	### Character Functions Returning Character Values	none	S017 direct inspection.
S017	DOCK/Home/40. Oracle to Altibase 변환가이드__7341605.md	558	558	S017-D040-U335	table_row	| Oracle | Altibase | 비고 |	Oracle; Altibase	arch/Home/ORACLE to ALTIBASE Conversion Guide__22643038.md	553	covered	No English change required.	| Oracle | Altibase | Note |	none	S017 direct table-row alignment.
S017	DOCK/Home/40. Oracle to Altibase 변환가이드__7341605.md	560	560	S017-D040-U336	table_row	| ASCII | ASCII | 주어진 char에서 첫 문자의 ASCII 값에 상응하는 10진수 값을 반환 |	ASCII	arch/Home/ORACLE to ALTIBASE Conversion Guide__22643038.md	555	covered	No English change required.	| ASCII | ASCII | Returns the decimal value corresponding to the ASCII code of the first character in the given char |	none	S017 direct table-row alignment.
S017	DOCK/Home/40. Oracle to Altibase 변환가이드__7341605.md	561	561	S017-D040-U337	table_row	| INSTR | INSTR | 문자열 중에서 지정한 문자가 처음 나타나는 위치를 숫자로 반환 |	INSTR	arch/Home/ORACLE to ALTIBASE Conversion Guide__22643038.md	556	covered	No English change required.	| INSTR | INSTR | Returns the position (number) where the specified character first appears in the string |	none	S017 direct table-row alignment.
S017	DOCK/Home/40. Oracle to Altibase 변환가이드__7341605.md	562	562	S017-D040-U338	table_row	| LENGTH | CHAR_LENGTH<br>CHARACTER_LENGTH<br>LENGTH | 인수 char의 길이를 반환 |	LENGTH; CHAR_LENGTH; CHARACTER_LENGTH	arch/Home/ORACLE to ALTIBASE Conversion Guide__22643038.md	557	covered	No English change required.	| LENGTH | CHAR_LENGTH<br>CHARACTER_LENGTH<br>LENGTH | Returns the length of the argument char |	none	S017 direct table-row alignment.
S017	DOCK/Home/40. Oracle to Altibase 변환가이드__7341605.md	563	563	S017-D040-U339	table_row	| REGEXP_COUNT | REGEXP_COUNT | 문자열에서 pattern_expr이 발생한 횟수를 반환 |	REGEXP_COUNT	arch/Home/ORACLE to ALTIBASE Conversion Guide__22643038.md	558	covered	No English change required.	| REGEXP_COUNT | REGEXP_COUNT | Returns the number of occurrences of pattern_expr in the string |	none	S017 direct table-row alignment.
S017	DOCK/Home/40. Oracle to Altibase 변환가이드__7341605.md	564	564	S017-D040-U340	table_row	| REGEXP_INSTR | REGEXP_INSTR | 지정한 조건(정규 표현)을 만족하는 부분의 최초 위치(무슨 문자인지)를 반환 |	REGEXP_INSTR	arch/Home/ORACLE to ALTIBASE Conversion Guide__22643038.md	559	covered	No English change required.	| REGEXP_INSTR | REGEXP_INSTR | Returns the position of the first occurrence that matches the specified pattern (regular expression) |	none	S017 direct table-row alignment.
S017	DOCK/Home/40. Oracle to Altibase 변환가이드__7341605.md	566	566	S017-D040-U341	heading	### Character Set Functions	section semantics	arch/Home/ORACLE to ALTIBASE Conversion Guide__22643038.md	549	covered	No English change required.	### Character Functions Returning Number Values	none	S017 direct inspection.
S017	DOCK/Home/40. Oracle to Altibase 변환가이드__7341605.md	570	570	S017-D040-U342	table_row	| Oracle | Altibase | 비고 |	Oracle; Altibase	arch/Home/ORACLE to ALTIBASE Conversion Guide__22643038.md	565	covered	No English change required.	| Oracle | Altibase | Note |	none	S017 direct table-row alignment.
S017	DOCK/Home/40. Oracle to Altibase 변환가이드__7341605.md	572	572	S017-D040-U343	table_row	| NLS_CHARSET_DECL_LEN<br>NLS_CHARSET_ID<br>NLS_CHARSET_NAME | 미 지원 | database character set ID 및 이름 반환 |	NLS_CHARSET_DECL_LEN; NLS_CHARSET_ID; NLS_CHARSET_NAME	arch/Home/ORACLE to ALTIBASE Conversion Guide__22643038.md	567	covered	No English change required.	| NLS_CHARSET_DECL_LEN<br>NLS_CHARSET_ID<br>NLS_CHARSET_NAME | Not supported | Returns the database character set ID and name |	none	S017 direct table-row alignment.
S017	DOCK/Home/40. Oracle to Altibase 변환가이드__7341605.md	574	574	S017-D040-U344	heading	### Collation Functions	section semantics	arch/Home/ORACLE to ALTIBASE Conversion Guide__22643038.md	561	covered	No English change required.	### Character Set Functions	none	S017 direct inspection.
S017	DOCK/Home/40. Oracle to Altibase 변환가이드__7341605.md	578	578	S017-D040-U345	table_row	| Oracle | Altibase | 비고 |	Oracle; Altibase	arch/Home/ORACLE to ALTIBASE Conversion Guide__22643038.md	573	covered	No English change required.	| Oracle | Altibase | Note |	none	S017 direct table-row alignment.
S017	DOCK/Home/40. Oracle to Altibase 변환가이드__7341605.md	580	580	S017-D040-U346	table_row	| COLLATION<br>NLS_COLLATION_ID<br>NLS_COLLATION_NAME | 미 지원 | 데이터 정렬 설정에 대한 정보 반환 |	COLLATION; NLS_COLLATION_ID; NLS_COLLATION_NAME	arch/Home/ORACLE to ALTIBASE Conversion Guide__22643038.md	575	covered	No English change required.	| COLLATION<br>NLS_COLLATION_ID<br>NLS_COLLATION_NAME | Not supported | Returns information about data collation settings |	none	S017 direct table-row alignment.
S017	DOCK/Home/40. Oracle to Altibase 변환가이드__7341605.md	582	582	S017-D040-U347	heading	### Datetime Functions	section semantics	arch/Home/ORACLE to ALTIBASE Conversion Guide__22643038.md	569	covered	No English change required.	### Collation Functions	none	S017 direct inspection.
S017	DOCK/Home/40. Oracle to Altibase 변환가이드__7341605.md	586	586	S017-D040-U348	table_row	| Oracle | Altibase | 비고 |	Oracle; Altibase	arch/Home/ORACLE to ALTIBASE Conversion Guide__22643038.md	581	covered	No English change required.	| Oracle | Altibase | Note |	none	S017 direct table-row alignment.
S017	DOCK/Home/40. Oracle to Altibase 변환가이드__7341605.md	588	588	S017-D040-U349	table_row	| +, - 연산 | +, -, DATEADD | date의 date_field_name부분을 number 만큼 증가 또는 감소 시켜 그 결과를 반환 |	DATEADD	arch/Home/ORACLE to ALTIBASE Conversion Guide__22643038.md	583	covered	No English change required.	| +, - operations | +, -, DATEADD | Returns the result of increasing or decreasing the specified `date_field_name` part of a date by a given number |	none	S017 direct table-row alignment.
S017	DOCK/Home/40. Oracle to Altibase 변환가이드__7341605.md	589	589	S017-D040-U350	table_row	| ADD_MONTHS | ADD_MONTHS | date에 특정 개월 수 integer를 더한 값을 반환 |	ADD_MONTHS	arch/Home/ORACLE to ALTIBASE Conversion Guide__22643038.md	584	covered	No English change required.	| ADD_MONTHS | ADD_MONTHS | Returns the result of adding a specific number of months (integer) to a date |	none	S017 direct table-row alignment.
S017	DOCK/Home/40. Oracle to Altibase 변환가이드__7341605.md	590	590	S017-D040-U351	table_row	| CURRENT_DATE | CURRENT_DATE | 현재 세션의 날짜 정보를 date 형으로 반환 |	CURRENT_DATE	arch/Home/ORACLE to ALTIBASE Conversion Guide__22643038.md	585	covered	No English change required.	| CURRENT_DATE | CURRENT_DATE | Returns the current session's date as a `DATE` type |	none	S017 direct table-row alignment.
S017	DOCK/Home/40. Oracle to Altibase 변환가이드__7341605.md	591	591	S017-D040-U352	table_row	| CURRENT_TIMESTAMP | CURRENT_TIMESTAMP | 현재 세션의 날짜와 시간 정보를 반환 (CURRENT_DATE의 alias임) |	CURRENT_TIMESTAMP	arch/Home/ORACLE to ALTIBASE Conversion Guide__22643038.md	586	covered	No English change required.	| CURRENT_TIMESTAMP | CURRENT_TIMESTAMP | Returns the current session’s date and time (alias of `CURRENT_DATE`) |	none	S017 direct table-row alignment.
S017	DOCK/Home/40. Oracle to Altibase 변환가이드__7341605.md	592	592	S017-D040-U353	table_row	| DBTIMEZONE | DB_TIMEZONE | 데이터베이스 time zone 값을 반환 |	DBTIMEZONE; DB_TIMEZONE	arch/Home/ORACLE to ALTIBASE Conversion Guide__22643038.md	587	covered	No English change required.	| DBTIMEZONE | DB_TIMEZONE | Returns the database time zone value |	none	S017 direct table-row alignment.
S017	DOCK/Home/40. Oracle to Altibase 변환가이드__7341605.md	593	593	S017-D040-U354	table_row	| EXTRACT(datetime) | EXTRACT(datetime)<br>DATEPART | 날짜/시간 또는 interval 표현식에서 지정된 날짜/시간 필드의 값을 추출하여 반환 |	EXTRACT; DATEPART	arch/Home/ORACLE to ALTIBASE Conversion Guide__22643038.md	588	covered	No English change required.	| EXTRACT(datetime) | EXTRACT(datetime)<br>DATEPART | Extracts and returns the value of the specified date/time field from a datetime or interval expression |	none	S017 direct table-row alignment.
S017	DOCK/Home/40. Oracle to Altibase 변환가이드__7341605.md	594	594	S017-D040-U355	table_row	| FROM_TZ | 미 지원 | timestamp 값과 time zone을 TIMESTAMP WITH TIME ZONE 값으로 변환 |	FROM_TZ; TIMESTAMP; WITH; TIME; ZONE	arch/Home/ORACLE to ALTIBASE Conversion Guide__22643038.md	589	covered	No English change required.	| FROM_TZ | Not Supported | Converts a timestamp and time zone to a `TIMESTAMP WITH TIME ZONE` value |	none	S017 direct table-row alignment.
S017	DOCK/Home/40. Oracle to Altibase 변환가이드__7341605.md	595	595	S017-D040-U356	table_row	| LAST_DAY | LAST_DAY | 해당 날짜가 속한 달의 마지막 날짜를 반환 |	LAST_DAY	arch/Home/ORACLE to ALTIBASE Conversion Guide__22643038.md	590	covered	No English change required.	| LAST_DAY | LAST_DAY | Returns the last day of the month in which the given date falls |	none	S017 direct table-row alignment.
S017	DOCK/Home/40. Oracle to Altibase 변환가이드__7341605.md	596	596	S017-D040-U357	table_row	| LOCALTIMESTAMP | 미 지원 | 세션 시간대의 현재 날짜와 시간을 TIMESTAMP 데이터 유형 값으로 반환 |	LOCALTIMESTAMP; TIMESTAMP	arch/Home/ORACLE to ALTIBASE Conversion Guide__22643038.md	591	covered	No English change required.	| LOCALTIMESTAMP | Not Supported | Returns the current date and time in the session time zone as a `TIMESTAMP` value |	none	S017 direct table-row alignment.
S017	DOCK/Home/40. Oracle to Altibase 변환가이드__7341605.md	597	597	S017-D040-U358	table_row	| MONTHS_BETWEEN | MONTHS_BETWEEN | date1과 date2 사이의 개월 수를 반환 |	MONTHS_BETWEEN	arch/Home/ORACLE to ALTIBASE Conversion Guide__22643038.md	592	covered	No English change required.	| MONTHS_BETWEEN | MONTHS_BETWEEN | Returns the number of months between `date1` and `date2` |	none	S017 direct table-row alignment.
S017	DOCK/Home/40. Oracle to Altibase 변환가이드__7341605.md	598	598	S017-D040-U359	table_row	| NEW_TIME | 미 지원 | timezone1 시간대의 날짜와 시간을 timezone2 시간대의 날짜와 시간으로 변환하여 반환 |	NEW_TIME	arch/Home/ORACLE to ALTIBASE Conversion Guide__22643038.md	593	covered	No English change required.	| NEW_TIME | Not Supported | Converts a date and time from `timezone1` to `timezone2` and returns the result |	none	S017 direct table-row alignment.
S017	DOCK/Home/40. Oracle to Altibase 변환가이드__7341605.md	599	599	S017-D040-U360	table_row	| NEXT_DAY | NEXT_DAY | 주어진 날짜 이후의 가장 가까운 지정 요일을 반환 |	NEXT_DAY	arch/Home/ORACLE to ALTIBASE Conversion Guide__22643038.md	594	covered	No English change required.	| NEXT_DAY | NEXT_DAY | Returns the date of the next occurrence of a specified weekday after the given date |	none	S017 direct table-row alignment.
S017	DOCK/Home/40. Oracle to Altibase 변환가이드__7341605.md	600	600	S017-D040-U361	table_row	| NUMTODSINTERVAL | NUMTODSINTERVAL<br>TO_INTERVAL | n을 INTERVAL DAY TO SECOND 문자로 변환 |	NUMTODSINTERVAL; TO_INTERVAL; INTERVAL; DAY; SECOND	arch/Home/ORACLE to ALTIBASE Conversion Guide__22643038.md	595	covered	No English change required.	| NUMTODSINTERVAL | NUMTODSINTERVAL<br>TO_INTERVAL | Converts `n` to an `INTERVAL DAY TO SECOND` value |	none	S017 direct table-row alignment.
S017	DOCK/Home/40. Oracle to Altibase 변환가이드__7341605.md	601	601	S017-D040-U362	table_row	| NUMTOYMINTERVAL | TO_INTERVAL | n을 INTERVAL YEAR TO MONTH 문자로 변환 |	NUMTOYMINTERVAL; TO_INTERVAL; INTERVAL; YEAR; MONTH	arch/Home/ORACLE to ALTIBASE Conversion Guide__22643038.md	596	covered	No English change required.	| NUMTOYMINTERVAL | TO_INTERVAL | Converts `n` to an `INTERVAL YEAR TO MONTH` value |	none	S017 direct table-row alignment.
S017	DOCK/Home/40. Oracle to Altibase 변환가이드__7341605.md	602	602	S017-D040-U363	table_row	| ORA_DST_AFFECTED | 미 지원 | |	ORA_DST_AFFECTED	arch/Home/ORACLE to ALTIBASE Conversion Guide__22643038.md	597	covered	No English change required.	| ORA_DST_AFFECTED | Not Supported | |	none	S017 direct table-row alignment.
S017	DOCK/Home/40. Oracle to Altibase 변환가이드__7341605.md	603	603	S017-D040-U364	table_row	| ORA_DST_CONVERT | 미 지원 | |	ORA_DST_CONVERT	arch/Home/ORACLE to ALTIBASE Conversion Guide__22643038.md	598	covered	No English change required.	| ORA_DST_CONVERT | Not Supported | |	none	S017 direct table-row alignment.
S017	DOCK/Home/40. Oracle to Altibase 변환가이드__7341605.md	604	604	S017-D040-U365	table_row	| ORA_DST_ERROR | 미 지원 | |	ORA_DST_ERROR	arch/Home/ORACLE to ALTIBASE Conversion Guide__22643038.md	599	covered	No English change required.	| ORA_DST_ERROR | Not Supported | |	none	S017 direct table-row alignment.
S017	DOCK/Home/40. Oracle to Altibase 변환가이드__7341605.md	605	605	S017-D040-U366	table_row	| ROUND(date) | ROUND(date) | 지정된 단위로 반올림한 날짜 반환 |	ROUND	arch/Home/ORACLE to ALTIBASE Conversion Guide__22643038.md	600	covered	No English change required.	| ROUND(date) | ROUND(date) | Returns the date rounded to the specified unit |	none	S017 direct table-row alignment.
S017	DOCK/Home/40. Oracle to Altibase 변환가이드__7341605.md	606	606	S017-D040-U367	table_row	| SESSIONTIMEZONE | SESSION_TIMEZONE | 현재 세션의 시간대(time zone)을 반환 |	SESSIONTIMEZONE; SESSION_TIMEZONE	arch/Home/ORACLE to ALTIBASE Conversion Guide__22643038.md	601	covered	No English change required.	| SESSIONTIMEZONE | SESSION_TIMEZONE | Returns the time zone of the current session |	none	S017 direct table-row alignment.
S017	DOCK/Home/40. Oracle to Altibase 변환가이드__7341605.md	607	607	S017-D040-U368	table_row	| SYS_EXTRACT_UTC | 미 지원 | 협정 세계 시간 UTC(Coordinated Universal Time—formerly Greenwich Mean Time)를 반환 |	SYS_EXTRACT_UTC; UTC	arch/Home/ORACLE to ALTIBASE Conversion Guide__22643038.md	602	covered	No English change required.	| SYS_EXTRACT_UTC | Not Supported | Returns the UTC (Coordinated Universal Time) |	none	S017 direct table-row alignment.
S017	DOCK/Home/40. Oracle to Altibase 변환가이드__7341605.md	608	608	S017-D040-U369	table_row	| SYSDATE | SYSDATE | 데이터베이스가 있는 OS의 날짜와 시간을 반환 |	SYSDATE	arch/Home/ORACLE to ALTIBASE Conversion Guide__22643038.md	603	covered	No English change required.	| SYSDATE | SYSDATE | Returns the current date and time of the operating system hosting the database |	none	S017 direct table-row alignment.
S017	DOCK/Home/40. Oracle to Altibase 변환가이드__7341605.md	609	609	S017-D040-U370	table_row	| SYSTIMESTAMP | SYSTIMESTAMP | 데이터베이스가 있는 시스템의 시스템 날짜를 TIMESTAMP WITH TIME ZONE 유형으로 반환 |	SYSTIMESTAMP; TIMESTAMP; WITH; TIME; ZONE	arch/Home/ORACLE to ALTIBASE Conversion Guide__22643038.md	604	covered	No English change required.	| SYSTIMESTAMP | SYSTIMESTAMP | Returns the system date as a `TIMESTAMP WITH TIME ZONE` value |	none	S017 direct table-row alignment.
S017	DOCK/Home/40. Oracle to Altibase 변환가이드__7341605.md	610	610	S017-D040-U371	table_row	| TO_CHAR(datetime) | TO_CHAR(datetime) | 지정된 포맷의 VARCHAR 데이터 타입 값으로 변환 |	TO_CHAR; VARCHAR	arch/Home/ORACLE to ALTIBASE Conversion Guide__22643038.md	605	covered	No English change required.	| TO_CHAR(datetime) | TO_CHAR(datetime) | Converts to a `VARCHAR` value using the specified format |	none	S017 direct table-row alignment.
S017	DOCK/Home/40. Oracle to Altibase 변환가이드__7341605.md	611	611	S017-D040-U372	table_row	| TO_DSINTERVAL | 미 지원 | 인수를 INTERVAL DAY TO SECOND 데이터 타입 값으로 변환 |	TO_DSINTERVAL; INTERVAL; DAY; SECOND	arch/Home/ORACLE to ALTIBASE Conversion Guide__22643038.md	606	covered	No English change required.	| TO_DSINTERVAL | Not Supported | Converts the argument to an `INTERVAL DAY TO SECOND` value |	none	S017 direct table-row alignment.
S017	DOCK/Home/40. Oracle to Altibase 변환가이드__7341605.md	612	612	S017-D040-U373	table_row	| TO_TIMESTAMP | TO_DATE | char를 TIMESTAMP 데이터 타입 값으로 변환 |	TO_TIMESTAMP; TO_DATE; TIMESTAMP	arch/Home/ORACLE to ALTIBASE Conversion Guide__22643038.md	607	covered	No English change required.	| TO_TIMESTAMP | TO_DATE | Converts a `char` value to a `TIMESTAMP` value |	none	S017 direct table-row alignment.
S017	DOCK/Home/40. Oracle to Altibase 변환가이드__7341605.md	613	613	S017-D040-U374	table_row	| TO_TIMESTAMP_TZ | 미 지원 | char를 TIMESTAMP WITH TIME ZONE 데이터 타입 값으로 변환 |	TO_TIMESTAMP_TZ; TIMESTAMP; WITH; TIME; ZONE	arch/Home/ORACLE to ALTIBASE Conversion Guide__22643038.md	608	covered	No English change required.	| TO_TIMESTAMP_TZ | Not Supported | Converts a `char` value to a `TIMESTAMP WITH TIME ZONE` value |	none	S017 direct table-row alignment.
S017	DOCK/Home/40. Oracle to Altibase 변환가이드__7341605.md	614	614	S017-D040-U375	table_row	| TO_YMINTERVAL | 미 지원 | 문자열을 INTERVAL YEAR TO MONTH 데이터 타입 값으로 변환 |	TO_YMINTERVAL; INTERVAL; YEAR; MONTH	arch/Home/ORACLE to ALTIBASE Conversion Guide__22643038.md	609	covered	No English change required.	| TO_YMINTERVAL | Not Supported | Converts a string to an `INTERVAL YEAR TO MONTH` value |	none	S017 direct table-row alignment.
S017	DOCK/Home/40. Oracle to Altibase 변환가이드__7341605.md	615	615	S017-D040-U376	table_row	| TRUNC(date) | TRUNC(date) | 날짜를 지정된 단위로 잘라서 반환 |	TRUNC	arch/Home/ORACLE to ALTIBASE Conversion Guide__22643038.md	610	covered	No English change required.	| TRUNC(date) | TRUNC(date) | Truncates the date to the specified unit |	none	S017 direct table-row alignment.
S017	DOCK/Home/40. Oracle to Altibase 변환가이드__7341605.md	616	616	S017-D040-U377	table_row	| TZ_OFFSET | 미 지원 | 문장이 실행된 일자에 근거한 인수에 상응하는 time zone offset을 반환 |	TZ_OFFSET	arch/Home/ORACLE to ALTIBASE Conversion Guide__22643038.md	611	covered	No English change required.	| TZ_OFFSET | Not Supported | Returns the time zone offset corresponding to the input based on the date the statement is executed |	none	S017 direct table-row alignment.
S017	DOCK/Home/40. Oracle to Altibase 변환가이드__7341605.md	618	618	S017-D040-U378	heading	### General Comparison Functions	section semantics	arch/Home/ORACLE to ALTIBASE Conversion Guide__22643038.md	577	covered	No English change required.	### Datetime Functions	none	S017 direct inspection.
S017	DOCK/Home/40. Oracle to Altibase 변환가이드__7341605.md	622	622	S017-D040-U379	table_row	| Oracle | Altibase | 비고 |	Oracle; Altibase	arch/Home/ORACLE to ALTIBASE Conversion Guide__22643038.md	617	covered	No English change required.	| Oracle | Altibase | Note |	none	S017 direct table-row alignment.
S017	DOCK/Home/40. Oracle to Altibase 변환가이드__7341605.md	624	624	S017-D040-U380	table_row	| GREATEST | GREATEST | 하나 이상의 인수 중에서 가장 큰 값을 반환 |	GREATEST	arch/Home/ORACLE to ALTIBASE Conversion Guide__22643038.md	619	covered	No English change required.	| GREATEST | GREATEST | Returns the greatest value among one or more arguments |	none	S017 direct table-row alignment.
S017	DOCK/Home/40. Oracle to Altibase 변환가이드__7341605.md	625	625	S017-D040-U381	table_row	| LEAST | LEAST | 하나 이상의 인수 중에서 가장 작은 값을 반환 |	LEAST	arch/Home/ORACLE to ALTIBASE Conversion Guide__22643038.md	620	covered	No English change required.	| LEAST | LEAST | Returns the least value among one or more arguments |	none	S017 direct table-row alignment.
S017	DOCK/Home/40. Oracle to Altibase 변환가이드__7341605.md	627	627	S017-D040-U382	heading	### Conversion Functions	section semantics	arch/Home/ORACLE to ALTIBASE Conversion Guide__22643038.md	613	covered	No English change required.	### General Comparison Functions	none	S017 direct inspection.
S017	DOCK/Home/40. Oracle to Altibase 변환가이드__7341605.md	631	631	S017-D040-U383	table_row	| Oracle | Altibase | 비고 |	Oracle; Altibase	arch/Home/ORACLE to ALTIBASE Conversion Guide__22643038.md	626	covered	No English change required.	| Oracle | Altibase | Note |	none	S017 direct table-row alignment.
S017	DOCK/Home/40. Oracle to Altibase 변환가이드__7341605.md	633	633	S017-D040-U384	table_row	| ASCIISTR | ASCIISTR | 문자열의 ASCII 문자열을 반환 |	ASCIISTR; ASCII	arch/Home/ORACLE to ALTIBASE Conversion Guide__22643038.md	628	covered	No English change required.	| ASCIISTR | ASCIISTR | Returns the ASCII string representation of the input string |	none	S017 direct table-row alignment.
S017	DOCK/Home/40. Oracle to Altibase 변환가이드__7341605.md	634	634	S017-D040-U385	table_row	| BIN_TO_NUM | BIN_TO_NUM | 비트(2진수) 벡터를 동등한 수치(10진수)로 변환 |	BIN_TO_NUM	arch/Home/ORACLE to ALTIBASE Conversion Guide__22643038.md	629	covered	No English change required.	| BIN_TO_NUM | BIN_TO_NUM | Converts a bit (binary) vector to its equivalent numeric (decimal) value |	none	S017 direct table-row alignment.
S017	DOCK/Home/40. Oracle to Altibase 변환가이드__7341605.md	635	635	S017-D040-U386	table_row	| CAST | CAST | 한 데이터 타입을 다른 데이터 타입으로 변환 |	CAST	arch/Home/ORACLE to ALTIBASE Conversion Guide__22643038.md	630	covered	No English change required.	| CAST | CAST | Converts one data type to another |	none	S017 direct table-row alignment.
S017	DOCK/Home/40. Oracle to Altibase 변환가이드__7341605.md	636	636	S017-D040-U387	table_row	| CHARTOROWID | 미 지원 | 문자 타입의 값을 ROWID 형으로 변환 |	CHARTOROWID; ROWID	arch/Home/ORACLE to ALTIBASE Conversion Guide__22643038.md	631	covered	No English change required.	| CHARTOROWID | Not Supported | Converts a character value to a ROWID |	none	S017 direct table-row alignment.
S017	DOCK/Home/40. Oracle to Altibase 변환가이드__7341605.md	637	637	S017-D040-U388	table_row	| COMPOSE | 미 지원 | 정규화된 형태의 유니코드를 반환 |	COMPOSE	arch/Home/ORACLE to ALTIBASE Conversion Guide__22643038.md	632	covered	No English change required.	| COMPOSE | Not Supported | Returns a normalized Unicode string |	none	S017 direct table-row alignment.
S017	DOCK/Home/40. Oracle to Altibase 변환가이드__7341605.md	638	638	S017-D040-U389	table_row	| CONVERT | CONVERT | 문자열을 지정된 character set으로 변환 |	CONVERT	arch/Home/ORACLE to ALTIBASE Conversion Guide__22643038.md	633	covered	No English change required.	| CONVERT | CONVERT | Converts a string to the specified character set |	none	S017 direct table-row alignment.
S017	DOCK/Home/40. Oracle to Altibase 변환가이드__7341605.md	639	639	S017-D040-U390	table_row	| DECOMPOSE | 미 지원 | 모든 데이터 유형의 문자열을 인수로 사용하여 입력과 동일한 문자 집합으로 분해된 유니코드 문자열을 반환 |	DECOMPOSE	arch/Home/ORACLE to ALTIBASE Conversion Guide__22643038.md	634	covered	No English change required.	| DECOMPOSE | Not Supported | Returns a decomposed Unicode string using the same character set as input |	none	S017 direct table-row alignment.
S017	DOCK/Home/40. Oracle to Altibase 변환가이드__7341605.md	640	640	S017-D040-U391	table_row	| HEXTORAW | 미 지원 | 16진수를 RAW 데이터 타입 값으로 변환 |	HEXTORAW; RAW	arch/Home/ORACLE to ALTIBASE Conversion Guide__22643038.md	635	covered	No English change required.	| HEXTORAW | Not Supported | Converts a hexadecimal string to a RAW data type |	none	S017 direct table-row alignment.
S017	DOCK/Home/40. Oracle to Altibase 변환가이드__7341605.md	641	641	S017-D040-U392	table_row	| NUMTODSINTERVAL | NUMTODSINTERVAL<br>TO_INTERVAL | n을 INTERVAL DAY TO SECOND 데이터 타입 값으로 변환 |	NUMTODSINTERVAL; TO_INTERVAL; INTERVAL; DAY; SECOND	arch/Home/ORACLE to ALTIBASE Conversion Guide__22643038.md	636	covered	No English change required.	| NUMTODSINTERVAL | NUMTODSINTERVAL<br>TO_INTERVAL | Converts `n` to an `INTERVAL DAY TO SECOND` data type |	none	S017 direct table-row alignment.
S017	DOCK/Home/40. Oracle to Altibase 변환가이드__7341605.md	642	642	S017-D040-U393	table_row	| NUMTOYMINTERVAL | TO_INTERVAL | n을 INTERVAL YEAR TO MONTH 데이터 타입 값으로 변환 |	NUMTOYMINTERVAL; TO_INTERVAL; INTERVAL; YEAR; MONTH	arch/Home/ORACLE to ALTIBASE Conversion Guide__22643038.md	637	covered	No English change required.	| NUMTOYMINTERVAL | TO_INTERVAL | Converts `n` to an `INTERVAL YEAR TO MONTH` data type |	none	S017 direct table-row alignment.
S017	DOCK/Home/40. Oracle to Altibase 변환가이드__7341605.md	643	643	S017-D040-U394	table_row	| RAWTOHEX | 미 지원 | RAW를 16진수의 문자로 변환 |	RAWTOHEX	arch/Home/ORACLE to ALTIBASE Conversion Guide__22643038.md	638	covered	No English change required.	| RAWTOHEX | Not Supported | Converts RAW to a hexadecimal string |	none	S017 direct table-row alignment.
S017	DOCK/Home/40. Oracle to Altibase 변환가이드__7341605.md	644	644	S017-D040-U395	table_row	| RAWTONHEX | 미 지원 | RAW를 NVARCHAR2 형태의 16진수로 변환 |	RAWTONHEX; NVARCHAR2	arch/Home/ORACLE to ALTIBASE Conversion Guide__22643038.md	639	covered	No English change required.	| RAWTONHEX | Not Supported | Converts RAW to a hexadecimal string in NVARCHAR2 format |	none	S017 direct table-row alignment.
S017	DOCK/Home/40. Oracle to Altibase 변환가이드__7341605.md	645	645	S017-D040-U396	table_row	| RAWIDTOCHAR | 미 지원 | RAWID 값을 VARCHAR2 형식으로 변환 |	RAWIDTOCHAR; RAWID; VARCHAR2	arch/Home/ORACLE to ALTIBASE Conversion Guide__22643038.md	640	covered	No English change required.	| RAWIDTOCHAR | Not Supported | Converts a RAWID to VARCHAR2 |	none	S017 direct table-row alignment.
S017	DOCK/Home/40. Oracle to Altibase 변환가이드__7341605.md	646	646	S017-D040-U397	table_row	| ROWIDTONCHAR | 미 지원 | RAWID 값을 NVARCHAR2 형식으로 변환 |	ROWIDTONCHAR; RAWID; NVARCHAR2	arch/Home/ORACLE to ALTIBASE Conversion Guide__22643038.md	641	covered	No English change required.	| ROWIDTONCHAR | Not Supported | Converts a RAWID to NVARCHAR2 |	none	S017 direct table-row alignment.
S017	DOCK/Home/40. Oracle to Altibase 변환가이드__7341605.md	647	647	S017-D040-U398	table_row	| SCN_TO_TIMESTAMP | 미 지원 | 인수를 시스템 변경 번호(SCN)로 변환 |	SCN_TO_TIMESTAMP; SCN	arch/Home/ORACLE to ALTIBASE Conversion Guide__22643038.md	642	covered	No English change required.	| SCN_TO_TIMESTAMP | Not Supported | Converts a system change number (SCN) to a TIMESTAMP |	none	S017 direct table-row alignment.
S017	DOCK/Home/40. Oracle to Altibase 변환가이드__7341605.md	648	648	S017-D040-U399	table_row	| TIMESTAMP_TO_SCN | 미 지원 | TIMESTAMP 값을 인수로 받아 해당 TIMESTAMP와 연관된 대략적인 시스템 변경 번호(SCN)를 반환 |	TIMESTAMP_TO_SCN; TIMESTAMP; SCN	arch/Home/ORACLE to ALTIBASE Conversion Guide__22643038.md	643	covered	No English change required.	| TIMESTAMP_TO_SCN | Not Supported | Returns the approximate SCN associated with the input TIMESTAMP |	none	S017 direct table-row alignment.
S017	DOCK/Home/40. Oracle to Altibase 변환가이드__7341605.md	649	649	S017-D040-U400	table_row	| TO_BINARY_DOUBLE | 미 지원 | 인수를 배정밀도(double-precision) 부동소수점 숫자로 변환 |	TO_BINARY_DOUBLE	arch/Home/ORACLE to ALTIBASE Conversion Guide__22643038.md	644	covered	No English change required.	| TO_BINARY_DOUBLE | Not Supported | Converts input to a double-precision floating-point number |	none	S017 direct table-row alignment.
S017	DOCK/Home/40. Oracle to Altibase 변환가이드__7341605.md	650	650	S017-D040-U401	table_row	| TO_BINARY_FLOAT | 미 지원 | 인수를 단순정밀도(single-precision) 부동소수점 숫자로 변환 |	TO_BINARY_FLOAT	arch/Home/ORACLE to ALTIBASE Conversion Guide__22643038.md	645	covered	No English change required.	| TO_BINARY_FLOAT | Not Supported | Converts input to a single-precision floating-point number |	none	S017 direct table-row alignment.
S017	DOCK/Home/40. Oracle to Altibase 변환가이드__7341605.md	651	651	S017-D040-U402	table_row	| TO_BLOB(bfile) | 미 지원 | BFILE을 BLOB으로 변환 |	TO_BLOB	arch/Home/ORACLE to ALTIBASE Conversion Guide__22643038.md	646	covered	No English change required.	| TO_BLOB(bfile) | Not Supported | Converts a BFILE to a BLOB |	none	S017 direct table-row alignment.
S017	DOCK/Home/40. Oracle to Altibase 변환가이드__7341605.md	652	652	S017-D040-U403	table_row	| TO_BLOB(raw) | 미 지원 | RAW를 BLOB으로 변환 |	TO_BLOB	arch/Home/ORACLE to ALTIBASE Conversion Guide__22643038.md	647	covered	No English change required.	| TO_BLOB(raw) | Not Supported | Converts a RAW value to a BLOB |	none	S017 direct table-row alignment.
S017	DOCK/Home/40. Oracle to Altibase 변환가이드__7341605.md	653	653	S017-D040-U404	table_row	| TO_CHAR(bfile\|blob) | 미 지원 | BFILE 및 BLOB을 database character set으로 변환 |	TO_CHAR; BFILE	arch/Home/ORACLE to ALTIBASE Conversion Guide__22643038.md	648	covered	No English change required.	| TO_CHAR(bfile\|blob) | Not Supported | Converts BFILE or BLOB to the database character set |	none	S017 direct table-row alignment.
S017	DOCK/Home/40. Oracle to Altibase 변환가이드__7341605.md	654	654	S017-D040-U405	table_row	| TO_CHAR(character) | 미 지원 | NCHAR, NVARCHAR2, CLOB, 또는 NCLOB 데이터를 database character set으로 변환 |	TO_CHAR; NCHAR; NVARCHAR2; CLOB; NCLOB	arch/Home/ORACLE to ALTIBASE Conversion Guide__22643038.md	649	covered	No English change required.	| TO_CHAR(character) | Not Supported | Converts NCHAR, NVARCHAR2, CLOB, or NCLOB to the database character set |	none	S017 direct table-row alignment.
S017	DOCK/Home/40. Oracle to Altibase 변환가이드__7341605.md	655	655	S017-D040-U406	table_row	| TO_CHAR(datetime) | TO_CHAR(datetime) | 날짜형 데이터 타입의 datetime 또는 interval 값을 지정된 포맷의 VARCHAR 데이터 타입의 값으로 변환 |	TO_CHAR; VARCHAR	arch/Home/ORACLE to ALTIBASE Conversion Guide__22643038.md	650	covered	No English change required.	| TO_CHAR(datetime) | TO_CHAR(datetime) | Converts datetime or interval to a VARCHAR in the specified format |	none	S017 direct table-row alignment.
S017	DOCK/Home/40. Oracle to Altibase 변환가이드__7341605.md	656	656	S017-D040-U407	table_row	| TO_CHAR(number) | TO_CHAR(number) | 숫자형 데이터 타입의 값을 VARCHAR 데이터 타입의 값으로 변환 |	TO_CHAR; VARCHAR	arch/Home/ORACLE to ALTIBASE Conversion Guide__22643038.md	651	covered	No English change required.	| TO_CHAR(number) | TO_CHAR(number) | Converts a number to a VARCHAR |	none	S017 direct table-row alignment.
S017	DOCK/Home/40. Oracle to Altibase 변환가이드__7341605.md	657	657	S017-D040-U408	table_row	| TO_CLOB(bfile\|blob) | 미 지원 | BFILE 및 BLOB을 database character set으로 변환하고 CLOB값으로 변환 |	TO_CLOB; BFILE	arch/Home/ORACLE to ALTIBASE Conversion Guide__22643038.md	652	covered	No English change required.	| TO_CLOB(bfile\|blob) | Not Supported | Converts BFILE or BLOB to a CLOB using the database character set |	none	S017 direct table-row alignment.
S017	DOCK/Home/40. Oracle to Altibase 변환가이드__7341605.md	658	658	S017-D040-U409	table_row	| TO_CLOB(character) | 미 지원 | LOB 컬럼에 있는 NCLOB 값 또는 다른 문자열을 CLOB값으로 변환 |	TO_CLOB; LOB; NCLOB	arch/Home/ORACLE to ALTIBASE Conversion Guide__22643038.md	653	covered	No English change required.	| TO_CLOB(character) | Not Supported | Converts NCLOB or other strings to a CLOB |	none	S017 direct table-row alignment.
S017	DOCK/Home/40. Oracle to Altibase 변환가이드__7341605.md	659	659	S017-D040-U410	table_row	| TO_DATE | TO_DATE | char를 날짜 데이터 타입의 값으로 변환 |	TO_DATE	arch/Home/ORACLE to ALTIBASE Conversion Guide__22643038.md	654	covered	No English change required.	| TO_DATE | TO_DATE | Converts a character string to a DATE data type |	none	S017 direct table-row alignment.
S017	DOCK/Home/40. Oracle to Altibase 변환가이드__7341605.md	660	660	S017-D040-U411	table_row	| TO_DSINTERVAL | 미 지원 | 인수를 INTERVAL DAY TO SECOND 데이터 타입 값으로 변환 |	TO_DSINTERVAL; INTERVAL; DAY; SECOND	arch/Home/ORACLE to ALTIBASE Conversion Guide__22643038.md	655	covered	No English change required.	| TO_DSINTERVAL | Not Supported | Converts input to `INTERVAL DAY TO SECOND` |	none	S017 direct table-row alignment.
S017	DOCK/Home/40. Oracle to Altibase 변환가이드__7341605.md	661	661	S017-D040-U412	table_row	| TO_LOB | 미 지원 | LONG 또는 LONG ROW 값을 LOB값으로 변환 |	TO_LOB; LONG; ROW	arch/Home/ORACLE to ALTIBASE Conversion Guide__22643038.md	656	covered	No English change required.	| TO_LOB | Not Supported | Converts LONG or LONG RAW to LOB |	none	S017 direct table-row alignment.
S017	DOCK/Home/40. Oracle to Altibase 변환가이드__7341605.md	662	662	S017-D040-U413	table_row	| TO_MULTI_BYTE | 미 지원 | 해당 multibyte 문자로 변환된 모든 single-byte 문자로 char를 반환 |	TO_MULTI_BYTE	arch/Home/ORACLE to ALTIBASE Conversion Guide__22643038.md	657	covered	No English change required.	| TO_MULTI_BYTE | Not Supported | Converts all single-byte characters in the input to multibyte form |	none	S017 direct table-row alignment.
S017	DOCK/Home/40. Oracle to Altibase 변환가이드__7341605.md	663	663	S017-D040-U414	table_row	| TO_NCHAR(character) | TO_NCHAR(character) | database character set의 문자열, CLOB, NCLOB 값을 national character set으로 변환 |	TO_NCHAR; CLOB; NCLOB	arch/Home/ORACLE to ALTIBASE Conversion Guide__22643038.md	658	covered	No English change required.	| TO_NCHAR(character) | TO_NCHAR(character) | Converts string, CLOB, or NCLOB to the national character set |	none	S017 direct table-row alignment.
S017	DOCK/Home/40. Oracle to Altibase 변환가이드__7341605.md	664	664	S017-D040-U415	table_row	| TO_NCHAR(datetime) | TO_NCHAR(datetime) | 날짜형 데이터 타입의 datetime 또는 interval 값을 national character set으로 변환 |	TO_NCHAR	arch/Home/ORACLE to ALTIBASE Conversion Guide__22643038.md	659	covered	No English change required.	| TO_NCHAR(datetime) | TO_NCHAR(datetime) | Converts datetime or interval to national character set |	none	S017 direct table-row alignment.
S017	DOCK/Home/40. Oracle to Altibase 변환가이드__7341605.md	665	665	S017-D040-U416	table_row	| TO_NCHAR(number) | TO_NCHAR(number) | n을 national character set으로 변환 |	TO_NCHAR	arch/Home/ORACLE to ALTIBASE Conversion Guide__22643038.md	660	covered	No English change required.	| TO_NCHAR(number) | TO_NCHAR(number) | Converts number to national character set |	none	S017 direct table-row alignment.
S017	DOCK/Home/40. Oracle to Altibase 변환가이드__7341605.md	666	666	S017-D040-U417	table_row	| TO_NCLOB | 미 지원 | CLOB값을 NCLOB값으로 변환 |	TO_NCLOB	arch/Home/ORACLE to ALTIBASE Conversion Guide__22643038.md	661	covered	No English change required.	| TO_NCLOB | Not Supported | Converts a CLOB to an NCLOB |	none	S017 direct table-row alignment.
S017	DOCK/Home/40. Oracle to Altibase 변환가이드__7341605.md	667	667	S017-D040-U418	table_row	| TO_NUMBER | TO_NUMBER | expr을 NUMBER 데이터 타입의 값으로 변환 |	TO_NUMBER; NUMBER	arch/Home/ORACLE to ALTIBASE Conversion Guide__22643038.md	662	covered	No English change required.	| TO_NUMBER | TO_NUMBER | Converts an expression to a NUMBER |	none	S017 direct table-row alignment.
S017	DOCK/Home/40. Oracle to Altibase 변환가이드__7341605.md	668	668	S017-D040-U419	table_row	| TO_SINGLE_BYTE | 미 지원 | 해당 single-byte 문자로 변환된 모든 multibyte 문자로 char를 반환 |	TO_SINGLE_BYTE	arch/Home/ORACLE to ALTIBASE Conversion Guide__22643038.md	663	covered	No English change required.	| TO_SINGLE_BYTE | Not Supported | Converts all multibyte characters in the input to single-byte form |	none	S017 direct table-row alignment.
S017	DOCK/Home/40. Oracle to Altibase 변환가이드__7341605.md	669	669	S017-D040-U420	table_row	| TO_TIMESTAMP | TO_DATE | char를 TIMESTAMP 데이터 타입의 값으로 변환 |	TO_TIMESTAMP; TO_DATE; TIMESTAMP	arch/Home/ORACLE to ALTIBASE Conversion Guide__22643038.md	664	covered	No English change required.	| TO_TIMESTAMP | TO_DATE | Converts a character string to TIMESTAMP |	none	S017 direct table-row alignment.
S017	DOCK/Home/40. Oracle to Altibase 변환가이드__7341605.md	670	670	S017-D040-U421	table_row	| TO_TIMESTAMP_TZ | 미 지원 | char를 TIMESTAMP WITH TIME ZONE 데이터 타입의 값으로 변환 |	TO_TIMESTAMP_TZ; TIMESTAMP; WITH; TIME; ZONE	arch/Home/ORACLE to ALTIBASE Conversion Guide__22643038.md	665	covered	No English change required.	| TO_TIMESTAMP_TZ | Not Supported | Converts a character string to TIMESTAMP WITH TIME ZONE |	none	S017 direct table-row alignment.
S017	DOCK/Home/40. Oracle to Altibase 변환가이드__7341605.md	671	671	S017-D040-U422	table_row	| TO_YMINTERVAL | 미 지원 | 문자열을 INTERVAL YEAR TO MONTH 데이터 타입의 값로 변환 |	TO_YMINTERVAL; INTERVAL; YEAR; MONTH	arch/Home/ORACLE to ALTIBASE Conversion Guide__22643038.md	666	covered	No English change required.	| TO_YMINTERVAL | Not Supported | Converts a string to an `INTERVAL YEAR TO MONTH` |	none	S017 direct table-row alignment.
S017	DOCK/Home/40. Oracle to Altibase 변환가이드__7341605.md	672	672	S017-D040-U423	table_row	| TREAT | 미 지원 | 객체 지향 타입 변환을 위한 함수로 슈퍼타입(부모 객체)을 서브타입(자식 객체)으로 변환 |	TREAT	arch/Home/ORACLE to ALTIBASE Conversion Guide__22643038.md	667	covered	No English change required.	| TREAT | Not Supported | Used for object-oriented type conversion from a supertype to a subtype |	none	S017 direct table-row alignment.
S017	DOCK/Home/40. Oracle to Altibase 변환가이드__7341605.md	673	673	S017-D040-U424	table_row	| UNISTR | UNISTR | 유니코드 문자열을 표현하거나 변환 |	UNISTR	arch/Home/ORACLE to ALTIBASE Conversion Guide__22643038.md	668	covered	No English change required.	| UNISTR | UNISTR | Represents or converts a Unicode string |	none	S017 direct table-row alignment.
S017	DOCK/Home/40. Oracle to Altibase 변환가이드__7341605.md	674	674	S017-D040-U425	table_row	| VALIDATE_CONVERSION | 미 지원 | expr이 지정된 데이터 유형으로 변환 될 수 있는지 여부를 판별 |	VALIDATE_CONVERSION	arch/Home/ORACLE to ALTIBASE Conversion Guide__22643038.md	669	covered	No English change required.	| VALIDATE_CONVERSION | Not Supported | Checks whether an expression can be converted to a specified data type |	none	S017 direct table-row alignment.
S017	DOCK/Home/40. Oracle to Altibase 변환가이드__7341605.md	676	676	S017-D040-U426	heading	### Large Object Functions	section semantics	arch/Home/ORACLE to ALTIBASE Conversion Guide__22643038.md	622	covered	No English change required.	### Conversion Functions	none	S017 direct inspection.
S017	DOCK/Home/40. Oracle to Altibase 변환가이드__7341605.md	680	680	S017-D040-U427	table_row	| Oracle | Altibase | 비고 |	Oracle; Altibase	arch/Home/ORACLE to ALTIBASE Conversion Guide__22643038.md	675	covered	No English change required.	| Oracle | Altibase | Note |	none	S017 direct table-row alignment.
S017	DOCK/Home/40. Oracle to Altibase 변환가이드__7341605.md	682	682	S017-D040-U428	table_row	| BFILENAME | 미 지원 | Server File System의 물리 LOB BinaryFile과 연관된 BFILE Locator를 반환 |	BFILENAME; LOB; BFILE	arch/Home/ORACLE to ALTIBASE Conversion Guide__22643038.md	677	covered	No English change required.	| BFILENAME | Not Supported | Returns a BFILE locator associated with a physical LOB binary file in the server file system |	none	S017 direct table-row alignment.
S017	DOCK/Home/40. Oracle to Altibase 변환가이드__7341605.md	683	683	S017-D040-U429	table_row	| EMPTY_BLOB/EMPTY_CLOB | EMPTY_BLOB/EMPTY_CLOB | LOB변수를 초기화하는 함수 |	EMPTY_BLOB/EMPTY_CLOB	arch/Home/ORACLE to ALTIBASE Conversion Guide__22643038.md	678	covered	No English change required.	| EMPTY_BLOB / EMPTY_CLOB | EMPTY_BLOB / EMPTY_CLOB | Function to initialize LOB variables |	none	S017 direct table-row alignment.
S017	DOCK/Home/40. Oracle to Altibase 변환가이드__7341605.md	685	685	S017-D040-U430	heading	### Collection Functions	section semantics	arch/Home/ORACLE to ALTIBASE Conversion Guide__22643038.md	671	covered	No English change required.	### Large Object Functions	none	S017 direct inspection.
S017	DOCK/Home/40. Oracle to Altibase 변환가이드__7341605.md	689	689	S017-D040-U431	table_row	| Oracle | Altibase | 비고 |	Oracle; Altibase	arch/Home/ORACLE to ALTIBASE Conversion Guide__22643038.md	684	covered	No English change required.	| Oracle | Altibase | Note |	none	S017 direct table-row alignment.
S017	DOCK/Home/40. Oracle to Altibase 변환가이드__7341605.md	691	691	S017-D040-U432	table_row	| CARDINALITY COLLECT POWERMULTISET POWERMULTISET_BY_CARDINALITY SET | 미 지원 | 중첩된 테이블과 varray에서 수행되는 함수 |	CARDINALITY; COLLECT; POWERMULTISET; POWERMULTISET_BY_CARDINALITY; SET	arch/Home/ORACLE to ALTIBASE Conversion Guide__22643038.md	686	covered	No English change required.	| CARDINALITY COLLECT POWERMULTISET POWERMULTISET_BY_CARDINALITY SET | Not Supported | Function performed on nested tables and varrays |	none	S017 direct table-row alignment.
S017	DOCK/Home/40. Oracle to Altibase 변환가이드__7341605.md	693	693	S017-D040-U433	heading	### Hierarchical Functions	section semantics	arch/Home/ORACLE to ALTIBASE Conversion Guide__22643038.md	680	covered	No English change required.	### Collection Functions	none	S017 direct inspection.
S017	DOCK/Home/40. Oracle to Altibase 변환가이드__7341605.md	697	697	S017-D040-U434	table_row	| Oracle | Altibase | 비고 |	Oracle; Altibase	arch/Home/ORACLE to ALTIBASE Conversion Guide__22643038.md	692	covered	No English change required.	| Oracle | Altibase | Note |	none	S017 direct table-row alignment.
S017	DOCK/Home/40. Oracle to Altibase 변환가이드__7341605.md	699	699	S017-D040-U435	table_row	| SYS_CONNECT_BY_PATH | SYS_CONNECT_BY_PATH | 최상위 노드에서 현재 노드까지의 칼럼 값 경로를 구하는 함수 |	SYS_CONNECT_BY_PATH	arch/Home/ORACLE to ALTIBASE Conversion Guide__22643038.md	694	covered	No English change required.	| SYS_CONNECT_BY_PATH | SYS_CONNECT_BY_PATH | Function that returns the path of column values from the root node to the current node |	none	S017 direct table-row alignment.
S017	DOCK/Home/40. Oracle to Altibase 변환가이드__7341605.md	701	701	S017-D040-U436	heading	### Data Mining Functions	section semantics	arch/Home/ORACLE to ALTIBASE Conversion Guide__22643038.md	688	covered	No English change required.	### Hierarchical Functions	none	S017 direct inspection.
S017	DOCK/Home/40. Oracle to Altibase 변환가이드__7341605.md	705	705	S017-D040-U437	table_row	| Oracle | Altibase | 비고 |	Oracle; Altibase	arch/Home/ORACLE to ALTIBASE Conversion Guide__22643038.md	700	covered	No English change required.	| Oracle | Altibase | Note |	none	S017 direct table-row alignment.
S017	DOCK/Home/40. Oracle to Altibase 변환가이드__7341605.md	707	707	S017-D040-U438	table_row	| CLUSTER_DETAILS CLUSTER_DISTANCE CLUSTER_ID CLUSTER_PROBABILITY CLUSTER_SET FEATURE_COMPARE FEATURE_DETAILS FEATURE_ID FEATURE_SET FEATURE_VALUE ORA_DM_PARTITION_NAME PREDICTION PREDICTION_BOUNDS PREDICTION_COST PRE...	CLUSTER_DETAILS; CLUSTER_DISTANCE; CLUSTER_ID; CLUSTER_PROBABILITY; CLUSTER_SET; FEATURE_COMPARE; FEATURE_DETAILS; FEATURE_ID	arch/Home/ORACLE to ALTIBASE Conversion Guide__22643038.md	702	covered	No English change required.	| CLUSTER_DETAILS CLUSTER_DISTANCE CLUSTER_ID CLUSTER_PROBABILITY CLUSTER_SET FEATURE_COMPARE FEATURE_DETAILS FEATURE_ID FEATURE_SET FEATURE_VALUE ORA_DM_PARTITION_NAME PREDICTION PREDICTION_BOUNDS PREDICTION_COST PRE...	none	S017 direct table-row alignment.
S017	DOCK/Home/40. Oracle to Altibase 변환가이드__7341605.md	709	709	S017-D040-U439	heading	### XML Functions	XML	arch/Home/ORACLE to ALTIBASE Conversion Guide__22643038.md	696	covered	No English change required.	### Data Mining Functions	none	S017 direct inspection.
S017	DOCK/Home/40. Oracle to Altibase 변환가이드__7341605.md	713	713	S017-D040-U440	table_row	| Oracle | Altibase | 비고 |	Oracle; Altibase	arch/Home/ORACLE to ALTIBASE Conversion Guide__22643038.md	708	covered	No English change required.	| Oracle | Altibase | Note |	none	S017 direct table-row alignment.
S017	DOCK/Home/40. Oracle to Altibase 변환가이드__7341605.md	715	715	S017-D040-U441	table_row	| DEPTH EXISTSNODE EXTRACT (XML) EXTRACTVALUE PATH SYS_DBURIGEN SYS_XMLAGG SYS_XMLGEN XMLAGG XMLCAST XMLCDATA XMLCOLATTVAL XMLCOMMENT XMLCONCAT XMLDIFF XMLELEMENT XMLEXISTS XMLFOREST XMLISVALID XMLPARSE XMLPATCH XMLPI...	DEPTH; EXISTSNODE; EXTRACT; XML; EXTRACTVALUE; PATH; SYS_DBURIGEN; SYS_XMLAGG	arch/Home/ORACLE to ALTIBASE Conversion Guide__22643038.md	710	covered	No English change required.	| DEPTH EXISTSNODE EXTRACT (XML) EXTRACTVALUE PATH SYS_DBURIGEN SYS_XMLAGG SYS_XMLGEN XMLAGG XMLCAST XMLCDATA XMLCOLATTVAL XMLCOMMENT XMLCONCAT XMLDIFF XMLELEMENT XMLEXISTS XMLFOREST XMLISVALID XMLPARSE XMLPATCH XMLPI...	none	S017 direct table-row alignment.
S017	DOCK/Home/40. Oracle to Altibase 변환가이드__7341605.md	717	717	S017-D040-U442	heading	### JSON Functions	JSON	arch/Home/ORACLE to ALTIBASE Conversion Guide__22643038.md	704	covered	No English change required.	### XML Functions	none	S017 direct inspection.
S017	DOCK/Home/40. Oracle to Altibase 변환가이드__7341605.md	721	721	S017-D040-U443	table_row	| Oracle | Altibase | 비고 |	Oracle; Altibase	arch/Home/ORACLE to ALTIBASE Conversion Guide__22643038.md	716	covered	No English change required.	| Oracle | Altibase | Note |	none	S017 direct table-row alignment.
S017	DOCK/Home/40. Oracle to Altibase 변환가이드__7341605.md	723	723	S017-D040-U444	table_row	| JSON_QUERY JSON_TABLE JSON_VALUE JSON_ARRAY JSON_ARRAYAGG JSON_OBJECT JSON_OBJECTAGG JSON_DATAGUIDE | 미 지원 | JSON 관련 함수 |	JSON_QUERY; JSON_TABLE; JSON_VALUE; JSON_ARRAY; JSON_ARRAYAGG; JSON_OBJECT; JSON_OBJECTAGG; JSON_DATAGUIDE	arch/Home/ORACLE to ALTIBASE Conversion Guide__22643038.md	718	covered	No English change required.	| JSON_QUERY JSON_TABLE JSON_VALUE JSON_ARRAY JSON_ARRAYAGG JSON_OBJECT JSON_OBJECTAGG JSON_DATAGUIDE | Not Supported | Functions related to JSON |	none	S017 direct table-row alignment.
S017	DOCK/Home/40. Oracle to Altibase 변환가이드__7341605.md	725	725	S017-D040-U445	heading	### Encoding and Decoding Functions	section semantics	arch/Home/ORACLE to ALTIBASE Conversion Guide__22643038.md	712	covered	No English change required.	### JSON Functions	none	S017 direct inspection.
S017	DOCK/Home/40. Oracle to Altibase 변환가이드__7341605.md	729	729	S017-D040-U446	table_row	| Oracle | Altibase | 비고 |	Oracle; Altibase	arch/Home/ORACLE to ALTIBASE Conversion Guide__22643038.md	724	covered	No English change required.	| Oracle | Altibase | Note |	none	S017 direct table-row alignment.
S017	DOCK/Home/40. Oracle to Altibase 변환가이드__7341605.md	731	731	S017-D040-U447	table_row	| DECODE | DECODE | 프로그래밍언어의 IF 문을 SQL , PL/SQL 안으로 사용하기 위한 함수 |	DECODE; SQL; PL/SQL	arch/Home/ORACLE to ALTIBASE Conversion Guide__22643038.md	726	covered	No English change required.	| DECODE | DECODE | Function used to implement IF logic within SQL or PL/SQL |	none	S017 direct table-row alignment.
S017	DOCK/Home/40. Oracle to Altibase 변환가이드__7341605.md	732	732	S017-D040-U448	table_row	| DUMP | DUMP | 지정한 data의 위치와 길이 등을 지정한 형식으로 반환 |	DUMP	arch/Home/ORACLE to ALTIBASE Conversion Guide__22643038.md	727	covered	No English change required.	| DUMP | DUMP | Returns information such as position and length of the specified data in a given format |	none	S017 direct table-row alignment.
S017	DOCK/Home/40. Oracle to Altibase 변환가이드__7341605.md	733	733	S017-D040-U449	table_row	| ORA_HASH | 미 지원 | 주어진 표현에 대한 해쉬 값을 계산하는 함수 |	ORA_HASH	arch/Home/ORACLE to ALTIBASE Conversion Guide__22643038.md	728	covered	No English change required.	| ORA_HASH | Not Supported | Function that calculates a hash value for the given expression |	none	S017 direct table-row alignment.
S017	DOCK/Home/40. Oracle to Altibase 변환가이드__7341605.md	734	734	S017-D040-U450	table_row	| STANDARD_HASH | 미 지원 | 기본 해쉬 값 계산 |	STANDARD_HASH	arch/Home/ORACLE to ALTIBASE Conversion Guide__22643038.md	729	covered	No English change required.	| STANDARD_HASH | Not Supported | Calculates a standard hash value |	none	S017 direct table-row alignment.
S017	DOCK/Home/40. Oracle to Altibase 변환가이드__7341605.md	735	735	S017-D040-U451	table_row	| VSIZE | OCTET_LENGTH | 입력된 문자열의 길이를 바이트 단위로 반환 |	VSIZE; OCTET_LENGTH	arch/Home/ORACLE to ALTIBASE Conversion Guide__22643038.md	730	covered	No English change required.	| VSIZE | OCTET_LENGTH | Returns the length of the input string in bytes |	none	S017 direct table-row alignment.
S017	DOCK/Home/40. Oracle to Altibase 변환가이드__7341605.md	737	737	S017-D040-U452	heading	### NULL-Related Functions	NULL-	arch/Home/ORACLE to ALTIBASE Conversion Guide__22643038.md	720	covered	No English change required.	### Encoding and Decoding Functions	none	S017 direct inspection.
S017	DOCK/Home/40. Oracle to Altibase 변환가이드__7341605.md	741	741	S017-D040-U453	table_row	| Oracle | Altibase | 비고 |	Oracle; Altibase	arch/Home/ORACLE to ALTIBASE Conversion Guide__22643038.md	736	covered	No English change required.	| Oracle | Altibase | Note |	none	S017 direct table-row alignment.
S017	DOCK/Home/40. Oracle to Altibase 변환가이드__7341605.md	743	743	S017-D040-U454	table_row	| COALESCE | COALESCE | 나열된 값을 순차적으로 체크하여 NULL이 아닌 첫 번째 인수를 반환 |	COALESCE	arch/Home/ORACLE to ALTIBASE Conversion Guide__22643038.md	738	covered	No English change required.	| COALESCE | COALESCE | Returns the first non-NULL expression from the list of arguments, checked in order |	none	S017 direct table-row alignment.
S017	DOCK/Home/40. Oracle to Altibase 변환가이드__7341605.md	744	744	S017-D040-U455	table_row	| LNNVL | LNNVL | 조건의 결과가 FALSE 또는 NULL인 경우 TRUE를 반환하고, TRUE인 경우 FALSE를 반환 |	LNNVL; FALSE	arch/Home/ORACLE to ALTIBASE Conversion Guide__22643038.md	739	covered	No English change required.	| LNNVL | LNNVL | Returns TRUE if the condition is FALSE or NULL; returns FALSE if the condition is TRUE |	none	S017 direct table-row alignment.
S017	DOCK/Home/40. Oracle to Altibase 변환가이드__7341605.md	745	745	S017-D040-U456	table_row	| NANVL | 미 지원 | 부동소수점 NaN 값만 감지해서 다른 값으로 치환 |	NANVL	arch/Home/ORACLE to ALTIBASE Conversion Guide__22643038.md	740	covered	No English change required.	| NANVL | Not Supported | Detects only NaN (Not a Number) floating-point values and replaces them with another value |	none	S017 direct table-row alignment.
S017	DOCK/Home/40. Oracle to Altibase 변환가이드__7341605.md	746	746	S017-D040-U457	table_row	| NULLIF | NULLIF | expr1과 expr2 가 같으면, null 값을 반환 |	NULLIF	arch/Home/ORACLE to ALTIBASE Conversion Guide__22643038.md	741	covered	No English change required.	| NULLIF | NULLIF | Returns NULL if `expr1` equals `expr2`; otherwise returns `expr1` |	none	S017 direct table-row alignment.
S017	DOCK/Home/40. Oracle to Altibase 변환가이드__7341605.md	747	747	S017-D040-U458	table_row	| NVL | NVL | 쿼리의 결과에서 NULL값을 치환 |	NVL	arch/Home/ORACLE to ALTIBASE Conversion Guide__22643038.md	742	covered	No English change required.	| NVL | NVL | Replaces NULL values in query results |	none	S017 direct table-row alignment.
S017	DOCK/Home/40. Oracle to Altibase 변환가이드__7341605.md	748	748	S017-D040-U459	table_row	| NVL2 | NVL2 | expr1이 NULL이 아니면 expr2를 반환하고 NULL이면 expr3를 반환 |	NVL2	arch/Home/ORACLE to ALTIBASE Conversion Guide__22643038.md	743	covered	No English change required.	| NVL2 | NVL2 | Returns `expr2` if `expr1` is not NULL; otherwise returns `expr3` |	none	S017 direct table-row alignment.
S017	DOCK/Home/40. Oracle to Altibase 변환가이드__7341605.md	750	750	S017-D040-U460	heading	### Environment and Identifier Functions	section semantics	arch/Home/ORACLE to ALTIBASE Conversion Guide__22643038.md	732	covered	No English change required.	### NULL-Related Functions	none	S017 direct inspection.
S017	DOCK/Home/40. Oracle to Altibase 변환가이드__7341605.md	754	754	S017-D040-U461	table_row	| Oracle | Altibase | 비고 |	Oracle; Altibase	arch/Home/ORACLE to ALTIBASE Conversion Guide__22643038.md	749	covered	No English change required.	| Oracle | Altibase | Note |	none	S017 direct table-row alignment.
S017	DOCK/Home/40. Oracle to Altibase 변환가이드__7341605.md	756	756	S017-D040-U462	table_row	| CON_DBID_TO_ID CON_GUID_TO_ID CON_NAME_TO_ID CON_UID_TO_ID ORA_INVOKING_USER ORA_INVOKING_USERID | 미 지원 | |	CON_DBID_TO_ID; CON_GUID_TO_ID; CON_NAME_TO_ID; CON_UID_TO_ID; ORA_INVOKING_USER; ORA_INVOKING_USERID	arch/Home/ORACLE to ALTIBASE Conversion Guide__22643038.md	751	covered	No English change required.	| CON_DBID_TO_ID CON_GUID_TO_ID CON_NAME_TO_ID CON_UID_TO_ID ORA_INVOKING_USER ORA_INVOKING_USERID | Not Supported | |	none	S017 direct table-row alignment.
S017	DOCK/Home/40. Oracle to Altibase 변환가이드__7341605.md	757	757	S017-D040-U463	table_row	| SYS_CONTEXT | SYS_CONTEXT | 현재 세션에 접속한 환경 정보(context)를 namespace로 하여 관련된 파라미터의 결과 값을 반환 |	SYS_CONTEXT	arch/Home/ORACLE to ALTIBASE Conversion Guide__22643038.md	752	covered	No English change required.	| SYS_CONTEXT | SYS_CONTEXT | Returns the value of a parameter related to the current session's environment using a namespace |	none	S017 direct table-row alignment.
S017	DOCK/Home/40. Oracle to Altibase 변환가이드__7341605.md	758	758	S017-D040-U464	table_row	| SYS_GUID | SYS_GUID_STR | 16 바이트로 구성된 전 세계적으로 고유한 식별자(RAW값)를 생성하고 반환 |	SYS_GUID; SYS_GUID_STR; 16	arch/Home/ORACLE to ALTIBASE Conversion Guide__22643038.md	753	covered	No English change required.	| SYS_GUID | SYS_GUID_STR | Generates and returns a globally unique 16-byte identifier (RAW value) |	none	S017 direct table-row alignment.
S017	DOCK/Home/40. Oracle to Altibase 변환가이드__7341605.md	759	759	S017-D040-U465	table_row	| SYS_TYPEID | 미 지원 | 식별자의 typeid를 반환 |	SYS_TYPEID	arch/Home/ORACLE to ALTIBASE Conversion Guide__22643038.md	754	covered	No English change required.	| SYS_TYPEID | Not Supported | Returns the type ID of the identifier |	none	S017 direct table-row alignment.
S017	DOCK/Home/40. Oracle to Altibase 변환가이드__7341605.md	760	760	S017-D040-U466	table_row	| UID | USER_ID | 세션 사용자를 고유하게 식별하는 정수를 반환 |	UID; USER_ID	arch/Home/ORACLE to ALTIBASE Conversion Guide__22643038.md	755	covered	No English change required.	| UID | USER_ID | Returns a unique integer that identifies the session user |	none	S017 direct table-row alignment.
S017	DOCK/Home/40. Oracle to Altibase 변환가이드__7341605.md	761	761	S017-D040-U467	table_row	| USER | USER_NAME | 세션 사용자의 이름을 반환 |	USER; USER_NAME	arch/Home/ORACLE to ALTIBASE Conversion Guide__22643038.md	756	covered	No English change required.	| USER | USER_NAME | Returns the name of the session user |	none	S017 direct table-row alignment.
S017	DOCK/Home/40. Oracle to Altibase 변환가이드__7341605.md	762	762	S017-D040-U468	table_row	| USERENV | SESSION_ID | USERENV는 세션에 대한 정보를 반환<br>SESSION_ID는 사용자의 SESSION_ID를 반환 |	USERENV; SESSION_ID	arch/Home/ORACLE to ALTIBASE Conversion Guide__22643038.md	757	covered	No English change required.	| USERENV | SESSION_ID | `USERENV` returns information about the session; `SESSION_ID` returns the user's session ID |	none	S017 direct table-row alignment.
S017	DOCK/Home/40. Oracle to Altibase 변환가이드__7341605.md	764	764	S017-D040-U469	heading	### Aggregate/Analytic Functions	section semantics	arch/Home/ORACLE to ALTIBASE Conversion Guide__22643038.md	745	covered	No English change required.	### Environment and Identifier Functions	none	S017 direct inspection.
S017	DOCK/Home/40. Oracle to Altibase 변환가이드__7341605.md	768	768	S017-D040-U470	table_row	| Oracle | Altibase | 비고 |	Oracle; Altibase	arch/Home/ORACLE to ALTIBASE Conversion Guide__22643038.md	763	covered	No English change required.	| Oracle | Altibase | Note |	none	S017 direct table-row alignment.
S017	DOCK/Home/40. Oracle to Altibase 변환가이드__7341605.md	770	770	S017-D040-U471	table_row	| AVG | AVG | 지정된 컬럼에 대한 조건을 만족하는 행 중에서 Null을 제외한 평균을 반환 |	AVG	arch/Home/ORACLE to ALTIBASE Conversion Guide__22643038.md	765	covered	No English change required.	| AVG | AVG | Returns the average of non-NULL values in the specified column that meet the condition |	none	S017 direct table-row alignment.
S017	DOCK/Home/40. Oracle to Altibase 변환가이드__7341605.md	771	771	S017-D040-U472	table_row	| CORR | CORR | 수치 쌍에 대한 상관 계수를 반환 |	CORR	arch/Home/ORACLE to ALTIBASE Conversion Guide__22643038.md	766	covered	No English change required.	| CORR | CORR | Returns the correlation coefficient for pairs of numeric values |	none	S017 direct table-row alignment.
S017	DOCK/Home/40. Oracle to Altibase 변환가이드__7341605.md	772	772	S017-D040-U473	table_row	| COUNT | COUNT | 쿼리에 의해 반환된 행의 수를 반환 |	COUNT	arch/Home/ORACLE to ALTIBASE Conversion Guide__22643038.md	767	covered	No English change required.	| COUNT | COUNT | Returns the number of rows returned by the query |	none	S017 direct table-row alignment.
S017	DOCK/Home/40. Oracle to Altibase 변환가이드__7341605.md	773	773	S017-D040-U474	table_row	| COVAR_POP | COVAR_POP | number 조합의 세트의 모집단 공분산을 반환 |	COVAR_POP	arch/Home/ORACLE to ALTIBASE Conversion Guide__22643038.md	768	covered	No English change required.	| COVAR_POP | COVAR_POP | Returns the population covariance of a set of number pairs |	none	S017 direct table-row alignment.
S017	DOCK/Home/40. Oracle to Altibase 변환가이드__7341605.md	774	774	S017-D040-U475	table_row	| COVAR_SAMP | COVAR_SAMP | number 쌍의 세트의 표본 공분산을 반환 |	COVAR_SAMP	arch/Home/ORACLE to ALTIBASE Conversion Guide__22643038.md	769	covered	No English change required.	| COVAR_SAMP | COVAR_SAMP | Returns the sample covariance of a set of number pairs |	none	S017 direct table-row alignment.
S017	DOCK/Home/40. Oracle to Altibase 변환가이드__7341605.md	775	775	S017-D040-U476	table_row	| CUME_DIST | CUME_DIST | 값의 그룹에 있는 값의 누적 분포치를 계산 |	CUME_DIST	arch/Home/ORACLE to ALTIBASE Conversion Guide__22643038.md	770	covered	No English change required.	| CUME_DIST | CUME_DIST | Calculates the cumulative distribution of a value within a group |	none	S017 direct table-row alignment.
S017	DOCK/Home/40. Oracle to Altibase 변환가이드__7341605.md	776	776	S017-D040-U477	table_row	| DENSE_RANK | DENSE_RANK | ORDER BY절에 사용된 컬럼이나 표현식에 대하여 순위를 부여하는데 RANK와<br>달리 동일 순위 다음의 순위는 동일 순위의 수와 상관 없이 1씩 증가 |	DENSE_RANK; ORDER	arch/Home/ORACLE to ALTIBASE Conversion Guide__22643038.md	771	covered	No English change required.	| DENSE_RANK | DENSE_RANK | Assigns ranks to rows in order by specified columns or expressions; unlike RANK, the next rank increases by 1 regardless of ties |	none	S017 direct table-row alignment.
S017	DOCK/Home/40. Oracle to Altibase 변환가이드__7341605.md	777	777	S017-D040-U478	table_row	| FIRST | FIRST | 집계 함수(MIN, MAX 등)와 같이 써서 특정 컬럼을 기준으로 정렬했을 때 첫 번째 행의 값을 가져올 때 사용 |	FIRST; MIN; MAX	arch/Home/ORACLE to ALTIBASE Conversion Guide__22643038.md	772	covered	No English change required.	| FIRST | FIRST | Used with aggregate functions (MIN, MAX, etc.) to get the first row’s value based on ordering |	none	S017 direct table-row alignment.
S017	DOCK/Home/40. Oracle to Altibase 변환가이드__7341605.md	778	778	S017-D040-U479	table_row	| LAST | LAST | 집계 함수(MIN, MAX 등)와 같이 써서 특정 컬럼을 기준으로 정렬했을 때 마지막 행의 값을 가져올 때 사용 |	LAST; MIN; MAX	arch/Home/ORACLE to ALTIBASE Conversion Guide__22643038.md	773	covered	No English change required.	| LAST | LAST | Used with aggregate functions (MIN, MAX, etc.) to get the last row’s value based on ordering |	none	S017 direct table-row alignment.
S017	DOCK/Home/40. Oracle to Altibase 변환가이드__7341605.md	779	779	S017-D040-U480	table_row	| LISTAGG | LISTAGG | 여러 행의 문자열 값을 하나의 문자열로 이어 붙이는 집계 함수 |	LISTAGG	arch/Home/ORACLE to ALTIBASE Conversion Guide__22643038.md	774	covered	No English change required.	| LISTAGG | LISTAGG | Aggregate function that concatenates string values from multiple rows into a single string |	none	S017 direct table-row alignment.
S017	DOCK/Home/40. Oracle to Altibase 변환가이드__7341605.md	780	780	S017-D040-U481	table_row	| MAX | MAX | 인수 중에서 최대값을 반환 |	MAX	arch/Home/ORACLE to ALTIBASE Conversion Guide__22643038.md	775	covered	No English change required.	| MAX | MAX | Returns the maximum value among the arguments |	none	S017 direct table-row alignment.
S017	DOCK/Home/40. Oracle to Altibase 변환가이드__7341605.md	781	781	S017-D040-U482	table_row	| MIN | MIN | 인수 중에서 최소값을 반환 |	MIN	arch/Home/ORACLE to ALTIBASE Conversion Guide__22643038.md	776	covered	No English change required.	| MIN | MIN | Returns the minimum value among the arguments |	none	S017 direct table-row alignment.
S017	DOCK/Home/40. Oracle to Altibase 변환가이드__7341605.md	782	782	S017-D040-U483	table_row	| PERCENT_RANK | PERCENT_RANK | 그룹 수에 대한 값의 순위 퍼센트를 반환 |	PERCENT_RANK	arch/Home/ORACLE to ALTIBASE Conversion Guide__22643038.md	777	covered	No English change required.	| PERCENT_RANK | PERCENT_RANK | Returns the relative rank percentage of a value within a group |	none	S017 direct table-row alignment.
S017	DOCK/Home/40. Oracle to Altibase 변환가이드__7341605.md	783	783	S017-D040-U484	table_row	| PERCENTILE_CONT | PERCENTILE_CONT | 연속된 분포 모델을 가정한 역 분포 함수(inverse distribution function) |	PERCENTILE_CONT	arch/Home/ORACLE to ALTIBASE Conversion Guide__22643038.md	778	covered	No English change required.	| PERCENTILE_CONT | PERCENTILE_CONT | Inverse distribution function assuming a continuous distribution model |	none	S017 direct table-row alignment.
S017	DOCK/Home/40. Oracle to Altibase 변환가이드__7341605.md	784	784	S017-D040-U485	table_row	| PERCENTILE_DISC | PERCENTILE_DISC | 이산 분포 모형을 가정하는 역 분포 함수 |	PERCENTILE_DISC	arch/Home/ORACLE to ALTIBASE Conversion Guide__22643038.md	779	covered	No English change required.	| PERCENTILE_DISC | PERCENTILE_DISC | Inverse distribution function assuming a discrete distribution model |	none	S017 direct table-row alignment.
S017	DOCK/Home/40. Oracle to Altibase 변환가이드__7341605.md	785	785	S017-D040-U486	table_row	| RANK | RANK | 값의 그룹에서 값의 순위를 계산 |	RANK	arch/Home/ORACLE to ALTIBASE Conversion Guide__22643038.md	780	covered	No English change required.	| RANK | RANK | Calculates the rank of a value within a group |	none	S017 direct table-row alignment.
S017	DOCK/Home/40. Oracle to Altibase 변환가이드__7341605.md	786	786	S017-D040-U487	table_row	| REGR_ (Linear Regression) Functions | 미 지원 | 선형 회귀를 위한 집계 함수들 |	REGR_	arch/Home/ORACLE to ALTIBASE Conversion Guide__22643038.md	781	covered	No English change required.	| REGR_ (Linear Regression) Functions | Not Supported | Aggregate functions for linear regression |	none	S017 direct table-row alignment.
S017	DOCK/Home/40. Oracle to Altibase 변환가이드__7341605.md	787	787	S017-D040-U488	table_row	| STDDEV | STDDEV | number의 조합인 expr의 표본 표준편차를 반환 |	STDDEV	arch/Home/ORACLE to ALTIBASE Conversion Guide__22643038.md	782	covered	No English change required.	| STDDEV | STDDEV | Returns the sample standard deviation of a numeric expression |	none	S017 direct table-row alignment.
S017	DOCK/Home/40. Oracle to Altibase 변환가이드__7341605.md	788	788	S017-D040-U489	table_row	| STDDEV_POP | STDDEV_POP | 모집단 표준편차를 계산하고, 모집단 분산의 제곱근 값을 반환 |	STDDEV_POP	arch/Home/ORACLE to ALTIBASE Conversion Guide__22643038.md	783	covered	No English change required.	| STDDEV_POP | STDDEV_POP | Calculates the population standard deviation, the square root of population variance |	none	S017 direct table-row alignment.
S017	DOCK/Home/40. Oracle to Altibase 변환가이드__7341605.md	789	789	S017-D040-U490	table_row	| STDDEV_SAMP | STDDEV_SAMP | 누적 표본 표준편차를 계산하고, 표본 분산의 제곱근 값을 반환 |	STDDEV_SAMP	arch/Home/ORACLE to ALTIBASE Conversion Guide__22643038.md	784	covered	No English change required.	| STDDEV_SAMP | STDDEV_SAMP | Calculates the cumulative sample standard deviation, the square root of sample variance |	none	S017 direct table-row alignment.
S017	DOCK/Home/40. Oracle to Altibase 변환가이드__7341605.md	790	790	S017-D040-U491	table_row	| SUM | SUM | expr의 값의 합을 반환 |	SUM	arch/Home/ORACLE to ALTIBASE Conversion Guide__22643038.md	785	covered	No English change required.	| SUM | SUM | Returns the sum of values in an expression |	none	S017 direct table-row alignment.
S017	DOCK/Home/40. Oracle to Altibase 변환가이드__7341605.md	791	791	S017-D040-U492	table_row	| VAR_POP | VAR_POP | null 값들을 제거한 후에 number 세트의 모집단 분산을 반환 |	VAR_POP	arch/Home/ORACLE to ALTIBASE Conversion Guide__22643038.md	786	covered	No English change required.	| VAR_POP | VAR_POP | Returns the population variance of a set of numbers after excluding NULL values |	none	S017 direct table-row alignment.
S017	DOCK/Home/40. Oracle to Altibase 변환가이드__7341605.md	792	792	S017-D040-U493	table_row	| VAR_SAMP | VAR_SAMP | null 값들을 제거한 후에 number 세트의 표본 분산을 반환 |	VAR_SAMP	arch/Home/ORACLE to ALTIBASE Conversion Guide__22643038.md	787	covered	No English change required.	| VAR_SAMP | VAR_SAMP | Returns the sample variance of a set of numbers after excluding NULL values |	none	S017 direct table-row alignment.
S017	DOCK/Home/40. Oracle to Altibase 변환가이드__7341605.md	793	793	S017-D040-U494	table_row	| VARIANCE | VARIANCE | expr의 분산을 반환 |	VARIANCE	arch/Home/ORACLE to ALTIBASE Conversion Guide__22643038.md	788	covered	No English change required.	| VARIANCE | VARIANCE | Returns the variance of an expression |	none	S017 direct table-row alignment.
S017	DOCK/Home/40. Oracle to Altibase 변환가이드__7341605.md	795	795	S017-D040-U495	heading	### Aggregate Functions	section semantics	arch/Home/ORACLE to ALTIBASE Conversion Guide__22643038.md	759	covered	No English change required.	### Aggregate/Analytic Functions	none	S017 direct inspection.
S017	DOCK/Home/40. Oracle to Altibase 변환가이드__7341605.md	799	799	S017-D040-U496	table_row	| Oracle | Altibase | 비고 |	Oracle; Altibase	arch/Home/ORACLE to ALTIBASE Conversion Guide__22643038.md	794	covered	No English change required.	| Oracle | Altibase | Note |	none	S017 direct table-row alignment.
S017	DOCK/Home/40. Oracle to Altibase 변환가이드__7341605.md	801	801	S017-D040-U497	table_row	| APPROX_COUNT_DISTINCT APPROX_COUNT_DISTINCT_AGG APPROX_COUNT_DISTINCT_DETAIL APPROX_MEDIAN APPROX_PERCENTILE APPROX_PERCENTILE_AGG APPROX_PERCENTILE_DETAIL | 미 지원 | |	APPROX_COUNT_DISTINCT; APPROX_COUNT_DISTINCT_AGG; APPROX_COUNT_DISTINCT_DETAIL; APPROX_MEDIAN; APPROX_PERCENTILE; APPROX_PERCENTILE_AGG; APPROX_PERCENTILE_DETAIL	arch/Home/ORACLE to ALTIBASE Conversion Guide__22643038.md	796	covered	No English change required.	| APPROX_COUNT_DISTINCT APPROX_COUNT_DISTINCT_AGG APPROX_COUNT_DISTINCT_DETAIL APPROX_MEDIAN APPROX_PERCENTILE APPROX_PERCENTILE_AGG APPROX_PERCENTILE_DETAIL | Not Supported | |	none	S017 direct table-row alignment.
S017	DOCK/Home/40. Oracle to Altibase 변환가이드__7341605.md	802	802	S017-D040-U498	table_row	| CORR_* (CORR_S,CORR_K) | 미 지원 | Pearson's 상관 계수를 계산 |	CORR_; CORR_S; CORR_K	arch/Home/ORACLE to ALTIBASE Conversion Guide__22643038.md	797	covered	No English change required.	| CORR_* (CORR_S, CORR_K) | Not Supported | Calculates Pearson’s correlation coefficient |	none	S017 direct table-row alignment.
S017	DOCK/Home/40. Oracle to Altibase 변환가이드__7341605.md	803	803	S017-D040-U499	table_row	| GROUP_ID | 미 지원 | 지정된 GROUP BY 결과로부터 중복된 그룹을 구별 |	GROUP_ID; GROUP	arch/Home/ORACLE to ALTIBASE Conversion Guide__22643038.md	798	covered	No English change required.	| GROUP_ID | Not Supported | Distinguishes duplicate groups from specified GROUP BY results |	none	S017 direct table-row alignment.
S017	DOCK/Home/40. Oracle to Altibase 변환가이드__7341605.md	804	804	S017-D040-U500	table_row	| GROUPING | GROUPING | ROLLUP, CUBE, GROUPING SETS 사용 시 집계 레벨을 구분하는 함수 |	GROUPING; ROLLUP; CUBE; SETS	arch/Home/ORACLE to ALTIBASE Conversion Guide__22643038.md	799	covered	No English change required.	| GROUPING | GROUPING | Function to distinguish aggregation levels when using ROLLUP, CUBE, GROUPING SETS |	none	S017 direct table-row alignment.
S017	DOCK/Home/40. Oracle to Altibase 변환가이드__7341605.md	805	805	S017-D040-U501	table_row	| GROUPING_ID | GROUPING_ID | 행과 관련되는 GROUPING 비트 벡터에 대응되는 수치를 반환 |	GROUPING_ID; GROUPING	arch/Home/ORACLE to ALTIBASE Conversion Guide__22643038.md	800	covered	No English change required.	| GROUPING_ID | GROUPING_ID | Returns a number corresponding to the GROUPING bit vector related to the row |	none	S017 direct table-row alignment.
S017	DOCK/Home/40. Oracle to Altibase 변환가이드__7341605.md	806	806	S017-D040-U502	table_row	| MEDIAN | MEDIAN | 중앙값 구하는 집계/분석 함수 |	MEDIAN	arch/Home/ORACLE to ALTIBASE Conversion Guide__22643038.md	801	covered	No English change required.	| MEDIAN | MEDIAN | Aggregate/analytic function to find the median value |	none	S017 direct table-row alignment.
S017	DOCK/Home/40. Oracle to Altibase 변환가이드__7341605.md	807	807	S017-D040-U503	table_row	| STATS_BINOMIAL_TEST | 미 지원 | 단지 두 개의 유효한 값이 존재하는 이분 변수(두 개의 배타적인 값을 가지는 변수)에 대해서 이용되는 정확 확률 테스트 |	STATS_BINOMIAL_TEST	arch/Home/ORACLE to ALTIBASE Conversion Guide__22643038.md	802	covered	No English change required.	| STATS_BINOMIAL_TEST | Not Supported | Exact probability test used for binary variables with only two valid exclusive values |	none	S017 direct table-row alignment.
S017	DOCK/Home/40. Oracle to Altibase 변환가이드__7341605.md	808	808	S017-D040-U504	table_row	| STATS_CROSSTAB | 미 지원 | 두 개의 명목 변수를 분석하는 방법 |	STATS_CROSSTAB	arch/Home/ORACLE to ALTIBASE Conversion Guide__22643038.md	803	covered	No English change required.	| STATS_CROSSTAB | Not Supported | Method for analyzing two nominal variables |	none	S017 direct table-row alignment.
S017	DOCK/Home/40. Oracle to Altibase 변환가이드__7341605.md	809	809	S017-D040-U505	table_row	| STATS_F_TEST | 미 지원 | 두 개의 분산이 유의한 차가 있는지 테스트 |	STATS_F_TEST	arch/Home/ORACLE to ALTIBASE Conversion Guide__22643038.md	804	covered	No English change required.	| STATS_F_TEST | Not Supported | Tests whether two variances have a significant difference |	none	S017 direct table-row alignment.
S017	DOCK/Home/40. Oracle to Altibase 변환가이드__7341605.md	810	810	S017-D040-U506	table_row	| STATS_KS_TEST | 미 지원 | 두 개의 표본이 같은 모집단에 속하고 있는지 또는 같은 분포를 가지는 모집단에 속하고 있는지 테스트하는 Kolmogorov-Smirnov 함수 |	STATS_KS_TEST	arch/Home/ORACLE to ALTIBASE Conversion Guide__22643038.md	805	covered	No English change required.	| STATS_KS_TEST | Not Supported | Kolmogorov-Smirnov function to test whether two samples come from the same population or distribution |	none	S017 direct table-row alignment.
S017	DOCK/Home/40. Oracle to Altibase 변환가이드__7341605.md	811	811	S017-D040-U507	table_row	| STATS_MODE | 미 지원 | 가장 큰 빈도를 가지는 값을 반환 |	STATS_MODE	arch/Home/ORACLE to ALTIBASE Conversion Guide__22643038.md	806	covered	No English change required.	| STATS_MODE | Not Supported | Returns the value with the highest frequency |	none	S017 direct table-row alignment.
S017	DOCK/Home/40. Oracle to Altibase 변환가이드__7341605.md	812	812	S017-D040-U508	table_row	| STATS_MW_TEST | 미 지원 | A Mann Whitney Test는 2개의 독립 표본을 비교 |	STATS_MW_TEST	arch/Home/ORACLE to ALTIBASE Conversion Guide__22643038.md	807	covered	No English change required.	| STATS_MW_TEST | Not Supported | Mann-Whitney test comparing two independent samples |	none	S017 direct table-row alignment.
S017	DOCK/Home/40. Oracle to Altibase 변환가이드__7341605.md	813	813	S017-D040-U509	table_row	| STATS_ONE_WAY_ANOVA | STATS_ONE_WAY_ANOVA | 분산의 다른 2개 추정치 비교에 의해 통계적 유의성에 대한 평균(그룹 또는 변수에 대한)의 유의한 차를 검증 |	STATS_ONE_WAY_ANOVA	arch/Home/ORACLE to ALTIBASE Conversion Guide__22643038.md	808	covered	No English change required.	| STATS_ONE_WAY_ANOVA | STATS_ONE_WAY_ANOVA | Tests for statistically significant differences among means (groups or variables) by comparing two variance estimates |	none	S017 direct table-row alignment.
S017	DOCK/Home/40. Oracle to Altibase 변환가이드__7341605.md	814	814	S017-D040-U510	table_row	| STATS_T_TEST_* | 미 지원 | t검정에서는, 평균치의 차이의 유의성을 측정 |	STATS_T_TEST_	arch/Home/ORACLE to ALTIBASE Conversion Guide__22643038.md	809	covered	No English change required.	| STATS_T_TEST_* | Not Supported | t-Test to measure the significance of difference between means |	none	S017 direct table-row alignment.
S017	DOCK/Home/40. Oracle to Altibase 변환가이드__7341605.md	815	815	S017-D040-U511	table_row	| STATS_WSR_TEST | 미 지원 | 대응쌍표본의 윌콕스 부호 순위 검증을 수행하며, 표본 간의 차이가 zero로부터 유의한 차이가 있는지 검정 |	STATS_WSR_TEST	arch/Home/ORACLE to ALTIBASE Conversion Guide__22643038.md	810	covered	No English change required.	| STATS_WSR_TEST | Not Supported | Performs Wilcoxon Signed-Rank test for paired samples, testing if differences are significantly different from zero |	none	S017 direct table-row alignment.
S017	DOCK/Home/40. Oracle to Altibase 변환가이드__7341605.md	816	816	S017-D040-U512	table_row	| SYS_OP_ZONE_ID | 미 지원 | 인수로 rowid를 취하여 영역 ID를 반환 |	SYS_OP_ZONE_ID	arch/Home/ORACLE to ALTIBASE Conversion Guide__22643038.md	811	covered	No English change required.	| SYS_OP_ZONE_ID | Not Supported | Takes rowid as an argument and returns the zone ID |	none	S017 direct table-row alignment.
S017	DOCK/Home/40. Oracle to Altibase 변환가이드__7341605.md	817	817	S017-D040-U513	table_row	| TO_APPROX_COUNT_DISTINCT | 미 지원 | |	TO_APPROX_COUNT_DISTINCT	arch/Home/ORACLE to ALTIBASE Conversion Guide__22643038.md	812	covered	No English change required.	| TO_APPROX_COUNT_DISTINCT | Not Supported | |	none	S017 direct table-row alignment.
S017	DOCK/Home/40. Oracle to Altibase 변환가이드__7341605.md	818	818	S017-D040-U514	table_row	| TO_APPROX_PERCENTILE | 미 지원 | |	TO_APPROX_PERCENTILE	arch/Home/ORACLE to ALTIBASE Conversion Guide__22643038.md	813	covered	No English change required.	| TO_APPROX_PERCENTILE | Not Supported | |	none	S017 direct table-row alignment.
S017	DOCK/Home/40. Oracle to Altibase 변환가이드__7341605.md	820	820	S017-D040-U515	heading	### Analytic Functions	section semantics	arch/Home/ORACLE to ALTIBASE Conversion Guide__22643038.md	790	covered	No English change required.	### Aggregate Functions	none	S017 direct inspection.
S017	DOCK/Home/40. Oracle to Altibase 변환가이드__7341605.md	824	824	S017-D040-U516	table_row	| Oracle | Altibase | 비고 |	Oracle; Altibase	arch/Home/ORACLE to ALTIBASE Conversion Guide__22643038.md	819	covered	No English change required.	| Oracle | Altibase | Note |	none	S017 direct table-row alignment.
S017	DOCK/Home/40. Oracle to Altibase 변환가이드__7341605.md	826	826	S017-D040-U517	table_row	| CLUSTER_DETAILS CLUSTER_DISTANCE CLUSTER_ID CLUSTER_PROBABILITY CLUSTER_SET | 미 지원 | |	CLUSTER_DETAILS; CLUSTER_DISTANCE; CLUSTER_ID; CLUSTER_PROBABILITY; CLUSTER_SET	arch/Home/ORACLE to ALTIBASE Conversion Guide__22643038.md	821	covered	No English change required.	| CLUSTER_DETAILS CLUSTER_DISTANCE CLUSTER_ID CLUSTER_PROBABILITY CLUSTER_SET | Not Supported | |	none	S017 direct table-row alignment.
S017	DOCK/Home/40. Oracle to Altibase 변환가이드__7341605.md	827	827	S017-D040-U518	table_row	| FEATURE_DETAILS FEATURE_ID FEATURE_SET FEATURE_VALUE | 미 지원 | |	FEATURE_DETAILS; FEATURE_ID; FEATURE_SET; FEATURE_VALUE	arch/Home/ORACLE to ALTIBASE Conversion Guide__22643038.md	822	covered	No English change required.	| FEATURE_DETAILS FEATURE_ID FEATURE_SET FEATURE_VALUE | Not Supported | |	none	S017 direct table-row alignment.
S017	DOCK/Home/40. Oracle to Altibase 변환가이드__7341605.md	828	828	S017-D040-U519	table_row	| FIRST_VALUE * | FIRST_VALUE | 값의 정렬된 세트에서 첫번째 값을 반환 |	FIRST_VALUE	arch/Home/ORACLE to ALTIBASE Conversion Guide__22643038.md	823	covered	No English change required.	| FIRST_VALUE * | FIRST_VALUE | Returns the first value in an ordered set |	none	S017 direct table-row alignment.
S017	DOCK/Home/40. Oracle to Altibase 변환가이드__7341605.md	829	829	S017-D040-U520	table_row	| LAG | LAG | 현재 행을 기준으로 이전 값을 참조하는 함수 |	LAG	arch/Home/ORACLE to ALTIBASE Conversion Guide__22643038.md	824	covered	No English change required.	| LAG | LAG | Refers to the previous value relative to the current row |	none	S017 direct table-row alignment.
S017	DOCK/Home/40. Oracle to Altibase 변환가이드__7341605.md	830	830	S017-D040-U521	table_row	| LAST_VALUE * | LAST_VALUE | 윈도우에서 정렬된 값 중에서 마지막 값을 반환 |	LAST_VALUE	arch/Home/ORACLE to ALTIBASE Conversion Guide__22643038.md	825	covered	No English change required.	| LAST_VALUE * | LAST_VALUE | Returns the last value in an ordered window |	none	S017 direct table-row alignment.
S017	DOCK/Home/40. Oracle to Altibase 변환가이드__7341605.md	831	831	S017-D040-U522	table_row	| LEAD | LEAD | 현재 행을 기준으로 이후의 값을 참조하는 함수 |	LEAD	arch/Home/ORACLE to ALTIBASE Conversion Guide__22643038.md	826	covered	No English change required.	| LEAD | LEAD | Refers to the subsequent value relative to the current row |	none	S017 direct table-row alignment.
S017	DOCK/Home/40. Oracle to Altibase 변환가이드__7341605.md	832	832	S017-D040-U523	table_row	| NTH_VALUE * | NTH_VALUE | offset번째 행의 값을 구하는 함수 |	NTH_VALUE	arch/Home/ORACLE to ALTIBASE Conversion Guide__22643038.md	827	covered	No English change required.	| NTH_VALUE * | | Returns the value at the specified offset row |	none	S017 direct table-row alignment.
S017	DOCK/Home/40. Oracle to Altibase 변환가이드__7341605.md	833	833	S017-D040-U524	table_row	| NTILE | NTILE | 출력 결과를 사용자가 지정한 그룹 수로 나누어 출력하는 함수 |	NTILE	arch/Home/ORACLE to ALTIBASE Conversion Guide__22643038.md	828	covered	No English change required.	| NTILE | NTILE | Divides the output into the user-specified number of groups |	none	S017 direct table-row alignment.
S017	DOCK/Home/40. Oracle to Altibase 변환가이드__7341605.md	834	834	S017-D040-U525	table_row	| PREDICTION PREDICTION_COST PREDICTION_DETAILS PREDICTION_PROBABILITY PREDICTION_SET | 미 지원 | |	PREDICTION; PREDICTION_COST; PREDICTION_DETAILS; PREDICTION_PROBABILITY; PREDICTION_SET	arch/Home/ORACLE to ALTIBASE Conversion Guide__22643038.md	829	covered	No English change required.	| PREDICTION PREDICTION_COST PREDICTION_DETAILS PREDICTION_PROBABILITY PREDICTION_SET | Not Supported | |	none	S017 direct table-row alignment.
S017	DOCK/Home/40. Oracle to Altibase 변환가이드__7341605.md	835	835	S017-D040-U526	table_row	| RATIO_TO_REPORT | RATIO_TO_REPORT | 값의 세트의 합에 대한 값의 비율을 계산 |	RATIO_TO_REPORT	arch/Home/ORACLE to ALTIBASE Conversion Guide__22643038.md	830	covered	No English change required.	| RATIO_TO_REPORT | RATIO_TO_REPORT | Calculates the ratio of a value to the sum of the set of values |	none	S017 direct table-row alignment.
S017	DOCK/Home/40. Oracle to Altibase 변환가이드__7341605.md	836	836	S017-D040-U527	table_row	| ROW_NUMBER | ROW_NUMBER | 분할 별로 정렬된 결과에 대해 순위를 부여하는 기능 |	ROW_NUMBER	arch/Home/ORACLE to ALTIBASE Conversion Guide__22643038.md	831	covered	No English change required.	| ROW_NUMBER | ROW_NUMBER | Assigns a rank to ordered results within each partition |	none	S017 direct table-row alignment.
S017	DOCK/Home/40. Oracle to Altibase 변환가이드__7341605.md	838	838	S017-D040-U528	heading	### Object Reference Functions	section semantics	arch/Home/ORACLE to ALTIBASE Conversion Guide__22643038.md	815	covered	No English change required.	### Analytic Functions	none	S017 direct inspection.
S017	DOCK/Home/40. Oracle to Altibase 변환가이드__7341605.md	842	842	S017-D040-U529	table_row	| Oracle | Altibase | 비고 |	Oracle; Altibase	arch/Home/ORACLE to ALTIBASE Conversion Guide__22643038.md	837	covered	No English change required.	| Oracle | Altibase | Note |	none	S017 direct table-row alignment.
S017	DOCK/Home/40. Oracle to Altibase 변환가이드__7341605.md	844	844	S017-D040-U530	table_row	| DEREF MAKE_REF REF REFTOHEX VALUE | 미 지원 | 객체 참조 함수 |	DEREF; MAKE_REF; REF; REFTOHEX; VALUE	arch/Home/ORACLE to ALTIBASE Conversion Guide__22643038.md	839	covered	No English change required.	| DEREF MAKE_REF REF REFTOHEX VALUE | Not Supported | Object Reference Functions |	none	S017 direct table-row alignment.
S017	DOCK/Home/40. Oracle to Altibase 변환가이드__7341605.md	846	846	S017-D040-U531	heading	### Model Functions	section semantics	arch/Home/ORACLE to ALTIBASE Conversion Guide__22643038.md	833	covered	No English change required.	### Object Reference Functions	none	S017 direct inspection.
S017	DOCK/Home/40. Oracle to Altibase 변환가이드__7341605.md	850	850	S017-D040-U532	table_row	| Oracle | Altibase | 비고 |	Oracle; Altibase	arch/Home/ORACLE to ALTIBASE Conversion Guide__22643038.md	845	covered	No English change required.	| Oracle | Altibase | Note |	none	S017 direct table-row alignment.
S017	DOCK/Home/40. Oracle to Altibase 변환가이드__7341605.md	852	852	S017-D040-U533	table_row	| CV ITERATION_NUMBER PRESENTNNV PRESENTV PREVIOUS | 미 지원 | Select 문의 Model_clause에서만 사용 가능 |	ITERATION_NUMBER; PRESENTNNV; PRESENTV; PREVIOUS	arch/Home/ORACLE to ALTIBASE Conversion Guide__22643038.md	847	covered	No English change required.	| CV ITERATION_NUMBER PRESENTNNV PRESENTV PREVIOUS | Not Supported | Only usable in the Model_clause of a Select statement |	none	S017 direct table-row alignment.
S017	DOCK/Home/40. Oracle to Altibase 변환가이드__7341605.md	854	854	S017-D040-U534	heading	### OLAP Functions	OLAP	arch/Home/ORACLE to ALTIBASE Conversion Guide__22643038.md	841	covered	No English change required.	### Model Functions	none	S017 direct inspection.
S017	DOCK/Home/40. Oracle to Altibase 변환가이드__7341605.md	858	858	S017-D040-U535	table_row	| Oracle | Altibase | 비고 |	Oracle; Altibase	arch/Home/ORACLE to ALTIBASE Conversion Guide__22643038.md	853	covered	No English change required.	| Oracle | Altibase | Note |	none	S017 direct table-row alignment.
S017	DOCK/Home/40. Oracle to Altibase 변환가이드__7341605.md	860	860	S017-D040-U536	table_row	| CUBE_TABLE | 미 지원 | 3차원 데이터를 2차원 데이터로 변환 |	CUBE_TABLE	arch/Home/ORACLE to ALTIBASE Conversion Guide__22643038.md	855	covered	No English change required.	| CUBE_TABLE | Not Supported | Convert 3D data into 2D data |	none	S017 direct table-row alignment.
S017	DOCK/Home/40. Oracle to Altibase 변환가이드__7341605.md	862	862	S017-D040-U537	heading	### Data Cartridge Functions	section semantics	arch/Home/ORACLE to ALTIBASE Conversion Guide__22643038.md	849	covered	No English change required.	### OLAP Functions	none	S017 direct inspection.
S017	DOCK/Home/40. Oracle to Altibase 변환가이드__7341605.md	866	866	S017-D040-U538	table_row	| Oracle | Altibase | 비고 |	Oracle; Altibase	arch/Home/ORACLE to ALTIBASE Conversion Guide__22643038.md	861	covered	No English change required.	| Oracle | Altibase | Note |	none	S017 direct table-row alignment.
S017	DOCK/Home/40. Oracle to Altibase 변환가이드__7341605.md	868	868	S017-D040-U539	table_row	| DATAOBJ_TO_MAT_PARTITION DATAOBJ_TO_PARTITION | 미 지원 | 데이터 카트리지 개발에 유용함 |	DATAOBJ_TO_MAT_PARTITION; DATAOBJ_TO_PARTITION	arch/Home/ORACLE to ALTIBASE Conversion Guide__22643038.md	863	covered	No English change required.	| DATAOBJ_TO_MAT_PARTITION DATAOBJ_TO_PARTITION | Not Supported | Useful for data cartridge development |	none	S017 direct table-row alignment.
S017	DOCK/Home/40. Oracle to Altibase 변환가이드__7341605.md	870	870	S017-D040-U540	heading	### Pseudocolumns	section semantics	arch/Home/ORACLE to ALTIBASE Conversion Guide__22643038.md	857	covered	No English change required.	### Data Cartridge Functions	none	S017 direct inspection.
S017	DOCK/Home/40. Oracle to Altibase 변환가이드__7341605.md	874	874	S017-D040-U541	table_row	| Oracle | Altibase | 비고 |	Oracle; Altibase	arch/Home/ORACLE to ALTIBASE Conversion Guide__22643038.md	869	covered	No English change required.	| Oracle | Altibase | Note |	none	S017 direct table-row alignment.
S017	DOCK/Home/40. Oracle to Altibase 변환가이드__7341605.md	876	876	S017-D040-U542	table_row	| ROWID | 미 지원 | |	ROWID	arch/Home/ORACLE to ALTIBASE Conversion Guide__22643038.md	871	covered	No English change required.	| ROWID | Not Supported | |	none	S017 direct table-row alignment.
S017	DOCK/Home/40. Oracle to Altibase 변환가이드__7341605.md	877	877	S017-D040-U543	table_row	| ROWNUM | ROWNUM | Select되는 ROW의 순서값, DML에는 미 지원 |	ROWNUM	arch/Home/ORACLE to ALTIBASE Conversion Guide__22643038.md	872	covered	No English change required.	| ROWNUM | ROWNUM | Order value of selected ROW, not supported in DML |	none	S017 direct table-row alignment.
S017	DOCK/Home/40. Oracle to Altibase 변환가이드__7341605.md	879	879	S017-D040-U544	heading	### Expressions	section semantics	arch/Home/ORACLE to ALTIBASE Conversion Guide__22643038.md	865	covered	No English change required.	### Pseudocolumns	none	S017 direct inspection.
S017	DOCK/Home/40. Oracle to Altibase 변환가이드__7341605.md	883	883	S017-D040-U545	table_row	| Oracle | Altibase | 비고 |	Oracle; Altibase	arch/Home/ORACLE to ALTIBASE Conversion Guide__22643038.md	878	covered	No English change required.	| Oracle | Altibase | Note |	none	S017 direct table-row alignment.
S017	DOCK/Home/40. Oracle to Altibase 변환가이드__7341605.md	885	885	S017-D040-U546	table_row	| CASE | CASE, CASE2 | expr1이 참이면 ret_expr1을 반환 |	CASE; CASE2	arch/Home/ORACLE to ALTIBASE Conversion Guide__22643038.md	880	covered	No English change required.	| CASE | CASE, CASE2 | If expr1 is true, returns ret_expr1 |	none	S017 direct table-row alignment.
S017	DOCK/Home/40. Oracle to Altibase 변환가이드__7341605.md	887	887	S017-D040-U547	heading	## Stored Procedure or Function 변환	section semantics	arch/Home/ORACLE to ALTIBASE Conversion Guide__22643038.md	874	covered	No English change required.	### Expressions	none	S017 direct inspection.
S017	DOCK/Home/40. Oracle to Altibase 변환가이드__7341605.md	891	891	S017-D040-U548	heading	### Altibase AUTOCOMMIT 모드에서 Procedure 처리	AUTOCOMMIT; Altibase	arch/Home/ORACLE to ALTIBASE Conversion Guide__22643038.md	882	covered	No English change required.	## Stored Procedure or Function Conversion	none	S017 direct inspection.
S017	DOCK/Home/40. Oracle to Altibase 변환가이드__7341605.md	895	895	S017-D040-U549	paragraph	AUTOCOMMIT 모드에서 Altibase의 PROCEDURE/FUNCTION은 전체가 하나의 트랜잭션으로 처리된다.	AUTOCOMMIT; PROCEDURE/	arch/Home/ORACLE to ALTIBASE Conversion Guide__22643038.md	886	covered	No English change required.	### In Altibase AUTOCOMMIT mode	none	S017 direct inspection.
S017	DOCK/Home/40. Oracle to Altibase 변환가이드__7341605.md	897	897	S017-D040-U550	paragraph	따라서 PROCEDURE 내의 COMMIT/ROLLBACK은 무시되고 PROCEDURE 실행 후 자동으로 COMMIT 된다.	PROCEDURE; COMMIT/; COMMIT	arch/Home/ORACLE to ALTIBASE Conversion Guide__22643038.md	898	covered	No English change required.	| ```<br>CREATE OR REPLACE PROCEDURE t1_test( in_t IN INTEGER, in_v IN VARCHAR)<br>IS<br>BEGIN<br>INSERT INTO t1 VALUES(in_t, in_v);<br>ROLLBACK;<br>END;<br>/<br>EXEC t1_test(4, '000004');<br>SQL> SELECT COUNT(*) FROM...	none	S017 direct inspection.
S017	DOCK/Home/40. Oracle to Altibase 변환가이드__7341605.md	899	899	S017-D040-U551	paragraph	반면 Oracle은 AUTOCOMMIT 모드에서도 PROCEDURE/FUNCTION 내의 COMMIT/ROLLBACK이 수행되기 때문에 이 경우 PROCEDURE 수행 결과가 달라질 수 있다.	AUTOCOMMIT; PROCEDURE/FUNCTION; COMMIT/; PROCEDURE	arch/Home/ORACLE to ALTIBASE Conversion Guide__22643038.md	886	covered	No English change required.	### In Altibase AUTOCOMMIT mode	none	S017 direct inspection.
S017	DOCK/Home/40. Oracle to Altibase 변환가이드__7341605.md	901	901	S017-D040-U552	paragraph	NON-AUTOCOMMIT 모드에서는 Altibase와 Oracle의 PROCEDURE 수행 결과가 동일하다.	NON-AUTOCOMMIT; PROCEDURE	arch/Home/ORACLE to ALTIBASE Conversion Guide__22643038.md	894	covered	No English change required.	In NON-AUTOCOMMIT mode, procedure execution results are the same between Altibase and Oracle.	none	S017 direct inspection.
S017	DOCK/Home/40. Oracle to Altibase 변환가이드__7341605.md	903	903	S017-D040-U553	table_row	| Oracle | Altibase |	Oracle; Altibase	arch/Home/ORACLE to ALTIBASE Conversion Guide__22643038.md	896	covered	No English change required.	| Oracle | Altibase |	none	S017 direct table-row alignment.
S017	DOCK/Home/40. Oracle to Altibase 변환가이드__7341605.md	905	905	S017-D040-U554	table_row	| ```<br>CREATE OR REPLACE PROCEDURE t1_test( in_t IN INTEGER, in_v IN VARCHAR)<br>IS<br>BEGIN<br>INSERT INTO t1 VALUES(in_t, in_v);<br>ROLLBACK;<br>END;<br>/<br>EXEC t1_test(4, '000004');<br>SQL> SELECT COUNT(*) FROM...	CREATE; REPLACE; PROCEDURE; INTEGER; VARCHAR; BEGIN; INSERT; INTO	arch/Home/ORACLE to ALTIBASE Conversion Guide__22643038.md	898	covered	No English change required.	| ```<br>CREATE OR REPLACE PROCEDURE t1_test( in_t IN INTEGER, in_v IN VARCHAR)<br>IS<br>BEGIN<br>INSERT INTO t1 VALUES(in_t, in_v);<br>ROLLBACK;<br>END;<br>/<br>EXEC t1_test(4, '000004');<br>SQL> SELECT COUNT(*) FROM...	none	S017 direct table-row alignment.
S017	DOCK/Home/40. Oracle to Altibase 변환가이드__7341605.md	907	907	S017-D040-U555	heading	### PROCEDURE/FUNCTION의 PARAMETER TYPE과 RETURN TYPE	PROCEDURE/; PARAMETER; RETURN; TYPE	arch/Home/ORACLE to ALTIBASE Conversion Guide__22643038.md	886	covered	No English change required.	### In Altibase AUTOCOMMIT mode	none	S017 direct inspection.
S017	DOCK/Home/40. Oracle to Altibase 변환가이드__7341605.md	911	911	S017-D040-U556	paragraph	Oracle의 PARAMETER TYPE과 RETURN TYPE은 크기를 지정할 수 없고, 자동으로 최대 크기까지 허용된다.	PARAMETER; RETURN	arch/Home/ORACLE to ALTIBASE Conversion Guide__22643038.md	900	covered	No English change required.	### PARAMETER TYPES and RETURN TYPES of PROCEDURE/FUNCTION	none	S017 direct inspection.
S017	DOCK/Home/40. Oracle to Altibase 변환가이드__7341605.md	913	913	S017-D040-U557	paragraph	다만, 동일 타입이더라도 SQL에서 최대 크기와 PL/SQL에서 최대 크기가 다를 수 있는데, 그 내용은 아래 표에 기술되어 있다.	PL/	arch/Home/ORACLE to ALTIBASE Conversion Guide__22643038.md	906	covered	No English change required.	However, even for the same type, the maximum size in SQL and PL/SQL can differ, as detailed in the table below.	none	S017 direct inspection.
S017	DOCK/Home/40. Oracle to Altibase 변환가이드__7341605.md	915	915	S017-D040-U558	paragraph	반면 Altibase의 PARAMETER TYPE과 RETURN TYPE은 크기를 지정할 수 있다.	PARAMETER; RETURN	arch/Home/ORACLE to ALTIBASE Conversion Guide__22643038.md	900	covered	No English change required.	### PARAMETER TYPES and RETURN TYPES of PROCEDURE/FUNCTION	none	S017 direct inspection.
S017	DOCK/Home/40. Oracle to Altibase 변환가이드__7341605.md	917	917	S017-D040-U559	paragraph	만약 크기를 지정하지 않으면, PARAMETER TYPE과 RETURN TYPE 최대 크기는 아래 프로퍼티 설정에 따라 결정된다.	PARAMETER; RETURN; TYPE	arch/Home/ORACLE to ALTIBASE Conversion Guide__22643038.md	900	covered	No English change required.	### PARAMETER TYPES and RETURN TYPES of PROCEDURE/FUNCTION	none	S017 direct inspection.
S017	DOCK/Home/40. Oracle to Altibase 변환가이드__7341605.md	919	919	S017-D040-U560	list_item	- PSM_PARAM_AND_RETURN_WITHOUT_PRECISION_ENABLE = 0	PSM_PARAM_AND_RETURN_WITHOUT_PRECISION_ENABLE; 0	arch/Home/ORACLE to ALTIBASE Conversion Guide__22643038.md	912	covered	No English change required.	- PSM_PARAM_AND_RETURN_WITHOUT_PRECISION_ENABLE = 0	none	S017 direct inspection.
S017	DOCK/Home/40. Oracle to Altibase 변환가이드__7341605.md	920	920	S017-D040-U561	list_item	- CHAR, NCHAR, NVARCHAR, VARCHAR의 크기는 1이다.	CHAR; NCHAR; NVARCHAR	arch/Home/ORACLE to ALTIBASE Conversion Guide__22643038.md	898	covered	No English change required.	| ```<br>CREATE OR REPLACE PROCEDURE t1_test( in_t IN INTEGER, in_v IN VARCHAR)<br>IS<br>BEGIN<br>INSERT INTO t1 VALUES(in_t, in_v);<br>ROLLBACK;<br>END;<br>/<br>EXEC t1_test(4, '000004');<br>SQL> SELECT COUNT(*) FROM...	none	S017 direct inspection.
S017	DOCK/Home/40. Oracle to Altibase 변환가이드__7341605.md	921	921	S017-D040-U562	list_item	- PSM_PARAM_AND_RETURN_WITHOUT_PRECISION_ENABLE = 1 (기본값)	PSM_PARAM_AND_RETURN_WITHOUT_PRECISION_ENABLE; 1	arch/Home/ORACLE to ALTIBASE Conversion Guide__22643038.md	912	covered	No English change required.	- PSM_PARAM_AND_RETURN_WITHOUT_PRECISION_ENABLE = 0	none	S017 direct inspection.
S017	DOCK/Home/40. Oracle to Altibase 변환가이드__7341605.md	922	922	S017-D040-U563	list_item	- CHAR, NCHAR, NVARCHAR, VARCHAR의 크기는 각각 아래 표의 프로퍼티 설정 값으로 결정된다.	CHAR; NCHAR; NVARCHAR	arch/Home/ORACLE to ALTIBASE Conversion Guide__22643038.md	898	covered	No English change required.	| ```<br>CREATE OR REPLACE PROCEDURE t1_test( in_t IN INTEGER, in_v IN VARCHAR)<br>IS<br>BEGIN<br>INSERT INTO t1 VALUES(in_t, in_v);<br>ROLLBACK;<br>END;<br>/<br>EXEC t1_test(4, '000004');<br>SQL> SELECT COUNT(*) FROM...	none	S017 direct inspection.
S017	DOCK/Home/40. Oracle to Altibase 변환가이드__7341605.md	924	924	S017-D040-U564	heading	#### PROCEDURE/FUNCTION에서 데이터 타입의 최대 크기	PROCEDURE/	arch/Home/ORACLE to ALTIBASE Conversion Guide__22643038.md	900	covered	No English change required.	### PARAMETER TYPES and RETURN TYPES of PROCEDURE/FUNCTION	none	S017 direct inspection.
S017	DOCK/Home/40. Oracle to Altibase 변환가이드__7341605.md	928	928	S017-D040-U565	table_row	| 데이터 타입 | Oracle SQL에서 최대 크기 | Oralce PL/SQL에서 최대 크기 | Altibase SQL에서 최대 크기 | Altibase PL/SQL에서 최대 크기 | Altibase PL/SQL에서 크기를 지정하지 않은 경우 최대 크기 |	PL/; Oracle; Altibase	arch/Home/ORACLE to ALTIBASE Conversion Guide__22643038.md	921	covered	No English change required.	| Data Type | Maximum Size in Oracle SQL | Maximum Size in Oracle PL/SQL | Maximum Size in Altibase SQL | Maximum Size in Altibase PL/SQL | Maximum Size in Altibase PL/SQL When Size Not Specified |	none	S017 direct table-row alignment.
S017	DOCK/Home/40. Oracle to Altibase 변환가이드__7341605.md	930	930	S017-D040-U566	table_row	| CHAR | 2000 bytes | 32767 bytes | 32000 bytes | 65534 bytes | PSM_CHAR_DEFAULT_PRECISION (기본값 : 32767) |	CHAR; PSM_CHAR_DEFAULT_PRECISION; 2000; 32767; 32000; 65534	arch/Home/ORACLE to ALTIBASE Conversion Guide__22643038.md	923	covered	No English change required.	| CHAR | 2000 bytes | 32767 bytes | 32000 bytes | 65534 bytes | PSM_CHAR_DEFAULT_PRECISION (default: 32767) |	none	S017 direct table-row alignment.
S017	DOCK/Home/40. Oracle to Altibase 변환가이드__7341605.md	931	931	S017-D040-U567	table_row	| NCHAR | 1000(UTF16), 666(UTF8)<br>최대 2000 bytes | 16383(UTF16), 10922(UTF8)<br>최대 32767 bytes | 16000(UTF16), 10666(UTF8)<br>최대 32000 bytes | 32766(UTF16), 21843(UTF8)<br>최대 65534 bytes | PSM_NCHAR_UTF16_DEFAULT_PRE...	NCHAR; UTF16; UTF8; PSM_NCHAR_UTF16_DEFAULT_PRECISION; PSM_NCHAR_UTF8_DEFAULT_PRECISION; 1000; 666; 2000	arch/Home/ORACLE to ALTIBASE Conversion Guide__22643038.md	924	covered	No English change required.	| NCHAR | 1000(UTF16), 666(UTF8)<br>Max 2000 bytes | 16383(UTF16), 10922(UTF8)<br>Max 32767 bytes | 16000(UTF16), 10666(UTF8)<br>Max 32000 bytes | 32766(UTF16), 21843(UTF8)<br>Max 65534 bytes | PSM_NCHAR_UTF16_DEFAULT...	none	S017 direct table-row alignment.
S017	DOCK/Home/40. Oracle to Altibase 변환가이드__7341605.md	932	932	S017-D040-U568	table_row	| RAW | 2000 bytes | 32767 bytes | | | |	RAW; 2000; 32767	arch/Home/ORACLE to ALTIBASE Conversion Guide__22643038.md	925	covered	No English change required.	| RAW | 2000 bytes | 32767 bytes | | | |	none	S017 direct table-row alignment.
S017	DOCK/Home/40. Oracle to Altibase 변환가이드__7341605.md	933	933	S017-D040-U569	table_row	| VARCHAR<br>VARCHAR2 | 4000 bytes | 32767 bytes | 32000 bytes | 65534 bytes | PSM_VARCHAR_DEFAULT_PRECISION (기본값 : 32767) |	VARCHAR; VARCHAR2; PSM_VARCHAR_DEFAULT_PRECISION; 4000; 32767; 32000; 65534	arch/Home/ORACLE to ALTIBASE Conversion Guide__22643038.md	926	covered	No English change required.	| VARCHAR<br>VARCHAR2 | 4000 bytes | 32767 bytes | 32000 bytes | 65534 bytes | PSM_VARCHAR_DEFAULT_PRECISION (default: 32767) |	none	S017 direct table-row alignment.
S017	DOCK/Home/40. Oracle to Altibase 변환가이드__7341605.md	934	934	S017-D040-U570	table_row	| NVARCHAR2<br>NVARCHAR2 | 2000(UTF16), 1333(UTF8)<br>최대 4000 bytes | 16383(UTF16), 10922(UTF8)<br>최대 32767 bytes | 16000(UTF16), 10666(UTF8)<br>최대 32000 bytes | 32766(UTF16), 21843(UTF8)<br>최대 65534 bytes | PSM_NVARC...	NVARCHAR2; UTF16; UTF8; PSM_NVARCHAR_UTF16_DEFAULT_PRECISION; PSM_NVARCHAR_UTF8_DEFAULT_PRECISION; 2000; 1333; 4000	arch/Home/ORACLE to ALTIBASE Conversion Guide__22643038.md	927	covered	No English change required.	| NVARCHAR2<br>NVARCHAR2 | 2000(UTF16), 1333(UTF8)<br>Max 4000 bytes | 16383(UTF16), 10922(UTF8)<br>Max 32767 bytes | 16000(UTF16), 10666(UTF8)<br>Max 32000 bytes | 32766(UTF16), 21843(UTF8)<br>Max 65534 bytes | PSM_N...	none	S017 direct table-row alignment.
S017	DOCK/Home/40. Oracle to Altibase 변환가이드__7341605.md	935	935	S017-D040-U571	table_row	| LONG | 2 GB - 1 | 32760 bytes | | | |	LONG; 2; 1; 32760	arch/Home/ORACLE to ALTIBASE Conversion Guide__22643038.md	928	covered	No English change required.	| LONG | 2 GB - 1 | 32760 bytes | | | |	none	S017 direct table-row alignment.
S017	DOCK/Home/40. Oracle to Altibase 변환가이드__7341605.md	936	936	S017-D040-U572	table_row	| LONG RAW | 2 GB | 32760 bytes | | | |	LONG; RAW; 2; 32760	arch/Home/ORACLE to ALTIBASE Conversion Guide__22643038.md	929	covered	No English change required.	| LONG RAW | 2 GB | 32760 bytes | | | |	none	S017 direct table-row alignment.
S017	DOCK/Home/40. Oracle to Altibase 변환가이드__7341605.md	937	937	S017-D040-U573	table_row	| BLOB | (4 GB - 1) * (database block size) | 128 TB | 4 GB - 1 | 100 MB | LOB_OBJECT_BUFFER_SIZE (기본값 : 32000) |	BLOB; LOB_OBJECT_BUFFER_SIZE; 4; 1; 128; 100; 32000	arch/Home/ORACLE to ALTIBASE Conversion Guide__22643038.md	930	covered	No English change required.	| BLOB | (4 GB - 1) * (database block size) | 128 TB | 4 GB - 1 | 100 MB | LOB_OBJECT_BUFFER_SIZE (default: 32000) |	none	S017 direct table-row alignment.
S017	DOCK/Home/40. Oracle to Altibase 변환가이드__7341605.md	938	938	S017-D040-U574	table_row	| CLOB | (4 GB - 1) * (database block size) | 128 TB | 4 GB - 1 | 100 MB | LOB_OBJECT_BUFFER_SIZE (기본값 : 32000) |	CLOB; LOB_OBJECT_BUFFER_SIZE; 4; 1; 128; 100; 32000	arch/Home/ORACLE to ALTIBASE Conversion Guide__22643038.md	931	covered	No English change required.	| CLOB | (4 GB - 1) * (database block size) | 128 TB | 4 GB - 1 | 100 MB | LOB_OBJECT_BUFFER_SIZE (default: 32000) |	none	S017 direct table-row alignment.
S017	DOCK/Home/40. Oracle to Altibase 변환가이드__7341605.md	939	939	S017-D040-U575	table_row	| NCLOB | (4 GB - 1) * (database block size) | 128 TB | | | |	NCLOB; 4; 1; 128	arch/Home/ORACLE to ALTIBASE Conversion Guide__22643038.md	932	covered	No English change required.	| NCLOB | (4 GB - 1) * (database block size) | 128 TB | | | |	none	S017 direct table-row alignment.
S017	DOCK/Home/40. Oracle to Altibase 변환가이드__7341605.md	941	941	S017-D040-U576	paragraph	Oracle의 Extended Data Types (MAX_STRING_SIZE = EXTENDED) 의 최대 크기는 본 문서의 'SQL 변환 가이드 -> 데이터 타입 변환'에서 확인할 수 있다.	MAX_STRING_SIZE; EXTENDED; SQL	arch/Home/ORACLE to ALTIBASE Conversion Guide__22643038.md	934	covered	No English change required.	The maximum size of Oracle's Extended Data Types (MAX_STRING_SIZE = EXTENDED) can be found in this document under "SQL Conversion Guide -> Data Type Conversion."	none	S017 direct inspection.
S017	DOCK/Home/40. Oracle to Altibase 변환가이드__7341605.md	943	943	S017-D040-U577	heading	### 입출력 및 파일 제어를 위해 제공되는 저장 프로시저 및 함수	section semantics	arch/Home/ORACLE to ALTIBASE Conversion Guide__22643038.md	917	covered	No English change required.	#### Maximum size of data types in PROCEDURE/FUNCTION	none	S017 direct inspection.
S017	DOCK/Home/40. Oracle to Altibase 변환가이드__7341605.md	947	947	S017-D040-U578	paragraph	입출력 및 파일 제어에 관련된 PROCEDURE 및 FUNCTION은 SYSTEM_ 사용자에 자동으로 생성되어 있고, PUBLIC SYNONYM으로 정의되어 있기 때문에 사용자는 PROCEDURE/FUNCTION 이름만 호출하여 사용할 수 있다.	PROCEDURE; SYSTEM_; PUBLIC; PROCEDURE/FUNCTION	arch/Home/ORACLE to ALTIBASE Conversion Guide__22643038.md	917	covered	No English change required.	#### Maximum size of data types in PROCEDURE/FUNCTION	none	S017 direct inspection.
S017	DOCK/Home/40. Oracle to Altibase 변환가이드__7341605.md	949	949	S017-D040-U579	table_row	| 구분 | Oracle | Altibase | 비고 |	Oracle; Altibase	arch/Home/ORACLE to ALTIBASE Conversion Guide__22643038.md	942	covered	No English change required.	| Category | Oracle | Altibase | Note |	none	S017 direct table-row alignment.
S017	DOCK/Home/40. Oracle to Altibase 변환가이드__7341605.md	951	951	S017-D040-U580	table_row	| 표준 출력 | DBMS_OUTPUT.DISABLE | 미 지원 | |	DBMS_OUTPUT.DISABLE	arch/Home/ORACLE to ALTIBASE Conversion Guide__22643038.md	944	covered	No English change required.	| Standard Output | DBMS_OUTPUT.DISABLE | Not Supported | |	none	S017 direct table-row alignment.
S017	DOCK/Home/40. Oracle to Altibase 변환가이드__7341605.md	952	952	S017-D040-U581	table_row	| DBMS_OUTPUT.ENABLE | 미 지원 | | |	DBMS_OUTPUT.ENABLE	arch/Home/ORACLE to ALTIBASE Conversion Guide__22643038.md	945	covered	No English change required.	| DBMS_OUTPUT.ENABLE | Not Supported | | |	none	S017 direct table-row alignment.
S017	DOCK/Home/40. Oracle to Altibase 변환가이드__7341605.md	953	953	S017-D040-U582	table_row	| DBMS_OUTPUT.GET_LINE | 미 지원 | | |	DBMS_OUTPUT.GET_LINE	arch/Home/ORACLE to ALTIBASE Conversion Guide__22643038.md	946	covered	No English change required.	| DBMS_OUTPUT.GET_LINE | Not Supported | | |	none	S017 direct table-row alignment.
S017	DOCK/Home/40. Oracle to Altibase 변환가이드__7341605.md	954	954	S017-D040-U583	table_row	| DBMS_OUTPUT.GET_LINES | 미 지원 | | |	DBMS_OUTPUT.GET_LINES	arch/Home/ORACLE to ALTIBASE Conversion Guide__22643038.md	947	covered	No English change required.	| DBMS_OUTPUT.GET_LINES | Not Supported | | |	none	S017 direct table-row alignment.
S017	DOCK/Home/40. Oracle to Altibase 변환가이드__7341605.md	955	955	S017-D040-U584	table_row	| DBMS_OUTPUT.NEW_LINE | DBMS_OUTPUT.NEW_LINE | Altibase의 DBMS_OUTPUT 패키지는 $ALTIBASE_HOME/packages의 스크립트를 실행해서 생성 후 사용할 수 있다. | |	DBMS_OUTPUT.NEW_LINE; DBMS_OUTPUT; ALTIBASE_HOME/	arch/Home/ORACLE to ALTIBASE Conversion Guide__22643038.md	948	covered	No English change required.	| DBMS_OUTPUT.NEW_LINE | DBMS_OUTPUT.NEW_LINE | The DBMS_OUTPUT package in Altibase can be created and used by running the scripts located in $ALTIBASE_HOME/packages | |	none	S017 direct table-row alignment.
S017	DOCK/Home/40. Oracle to Altibase 변환가이드__7341605.md	956	956	S017-D040-U585	table_row	| DBMS_OUTPUT.PUT | DBMS_OUTPUT.PUT | Altibase의 PRINT로 대체 가능 | |	DBMS_OUTPUT.PUT	arch/Home/ORACLE to ALTIBASE Conversion Guide__22643038.md	949	covered	No English change required.	| DBMS_OUTPUT.PUT | DBMS_OUTPUT.PUT | Can be replaced with PRINT in Altibase | |	none	S017 direct table-row alignment.
S017	DOCK/Home/40. Oracle to Altibase 변환가이드__7341605.md	957	957	S017-D040-U586	table_row	| DBMS_OUTPUT.PUT_LINE | DBMS_OUTPUT.PUT_LINE | Altibase의 PRINTLN으로 대체 가능 | |	DBMS_OUTPUT.PUT_LINE	arch/Home/ORACLE to ALTIBASE Conversion Guide__22643038.md	950	covered	No English change required.	| DBMS_OUTPUT.PUT_LINE | DBMS_OUTPUT.PUT_LINE | Can be replaced with PRINTLN in Altibase | |	none	S017 direct table-row alignment.
S017	DOCK/Home/40. Oracle to Altibase 변환가이드__7341605.md	958	958	S017-D040-U587	table_row	| 파일 처리 | UTL_FILE.FCLOSE | FCLOSE | |	UTL_FILE.FCLOSE; FCLOSE	arch/Home/ORACLE to ALTIBASE Conversion Guide__22643038.md	951	covered	No English change required.	| File handling | UTL_FILE.FCLOSE | FCLOSE | |	none	S017 direct table-row alignment.
S017	DOCK/Home/40. Oracle to Altibase 변환가이드__7341605.md	959	959	S017-D040-U588	table_row	| UTL_FILE.FCLOSE_ALL | FCLOSE_ALL | | |	UTL_FILE.FCLOSE_ALL; FCLOSE_ALL	arch/Home/ORACLE to ALTIBASE Conversion Guide__22643038.md	952	covered	No English change required.	| UTL_FILE.FCLOSE_ALL | FCLOSE_ALL | | |	none	S017 direct table-row alignment.
S017	DOCK/Home/40. Oracle to Altibase 변환가이드__7341605.md	960	960	S017-D040-U589	table_row	| UTL_FILE.FCOPY | FCOPY | | |	UTL_FILE.FCOPY; FCOPY	arch/Home/ORACLE to ALTIBASE Conversion Guide__22643038.md	953	covered	No English change required.	| UTL_FILE.FCOPY | FCOPY | | |	none	S017 direct table-row alignment.
S017	DOCK/Home/40. Oracle to Altibase 변환가이드__7341605.md	961	961	S017-D040-U590	table_row	| UTL_FILE.FFLUSH | FFLUSH | | |	UTL_FILE.FFLUSH; FFLUSH	arch/Home/ORACLE to ALTIBASE Conversion Guide__22643038.md	954	covered	No English change required.	| UTL_FILE.FFLUSH | FFLUSH | | |	none	S017 direct table-row alignment.
S017	DOCK/Home/40. Oracle to Altibase 변환가이드__7341605.md	962	962	S017-D040-U591	table_row	| UTL_FILE.FGETATTR | 미 지원 | | |	UTL_FILE.FGETATTR	arch/Home/ORACLE to ALTIBASE Conversion Guide__22643038.md	955	covered	No English change required.	| UTL_FILE.FGETATTR | Not Supported | | |	none	S017 direct table-row alignment.
S017	DOCK/Home/40. Oracle to Altibase 변환가이드__7341605.md	963	963	S017-D040-U592	table_row	| UTL_FILE.FGETPOS | 미 지원 | | |	UTL_FILE.FGETPOS	arch/Home/ORACLE to ALTIBASE Conversion Guide__22643038.md	956	covered	No English change required.	| UTL_FILE.FGETPOS | Not Supported | | |	none	S017 direct table-row alignment.
S017	DOCK/Home/40. Oracle to Altibase 변환가이드__7341605.md	964	964	S017-D040-U593	table_row	| UTL_FILE.FOPEN | FOPEN | | |	UTL_FILE.FOPEN; FOPEN	arch/Home/ORACLE to ALTIBASE Conversion Guide__22643038.md	957	covered	No English change required.	| UTL_FILE.FOPEN | FOPEN | | |	none	S017 direct table-row alignment.
S017	DOCK/Home/40. Oracle to Altibase 변환가이드__7341605.md	965	965	S017-D040-U594	table_row	| UTL_FILE.FOPEN_NCHAR | 미 지원 | | |	UTL_FILE.FOPEN_NCHAR	arch/Home/ORACLE to ALTIBASE Conversion Guide__22643038.md	958	covered	No English change required.	| UTL_FILE.FOPEN_NCHAR | Not Supported | | |	none	S017 direct table-row alignment.
S017	DOCK/Home/40. Oracle to Altibase 변환가이드__7341605.md	966	966	S017-D040-U595	table_row	| UTL_FILE.FREMOVE | FREMOVE | | |	UTL_FILE.FREMOVE; FREMOVE	arch/Home/ORACLE to ALTIBASE Conversion Guide__22643038.md	959	covered	No English change required.	| UTL_FILE.FREMOVE | FREMOVE | | |	none	S017 direct table-row alignment.
S017	DOCK/Home/40. Oracle to Altibase 변환가이드__7341605.md	967	967	S017-D040-U596	table_row	| UTL_FILE.FRENAME | FRENAME | | |	UTL_FILE.FRENAME; FRENAME	arch/Home/ORACLE to ALTIBASE Conversion Guide__22643038.md	960	covered	No English change required.	| UTL_FILE.FRENAME | FRENAME | | |	none	S017 direct table-row alignment.
S017	DOCK/Home/40. Oracle to Altibase 변환가이드__7341605.md	968	968	S017-D040-U597	table_row	| UTL_FILE.FSEEK | 미 지원 | | |	UTL_FILE.FSEEK	arch/Home/ORACLE to ALTIBASE Conversion Guide__22643038.md	961	covered	No English change required.	| UTL_FILE.FSEEK | Not Supported | | |	none	S017 direct table-row alignment.
S017	DOCK/Home/40. Oracle to Altibase 변환가이드__7341605.md	969	969	S017-D040-U598	table_row	| UTL_FILE.GET_LINE | GET_LINE | | |	UTL_FILE.GET_LINE; GET_LINE	arch/Home/ORACLE to ALTIBASE Conversion Guide__22643038.md	962	covered	No English change required.	| UTL_FILE.GET_LINE | GET_LINE | | |	none	S017 direct table-row alignment.
S017	DOCK/Home/40. Oracle to Altibase 변환가이드__7341605.md	970	970	S017-D040-U599	table_row	| UTL_FILE.GET_LINE_NCHAR | 미 지원 | | |	UTL_FILE.GET_LINE_NCHAR	arch/Home/ORACLE to ALTIBASE Conversion Guide__22643038.md	963	covered	No English change required.	| UTL_FILE.GET_LINE_NCHAR | Not Supported | | |	none	S017 direct table-row alignment.
S017	DOCK/Home/40. Oracle to Altibase 변환가이드__7341605.md	971	971	S017-D040-U600	table_row	| UTL_FILE.GET_RAW | 미 지원 | | |	UTL_FILE.GET_RAW	arch/Home/ORACLE to ALTIBASE Conversion Guide__22643038.md	964	covered	No English change required.	| UTL_FILE.GET_RAW | Not Supported | | |	none	S017 direct table-row alignment.
S017	DOCK/Home/40. Oracle to Altibase 변환가이드__7341605.md	972	972	S017-D040-U601	table_row	| UTL_FILE.IS_OPEN | IS_OPEN | | |	UTL_FILE.IS_OPEN; IS_OPEN	arch/Home/ORACLE to ALTIBASE Conversion Guide__22643038.md	965	covered	No English change required.	| UTL_FILE.IS_OPEN | IS_OPEN | | |	none	S017 direct table-row alignment.
S017	DOCK/Home/40. Oracle to Altibase 변환가이드__7341605.md	973	973	S017-D040-U602	table_row	| UTL_FILE.NEW_LINE | NEW_LINE | | |	UTL_FILE.NEW_LINE; NEW_LINE	arch/Home/ORACLE to ALTIBASE Conversion Guide__22643038.md	966	covered	No English change required.	| UTL_FILE.NEW_LINE | NEW_LINE | | |	none	S017 direct table-row alignment.
S017	DOCK/Home/40. Oracle to Altibase 변환가이드__7341605.md	974	974	S017-D040-U603	table_row	| UTL_FILE.PUT | PUT | | |	UTL_FILE.PUT; PUT	arch/Home/ORACLE to ALTIBASE Conversion Guide__22643038.md	967	covered	No English change required.	| UTL_FILE.PUT | PUT | | |	none	S017 direct table-row alignment.
S017	DOCK/Home/40. Oracle to Altibase 변환가이드__7341605.md	975	975	S017-D040-U604	table_row	| UTL_FILE.PUT_LINE | PUT_LINE | | |	UTL_FILE.PUT_LINE; PUT_LINE	arch/Home/ORACLE to ALTIBASE Conversion Guide__22643038.md	968	covered	No English change required.	| UTL_FILE.PUT_LINE | PUT_LINE | | |	none	S017 direct table-row alignment.
S017	DOCK/Home/40. Oracle to Altibase 변환가이드__7341605.md	976	976	S017-D040-U605	table_row	| UTL_FILE.PUT_LINE_NCHAR | 미 지원 | | |	UTL_FILE.PUT_LINE_NCHAR	arch/Home/ORACLE to ALTIBASE Conversion Guide__22643038.md	969	covered	No English change required.	| UTL_FILE.PUT_LINE_NCHAR | Not Supported | | |	none	S017 direct table-row alignment.
S017	DOCK/Home/40. Oracle to Altibase 변환가이드__7341605.md	977	977	S017-D040-U606	table_row	| UTL_FILE.PUT_NCHAR | 미 지원 | | |	UTL_FILE.PUT_NCHAR	arch/Home/ORACLE to ALTIBASE Conversion Guide__22643038.md	970	covered	No English change required.	| UTL_FILE.PUT_NCHAR | Not Supported | | |	none	S017 direct table-row alignment.
S017	DOCK/Home/40. Oracle to Altibase 변환가이드__7341605.md	978	978	S017-D040-U607	table_row	| UTL_FILE.PUTF | 미 지원 | | |	UTL_FILE.PUTF	arch/Home/ORACLE to ALTIBASE Conversion Guide__22643038.md	971	covered	No English change required.	| UTL_FILE.PUTF | Not Supported | | |	none	S017 direct table-row alignment.
S017	DOCK/Home/40. Oracle to Altibase 변환가이드__7341605.md	979	979	S017-D040-U608	table_row	| UTL_FILE.PUTF_NCHAR | 미 지원 | | |	UTL_FILE.PUTF_NCHAR	arch/Home/ORACLE to ALTIBASE Conversion Guide__22643038.md	972	covered	No English change required.	| UTL_FILE.PUTF_NCHAR | Not Supported | | |	none	S017 direct table-row alignment.
S017	DOCK/Home/40. Oracle to Altibase 변환가이드__7341605.md	980	980	S017-D040-U609	table_row	| UTL_FILE.PUT_RAW | 미 지원 | | |	UTL_FILE.PUT_RAW	arch/Home/ORACLE to ALTIBASE Conversion Guide__22643038.md	973	covered	No English change required.	| UTL_FILE.PUT_RAW | Not Supported | | |	none	S017 direct table-row alignment.
S017	DOCK/Home/40. Oracle to Altibase 변환가이드__7341605.md	982	982	S017-D040-U610	heading	### DBMS_RANDOM 변환	DBMS_RANDOM	arch/Home/ORACLE to ALTIBASE Conversion Guide__22643038.md	936	covered	No English change required.	### Stored procedures and functions provided for input/output and file control	none	S017 direct inspection.
S017	DOCK/Home/40. Oracle to Altibase 변환가이드__7341605.md	986	986	S017-D040-U611	paragraph	Altibase는 DBMS_RANDOM 패키지 외에 RANDOM 함수도 지원한다.	DBMS_RANDOM; RANDOM	arch/Home/ORACLE to ALTIBASE Conversion Guide__22643038.md	975	covered	No English change required.	### DBMS_RANDOM conversion	none	S017 direct inspection.
S017	DOCK/Home/40. Oracle to Altibase 변환가이드__7341605.md	988	988	S017-D040-U612	table_row	| Oracle | Altibase | 비고 |	Oracle; Altibase	arch/Home/ORACLE to ALTIBASE Conversion Guide__22643038.md	981	covered	No English change required.	| Oracle | Altibase | Note |	none	S017 direct table-row alignment.
S017	DOCK/Home/40. Oracle to Altibase 변환가이드__7341605.md	990	990	S017-D040-U613	table_row	| DBMS_RANDOM.NORMAL | 미 지원 | 정규 분포에서 난수를 반환 |	DBMS_RANDOM.NORMAL	arch/Home/ORACLE to ALTIBASE Conversion Guide__22643038.md	983	covered	No English change required.	| DBMS_RANDOM.NORMAL | Not supported | Returns a random number from a normal distribution |	none	S017 direct table-row alignment.
S017	DOCK/Home/40. Oracle to Altibase 변환가이드__7341605.md	991	991	S017-D040-U614	table_row	| DBMS_RANDOM.SEED | DBMS_RANDOM.SEED | seed를 재설정<br>Altibase의 RANDOM(seed) 함수로 대체 가능 |	DBMS_RANDOM.SEED; RANDOM	arch/Home/ORACLE to ALTIBASE Conversion Guide__22643038.md	984	covered	No English change required.	| DBMS_RANDOM.SEED | DBMS_RANDOM.SEED | Resets the seed; can be replaced with Altibase’s RANDOM(seed) function |	none	S017 direct table-row alignment.
S017	DOCK/Home/40. Oracle to Altibase 변환가이드__7341605.md	992	992	S017-D040-U615	table_row	| DBMS_RANDOM.STRING | DBMS_RANDOM.STRING | 임의의 문자열을 반환 |	DBMS_RANDOM.STRING	arch/Home/ORACLE to ALTIBASE Conversion Guide__22643038.md	985	covered	No English change required.	| DBMS_RANDOM.STRING | DBMS_RANDOM.STRING | Returns a random string |	none	S017 direct table-row alignment.
S017	DOCK/Home/40. Oracle to Altibase 변환가이드__7341605.md	993	993	S017-D040-U616	table_row	| DBMS_RANDOM.VALUE | DBMS_RANDOM.VALUE | 난수를 반환<br>Altibase의 RANDOM(0) 함수로 대체 가능 |	DBMS_RANDOM.VALUE; RANDOM; 0	arch/Home/ORACLE to ALTIBASE Conversion Guide__22643038.md	986	covered	No English change required.	| DBMS_RANDOM.VALUE | DBMS_RANDOM.VALUE | Returns a random number; can be replaced with Altibase’s RANDOM(0) function |	none	S017 direct table-row alignment.
S017	DOCK/Home/40. Oracle to Altibase 변환가이드__7341605.md	994	994	S017-D040-U617	table_row	| DBMS_RANDOM.INITIALIZE | DBMS_RANDOM.INITIALIZE | 패키지를 초기화하는 프로시저<br>Oracle은 deprecated |	DBMS_RANDOM.INITIALIZE	arch/Home/ORACLE to ALTIBASE Conversion Guide__22643038.md	987	covered	No English change required.	| DBMS_RANDOM.INITIALIZE | DBMS_RANDOM.INITIALIZE | Procedure to initialize the package; deprecated in Oracle |	none	S017 direct table-row alignment.
S017	DOCK/Home/40. Oracle to Altibase 변환가이드__7341605.md	995	995	S017-D040-U618	table_row	| DBMS_RANDOM.RANDOM | DBMS_RANDOM.RANDOM | 난수 생성<br>Oracle은 deprecated |	DBMS_RANDOM.RANDOM	arch/Home/ORACLE to ALTIBASE Conversion Guide__22643038.md	988	covered	No English change required.	| DBMS_RANDOM.RANDOM | DBMS_RANDOM.RANDOM | Generates a random number; deprecated in Oracle |	none	S017 direct table-row alignment.
S017	DOCK/Home/40. Oracle to Altibase 변환가이드__7341605.md	996	996	S017-D040-U619	table_row	| DBMS_RANDOM.TERMINATE | 미 지원 | 패키지를 종료하는 프로시저<br>Oracle은 deprecated |	DBMS_RANDOM.TERMINATE	arch/Home/ORACLE to ALTIBASE Conversion Guide__22643038.md	989	covered	No English change required.	| DBMS_RANDOM.TERMINATE | Not supported | Procedure to terminate the package; deprecated in Oracle |	none	S017 direct table-row alignment.
S017	DOCK/Home/40. Oracle to Altibase 변환가이드__7341605.md	998	998	S017-D040-U620	heading	### WHERE CURRENT OF 구문	WHERE; CURRENT	arch/Home/ORACLE to ALTIBASE Conversion Guide__22643038.md	975	covered	No English change required.	### DBMS_RANDOM conversion	none	S017 direct inspection.
S017	DOCK/Home/40. Oracle to Altibase 변환가이드__7341605.md	1002	1002	S017-D040-U621	paragraph	Oracle의 CURSOR를 이용한 WHERE CURRENT OF 구문은 Altibase에서 다음과 같이 변환이 필요하다.	WHERE; CURRENT	arch/Home/ORACLE to ALTIBASE Conversion Guide__22643038.md	991	covered	No English change required.	### WHERE CURRENT OF clause	none	S017 direct inspection.
S017	DOCK/Home/40. Oracle to Altibase 변환가이드__7341605.md	1004	1004	S017-D040-U622	table_row	| Oracle | Altibase |	Oracle; Altibase	arch/Home/ORACLE to ALTIBASE Conversion Guide__22643038.md	997	covered	No English change required.	| Oracle | Altibase |	none	S017 direct table-row alignment.
S017	DOCK/Home/40. Oracle to Altibase 변환가이드__7341605.md	1006	1006	S017-D040-U623	table_row	| ```<br>CREATE OR REPLACE PROCEDURE proc1<br>IS<br>CURSOR emp_list IS<br>SELECT empno FROM employee<br>WHERE empno = 1 FOR UPDATE;<br>BEGIN FOR emplst IN emp_list LOOP<br>UPDATE employee SET empjob = 'SALESMAN'<br>WH...	CREATE; REPLACE; PROCEDURE; CURSOR; SELECT; FROM; WHERE; FOR	arch/Home/ORACLE to ALTIBASE Conversion Guide__22643038.md	999	covered	No English change required.	| ```<br>CREATE OR REPLACE PROCEDURE proc1<br>IS<br>CURSOR emp_list IS<br>SELECT empno FROM employee<br>WHERE empno = 1 FOR UPDATE;<br>BEGIN FOR emplst IN emp_list LOOP<br>UPDATE employee SET empjob = 'SALESMAN'<br>WH...	none	S017 direct table-row alignment.
S017	DOCK/Home/40. Oracle to Altibase 변환가이드__7341605.md	1008	1008	S017-D040-U624	heading	### EXCEPTION	EXCEPTION	arch/Home/ORACLE to ALTIBASE Conversion Guide__22643038.md	991	covered	No English change required.	### WHERE CURRENT OF clause	none	S017 direct inspection.
S017	DOCK/Home/40. Oracle to Altibase 변환가이드__7341605.md	1012	1012	S017-D040-U625	paragraph	Oracle과 Altibase는 Stored PROCEDURE/FUNCTION에서 발생하는 EXCEPTION들을 미리 시스템에서 정의해 놓았다.	PROCEDURE/	arch/Home/ORACLE to ALTIBASE Conversion Guide__22643038.md	900	covered	No English change required.	### PARAMETER TYPES and RETURN TYPES of PROCEDURE/FUNCTION	none	S017 direct inspection.
S017	DOCK/Home/40. Oracle to Altibase 변환가이드__7341605.md	1014	1014	S017-D040-U626	table_row	| Oracle | Altibase | | | |	Oracle; Altibase	arch/Home/ORACLE to ALTIBASE Conversion Guide__22643038.md	1007	covered	No English change required.	| Oracle | Altibase | | | |	none	S017 direct table-row alignment.
S017	DOCK/Home/40. Oracle to Altibase 변환가이드__7341605.md	1016	1016	S017-D040-U627	table_row	| **SQLERRM** | **SQLCODE** | **SQLERRM** | **SQLCODE(integer)** | **SQLCODE(hexadecimal)** |	SQLERRM; SQLCODE	arch/Home/ORACLE to ALTIBASE Conversion Guide__22643038.md	1009	covered	No English change required.	| **SQLERRM** | **SQLCODE** | **SQLERRM** | **SQLCODE(integer)** | **SQLCODE(hexadecimal)** |	none	S017 direct table-row alignment.
S017	DOCK/Home/40. Oracle to Altibase 변환가이드__7341605.md	1017	1017	S017-D040-U628	table_row	| ACCESS_INTO_NULL | -6530 | | 미 지원 | |	ACCESS_INTO_NULL; 6530	arch/Home/ORACLE to ALTIBASE Conversion Guide__22643038.md	1010	covered	No English change required.	| ACCESS_INTO_NULL | -6530 | | Not Supported | |	none	S017 direct table-row alignment.
S017	DOCK/Home/40. Oracle to Altibase 변환가이드__7341605.md	1018	1018	S017-D040-U629	table_row	| CASE_NOT_FOUND | -6592 | | 미 지원 | |	CASE_NOT_FOUND; 6592	arch/Home/ORACLE to ALTIBASE Conversion Guide__22643038.md	1011	covered	No English change required.	| CASE_NOT_FOUND | -6592 | | Not Supported | |	none	S017 direct table-row alignment.
S017	DOCK/Home/40. Oracle to Altibase 변환가이드__7341605.md	1019	1019	S017-D040-U630	table_row	| COLLECTION_IS_NULL | -6531 | | 미 지원 | |	COLLECTION_IS_NULL; 6531	arch/Home/ORACLE to ALTIBASE Conversion Guide__22643038.md	1012	covered	No English change required.	| COLLECTION_IS_NULL | -6531 | | Not Supported | |	none	S017 direct table-row alignment.
S017	DOCK/Home/40. Oracle to Altibase 변환가이드__7341605.md	1020	1020	S017-D040-U631	table_row	| CURSOR_ALREADY_OPEN | -6511 | CURSOR_ALREADY_OPEN | 201062 | 31166 |	CURSOR_ALREADY_OPEN; 6511; 201062; 31166	arch/Home/ORACLE to ALTIBASE Conversion Guide__22643038.md	1013	covered	No English change required.	| CURSOR_ALREADY_OPEN | -6511 | CURSOR_ALREADY_OPEN | 201062 | 31166 |	none	S017 direct table-row alignment.
S017	DOCK/Home/40. Oracle to Altibase 변환가이드__7341605.md	1021	1021	S017-D040-U632	table_row	| DUP_VAL_ON_INDEX | -1 | DUP_VAL_ON_INDEX | 201063 | 31167 |	DUP_VAL_ON_INDEX; 1; 201063; 31167	arch/Home/ORACLE to ALTIBASE Conversion Guide__22643038.md	1014	covered	No English change required.	| DUP_VAL_ON_INDEX | -1 | DUP_VAL_ON_INDEX | 201063 | 31167 |	none	S017 direct table-row alignment.
S017	DOCK/Home/40. Oracle to Altibase 변환가이드__7341605.md	1022	1022	S017-D040-U633	table_row	| INVALID_CURSOR | -1001 | INVALID_CURSOR | 201064 | 31168 |	INVALID_CURSOR; 1001; 201064; 31168	arch/Home/ORACLE to ALTIBASE Conversion Guide__22643038.md	1015	covered	No English change required.	| INVALID_CURSOR | -1001 | INVALID_CURSOR | 201064 | 31168 |	none	S017 direct table-row alignment.
S017	DOCK/Home/40. Oracle to Altibase 변환가이드__7341605.md	1023	1023	S017-D040-U634	table_row	| INVALID_NUMBER | -1722 | INVALID_NUMBER | 201065 | 31169 |	INVALID_NUMBER; 1722; 201065; 31169	arch/Home/ORACLE to ALTIBASE Conversion Guide__22643038.md	1016	covered	No English change required.	| INVALID_NUMBER | -1722 | INVALID_NUMBER | 201065 | 31169 |	none	S017 direct table-row alignment.
S017	DOCK/Home/40. Oracle to Altibase 변환가이드__7341605.md	1024	1024	S017-D040-U635	table_row	| LOGIN_DENIED | -1017 | | 미 지원 | |	LOGIN_DENIED; 1017	arch/Home/ORACLE to ALTIBASE Conversion Guide__22643038.md	1017	covered	No English change required.	| LOGIN_DENIED | -1017 | | Not Supported | |	none	S017 direct table-row alignment.
S017	DOCK/Home/40. Oracle to Altibase 변환가이드__7341605.md	1025	1025	S017-D040-U636	table_row	| NO_DATA_FOUND | +100 | NO_DATA_FOUND | 201066 | 3116A |	NO_DATA_FOUND; 100; 201066	arch/Home/ORACLE to ALTIBASE Conversion Guide__22643038.md	1018	covered	No English change required.	| NO_DATA_FOUND | +100 | NO_DATA_FOUND | 201066 | 3116A |	none	S017 direct table-row alignment.
S017	DOCK/Home/40. Oracle to Altibase 변환가이드__7341605.md	1026	1026	S017-D040-U637	table_row	| NO_DATA_NEEDED | -6548 | | 미 지원 | |	NO_DATA_NEEDED; 6548	arch/Home/ORACLE to ALTIBASE Conversion Guide__22643038.md	1019	covered	No English change required.	| NO_DATA_NEEDED | -6548 | | Not Supported | |	none	S017 direct table-row alignment.
S017	DOCK/Home/40. Oracle to Altibase 변환가이드__7341605.md	1027	1027	S017-D040-U638	table_row	| NOT_LOGGED_ON | -1012 | | 미 지원 | |	NOT_LOGGED_ON; 1012	arch/Home/ORACLE to ALTIBASE Conversion Guide__22643038.md	1020	covered	No English change required.	| NOT_LOGGED_ON | -1012 | | Not Supported | |	none	S017 direct table-row alignment.
S017	DOCK/Home/40. Oracle to Altibase 변환가이드__7341605.md	1028	1028	S017-D040-U639	table_row	| PROGRAM_ERROR | -6501 | PROGRAM_ERROR | 201067 | 3116B |	PROGRAM_ERROR; 6501; 201067	arch/Home/ORACLE to ALTIBASE Conversion Guide__22643038.md	1021	covered	No English change required.	| PROGRAM_ERROR | -6501 | PROGRAM_ERROR | 201067 | 3116B |	none	S017 direct table-row alignment.
S017	DOCK/Home/40. Oracle to Altibase 변환가이드__7341605.md	1029	1029	S017-D040-U640	table_row	| ROWTYPE_MISMATCH | -6504 | | 미 지원 | |	ROWTYPE_MISMATCH; 6504	arch/Home/ORACLE to ALTIBASE Conversion Guide__22643038.md	1022	covered	No English change required.	| ROWTYPE_MISMATCH | -6504 | | Not Supported | |	none	S017 direct table-row alignment.
S017	DOCK/Home/40. Oracle to Altibase 변환가이드__7341605.md	1030	1030	S017-D040-U641	table_row	| SELF_IS_NULL | -30625 | | 미 지원 | |	SELF_IS_NULL; 30625	arch/Home/ORACLE to ALTIBASE Conversion Guide__22643038.md	1023	covered	No English change required.	| SELF_IS_NULL | -30625 | | Not Supported | |	none	S017 direct table-row alignment.
S017	DOCK/Home/40. Oracle to Altibase 변환가이드__7341605.md	1031	1031	S017-D040-U642	table_row	| STROAGE_ERROR | -6500 | STORAGE_ERROR | 201068 | 3116C |	STROAGE_ERROR; STORAGE_ERROR; 6500; 201068	arch/Home/ORACLE to ALTIBASE Conversion Guide__22643038.md	1024	covered	No English change required.	| STROAGE_ERROR | -6500 | STORAGE_ERROR | 201068 | 3116C |	none	S017 direct table-row alignment.
S017	DOCK/Home/40. Oracle to Altibase 변환가이드__7341605.md	1032	1032	S017-D040-U643	table_row	| SUBSCRIPT_BEYOND_COUNT | -6533 | | 미 지원 | |	SUBSCRIPT_BEYOND_COUNT; 6533	arch/Home/ORACLE to ALTIBASE Conversion Guide__22643038.md	1025	covered	No English change required.	| SUBSCRIPT_BEYOND_COUNT | -6533 | | Not Supported | |	none	S017 direct table-row alignment.
S017	DOCK/Home/40. Oracle to Altibase 변환가이드__7341605.md	1033	1033	S017-D040-U644	table_row	| SUBSCRIPT_OUTSIDE_LIMIT | -6532 | | 미 지원 | |	SUBSCRIPT_OUTSIDE_LIMIT; 6532	arch/Home/ORACLE to ALTIBASE Conversion Guide__22643038.md	1026	covered	No English change required.	| SUBSCRIPT_OUTSIDE_LIMIT | -6532 | | Not Supported | |	none	S017 direct table-row alignment.
S017	DOCK/Home/40. Oracle to Altibase 변환가이드__7341605.md	1034	1034	S017-D040-U645	table_row	| SYS_INVALID_ROWID | -1410 | | 미 지원 | |	SYS_INVALID_ROWID; 1410	arch/Home/ORACLE to ALTIBASE Conversion Guide__22643038.md	1027	covered	No English change required.	| SYS_INVALID_ROWID | -1410 | | Not Supported | |	none	S017 direct table-row alignment.
S017	DOCK/Home/40. Oracle to Altibase 변환가이드__7341605.md	1035	1035	S017-D040-U646	table_row	| TIMEOUT_ON_RESOURCE | -51 | TIMEOUT_ON_RESOURCE | 201069 | 3116D |	TIMEOUT_ON_RESOURCE; 51; 201069	arch/Home/ORACLE to ALTIBASE Conversion Guide__22643038.md	1028	covered	No English change required.	| TIMEOUT_ON_RESOURCE | -51 | TIMEOUT_ON_RESOURCE | 201069 | 3116D |	none	S017 direct table-row alignment.
S017	DOCK/Home/40. Oracle to Altibase 변환가이드__7341605.md	1036	1036	S017-D040-U647	table_row	| TOO_MANY_ROWS | -1422 | TOO_MANY_ROWS | 201070 | 3116E |	TOO_MANY_ROWS; 1422; 201070	arch/Home/ORACLE to ALTIBASE Conversion Guide__22643038.md	1029	covered	No English change required.	| TOO_MANY_ROWS | -1422 | TOO_MANY_ROWS | 201070 | 3116E |	none	S017 direct table-row alignment.
S017	DOCK/Home/40. Oracle to Altibase 변환가이드__7341605.md	1037	1037	S017-D040-U648	table_row	| VALUE_ERROR | -6502 | VALUE_ERROR | 201071 | 3116F |	VALUE_ERROR; 6502; 201071	arch/Home/ORACLE to ALTIBASE Conversion Guide__22643038.md	1030	covered	No English change required.	| VALUE_ERROR | -6502 | VALUE_ERROR | 201071 | 3116F |	none	S017 direct table-row alignment.
S017	DOCK/Home/40. Oracle to Altibase 변환가이드__7341605.md	1038	1038	S017-D040-U649	table_row	| ZERO_DIVIDE | -1476 | ZERO_DIVIDE | 201072 | 31170 |	ZERO_DIVIDE; 1476; 201072; 31170	arch/Home/ORACLE to ALTIBASE Conversion Guide__22643038.md	1031	covered	No English change required.	| ZERO_DIVIDE | -1476 | ZERO_DIVIDE | 201072 | 31170 |	none	S017 direct table-row alignment.
S017	DOCK/Home/40. Oracle to Altibase 변환가이드__7341605.md	1040	1040	S017-D040-U650	heading	# 데이터베이스 전환 절차	section semantics	arch/Home/ORACLE to ALTIBASE Conversion Guide__22643038.md	1001	covered	No English change required.	### EXCEPTION	none	S017 direct inspection.
S017	DOCK/Home/40. Oracle to Altibase 변환가이드__7341605.md	1044	1044	S017-D040-U651	paragraph	Oracle에서 Altibase로 데이터베이스 전환을 위해, 객체 변환 및 데이터 마이그레이션을 자동으로 수행해주는 MigrationCenter 도구를 사용할 수 있다. 전환 작업이 진행되기 이전에 맵핑 작업을 위하여 이전 Database에서 사용하는 환경에 맞게 user와 Tablespace 생성이 필요하다. Oracle에 종속적인 기능이나 비표준 및 Altibase에서 지원하지 않는...	MigrationCenter	arch/Home/ORACLE to ALTIBASE Conversion Guide__22643038.md	1037	covered	No English change required.	To migrate a database from Oracle to Altibase, you can use the MigrationCenter tool, which automatically performs object conversion and data migration. Before starting the migration, users and tablespaces need to be c...	none	S017 direct inspection.
S017	DOCK/Home/40. Oracle to Altibase 변환가이드__7341605.md	1046	1046	S017-D040-U652	image_reference	![trans1.png](https://docs.altibase.com/download/attachments/embedded-page/TD/40.%20Oracle%20to%20Altibase%20%EB%B3%80%ED%99%98%20%EA%B0%80%EC%9D%B4%EB%93%9C/trans1.png?api=v2)	https://docs.altibase.com/download/attachments/embedded-page/TD/40.%20Oracle%20to%20Altibase%20%EB%B3%80%ED%99%98%20%EA%B0%80%EC%9D%B4%EB%93%9C/trans1.png?api=v2; TD/40; 40; 20; 80; 99; 98; 93	arch/Home/ORACLE to ALTIBASE Conversion Guide__22643038.md	1001	covered	No English change required.	### EXCEPTION	none	S017 direct inspection.
S017	DOCK/Home/40. Oracle to Altibase 변환가이드__7341605.md	1048	1048	S017-D040-U653	heading	## Data 이관 및 Application 변환 작업 절차	section semantics	arch/Home/ORACLE to ALTIBASE Conversion Guide__22643038.md	1033	covered	No English change required.	# Database Migration Procedure	none	S017 direct inspection.
S017	DOCK/Home/40. Oracle to Altibase 변환가이드__7341605.md	1052	1052	S017-D040-U654	image_reference	![trans2.png](https://docs.altibase.com/download/attachments/embedded-page/TD/40.%20Oracle%20to%20Altibase%20%EB%B3%80%ED%99%98%20%EA%B0%80%EC%9D%B4%EB%93%9C/trans2.png?api=v2)	https://docs.altibase.com/download/attachments/embedded-page/TD/40.%20Oracle%20to%20Altibase%20%EB%B3%80%ED%99%98%20%EA%B0%80%EC%9D%B4%EB%93%9C/trans2.png?api=v2; TD/40; 40; 20; 80; 99; 98; 93	arch/Home/ORACLE to ALTIBASE Conversion Guide__22643038.md	1033	covered	No English change required.	# Database Migration Procedure	none	S017 direct inspection.
S017	DOCK/Home/40. Oracle to Altibase 변환가이드__7341605.md	1054	1054	S017-D040-U655	heading	## Data 정합성 확인	section semantics	arch/Home/ORACLE to ALTIBASE Conversion Guide__22643038.md	1041	covered	No English change required.	## Data Migration and Application Conversion Procedure	none	S017 direct inspection.
S017	DOCK/Home/40. Oracle to Altibase 변환가이드__7341605.md	1058	1058	S017-D040-U656	table_row	| APPLICATION 검증 | **검증** **방안** **도출** - 고객과의 사전 협의를 통하여 검증 방안 도출 예) 온라인 화면 Capture 또는 장표 비교, 배치 Report 비교 등 |	APPLICATION	arch/Home/ORACLE to ALTIBASE Conversion Guide__22643038.md	1051	covered	No English change required.	| Application Verification | Deriving Verification Plan<br>- Derive the verification plan through prior consultation with the client. Example: online screen capture or report comparison, batch report comparison, etc. |	none	S017 direct table-row alignment.
S017	DOCK/Home/40. Oracle to Altibase 변환가이드__7341605.md	1060	1060	S017-D040-U657	table_row	| DATA검증 | **Migration Center Report** - Migration 결과 레포트를 통한 원본 Database와 Altibase의 테이블 데이터 총 건수 비교 **검증** **방안** **도출** - 고객과의 사전 협의를 통하여 검증 방안 도출 예) 데이터 총 건수 확인, 특정 칼럼 데이터 합산 값 비교, 특정 쿼리 수행 결과 비교 등 |	Migration Center	arch/Home/ORACLE to ALTIBASE Conversion Guide__22643038.md	1053	covered	No English change required.	| Data Verification | Migration Center Report<br>- Compare the total number of table records between the source database and Altibase using the migration result report.<br>Deriving Verification Plan<br>- Derive the ve...	none	S017 direct table-row alignment.
S017	DOCK/Home/40. Oracle to Altibase 변환가이드__7341605.md	1062	1062	S017-D040-U658	heading	## Database 전환 시 장애 대처 방안	section semantics	arch/Home/ORACLE to ALTIBASE Conversion Guide__22643038.md	1047	covered	No English change required.	## Data Integrity Verification	none	S017 direct inspection.
S017	DOCK/Home/40. Oracle to Altibase 변환가이드__7341605.md	1066	1066	S017-D040-U659	image_reference	![trans3.png](https://docs.altibase.com/download/attachments/embedded-page/TD/40.%20Oracle%20to%20Altibase%20%EB%B3%80%ED%99%98%20%EA%B0%80%EC%9D%B4%EB%93%9C/trans3.png?api=v2)	https://docs.altibase.com/download/attachments/embedded-page/TD/40.%20Oracle%20to%20Altibase%20%EB%B3%80%ED%99%98%20%EA%B0%80%EC%9D%B4%EB%93%9C/trans3.png?api=v2; TD/40; 40; 20; 80; 99; 98; 93	arch/Home/ORACLE to ALTIBASE Conversion Guide__22643038.md	1047	covered	No English change required.	## Data Integrity Verification	none	S017 direct inspection.
S017	DOCK/Home/40. Oracle to Altibase 변환가이드__7341605.md	1068	1068	S017-D040-U660	heading	## Database 전환 도구	section semantics	arch/Home/ORACLE to ALTIBASE Conversion Guide__22643038.md	1055	covered	No English change required.	## Contingency Plan for Database Migration Failures	none	S017 direct inspection.
S017	DOCK/Home/40. Oracle to Altibase 변환가이드__7341605.md	1072	1072	S017-D040-U661	paragraph	Oracle에서 Altibase로 전환 시, 자동 전환 도구인 MigratinCenter를 이용하여 전환한다.	section semantics	arch/Home/ORACLE to ALTIBASE Conversion Guide__22643038.md	1055	covered	No English change required.	## Contingency Plan for Database Migration Failures	none	S017 direct inspection.
S017	DOCK/Home/40. Oracle to Altibase 변환가이드__7341605.md	1074	1074	S017-D040-U662	heading	### 1) MigrationCenter 이점	MigrationCenter; 1	arch/Home/ORACLE to ALTIBASE Conversion Guide__22643038.md	1061	covered	No English change required.	## Database Migration Tool	none	S017 direct inspection.
S017	DOCK/Home/40. Oracle to Altibase 변환가이드__7341605.md	1078	1078	S017-D040-U663	paragraph	 GUI 기반의 툴로 손쉽게 사용이 가능  CLI 모드 지원으로 이관 작업의 손쉬운 실행과 높은 성능  스키마와 함께 데이터도 모두 한 번의 조작으로 이관 수행  서로 다른 데이터 형식에 대한 매핑 작업을 통해 이관 작업 수행  유연한 데이터 이관을 지원하기 위하여 사용자 정의 형식 지원  전환 결과에 대한 단계 별 요약 보고서 제공	GUI; CLI	arch/Home/ORACLE to ALTIBASE Conversion Guide__22643038.md	1071	covered	No English change required.	- Easy to use with a GUI-based interface	none	S017 direct inspection.
S017	DOCK/Home/40. Oracle to Altibase 변환가이드__7341605.md	1080	1080	S017-D040-U664	heading	### 2) 사용법	2	arch/Home/ORACLE to ALTIBASE Conversion Guide__22643038.md	1067	covered	No English change required.	### 1) Advantages of MigrationCenter	none	S017 direct inspection.
S017	DOCK/Home/40. Oracle to Altibase 변환가이드__7341605.md	1084	1084	S017-D040-U665	heading	#### (1) Add Database Connection	1	arch/Home/ORACLE to ALTIBASE Conversion Guide__22643038.md	1078	covered	No English change required.	### 2) How to Use	none	S017 direct inspection.
S017	DOCK/Home/40. Oracle to Altibase 변환가이드__7341605.md	1088	1088	S017-D040-U666	paragraph	Source/Target Database의 정보를 입력.  Connection Name : 임의 지정 가능  IP : Database Server IP  Port : Database Server Port  User : 연결 사용자 계정  Password : 연결 사용자 비밀번호  SID : 서비스 명  IP Version : IPv4/IPv6	SID	arch/Home/ORACLE to ALTIBASE Conversion Guide__22643038.md	1093	covered	No English change required.	- SID: Service name	none	S017 direct inspection.
S017	DOCK/Home/40. Oracle to Altibase 변환가이드__7341605.md	1090	1090	S017-D040-U667	image_reference	![image2025-9-26%2014:30:20.png](https://docs.altibase.com/download/attachments/embedded-page/TD/40.%20Oracle%20to%20Altibase%20%EB%B3%80%ED%99%98%20%EA%B0%80%EC%9D%B4%EB%93%9C/image2025-9-26%2014:30:20.png?api=v2)	https://docs.altibase.com/download/attachments/embedded-page/TD/40.%20Oracle%20to%20Altibase%20%EB%B3%80%ED%99%98%20%EA%B0%80%EC%9D%B4%EB%93%9C/image2025-9-26%2014:30:20.png?api=v2; TD/40; 9; 26; 2014; 30; 20; 40	arch/Home/ORACLE to ALTIBASE Conversion Guide__22643038.md	1096	covered	No English change required.	![image2025-9-26%2014:30:20.png](https://docs.altibase.com/download/attachments/embedded-page/arch/ORACLE%20to%20ALTIBASE%20Conversion%20Guide/image2025-9-26%2014:30:20.png?api=v2)	none	S017 direct inspection.
S017	DOCK/Home/40. Oracle to Altibase 변환가이드__7341605.md	1092	1092	S017-D040-U668	paragraph	데이터베이스 접속을 위해 JDBC 드라이버를 사용하므로, 원본 데이터베이스와 대상 데이터베이스에 알맞은 JDBC 드라이버를 준비하는 것이 중요하다.	JDBC	arch/Home/ORACLE to ALTIBASE Conversion Guide__22643038.md	1098	covered	No English change required.	Since JDBC drivers are used to connect to the databases, it is important to prepare the appropriate JDBC drivers for both the source and target databases.	none	S017 direct inspection.
S017	DOCK/Home/40. Oracle to Altibase 변환가이드__7341605.md	1094	1094	S017-D040-U669	paragraph	사용자 편의를 위해 지원되는 데이터베이스에 적합한 몇 가지 JDBC 드라이버를 MigrationCenter와 함께 제공한다.	JDBC	arch/Home/ORACLE to ALTIBASE Conversion Guide__22643038.md	1098	covered	No English change required.	Since JDBC drivers are used to connect to the databases, it is important to prepare the appropriate JDBC drivers for both the source and target databases.	none	S017 direct inspection.
S017	DOCK/Home/40. Oracle to Altibase 변환가이드__7341605.md	1096	1096	S017-D040-U670	heading	#### (2) Create Project	2	arch/Home/ORACLE to ALTIBASE Conversion Guide__22643038.md	1082	covered	No English change required.	#### (1) Add Database Connection	none	S017 direct inspection.
S017	DOCK/Home/40. Oracle to Altibase 변환가이드__7341605.md	1100	1100	S017-D040-U671	paragraph	데이터 이관에 대한 프로젝트를 생성.  Project Name : 임의 지정 가능  Project Path : 자동 생성  Source Database : Oracle  Destination Database : Altibase	Oracle; Altibase	arch/Home/ORACLE to ALTIBASE Conversion Guide__22643038.md	1110	covered	No English change required.	- Source Database: Oracle	none	S017 direct inspection.
S017	DOCK/Home/40. Oracle to Altibase 변환가이드__7341605.md	1102	1102	S017-D040-U672	image_reference	![image2025-9-26%2014:36:18.png](https://docs.altibase.com/download/attachments/embedded-page/TD/40.%20Oracle%20to%20Altibase%20%EB%B3%80%ED%99%98%20%EA%B0%80%EC%9D%B4%EB%93%9C/image2025-9-26%2014:36:18.png?api=v2)	https://docs.altibase.com/download/attachments/embedded-page/TD/40.%20Oracle%20to%20Altibase%20%EB%B3%80%ED%99%98%20%EA%B0%80%EC%9D%B4%EB%93%9C/image2025-9-26%2014:36:18.png?api=v2; TD/40; 9; 26; 2014; 36; 18; 40	arch/Home/ORACLE to ALTIBASE Conversion Guide__22643038.md	1096	covered	No English change required.	![image2025-9-26%2014:30:20.png](https://docs.altibase.com/download/attachments/embedded-page/arch/ORACLE%20to%20ALTIBASE%20Conversion%20Guide/image2025-9-26%2014:30:20.png?api=v2)	none	S017 direct inspection.
S017	DOCK/Home/40. Oracle to Altibase 변환가이드__7341605.md	1104	1104	S017-D040-U673	heading	#### (3) Connect	3	arch/Home/ORACLE to ALTIBASE Conversion Guide__22643038.md	1102	covered	No English change required.	#### (2) Create Project	none	S017 direct inspection.
S017	DOCK/Home/40. Oracle to Altibase 변환가이드__7341605.md	1108	1108	S017-D040-U674	paragraph	원본 및 대상 데이터베이스로 연결.	section semantics	arch/Home/ORACLE to ALTIBASE Conversion Guide__22643038.md	1102	covered	No English change required.	#### (2) Create Project	none	S017 direct inspection.
S017	DOCK/Home/40. Oracle to Altibase 변환가이드__7341605.md	1110	1110	S017-D040-U675	image_reference	![image2025-9-26%2014:39:53.png](https://docs.altibase.com/download/attachments/embedded-page/TD/40.%20Oracle%20to%20Altibase%20%EB%B3%80%ED%99%98%20%EA%B0%80%EC%9D%B4%EB%93%9C/image2025-9-26%2014:39:53.png?api=v2)	https://docs.altibase.com/download/attachments/embedded-page/TD/40.%20Oracle%20to%20Altibase%20%EB%B3%80%ED%99%98%20%EA%B0%80%EC%9D%B4%EB%93%9C/image2025-9-26%2014:39:53.png?api=v2; TD/40; 9; 26; 2014; 39; 53; 40	arch/Home/ORACLE to ALTIBASE Conversion Guide__22643038.md	1113	covered	No English change required.	![image2025-9-26%2014:36:18.png](https://docs.altibase.com/download/attachments/embedded-page/arch/ORACLE%20to%20ALTIBASE%20Conversion%20Guide/image2025-9-26%2014:36:18.png?api=v2)	none	S017 direct inspection.
S017	DOCK/Home/40. Oracle to Altibase 변환가이드__7341605.md	1112	1112	S017-D040-U676	heading	#### (4) Build Project	4	arch/Home/ORACLE to ALTIBASE Conversion Guide__22643038.md	1115	covered	No English change required.	#### (3) Connect	none	S017 direct inspection.
S017	DOCK/Home/40. Oracle to Altibase 변환가이드__7341605.md	1116	1116	S017-D040-U677	paragraph	 Build User : 원본 데이터베이스에 접속한 사용자의 이관 가능한 모든 객체 정보를 수집한다.  Build Table : 원본 데이터베이스에 접속한 사용자의 테이블들로부터 이관할 테이블 목록을 직접 구성한다. 선택된 테이블과 그에 종속된 제약조건 및 인덱스의 객체 정보를 수집한다.	section semantics	arch/Home/ORACLE to ALTIBASE Conversion Guide__22643038.md	1115	covered	No English change required.	#### (3) Connect	none	S017 direct inspection.
S017	DOCK/Home/40. Oracle to Altibase 변환가이드__7341605.md	1118	1118	S017-D040-U678	paragraph	Source Database에서 테이블의 레코드 개수를 가져오는 방식(Fast/Slow)을 선택하고 진행한다.	section semantics	arch/Home/ORACLE to ALTIBASE Conversion Guide__22643038.md	1115	covered	No English change required.	#### (3) Connect	none	S017 direct inspection.
S017	DOCK/Home/40. Oracle to Altibase 변환가이드__7341605.md	1120	1120	S017-D040-U679	image_reference	![image2025-9-26%2014:51:58.png](https://docs.altibase.com/download/attachments/embedded-page/TD/40.%20Oracle%20to%20Altibase%20%EB%B3%80%ED%99%98%20%EA%B0%80%EC%9D%B4%EB%93%9C/image2025-9-26%2014:51:58.png?api=v2)	https://docs.altibase.com/download/attachments/embedded-page/TD/40.%20Oracle%20to%20Altibase%20%EB%B3%80%ED%99%98%20%EA%B0%80%EC%9D%B4%EB%93%9C/image2025-9-26%2014:51:58.png?api=v2; TD/40; 9; 26; 2014; 51; 58; 40	arch/Home/ORACLE to ALTIBASE Conversion Guide__22643038.md	1121	covered	No English change required.	![image2025-9-26%2014:39:53.png](https://docs.altibase.com/download/attachments/embedded-page/arch/ORACLE%20to%20ALTIBASE%20Conversion%20Guide/image2025-9-26%2014:39:53.png?api=v2)	none	S017 direct inspection.
S017	DOCK/Home/40. Oracle to Altibase 변환가이드__7341605.md	1122	1122	S017-D040-U680	heading	#### (5) Reconcile Project	5	arch/Home/ORACLE to ALTIBASE Conversion Guide__22643038.md	1123	covered	No English change required.	#### (4) Build Project	none	S017 direct inspection.
S017	DOCK/Home/40. Oracle to Altibase 변환가이드__7341605.md	1126	1126	S017-D040-U681	paragraph	마이그레이션 수행 방법을 정의하는 단계로, 마이그레이션 과정에서 가장 중요한 단계이다.	section semantics	arch/Home/ORACLE to ALTIBASE Conversion Guide__22643038.md	1123	covered	No English change required.	#### (4) Build Project	none	S017 direct inspection.
S017	DOCK/Home/40. Oracle to Altibase 변환가이드__7341605.md	1128	1128	S017-D040-U682	image_reference	![image2025-9-26%2014:55:52.png](https://docs.altibase.com/download/attachments/embedded-page/TD/40.%20Oracle%20to%20Altibase%20%EB%B3%80%ED%99%98%20%EA%B0%80%EC%9D%B4%EB%93%9C/image2025-9-26%2014:55:52.png?api=v2)	https://docs.altibase.com/download/attachments/embedded-page/TD/40.%20Oracle%20to%20Altibase%20%EB%B3%80%ED%99%98%20%EA%B0%80%EC%9D%B4%EB%93%9C/image2025-9-26%2014:55:52.png?api=v2; TD/40; 9; 26; 2014; 55; 52; 40	arch/Home/ORACLE to ALTIBASE Conversion Guide__22643038.md	1132	covered	No English change required.	![image2025-9-26%2014:51:58.png](https://docs.altibase.com/download/attachments/embedded-page/arch/ORACLE%20to%20ALTIBASE%20Conversion%20Guide/image2025-9-26%2014:51:58.png?api=v2)	none	S017 direct inspection.
S017	DOCK/Home/40. Oracle to Altibase 변환가이드__7341605.md	1130	1130	S017-D040-U683	paragraph	 Data Type Mapping : Oracle과 Altibase의 데이터 타입 매핑  PSM Data Type Mapping : Oracle PL/SQL과 Altibase PSM 의 데이터 타입 매핑  Tablespace to Tablespace Mapping : Oracle과 Altibase의 테이블스페이스 매핑  Table to Tablespace Mapping : Alt...	PSM; PL/; DDL; Oracle; Altibase	arch/Home/ORACLE to ALTIBASE Conversion Guide__22643038.md	1143	covered	No English change required.	- PSM Data Type Mapping: Mapping data types between Oracle PL/SQL and Altibase PSM	none	S017 direct inspection.
S017	DOCK/Home/40. Oracle to Altibase 변환가이드__7341605.md	1132	1132	S017-D040-U684	image_reference	![image2025-9-26%2014:56:24.png](https://docs.altibase.com/download/attachments/embedded-page/TD/40.%20Oracle%20to%20Altibase%20%EB%B3%80%ED%99%98%20%EA%B0%80%EC%9D%B4%EB%93%9C/image2025-9-26%2014:56:24.png?api=v2)	https://docs.altibase.com/download/attachments/embedded-page/TD/40.%20Oracle%20to%20Altibase%20%EB%B3%80%ED%99%98%20%EA%B0%80%EC%9D%B4%EB%93%9C/image2025-9-26%2014:56:24.png?api=v2; TD/40; 9; 26; 2014; 56; 24; 40	arch/Home/ORACLE to ALTIBASE Conversion Guide__22643038.md	1132	covered	No English change required.	![image2025-9-26%2014:51:58.png](https://docs.altibase.com/download/attachments/embedded-page/arch/ORACLE%20to%20ALTIBASE%20Conversion%20Guide/image2025-9-26%2014:51:58.png?api=v2)	none	S017 direct inspection.
S017	DOCK/Home/40. Oracle to Altibase 변환가이드__7341605.md	1134	1134	S017-D040-U685	heading	#### (6) Run Project	6	arch/Home/ORACLE to ALTIBASE Conversion Guide__22643038.md	1134	covered	No English change required.	#### (5) Reconcile Project	none	S017 direct inspection.
S017	DOCK/Home/40. Oracle to Altibase 변환가이드__7341605.md	1138	1138	S017-D040-U686	paragraph	데이터 마이그레이션을 수행.	section semantics	arch/Home/ORACLE to ALTIBASE Conversion Guide__22643038.md	1134	covered	No English change required.	#### (5) Reconcile Project	none	S017 direct inspection.
S017	DOCK/Home/40. Oracle to Altibase 변환가이드__7341605.md	1140	1140	S017-D040-U687	image_reference	![image2025-9-26%2014:59:51.png](https://docs.altibase.com/download/attachments/embedded-page/TD/40.%20Oracle%20to%20Altibase%20%EB%B3%80%ED%99%98%20%EA%B0%80%EC%9D%B4%EB%93%9C/image2025-9-26%2014:59:51.png?api=v2)	https://docs.altibase.com/download/attachments/embedded-page/TD/40.%20Oracle%20to%20Altibase%20%EB%B3%80%ED%99%98%20%EA%B0%80%EC%9D%B4%EB%93%9C/image2025-9-26%2014:59:51.png?api=v2; TD/40; 9; 26; 2014; 59; 51; 40	arch/Home/ORACLE to ALTIBASE Conversion Guide__22643038.md	1140	covered	No English change required.	![image2025-9-26%2014:55:52.png](https://docs.altibase.com/download/attachments/embedded-page/arch/ORACLE%20to%20ALTIBASE%20Conversion%20Guide/image2025-9-26%2014:55:52.png?api=v2)	none	S017 direct inspection.
S017	DOCK/Home/40. Oracle to Altibase 변환가이드__7341605.md	1142	1142	S017-D040-U688	heading	#### (7) PL/SQL Converter Tool	PL/SQL; 7	arch/Home/ORACLE to ALTIBASE Conversion Guide__22643038.md	1151	covered	No English change required.	#### (6) Run Project	none	S017 direct inspection.
S017	DOCK/Home/40. Oracle to Altibase 변환가이드__7341605.md	1146	1146	S017-D040-U689	paragraph	파일로 저장된 Oralce PL/SQL을 MigrationCenter를 이용하여 데이터 타입에 대한 sytax를 수정한다. 비즈니스 로직은 자동 변환되지 않으므로, 개발자가 수동으로 변환해야 한다.	PL/	arch/Home/ORACLE to ALTIBASE Conversion Guide__22643038.md	1159	covered	No English change required.	#### (7) PL/SQL Converter Tool	none	S017 direct inspection.
S017	DOCK/Home/40. Oracle to Altibase 변환가이드__7341605.md	1148	1148	S017-D040-U690	support	MigrationCenter는 [support.altibase.com](http://support.altibase.com/)의 다운로드 페이지를 통하여 다운로드 가능합니다.	http://support.altibase.com/	arch/Home/ORACLE to ALTIBASE Conversion Guide__22643038.md	1165	covered	No English change required.	MigrationCenter can be downloaded from the download page on [support.altibase.com](http://support.altibase.com/).	none	S017 direct inspection.
S017	DOCK/Home/40. Oracle to Altibase 변환가이드__7341605.md	1150	1150	S017-D040-U691	support	- [http://support.altibase.com/kr/product](http://support.altibase.com/kr/product)	http://support.altibase.com/kr/product	arch/Home/ORACLE to ALTIBASE Conversion Guide__22643038.md	1151	covered	No English change required.	#### (6) Run Project	none	S017 direct inspection.
S017	DOCK/Home/40. Oracle to Altibase 변환가이드__7341605.md	1152	1152	S017-D040-U692	paragraph	MigrationCenter 관련 자세한 내용은 아래 매뉴얼을 참고하시기 바랍니다.	MigrationCenter	arch/Home/ORACLE to ALTIBASE Conversion Guide__22643038.md	1163	covered	No English change required.	Use MigrationCenter to modify the syntax related to data types in Oracle PL/SQL files saved as files. Since business logic is not automatically converted, developers need to manually convert it.	none	S017 direct inspection.
S017	DOCK/Home/40. Oracle to Altibase 변환가이드__7341605.md	1154	1154	S017-D040-U693	list_item	- [Migration Center User's Manual - Altibase 7.1 문서](https://manual.altibase.com/7.1/external-tools/migration-center/copyright/)	https://manual.altibase.com/7.1/external-tools/migration-center/copyright/; Migration Center; Altibase; 7.1	arch/Home/ORACLE to ALTIBASE Conversion Guide__22643038.md	1171	covered	No English change required.	- [Migration Center User's Manual - Altibase 7.1 Documentation](https://manual.altibase.com/7.1/external-tools/migration-center/copyright/)	none	S017 direct inspection.
S017	DOCK/Home/40. Oracle to Altibase 변환가이드__7341605.md	1156	1156	S017-D040-U694	attachment_reference	구 버전 (Altibase v6 & Oracle 11g) : [ALTIBASE_Oracle_변환_가이드.pdf](legacy-placeholder)	ALTIBASE_Oracle_변환_가이드.pdf; Altibase; Oracle	arch/Home/ORACLE to ALTIBASE Conversion Guide__22643038.md	1175	source_limitation	Recorded source limitation; no English URL invented.	- `ALTIBASE_Oracle_변환_가이드.pdf` (Altibase v6 & Oracle 11g)	no downloadable URL in Korean source	Korean source uses a legacy # placeholder.
S017	DOCK/Home/40. Oracle to Altibase 변환가이드__7341605.md	1158	1158	S017-D040-U695	attachment_reference	구 버전 (Altibase v5 & Oracle 10g) : [ORACLE_to_ALTIBASE_변환_가이드_5.5.pdf](legacy-placeholder)	ORACLE_to_ALTIBASE_변환_가이드_5.5.pdf; _5.5.pdf; Altibase; Oracle; 5	arch/Home/ORACLE to ALTIBASE Conversion Guide__22643038.md	1176	source_limitation	Recorded source limitation; no English URL invented.	- `ORACLE_to_ALTIBASE_변환_가이드_5.5.pdf` (Altibase v5 & Oracle 10g)	no downloadable URL in Korean source	Korean source uses a legacy # placeholder.
S017	DOCK/Home/46. Altibase 버전 간 마이그레이션 가이드__19333688.md	1	11	S017-D046-U001	metadata	--- title: "46. Altibase 버전 간 마이그레이션 가이드" page_id: "19333688" space_key: "DOCK" space_name: "Technical Documents(한국어)" source_url: "https://docs.altibase.com/pages/viewpage.action?pageId=19333688" updated_at: "2025-10...	https://docs.altibase.com/pages/viewpage.action?pageId=19333688"; DOCK; Altibase; 46; 19333688; 2025; 10; 49	arch/Home/Altibase Data Migration Process Guide__22642994.md	13	not_applicable	Excluded from technical coverage.	English target has its own translated front matter.	none	Export metadata is not technical content.
S017	DOCK/Home/46. Altibase 버전 간 마이그레이션 가이드__19333688.md	13	13	S017-D046-U002	heading	# 46. Altibase 버전 간 마이그레이션 가이드	Altibase; 46	arch/Home/Altibase Data Migration Process Guide__22642994.md	13	covered	No English change required.	# Altibase Data Migration Process Guide	none	S017 direct inspection.
S017	DOCK/Home/46. Altibase 버전 간 마이그레이션 가이드__19333688.md	14	14	S017-D046-U003	paragraph	Source: https://docs.altibase.com/pages/viewpage.action?pageId=19333688	https://docs.altibase.com/pages/viewpage.action?pageId=19333688; 19333688	arch/Home/Altibase Data Migration Process Guide__22642994.md	13	not_applicable	Excluded from technical coverage.	English target preserves page source metadata separately.	none	Export source/update metadata is not technical content.
S017	DOCK/Home/46. Altibase 버전 간 마이그레이션 가이드__19333688.md	15	15	S017-D046-U004	paragraph	Updated: 2025-10-02T09:49:57.000+0900	2025; 10; 49; 57.000; 0900	arch/Home/Altibase Data Migration Process Guide__22642994.md	13	not_applicable	Excluded from technical coverage.	English target preserves page source metadata separately.	none	Export source/update metadata is not technical content.
S017	DOCK/Home/46. Altibase 버전 간 마이그레이션 가이드__19333688.md	17	17	S017-D046-U005	list_item	- [개요](#id-46.Altibase버전간마이그레이션가이드-개요) - [주요 개념](#id-46.Altibase버전간마이그레이션가이드-주요개념) - [마이그레이션 전체 절차](#id-46.Altibase버전간마이그레이션가이드-마이그레이션전체절차) - [단계별 상세 절차](#id-46.Altibase버전간마이그레이션가이드-단계별상세절차) - [1. 사전 점검](#id-46.Altiba...	aexport; Altibase; 46; 1; 2; 3; 4; 5	arch/Home/Altibase Data Migration Process Guide__22642994.md	13	not_applicable	Excluded from technical coverage.	English target has generated navigation for the translated headings.	none	Generated Confluence table of contents/navigation.
S017	DOCK/Home/46. Altibase 버전 간 마이그레이션 가이드__19333688.md	19	19	S017-D046-U006	heading	# **개요**	section semantics	arch/Home/Altibase Data Migration Process Guide__22642994.md	19	covered	No English change required.	# **Overview**	none	S017 direct inspection.
S017	DOCK/Home/46. Altibase 버전 간 마이그레이션 가이드__19333688.md	23	23	S017-D046-U007	paragraph	본 문서는 Altibase 환경에서 **데이터베이스 객체와 데이터**를 안전하게 이관하기 위한 표준 절차를 설명한다.	Altibase	arch/Home/Altibase Data Migration Process Guide__22642994.md	23	covered	No English change required.	This document describes the standard procedure for safely migrating database objects and data in an Altibase environment.	none	S017 direct inspection.
S017	DOCK/Home/46. Altibase 버전 간 마이그레이션 가이드__19333688.md	25	25	S017-D046-U008	paragraph	이 문서는 버전 업그레이드, 서버 이전, 논리적 백업·복구 등 **실무에서 필요한 절차**를 다루며, Altibase에서 제공하는 **aexport**와 **iloader** 도구의 활용 방법을 중심으로 구성한다.	aexport; iloader	arch/Home/Altibase Data Migration Process Guide__22642994.md	25	covered	No English change required.	It covers procedures commonly required in practice, such as version upgrades, server migration, and logical backup and recovery, focusing on the use of the Altibase tools aexport and iloader.	none	S017 direct inspection.
S017	DOCK/Home/46. Altibase 버전 간 마이그레이션 가이드__19333688.md	27	27	S017-D046-U009	paragraph	이 문서와 관련된 오류 및 개선사항은 기술지원포털 또는 기술지원센터로 문의주시기 바랍니다.	section semantics	arch/Home/Altibase Data Migration Process Guide__22642994.md	19	covered	No English change required.	# **Overview**	none	S017 direct inspection.
S017	DOCK/Home/46. Altibase 버전 간 마이그레이션 가이드__19333688.md	29	29	S017-D046-U010	support	- 기술지원포털 : [http://support.altibase.com](http://support.altibase.com/) ▶ 기술 지식 ▶ Q&A	http://support.altibase.com; http://support.altibase.com/	arch/Home/Altibase Data Migration Process Guide__22642994.md	29	covered	No English change required.	- Technical support portal: [http://support.altibase.com](http://support.altibase.com/) > Technical Knowledge > Q&A	none	S017 direct inspection.
S017	DOCK/Home/46. Altibase 버전 간 마이그레이션 가이드__19333688.md	30	30	S017-D046-U011	support	- 기술지원센터 : 02-2082-1114	02; 2082; 1114	arch/Home/Altibase Data Migration Process Guide__22642994.md	30	covered	No English change required.	- Technical support center: 02-2082-1114	none	S017 direct inspection.
S017	DOCK/Home/46. Altibase 버전 간 마이그레이션 가이드__19333688.md	32	32	S017-D046-U012	paragraph	이 문서는 정보 제공을 목적으로 제공되며, 사전에 예고 없이 변경될 수 있습니다. 이 문서는 오류가 있을 수 있으며, 상업적 또는 특정 목적에 부합하는 명시적, 묵시적인 책임이 일절 없습니다.	section semantics	arch/Home/Altibase Data Migration Process Guide__22642994.md	19	not_applicable	Excluded from technical coverage.	English target preserves equivalent legal/support boilerplate where relevant.	none	Nontechnical legal boilerplate recorded explicitly.
S017	DOCK/Home/46. Altibase 버전 간 마이그레이션 가이드__19333688.md	34	34	S017-D046-U013	paragraph	이 문서에 포함된 Altibase 제품의 특징이나 기능의 개발, 발표 등의 시기는 Altibase 재량입니다.	Altibase	arch/Home/Altibase Data Migration Process Guide__22642994.md	19	not_applicable	Excluded from technical coverage.	English target preserves equivalent legal/support boilerplate where relevant.	none	Nontechnical legal boilerplate recorded explicitly.
S017	DOCK/Home/46. Altibase 버전 간 마이그레이션 가이드__19333688.md	36	36	S017-D046-U014	paragraph	Altibase는 이 문서에 대하여 관련된 특허권, 상표권, 저작권 또는 기타 지적 재산권을 보유할 수 있습니다.	section semantics	arch/Home/Altibase Data Migration Process Guide__22642994.md	19	not_applicable	Excluded from technical coverage.	English target preserves equivalent legal/support boilerplate where relevant.	none	Nontechnical legal boilerplate recorded explicitly.
S017	DOCK/Home/46. Altibase 버전 간 마이그레이션 가이드__19333688.md	38	38	S017-D046-U015	heading	# **주요 개념**	section semantics	arch/Home/Altibase Data Migration Process Guide__22642994.md	38	covered	No English change required.	# **Key Concepts**	none	S017 direct inspection.
S017	DOCK/Home/46. Altibase 버전 간 마이그레이션 가이드__19333688.md	42	42	S017-D046-U016	paragraph	데이터 마이그레이션은 데이터베이스 객체와 데이터를 다른 환경으로 안전하게 이전하는 작업 전반을 의미한다.	section semantics	arch/Home/Altibase Data Migration Process Guide__22642994.md	38	covered	No English change required.	# **Key Concepts**	none	S017 direct inspection.
S017	DOCK/Home/46. Altibase 버전 간 마이그레이션 가이드__19333688.md	44	44	S017-D046-U017	heading	### 적용 사례	section semantics	arch/Home/Altibase Data Migration Process Guide__22642994.md	44	covered	No English change required.	### Use Cases	none	S017 direct inspection.
S017	DOCK/Home/46. Altibase 버전 간 마이그레이션 가이드__19333688.md	46	46	S017-D046-U018	list_item	- Altibase 서버 버전 업그레이드	Altibase	arch/Home/Altibase Data Migration Process Guide__22642994.md	46	covered	No English change required.	- Altibase server version upgrade	none	S017 direct inspection.
S017	DOCK/Home/46. Altibase 버전 간 마이그레이션 가이드__19333688.md	47	47	S017-D046-U019	list_item	- 운영 환경 재구성 또는 서버·플랫폼 이전	section semantics	arch/Home/Altibase Data Migration Process Guide__22642994.md	44	covered	No English change required.	### Use Cases	none	S017 direct inspection.
S017	DOCK/Home/46. Altibase 버전 간 마이그레이션 가이드__19333688.md	48	48	S017-D046-U020	list_item	- 논리적 백업 및 복구	section semantics	arch/Home/Altibase Data Migration Process Guide__22642994.md	44	covered	No English change required.	### Use Cases	none	S017 direct inspection.
S017	DOCK/Home/46. Altibase 버전 간 마이그레이션 가이드__19333688.md	49	49	S017-D046-U021	list_item	- 대용량 테이블의 분할 또는 재배치	section semantics	arch/Home/Altibase Data Migration Process Guide__22642994.md	44	covered	No English change required.	### Use Cases	none	S017 direct inspection.
S017	DOCK/Home/46. Altibase 버전 간 마이그레이션 가이드__19333688.md	51	51	S017-D046-U022	heading	### 주요 도구	section semantics	arch/Home/Altibase Data Migration Process Guide__22642994.md	51	covered	No English change required.	### Main Tools	none	S017 direct inspection.
S017	DOCK/Home/46. Altibase 버전 간 마이그레이션 가이드__19333688.md	53	53	S017-D046-U023	list_item	- **aexport:** 데이터베이스 객체 생성 DDL 추출 및 데이터 추출·적재 스크립트 생성	DDL; aexport	arch/Home/Altibase Data Migration Process Guide__22642994.md	53	covered	No English change required.	- **aexport:** Extracts database object creation DDL and generates data extraction/loading scripts	none	S017 direct inspection.
S017	DOCK/Home/46. Altibase 버전 간 마이그레이션 가이드__19333688.md	54	54	S017-D046-U024	list_item	- **iloader:** 데이터 추출 및 적재 수행	iloader	arch/Home/Altibase Data Migration Process Guide__22642994.md	54	covered	No English change required.	- **iloader:** Performs data extraction and loading	none	S017 direct inspection.
S017	DOCK/Home/46. Altibase 버전 간 마이그레이션 가이드__19333688.md	56	56	S017-D046-U025	heading	# **마이그레이션 전체 절차**	section semantics	arch/Home/Altibase Data Migration Process Guide__22642994.md	56	covered	No English change required.	# **Full Migration Process**	none	S017 direct inspection.
S017	DOCK/Home/46. Altibase 버전 간 마이그레이션 가이드__19333688.md	60	60	S017-D046-U026	paragraph	Altibase 데이터 마이그레이션은 **소스 Altibase**에서 객체 정의와 데이터를 추출하고, **대상 Altibase**에 이를 반영하는 과정으로 진행된다. 일반적인 절차는 다음과 같다.	Altibase	arch/Home/Altibase Data Migration Process Guide__22642994.md	60	covered	No English change required.	Altibase data migration involves extracting object definitions and data from the source Altibase and applying them to the target Altibase. The general procedure is as follows.	none	S017 direct inspection.
S017	DOCK/Home/46. Altibase 버전 간 마이그레이션 가이드__19333688.md	62	62	S017-D046-U027	table_row	| 순서 | 단계 | 내용 |	순서	arch/Home/Altibase Data Migration Process Guide__22642994.md	62	covered	No English change required.	| Order | Step | Description |	none	S017 direct table-row alignment.
S017	DOCK/Home/46. Altibase 버전 간 마이그레이션 가이드__19333688.md	64	64	S017-D046-U028	table_row	| 1 | 사전 점검 | 서비스 중지, 디스크 용량 확인, 작업 디렉터리 생성, 소스 데이터 건수 확인 |	1	arch/Home/Altibase Data Migration Process Guide__22642994.md	64	covered	No English change required.	| 1 | Preliminary Check | Stop service, check disk space, create working directory, verify source data count |	none	S017 direct table-row alignment.
S017	DOCK/Home/46. Altibase 버전 간 마이그레이션 가이드__19333688.md	65	65	S017-D046-U029	table_row	| 2 | aexport 실행 | 객체 정의(DDL) 및 데이터 추출/적재 스크립트 생성 |	DDL; aexport; 2	arch/Home/Altibase Data Migration Process Guide__22642994.md	65	covered	No English change required.	| 2 | Run aexport | Generate object definitions (DDL) and data extraction/loading scripts |	none	S017 direct table-row alignment.
S017	DOCK/Home/46. Altibase 버전 간 마이그레이션 가이드__19333688.md	66	66	S017-D046-U030	table_row	| 3 | 데이터 추출 | `run_il_out.sh`로 텍스트 파일(.fmt, .dat) 생성 |	run_il_out.sh; 3	arch/Home/Altibase Data Migration Process Guide__22642994.md	66	covered	No English change required.	| 3 | Data Extraction | Create text files (.fmt, .dat) using `run_il_out.sh` |	none	S017 direct table-row alignment.
S017	DOCK/Home/46. Altibase 버전 간 마이그레이션 가이드__19333688.md	67	67	S017-D046-U031	table_row	| 4 | 대상 Altibase 구성 | 대상 Altibase 설치 후 `run_is.sh`로 객체 생성 |	run_is.sh; Altibase; 4	arch/Home/Altibase Data Migration Process Guide__22642994.md	67	covered	No English change required.	| 4 | Configure Target Altibase | Install target Altibase and create objects using `run_is.sh` |	none	S017 direct table-row alignment.
S017	DOCK/Home/46. Altibase 버전 간 마이그레이션 가이드__19333688.md	68	68	S017-D046-U032	table_row	| 5 | 데이터 적재 | `run_il_in.sh` 실행(필요 시 성능 옵션 적용) |	run_il_in.sh; 5	arch/Home/Altibase Data Migration Process Guide__22642994.md	68	covered	No English change required.	| 5 | Data Loading | Run `run_il_in.sh` (apply performance options if necessary) |	none	S017 direct table-row alignment.
S017	DOCK/Home/46. Altibase 버전 간 마이그레이션 가이드__19333688.md	69	69	S017-D046-U033	table_row	| 6 | 검증 및 후속 조치 | 인덱스, 외래키, 트리거, 이중화 등 후속 객체 생성 데이터 건수·객체 상태 및 서비스 확인 |	6	arch/Home/Altibase Data Migration Process Guide__22642994.md	69	covered	No English change required.	| 6 | Verification and Follow-up | Create subsequent objects such as indexes, foreign keys, triggers, and replication; check data count, object status, and service |	none	S017 direct table-row alignment.
S017	DOCK/Home/46. Altibase 버전 간 마이그레이션 가이드__19333688.md	71	71	S017-D046-U034	heading	# **단계별 상세 절차**	section semantics	arch/Home/Altibase Data Migration Process Guide__22642994.md	71	covered	No English change required.	# **Detailed Step-by-Step Process**	none	S017 direct inspection.
S017	DOCK/Home/46. Altibase 버전 간 마이그레이션 가이드__19333688.md	75	75	S017-D046-U035	heading	## **1. 사전 점검**	1	arch/Home/Altibase Data Migration Process Guide__22642994.md	75	covered	No English change required.	## **1. Preliminary Check**	none	S017 direct inspection.
S017	DOCK/Home/46. Altibase 버전 간 마이그레이션 가이드__19333688.md	79	79	S017-D046-U036	heading	### 1.1 서비스 중지	1.1	arch/Home/Altibase Data Migration Process Guide__22642994.md	79	covered	No English change required.	### 1.1 Stop Service	none	S017 direct inspection.
S017	DOCK/Home/46. Altibase 버전 간 마이그레이션 가이드__19333688.md	81	81	S017-D046-U037	paragraph	마이그레이션은 서비스를 완전히 중단한 상태에서 수행한다. 작업 중에는 어떠한 DML이나 DDL도 허용하지 않는다.	section semantics	arch/Home/Altibase Data Migration Process Guide__22642994.md	79	covered	No English change required.	### 1.1 Stop Service	none	S017 direct inspection.
S017	DOCK/Home/46. Altibase 버전 간 마이그레이션 가이드__19333688.md	83	83	S017-D046-U038	heading	### 1.2 작업 디렉터리 및 디스크 공간 확보	1.2	arch/Home/Altibase Data Migration Process Guide__22642994.md	83	covered	No English change required.	### 1.2 Prepare Working Directory and Disk Space	none	S017 direct inspection.
S017	DOCK/Home/46. Altibase 버전 간 마이그레이션 가이드__19333688.md	85	85	S017-D046-U039	paragraph	텍스트 데이터는 내부 저장 크기보다 커질 수 있으므로 **데이터 크기의 2배 이상** 여유 공간을 확보한다.	section semantics	arch/Home/Altibase Data Migration Process Guide__22642994.md	83	covered	No English change required.	### 1.2 Prepare Working Directory and Disk Space	none	S017 direct inspection.
S017	DOCK/Home/46. Altibase 버전 간 마이그레이션 가이드__19333688.md	87	87	S017-D046-U040	paragraph	소스 Altibase를 백업한다면 그만큼 추가 용량을 준비한다.	section semantics	arch/Home/Altibase Data Migration Process Guide__22642994.md	83	covered	No English change required.	### 1.2 Prepare Working Directory and Disk Space	none	S017 direct inspection.
S017	DOCK/Home/46. Altibase 버전 간 마이그레이션 가이드__19333688.md	89	91	S017-D046-U041	command_or_sql_block	```\n$ mkdir mig_test\n```	section semantics	arch/Home/Altibase Data Migration Process Guide__22642994.md	83	covered	No English change required.	### 1.2 Prepare Working Directory and Disk Space	none	S017 direct inspection.
S017	DOCK/Home/46. Altibase 버전 간 마이그레이션 가이드__19333688.md	93	93	S017-D046-U042	heading	### 1.3 소스 데이터 건수 기록	1.3	arch/Home/Altibase Data Migration Process Guide__22642994.md	93	covered	No English change required.	### 1.3 Record Source Data Counts	none	S017 direct inspection.
S017	DOCK/Home/46. Altibase 버전 간 마이그레이션 가이드__19333688.md	95	95	S017-D046-U043	paragraph	마이그레이션 후 검증을 위해 테이블별 데이터 건수를 사전에 기록한다.	section semantics	arch/Home/Altibase Data Migration Process Guide__22642994.md	93	covered	No English change required.	### 1.3 Record Source Data Counts	none	S017 direct inspection.
S017	DOCK/Home/46. Altibase 버전 간 마이그레이션 가이드__19333688.md	97	105	S017-D046-U044	command_or_sql_block	```\n$ vi tbl_cnt.sql\nSELECT COUNT(*) FROM table_name1;\nSELECT COUNT(*) FROM table_name2;\nSELECT COUNT(*) FROM table_name3;\n...\n\n$ is -f tbl_cnt.sql -o tbl_cnt.out\n```	tbl_cnt.sql; SELECT; COUNT; FROM	arch/Home/Altibase Data Migration Process Guide__22642994.md	98	covered	No English change required.	$ vi tbl_cnt.sql	none	S017 direct inspection.
S017	DOCK/Home/46. Altibase 버전 간 마이그레이션 가이드__19333688.md	107	107	S017-D046-U045	paragraph	아래 SQL을 실행하면 모든 사용자 **테이블별 건수 조회 SQL**을 자동으로 생성할 수 있다.	SQL	arch/Home/Altibase Data Migration Process Guide__22642994.md	107	covered	No English change required.	If you run the following SQL, you can automatically generate SQL to query the count for each user table.	none	S017 direct inspection.
S017	DOCK/Home/46. Altibase 버전 간 마이그레이션 가이드__19333688.md	109	116	S017-D046-U046	command_or_sql_block	```\nSELECT 'SELECT COUNT(*) FROM '|| USER_NAME||'.'||TABLE_NAME||';'\n FROM SYSTEM_.SYS_USERS_ U, SYSTEM_.SYS_TABLES_ T\n WHERE U.USER_ID NOT IN (0, 1)\n AND U.USER_ID = T.USER_ID\n AND TABLE_TYPE = 'T'\n ORDER BY US...	SELECT; COUNT; FROM; USER_NAME; TABLE_NAME; SYSTEM_.SYS_USERS_; SYSTEM_.SYS_TABLES_; WHERE	arch/Home/Altibase Data Migration Process Guide__22642994.md	99	covered	No English change required.	SELECT COUNT(*) FROM table_name1;	none	S017 direct inspection.
S017	DOCK/Home/46. Altibase 버전 간 마이그레이션 가이드__19333688.md	118	118	S017-D046-U047	heading	### 1.4 DBMS_METADATA 패키지 설치	DBMS_METADATA; 1.4	arch/Home/Altibase Data Migration Process Guide__22642994.md	118	covered	No English change required.	### 1.4 Install the DBMS_METADATA package	none	S017 direct inspection.
S017	DOCK/Home/46. Altibase 버전 간 마이그레이션 가이드__19333688.md	120	120	S017-D046-U048	paragraph	이 작업은 Altibase 7.3 이상에서만 실행한다.	Altibase; 7.3	arch/Home/Altibase Data Migration Process Guide__22642994.md	120	covered	No English change required.	This operation is performed only on Altibase 7.3 or higher.	none	S017 direct inspection.
S017	DOCK/Home/46. Altibase 버전 간 마이그레이션 가이드__19333688.md	122	122	S017-D046-U049	paragraph	DBMS_METADATA 패키지는 데이터베이스 딕셔너리에서 객체 생성 DDL 구문과 권한 부여(GRANT) 구문을 추출하며, Altibase 7.3부터 지원한다.	DBMS_METADATA; DDL; GRANT; Altibase; 7	arch/Home/Altibase Data Migration Process Guide__22642994.md	118	covered	No English change required.	### 1.4 Install the DBMS_METADATA package	none	S017 direct inspection.
S017	DOCK/Home/46. Altibase 버전 간 마이그레이션 가이드__19333688.md	124	128	S017-D046-U050	command_or_sql_block	```\n$ cd $ALTIBASE_HOME/packages\n$ is -f dbms_metadata.sql\n$ is -f dbms_metadata.plb\n```	dbms_metadata.sql; ALTIBASE_HOME/	arch/Home/Altibase Data Migration Process Guide__22642994.md	126	covered	No English change required.	$ is -f dbms_metadata.sql	none	S017 direct inspection.
S017	DOCK/Home/46. Altibase 버전 간 마이그레이션 가이드__19333688.md	130	130	S017-D046-U051	heading	## **2. aexport 실행**	aexport; 2	arch/Home/Altibase Data Migration Process Guide__22642994.md	130	covered	No English change required.	## **2. Run aexport**	none	S017 direct inspection.
S017	DOCK/Home/46. Altibase 버전 간 마이그레이션 가이드__19333688.md	134	134	S017-D046-U052	heading	### 2.1 ALTIBASE_NLS_USE 환경 변수 설정	ALTIBASE_NLS_USE; 2.1	arch/Home/Altibase Data Migration Process Guide__22642994.md	134	covered	No English change required.	### 2.1 Set the ALTIBASE_NLS_USE environment variable.	none	S017 direct inspection.
S017	DOCK/Home/46. Altibase 버전 간 마이그레이션 가이드__19333688.md	136	136	S017-D046-U053	paragraph	Altibase 클라이언트 캐릭터셋(환경변수 ALTIBASE_NLS_USE)을 Altibase 서버 캐릭터셋과 동일하게 맞춘다.	ALTIBASE_NLS_USE; Altibase	arch/Home/Altibase Data Migration Process Guide__22642994.md	134	covered	No English change required.	### 2.1 Set the ALTIBASE_NLS_USE environment variable.	none	S017 direct inspection.
S017	DOCK/Home/46. Altibase 버전 간 마이그레이션 가이드__19333688.md	138	138	S017-D046-U054	paragraph	**Altibase 서버 캐릭터셋 확인**	Altibase	arch/Home/Altibase Data Migration Process Guide__22642994.md	136	covered	No English change required.	Match the Altibase client character set (environment variable ALTIBASE_NLS_USE) to the Altibase server character set.	none	S017 direct inspection.
S017	DOCK/Home/46. Altibase 버전 간 마이그레이션 가이드__19333688.md	140	142	S017-D046-U055	command_or_sql_block	```\nSELECT NLS_CHARACTERSET FROM V$NLS_PARAMETERS;\n```	SELECT; NLS_CHARACTERSET; FROM; V$NLS_PARAMETERS	arch/Home/Altibase Data Migration Process Guide__22642994.md	141	covered	No English change required.	SELECT NLS_CHARACTERSET FROM V$NLS_PARAMETERS;	none	S017 direct inspection.
S017	DOCK/Home/46. Altibase 버전 간 마이그레이션 가이드__19333688.md	144	144	S017-D046-U056	paragraph	서버 캐릭터셋이 UTF8 일 때:	UTF8	arch/Home/Altibase Data Migration Process Guide__22642994.md	144	covered	No English change required.	When the server character set is UTF8:	none	S017 direct inspection.
S017	DOCK/Home/46. Altibase 버전 간 마이그레이션 가이드__19333688.md	146	146	S017-D046-U057	paragraph	**Altibase 클라이언트 캐릭터셋 설정**	Altibase	arch/Home/Altibase Data Migration Process Guide__22642994.md	136	covered	No English change required.	Match the Altibase client character set (environment variable ALTIBASE_NLS_USE) to the Altibase server character set.	none	S017 direct inspection.
S017	DOCK/Home/46. Altibase 버전 간 마이그레이션 가이드__19333688.md	148	150	S017-D046-U058	command_or_sql_block	```\n$ export ALTIBASE_NLS_USE=UTF8\n```	ALTIBASE_NLS_USE; UTF8	arch/Home/Altibase Data Migration Process Guide__22642994.md	134	covered	No English change required.	### 2.1 Set the ALTIBASE_NLS_USE environment variable.	none	S017 direct inspection.
S017	DOCK/Home/46. Altibase 버전 간 마이그레이션 가이드__19333688.md	152	152	S017-D046-U059	heading	### 2.2 aexport.properties 수정	aexport; 2.2	arch/Home/Altibase Data Migration Process Guide__22642994.md	152	covered	No English change required.	### 2.2 Modify aexport.properties.	none	S017 direct inspection.
S017	DOCK/Home/46. Altibase 버전 간 마이그레이션 가이드__19333688.md	154	154	S017-D046-U060	paragraph	구분자 충돌로 인한 오류를 막기 위해 `ILOADER_FIELD_TERM`과 `ILOADER_ROW_TERM`의 주석을 삭제하여 기본값을 변경한다.	ILOADER_FIELD_TERM; ILOADER_ROW_TERM	arch/Home/Altibase Data Migration Process Guide__22642994.md	154	covered	No English change required.	To prevent errors caused by delimiter conflicts, remove the comments from `ILOADER_FIELD_TERM` and `ILOADER_ROW_TERM` to change their default values.	none	S017 direct inspection.
S017	DOCK/Home/46. Altibase 버전 간 마이그레이션 가이드__19333688.md	156	165	S017-D046-U061	command_or_sql_block	```\n$ vi $ALTIBASE_HOME/conf/aexport.properties\n...중략...\n#######################\n# iloader option\n#######################\nILOADER_FIELD_TERM = ^C_c^\nILOADER_ROW_TERM = ^R_r^%n\n...중략...\n```	ALTIBASE_HOME/; ILOADER_FIELD_TERM; ILOADER_ROW_TERM; aexport; iloader	arch/Home/Altibase Data Migration Process Guide__22642994.md	157	covered	No English change required.	$ vi $ALTIBASE_HOME/conf/aexport.properties	none	S017 direct inspection.
S017	DOCK/Home/46. Altibase 버전 간 마이그레이션 가이드__19333688.md	167	167	S017-D046-U062	heading	### 2.3 aexport 실행	aexport; 2.3	arch/Home/Altibase Data Migration Process Guide__22642994.md	167	covered	No English change required.	### 2.3 Run aexport	none	S017 direct inspection.
S017	DOCK/Home/46. Altibase 버전 간 마이그레이션 가이드__19333688.md	169	169	S017-D046-U063	paragraph	작업 디렉터리에서 `aexport`를 실행한다. 실행 과정에서 서버 IP, 사용자 계정, 비밀번호를 입력하면 객체를 스캔하고 관련 스크립트를 생성한다.	aexport	arch/Home/Altibase Data Migration Process Guide__22642994.md	167	covered	No English change required.	### 2.3 Run aexport	none	S017 direct inspection.
S017	DOCK/Home/46. Altibase 버전 간 마이그레이션 가이드__19333688.md	171	174	S017-D046-U064	command_or_sql_block	```\n$ cd mig_test\n$ aexport\n```	aexport	arch/Home/Altibase Data Migration Process Guide__22642994.md	167	covered	No English change required.	### 2.3 Run aexport	none	S017 direct inspection.
S017	DOCK/Home/46. Altibase 버전 간 마이그레이션 가이드__19333688.md	176	176	S017-D046-U065	paragraph	**실행 예시:**	section semantics	arch/Home/Altibase Data Migration Process Guide__22642994.md	167	covered	No English change required.	### 2.3 Run aexport	none	S017 direct inspection.
S017	DOCK/Home/46. Altibase 버전 간 마이그레이션 가이드__19333688.md	178	212	S017-D046-U066	command_or_sql_block	```\n$ aexport\n-----------------------------------------------------------------\n Altibase Export Script Utility.\n Release Version 7.3.0.0.6\n Copyright 2000, ALTIBASE Corporation or its subsidiaries.\n All Rights...	run_il_out.sh; run_is.sh; run_il_in.sh; run_is_refresh_mview.sh; run_is_index.sh; run_is_fk.sh; run_is_repl.sh; run_is_job.sh	arch/Home/Altibase Data Migration Process Guide__22642994.md	201	covered	No English change required.	1. run_il_out.sh : [ iloader formout, data-out script ]	none	S017 direct inspection.
S017	DOCK/Home/46. Altibase 버전 간 마이그레이션 가이드__19333688.md	214	214	S017-D046-U067	heading	### 2.4 결과 확인	2.4	arch/Home/Altibase Data Migration Process Guide__22642994.md	214	covered	No English change required.	### 2.4 Check the results	none	S017 direct inspection.
S017	DOCK/Home/46. Altibase 버전 간 마이그레이션 가이드__19333688.md	216	216	S017-D046-U068	paragraph	aexport 실행이 완료되면 데이터베이스 객체 생성용 SQL 파일과 해당 SQL을 실행하는 스크립트, 그리고 데이터 추출 및 적재용 스크립트가 생성된다.	SQL; aexport	arch/Home/Altibase Data Migration Process Guide__22642994.md	216	covered	No English change required.	When aexport execution is complete, an SQL file for creating database objects, a script to execute the SQL, and scripts for data extraction and loading are generated.	none	S017 direct inspection.
S017	DOCK/Home/46. Altibase 버전 간 마이그레이션 가이드__19333688.md	218	247	S017-D046-U069	command_or_sql_block	```\n$ ls -l\n합계 60\n-rw-rw-rw- 1 eheejung eheejung 222 2025-08-26 18:45 ALL_ALT_TBL.sql\n-rw-rw-rw- 1 eheejung eheejung 0 2025-08-26 18:45 ALL_CRT_DIR.sql\n-rw-rw-rw- 1 eheejung eheejung 0 2025-08-26 18:45 ALL_CRT_FK...	ALL_ALT_TBL.sql; ALL_CRT_DIR.sql; ALL_CRT_FK.sql; ALL_CRT_INDEX.sql; ALL_CRT_JOB.sql; ALL_CRT_LIB.sql; ALL_CRT_LINK.sql; ALL_CRT_REP.sql	arch/Home/Altibase Data Migration Process Guide__22642994.md	221	covered	No English change required.	-rw-rw-rw- 1 eheejung eheejung 222 2025-08-26 18:45 ALL_ALT_TBL.sql	none	S017 direct inspection.
S017	DOCK/Home/46. Altibase 버전 간 마이그레이션 가이드__19333688.md	249	249	S017-D046-U070	heading	## **3. 데이터 추출**	3	arch/Home/Altibase Data Migration Process Guide__22642994.md	249	covered	No English change required.	## **3. Data extraction**	none	S017 direct inspection.
S017	DOCK/Home/46. Altibase 버전 간 마이그레이션 가이드__19333688.md	253	253	S017-D046-U071	heading	### 3.1 run_il_out.sh 실행	run_il_out.sh; 3.1	arch/Home/Altibase Data Migration Process Guide__22642994.md	253	covered	No English change required.	### 3.1 Run run_il_out.sh	none	S017 direct inspection.
S017	DOCK/Home/46. Altibase 버전 간 마이그레이션 가이드__19333688.md	255	255	S017-D046-U072	paragraph	`run_il_out.sh` 스크립트를 실행하여 데이터를 추출한다.	run_il_out.sh	arch/Home/Altibase Data Migration Process Guide__22642994.md	253	covered	No English change required.	### 3.1 Run run_il_out.sh	none	S017 direct inspection.
S017	DOCK/Home/46. Altibase 버전 간 마이그레이션 가이드__19333688.md	257	259	S017-D046-U073	command_or_sql_block	```\n$ time sh run_il_out.sh | tee download.out\n```	run_il_out.sh	arch/Home/Altibase Data Migration Process Guide__22642994.md	253	covered	No English change required.	### 3.1 Run run_il_out.sh	none	S017 direct inspection.
S017	DOCK/Home/46. Altibase 버전 간 마이그레이션 가이드__19333688.md	261	261	S017-D046-U074	paragraph	작업 시간이 길 경우에는 세션 유지를 위해 백그라운드로 실행한다. ```nohup.out``` 파일은 이름을 바꿔 관리한다.	section semantics	arch/Home/Altibase Data Migration Process Guide__22642994.md	253	covered	No English change required.	### 3.1 Run run_il_out.sh	none	S017 direct inspection.
S017	DOCK/Home/46. Altibase 버전 간 마이그레이션 가이드__19333688.md	263	265	S017-D046-U075	command_or_sql_block	```\n$ time nohup sh run_il_out.sh > download.out 2>&1 &\n```	run_il_out.sh; 2; 1	arch/Home/Altibase Data Migration Process Guide__22642994.md	253	covered	No English change required.	### 3.1 Run run_il_out.sh	none	S017 direct inspection.
S017	DOCK/Home/46. Altibase 버전 간 마이그레이션 가이드__19333688.md	267	267	S017-D046-U076	heading	### 3.2 검증	3.2	arch/Home/Altibase Data Migration Process Guide__22642994.md	267	covered	No English change required.	### 3.2 Verification	none	S017 direct inspection.
S017	DOCK/Home/46. Altibase 버전 간 마이그레이션 가이드__19333688.md	269	269	S017-D046-U077	paragraph	**오류 확인**	section semantics	arch/Home/Altibase Data Migration Process Guide__22642994.md	267	covered	No English change required.	### 3.2 Verification	none	S017 direct inspection.
S017	DOCK/Home/46. Altibase 버전 간 마이그레이션 가이드__19333688.md	271	271	S017-D046-U078	paragraph	실행 로그에서 오류 메시지를 검색한다.	section semantics	arch/Home/Altibase Data Migration Process Guide__22642994.md	267	covered	No English change required.	### 3.2 Verification	none	S017 direct inspection.
S017	DOCK/Home/46. Altibase 버전 간 마이그레이션 가이드__19333688.md	273	275	S017-D046-U079	command_or_sql_block	```\n$ grep -i err- download.out\n```	section semantics	arch/Home/Altibase Data Migration Process Guide__22642994.md	267	covered	No English change required.	### 3.2 Verification	none	S017 direct inspection.
S017	DOCK/Home/46. Altibase 버전 간 마이그레이션 가이드__19333688.md	277	277	S017-D046-U080	paragraph	**테이블 수 확인**	section semantics	arch/Home/Altibase Data Migration Process Guide__22642994.md	267	covered	No English change required.	### 3.2 Verification	none	S017 direct inspection.
S017	DOCK/Home/46. Altibase 버전 간 마이그레이션 가이드__19333688.md	279	279	S017-D046-U081	paragraph	.fmt 파일과 .dat 파일 개수가 실제 테이블 수와 일치하는지 확인한다.	section semantics	arch/Home/Altibase Data Migration Process Guide__22642994.md	267	covered	No English change required.	### 3.2 Verification	none	S017 direct inspection.
S017	DOCK/Home/46. Altibase 버전 간 마이그레이션 가이드__19333688.md	281	284	S017-D046-U082	command_or_sql_block	```\n$ ls -l *.fmt | wc -l # .fmt 파일 수 확인\n$ ls -l *.dat | wc -l # .dat 파일 수 확인\n```	section semantics	arch/Home/Altibase Data Migration Process Guide__22642994.md	267	covered	No English change required.	### 3.2 Verification	none	S017 direct inspection.
S017	DOCK/Home/46. Altibase 버전 간 마이그레이션 가이드__19333688.md	286	286	S017-D046-U083	paragraph	**레코드 추출 오류 확인**	section semantics	arch/Home/Altibase Data Migration Process Guide__22642994.md	267	covered	No English change required.	### 3.2 Verification	none	S017 direct inspection.
S017	DOCK/Home/46. Altibase 버전 간 마이그레이션 가이드__19333688.md	288	288	S017-D046-U084	paragraph	각 로그 파일에서 ```Error Row Count``` 값이 모두 0인지 확인한다. 0이 아닌 값이 있으면 오류 내용을 확인하고 다시 추출한다.	section semantics	arch/Home/Altibase Data Migration Process Guide__22642994.md	267	covered	No English change required.	### 3.2 Verification	none	S017 direct inspection.
S017	DOCK/Home/46. Altibase 버전 간 마이그레이션 가이드__19333688.md	290	292	S017-D046-U085	command_or_sql_block	```\n$ grep -i 'error row count' *.log\n```	section semantics	arch/Home/Altibase Data Migration Process Guide__22642994.md	267	covered	No English change required.	### 3.2 Verification	none	S017 direct inspection.
S017	DOCK/Home/46. Altibase 버전 간 마이그레이션 가이드__19333688.md	294	294	S017-D046-U086	heading	## **4. 대상 Altibase 구성**	Altibase; 4	arch/Home/Altibase Data Migration Process Guide__22642994.md	294	covered	No English change required.	## **4. Target Altibase Configuration**	none	S017 direct inspection.
S017	DOCK/Home/46. Altibase 버전 간 마이그레이션 가이드__19333688.md	298	298	S017-D046-U087	paragraph	대상 Altibase를 설치하고, aexport로 추출한 객체 정의 스크립트를 실행해 데이터베이스를 구성한다.	section semantics	arch/Home/Altibase Data Migration Process Guide__22642994.md	294	covered	No English change required.	## **4. Target Altibase Configuration**	none	S017 direct inspection.
S017	DOCK/Home/46. Altibase 버전 간 마이그레이션 가이드__19333688.md	300	300	S017-D046-U088	heading	### 4.1 소스 Altibase 정보 확인	Altibase; 4.1	arch/Home/Altibase Data Migration Process Guide__22642994.md	300	covered	No English change required.	### 4.1 Check Source Altibase Information	none	S017 direct inspection.
S017	DOCK/Home/46. Altibase 버전 간 마이그레이션 가이드__19333688.md	302	302	S017-D046-U089	paragraph	대상 환경을 소스와 동일하게 만들기 위해 아래 항목을 조회한다.	section semantics	arch/Home/Altibase Data Migration Process Guide__22642994.md	300	covered	No English change required.	### 4.1 Check Source Altibase Information	none	S017 direct inspection.
S017	DOCK/Home/46. Altibase 버전 간 마이그레이션 가이드__19333688.md	304	316	S017-D046-U090	command_or_sql_block	```\n-- 데이터베이스 이름\nSELECT DB_NAME FROM V$DATABASE;\n\n-- 데이터베이스 서버 캐릭터셋, 내셔널 캐릭터셋\nSELECT NLS_CHARACTERSET, NLS_NCHAR_CHARACTERSET FROM V$NLS_PARAMETERS;\n\n-- 아카이브 로그 모드\nSELECT ARCHIVELOG_MODE FROM V$LOG;\n\n-- 메모리...	SELECT; DB_NAME; FROM; V$DATABASE; NLS_CHARACTERSET; NLS_NCHAR_CHARACTERSET; V$NLS_PARAMETERS; ARCHIVELOG_MODE	arch/Home/Altibase Data Migration Process Guide__22642994.md	306	covered	No English change required.	SELECT DB_NAME FROM V$DATABASE;	none	S017 direct inspection.
S017	DOCK/Home/46. Altibase 버전 간 마이그레이션 가이드__19333688.md	318	318	S017-D046-U091	heading	### 4.2 소스 Altibase 중지 및 백업	Altibase; 4.2	arch/Home/Altibase Data Migration Process Guide__22642994.md	318	covered	No English change required.	### 4.2 Stop and Backup Source Altibase	none	S017 direct inspection.
S017	DOCK/Home/46. Altibase 버전 간 마이그레이션 가이드__19333688.md	320	320	S017-D046-U092	paragraph	이 절차는 소스 Altibase와 대상 Altibase가 같은 서버에 위치할 때 진행한다.	section semantics	arch/Home/Altibase Data Migration Process Guide__22642994.md	318	covered	No English change required.	### 4.2 Stop and Backup Source Altibase	none	S017 direct inspection.
S017	DOCK/Home/46. Altibase 버전 간 마이그레이션 가이드__19333688.md	322	322	S017-D046-U093	paragraph	같은 서버에서 마이그레이션을 수행할 때는 먼저 소스 Altibase를 중지한 후, Altibase 홈 디렉터리와 디스크 데이터 파일, 메모리 체크포인트 이미지 파일, 로그 앵커 파일, 트랜잭션 로그 파일을 모두 백업해야 한다. 아래 예시는 모든 파일이 Altibase 홈 디렉터리에 존재한다고 가정한 경우다.	Altibase	arch/Home/Altibase Data Migration Process Guide__22642994.md	318	covered	No English change required.	### 4.2 Stop and Backup Source Altibase	none	S017 direct inspection.
S017	DOCK/Home/46. Altibase 버전 간 마이그레이션 가이드__19333688.md	324	327	S017-D046-U094	command_or_sql_block	```\n$ server stop\n$ mv $ALTIBASE_HOME $ALTIBASE_HOME.bak\n```	ALTIBASE_HOME	arch/Home/Altibase Data Migration Process Guide__22642994.md	326	covered	No English change required.	$ mv $ALTIBASE_HOME $ALTIBASE_HOME.bak	none	S017 direct inspection.
S017	DOCK/Home/46. Altibase 버전 간 마이그레이션 가이드__19333688.md	329	329	S017-D046-U095	heading	### 4.3 대상 Altibase 설치	Altibase; 4.3	arch/Home/Altibase Data Migration Process Guide__22642994.md	329	covered	No English change required.	### 4.3 Install Target Altibase	none	S017 direct inspection.
S017	DOCK/Home/46. Altibase 버전 간 마이그레이션 가이드__19333688.md	331	331	S017-D046-U096	paragraph	대상 Altibase를 설치한다. 설치 과정에서 필요한 입력 정보는 앞서 확보한 '**[4.1 소스 Altibase 정보 확인](#id-46.Altibase버전간마이그레이션가이드-sourceinfo)'**을 참조한다.	Altibase; 4.1; 46	arch/Home/Altibase Data Migration Process Guide__22642994.md	329	covered	No English change required.	### 4.3 Install Target Altibase	none	S017 direct inspection.
S017	DOCK/Home/46. Altibase 버전 간 마이그레이션 가이드__19333688.md	333	333	S017-D046-U097	heading	### 4.4 데이터 파일 경로 확인	4.4	arch/Home/Altibase Data Migration Process Guide__22642994.md	333	covered	No English change required.	### 4.4 Verify Data File Paths	none	S017 direct inspection.
S017	DOCK/Home/46. Altibase 버전 간 마이그레이션 가이드__19333688.md	335	335	S017-D046-U098	paragraph	대상 Altibase의 **데이터 경로가 소스와 다르다면 `**ALL_CRT_TBS.sql`에서 디스크 데이터 파일 및 메모리 체크포인트 이미지 파일의 경로를 수정한다.	ALL_CRT_TBS.sql; ALL_CRT_TBS	arch/Home/Altibase Data Migration Process Guide__22642994.md	335	covered	No English change required.	If the data path of the target Altibase differs from the source, modify the paths of the disk data files and memory checkpoint image files in `ALL_CRT_TBS.sql`.	none	S017 direct inspection.
S017	DOCK/Home/46. Altibase 버전 간 마이그레이션 가이드__19333688.md	337	347	S017-D046-U099	command_or_sql_block	```\n$ cat ALL_CRT_TBS.sql\nconnect "SYS" / "manager"\nALTER TABLESPACE "SYS_TBS_DISK_DATA"\nALTER DATAFILE '/data/altibase_home/dbs/system001.dbf' # 필요 시 데이터 파일 경로 수정\nSIZE 102400K;\nALTER TABLESPACE "SYS_TBS_DISK_DA...	ALL_CRT_TBS.sql; ALL_CRT_TBS; SYS; ALTER; TABLESPACE; SYS_TBS_DISK_DATA; DATAFILE; SIZE	arch/Home/Altibase Data Migration Process Guide__22642994.md	335	covered	No English change required.	If the data path of the target Altibase differs from the source, modify the paths of the disk data files and memory checkpoint image files in `ALL_CRT_TBS.sql`.	none	S017 direct inspection.
S017	DOCK/Home/46. Altibase 버전 간 마이그레이션 가이드__19333688.md	349	349	S017-D046-U100	heading	### 4.5 스크립트에서 Altibase 접속 주소 변경	Altibase; 4.5	arch/Home/Altibase Data Migration Process Guide__22642994.md	349	covered	No English change required.	### 4.5 Change Altibase connection address in scripts	none	S017 direct inspection.
S017	DOCK/Home/46. Altibase 버전 간 마이그레이션 가이드__19333688.md	351	351	S017-D046-U101	paragraph	aexport 실행으로 생성된 스크립트에서 Altibase 접속 주소를 대상 Altibase의 IP로 변경한다.	aexport; Altibase	arch/Home/Altibase Data Migration Process Guide__22642994.md	351	covered	No English change required.	In the scripts generated by aexport, change the Altibase connection address to the target Altibase's IP.	none	S017 direct inspection.
S017	DOCK/Home/46. Altibase 버전 간 마이그레이션 가이드__19333688.md	353	353	S017-D046-U102	paragraph	**변경 예시:** 대상 Altibase의 IP가 192.168.1.145 일 때	192.168.1.145	arch/Home/Altibase Data Migration Process Guide__22642994.md	353	covered	No English change required.	**Example of change:** when the target Altibase's IP is 192.168.1.145	none	S017 direct inspection.
S017	DOCK/Home/46. Altibase 버전 간 마이그레이션 가이드__19333688.md	355	357	S017-D046-U103	command_or_sql_block	```\n$ sed -i 's/-s localhost/-s 192.168.1.145/g' *.sh\n```	192.168.1.145	arch/Home/Altibase Data Migration Process Guide__22642994.md	353	covered	No English change required.	**Example of change:** when the target Altibase's IP is 192.168.1.145	none	S017 direct inspection.
S017	DOCK/Home/46. Altibase 버전 간 마이그레이션 가이드__19333688.md	359	359	S017-D046-U104	heading	### 4.6 데이터베이스 객체 생성	4.6	arch/Home/Altibase Data Migration Process Guide__22642994.md	359	covered	No English change required.	### 4.6 Create database objects	none	S017 direct inspection.
S017	DOCK/Home/46. Altibase 버전 간 마이그레이션 가이드__19333688.md	361	361	S017-D046-U105	paragraph	`run_is.sh` 파일을 실행하여 테이블스페이스, 데이터베이스 사용자, 시노님, 디렉터리, 시퀀스, 테이블, 라이브러리, 뷰, 저장 프로시저, 데이터베이스 링크를 생성한다.	run_is.sh	arch/Home/Altibase Data Migration Process Guide__22642994.md	361	covered	No English change required.	Run the `run_is.sh` file to create tablespaces, database users, synonyms, directories, sequences, tables, libraries, views, stored procedures, and database links.	none	S017 direct inspection.
S017	DOCK/Home/46. Altibase 버전 간 마이그레이션 가이드__19333688.md	363	365	S017-D046-U106	command_or_sql_block	```\n$ sh run_is.sh | tee run_is.out\n```	run_is.sh	arch/Home/Altibase Data Migration Process Guide__22642994.md	361	covered	No English change required.	Run the `run_is.sh` file to create tablespaces, database users, synonyms, directories, sequences, tables, libraries, views, stored procedures, and database links.	none	S017 direct inspection.
S017	DOCK/Home/46. Altibase 버전 간 마이그레이션 가이드__19333688.md	367	367	S017-D046-U107	paragraph	데이터베이스 객체를 생성하는 과정에서 발생한 오류가 있는 지 확인한다.	section semantics	arch/Home/Altibase Data Migration Process Guide__22642994.md	359	covered	No English change required.	### 4.6 Create database objects	none	S017 direct inspection.
S017	DOCK/Home/46. Altibase 버전 간 마이그레이션 가이드__19333688.md	369	371	S017-D046-U108	command_or_sql_block	```\n$ grep -i err- run_is.out\n```	section semantics	arch/Home/Altibase Data Migration Process Guide__22642994.md	359	covered	No English change required.	### 4.6 Create database objects	none	S017 direct inspection.
S017	DOCK/Home/46. Altibase 버전 간 마이그레이션 가이드__19333688.md	373	373	S017-D046-U109	heading	## **5. 데이터 적재**	5	arch/Home/Altibase Data Migration Process Guide__22642994.md	373	covered	No English change required.	## **5. Data Loading**	none	S017 direct inspection.
S017	DOCK/Home/46. Altibase 버전 간 마이그레이션 가이드__19333688.md	377	377	S017-D046-U110	heading	### 5.1 데이터 적재	5.1	arch/Home/Altibase Data Migration Process Guide__22642994.md	377	covered	No English change required.	### 5.1 Data Loading	none	S017 direct inspection.
S017	DOCK/Home/46. Altibase 버전 간 마이그레이션 가이드__19333688.md	379	379	S017-D046-U111	paragraph	`run_il_in.sh` 파일을 실행하여 데이터를 적재한다.	run_il_in.sh	arch/Home/Altibase Data Migration Process Guide__22642994.md	379	covered	No English change required.	Run the `run_il_in.sh` file to load the data.	none	S017 direct inspection.
S017	DOCK/Home/46. Altibase 버전 간 마이그레이션 가이드__19333688.md	381	383	S017-D046-U112	command_or_sql_block	```\n$ time sh run_il_in.sh | tee upload.out\n```	run_il_in.sh	arch/Home/Altibase Data Migration Process Guide__22642994.md	379	covered	No English change required.	Run the `run_il_in.sh` file to load the data.	none	S017 direct inspection.
S017	DOCK/Home/46. Altibase 버전 간 마이그레이션 가이드__19333688.md	385	385	S017-D046-U113	paragraph	데이터가 많거나 시간이 오래 걸리면 세션이 끊어지지 않도록 백그라운드로 실행한다.	section semantics	arch/Home/Altibase Data Migration Process Guide__22642994.md	377	covered	No English change required.	### 5.1 Data Loading	none	S017 direct inspection.
S017	DOCK/Home/46. Altibase 버전 간 마이그레이션 가이드__19333688.md	387	389	S017-D046-U114	command_or_sql_block	```\n$ time nohup sh run_il_in.sh > upload.out 2>&1 &\n```	run_il_in.sh; 2; 1	arch/Home/Altibase Data Migration Process Guide__22642994.md	379	covered	No English change required.	Run the `run_il_in.sh` file to load the data.	none	S017 direct inspection.
S017	DOCK/Home/46. Altibase 버전 간 마이그레이션 가이드__19333688.md	391	391	S017-D046-U115	image_reference	![(info)](https://docs.altibase.com/s/en_GB/5637/e1ef10868e8fe2f234a1a0b171b01cde1d9717c4.69/_/images/icons/emoticons/information.png) 데이터 적재 속도를 높이려면 ```run_il_in.sh``` 내부 `iloader` 명령에 [성능 옵션](https://manual.altibas...	https://docs.altibase.com/s/en_GB/5637/e1ef10868e8fe2f234a1a0b171b01cde1d9717c4.69/_/images/icons/emoticons/information.png; https://manual.altibase.com/7.3/tools/iloader/2.-Using-iLoader/#%EC%84%B1%EB%8A%A5-%EC%98%B5%EC%85%98; run_il_in.sh; iloader; iLoader; 5637; 69; 7.3	arch/Home/Altibase Data Migration Process Guide__22642994.md	391	covered	No English change required.	![(info)](https://docs.altibase.com/s/en_GB/5637/e1ef10868e8fe2f234a1a0b171b01cde1d9717c4.69/_/images/icons/emoticons/information.png) To improve data loading speed, add the [performance options](https://manual.altiba...	none	S017 direct inspection.
S017	DOCK/Home/46. Altibase 버전 간 마이그레이션 가이드__19333688.md	393	403	S017-D046-U116	command_or_sql_block	```\n$ vi run_il_in.sh\niloader -s localhost -u ALTITEST -p ALTITEST in -f ALTITEST_ORDERS.fmt -d ALTITEST_ORDERS.dat -log ALTITEST_ORDERS.log -bad ALTITEST_ORDERS.bad -array 1000 -commit 100 # 성능 옵션 array, commit 추가\...	run_il_in.sh; ALTITEST_ORDERS.fmt; ALTITEST_ORDERS.dat; ALTITEST_ORDERS.log; SYS_CUSTOMERS.fmt; SYS_CUSTOMERS.dat; SYS_CUSTOMERS.log; SYS_DEPARTMENTS.fmt	arch/Home/Altibase Data Migration Process Guide__22642994.md	379	covered	No English change required.	Run the `run_il_in.sh` file to load the data.	none	S017 direct inspection.
S017	DOCK/Home/46. Altibase 버전 간 마이그레이션 가이드__19333688.md	405	405	S017-D046-U117	heading	### 5.2 검증	5.2	arch/Home/Altibase Data Migration Process Guide__22642994.md	405	covered	No English change required.	### 5.2 Verification	none	S017 direct inspection.
S017	DOCK/Home/46. Altibase 버전 간 마이그레이션 가이드__19333688.md	407	407	S017-D046-U118	paragraph	**오류 확인**	section semantics	arch/Home/Altibase Data Migration Process Guide__22642994.md	405	covered	No English change required.	### 5.2 Verification	none	S017 direct inspection.
S017	DOCK/Home/46. Altibase 버전 간 마이그레이션 가이드__19333688.md	409	409	S017-D046-U119	paragraph	실행 로그에서 오류 메시지를 검색한다.	section semantics	arch/Home/Altibase Data Migration Process Guide__22642994.md	405	covered	No English change required.	### 5.2 Verification	none	S017 direct inspection.
S017	DOCK/Home/46. Altibase 버전 간 마이그레이션 가이드__19333688.md	411	413	S017-D046-U120	command_or_sql_block	```\n$ grep -i err- upload.out\n```	section semantics	arch/Home/Altibase Data Migration Process Guide__22642994.md	405	covered	No English change required.	### 5.2 Verification	none	S017 direct inspection.
S017	DOCK/Home/46. Altibase 버전 간 마이그레이션 가이드__19333688.md	415	415	S017-D046-U121	paragraph	**테이블 수 확인**	section semantics	arch/Home/Altibase Data Migration Process Guide__22642994.md	405	covered	No English change required.	### 5.2 Verification	none	S017 direct inspection.
S017	DOCK/Home/46. Altibase 버전 간 마이그레이션 가이드__19333688.md	417	417	S017-D046-U122	paragraph	.log와 .bad 파일 개수가 테이블 수와 같아야 한다.	section semantics	arch/Home/Altibase Data Migration Process Guide__22642994.md	405	covered	No English change required.	### 5.2 Verification	none	S017 direct inspection.
S017	DOCK/Home/46. Altibase 버전 간 마이그레이션 가이드__19333688.md	419	422	S017-D046-U123	command_or_sql_block	```\n$ ls -l *.log | wc -l\n$ ls -l *.bad | wc -l\n```	section semantics	arch/Home/Altibase Data Migration Process Guide__22642994.md	405	covered	No English change required.	### 5.2 Verification	none	S017 direct inspection.
S017	DOCK/Home/46. Altibase 버전 간 마이그레이션 가이드__19333688.md	424	424	S017-D046-U124	paragraph	**레코드 오류 검증**	section semantics	arch/Home/Altibase Data Migration Process Guide__22642994.md	405	covered	No English change required.	### 5.2 Verification	none	S017 direct inspection.
S017	DOCK/Home/46. Altibase 버전 간 마이그레이션 가이드__19333688.md	426	426	S017-D046-U125	paragraph	log 파일에서 적재에 실패한 레코드가 있는 지 확인한다. Error Row Count가 모두 0 이어야 한다.	0	arch/Home/Altibase Data Migration Process Guide__22642994.md	405	covered	No English change required.	### 5.2 Verification	none	S017 direct inspection.
S017	DOCK/Home/46. Altibase 버전 간 마이그레이션 가이드__19333688.md	428	430	S017-D046-U126	command_or_sql_block	```\n$ grep -i 'error row count' *.log\n```	section semantics	arch/Home/Altibase Data Migration Process Guide__22642994.md	405	covered	No English change required.	### 5.2 Verification	none	S017 direct inspection.
S017	DOCK/Home/46. Altibase 버전 간 마이그레이션 가이드__19333688.md	432	432	S017-D046-U127	paragraph	**.bad 파일 검증**	section semantics	arch/Home/Altibase Data Migration Process Guide__22642994.md	405	covered	No English change required.	### 5.2 Verification	none	S017 direct inspection.
S017	DOCK/Home/46. Altibase 버전 간 마이그레이션 가이드__19333688.md	434	434	S017-D046-U128	paragraph	모든 .bad 파일 크기가 0이어야 한다.	section semantics	arch/Home/Altibase Data Migration Process Guide__22642994.md	405	covered	No English change required.	### 5.2 Verification	none	S017 direct inspection.
S017	DOCK/Home/46. Altibase 버전 간 마이그레이션 가이드__19333688.md	436	436	S017-D046-U129	paragraph	.bad 파일의 크기가 모두 0인지 확인:	section semantics	arch/Home/Altibase Data Migration Process Guide__22642994.md	405	covered	No English change required.	### 5.2 Verification	none	S017 direct inspection.
S017	DOCK/Home/46. Altibase 버전 간 마이그레이션 가이드__19333688.md	438	440	S017-D046-U130	command_or_sql_block	```\n$ ls -l *.bad | awk '{print $5}' | sort -u\n```	5	arch/Home/Altibase Data Migration Process Guide__22642994.md	405	covered	No English change required.	### 5.2 Verification	none	S017 direct inspection.
S017	DOCK/Home/46. Altibase 버전 간 마이그레이션 가이드__19333688.md	442	442	S017-D046-U131	paragraph	파일의 크기가 0이 아닌 .bad 파일 찾기:	section semantics	arch/Home/Altibase Data Migration Process Guide__22642994.md	405	covered	No English change required.	### 5.2 Verification	none	S017 direct inspection.
S017	DOCK/Home/46. Altibase 버전 간 마이그레이션 가이드__19333688.md	444	446	S017-D046-U132	command_or_sql_block	```\n$ find ./ -type f -name "*.bad" ! -size 0\n```	0	arch/Home/Altibase Data Migration Process Guide__22642994.md	405	covered	No English change required.	### 5.2 Verification	none	S017 direct inspection.
S017	DOCK/Home/46. Altibase 버전 간 마이그레이션 가이드__19333688.md	448	448	S017-D046-U133	paragraph	Error Row Count나 .bad 파일의 크기가 0이 아닌 테이블이 있다면 *username*_*tablename*.log 파일에서 오류가 발생한 레코드와 오류 메시지를 확인하여 조치하고 데이터를 다시 추출한다.	section semantics	arch/Home/Altibase Data Migration Process Guide__22642994.md	405	covered	No English change required.	### 5.2 Verification	none	S017 direct inspection.
S017	DOCK/Home/46. Altibase 버전 간 마이그레이션 가이드__19333688.md	450	450	S017-D046-U134	paragraph	**실행 예시:** SYS_CUSTOMERS.log에서 오류가 확인되었으므로 SYS_CUSTOMERS.log 파일을 확인한다.	SYS_CUSTOMERS.log; SYS_CUSTOMERS	arch/Home/Altibase Data Migration Process Guide__22642994.md	453	covered	No English change required.	SYS_CUSTOMERS.log:Error Row Count : 0	none	S017 direct inspection.
S017	DOCK/Home/46. Altibase 버전 간 마이그레이션 가이드__19333688.md	452	473	S017-D046-U135	command_or_sql_block	```\n$ grep -i 'error row count' *.log\nALTITEST_ORDERS.log:Error Row Count : 0\nSYS_CUSTOMERS.log:Error Row Count : 0\nSYS_DEPARTMENTS.log:Error Row Count : 0\nSYS_D_DEPARTMENTS.log:Error Row Count : 0\nSYS_EMPLOYEES...	ALTITEST_ORDERS.log; SYS_CUSTOMERS.log; SYS_DEPARTMENTS.log; SYS_D_DEPARTMENTS.log; SYS_EMPLOYEES.log; SYS_GOODS.log; SYS_ORDERS.log; SYS_PSM_TABLE.log	arch/Home/Altibase Data Migration Process Guide__22642994.md	452	covered	No English change required.	ALTITEST_ORDERS.log:Error Row Count : 0	none	S017 direct inspection.
S017	DOCK/Home/46. Altibase 버전 간 마이그레이션 가이드__19333688.md	475	475	S017-D046-U136	paragraph	.bad 파일은 적재에 실패한 레코드들이 기록된다.	section semantics	arch/Home/Altibase Data Migration Process Guide__22642994.md	405	covered	No English change required.	### 5.2 Verification	none	S017 direct inspection.
S017	DOCK/Home/46. Altibase 버전 간 마이그레이션 가이드__19333688.md	477	480	S017-D046-U137	command_or_sql_block	```\n$ cat SYS_ORDERS.bad\n12300004,2011/12/30 00:00:00:000000,20,15,"D1111000020",1000,2012/01/02 00:00:00:000000,"P"\n```	SYS_ORDERS; D1111000020; 12300004; 2011; 12; 30; 00; 000000	arch/Home/Altibase Data Migration Process Guide__22642994.md	448	covered	No English change required.	**Example of execution**: Since an error was found in the sample output, review the corresponding log file (`SYS_ORDERS.log` in this example).	none	S017 direct inspection.
S017	DOCK/Home/46. Altibase 버전 간 마이그레이션 가이드__19333688.md	482	482	S017-D046-U138	heading	## **6. 검증 및 후속 조치**	6	arch/Home/Altibase Data Migration Process Guide__22642994.md	480	covered	No English change required.	## **6. Verification and Follow-up Actions**	none	S017 direct inspection.
S017	DOCK/Home/46. Altibase 버전 간 마이그레이션 가이드__19333688.md	486	486	S017-D046-U139	paragraph	데이터 적재와 객체 생성이 끝나면 데이터베이스 관리자와 업무 담당자는 소스 Altibase와 대상 Altibase의 데이터를 비교하고, 주요 객체가 정상적으로 동작하는지 확인한다. 또한 애플리케이션과 배치 작업을 실행해 서비스가 정상적으로 수행되는지도 점검한다.	section semantics	arch/Home/Altibase Data Migration Process Guide__22642994.md	480	covered	No English change required.	## **6. Verification and Follow-up Actions**	none	S017 direct inspection.
S017	DOCK/Home/46. Altibase 버전 간 마이그레이션 가이드__19333688.md	488	488	S017-D046-U140	heading	# **참고 문서**	section semantics	arch/Home/Altibase Data Migration Process Guide__22642994.md	486	covered	No English change required.	# **Reference Documents**	none	S017 direct inspection.
S017	DOCK/Home/46. Altibase 버전 간 마이그레이션 가이드__19333688.md	492	492	S017-D046-U141	paragraph	aexport와 iloader의 세부 기능 및 고급 사용법이 필요할 경우 다음 매뉴얼을 참조한다.	section semantics	arch/Home/Altibase Data Migration Process Guide__22642994.md	486	covered	No English change required.	# **Reference Documents**	none	S017 direct inspection.
S017	DOCK/Home/46. Altibase 버전 간 마이그레이션 가이드__19333688.md	494	494	S017-D046-U142	list_item	- [Utilities Manual](https://manual.altibase.com/7.3/tools/util/copyright/)	https://manual.altibase.com/7.3/tools/util/copyright/; 7.3	arch/Home/Altibase Data Migration Process Guide__22642994.md	492	covered	No English change required.	- [Utilities Manual](https://manual.altibase.com/7.3/en/tools/util/copyright/)	none	S017 direct inspection.
S017	DOCK/Home/46. Altibase 버전 간 마이그레이션 가이드__19333688.md	495	495	S017-D046-U143	list_item	- [iLoader User's Manual](https://manual.altibase.com/7.3/tools/iloader/copyright/)	https://manual.altibase.com/7.3/tools/iloader/copyright/; iLoader; iloader; 7.3	arch/Home/Altibase Data Migration Process Guide__22642994.md	493	covered	No English change required.	- [iLoader User's Manual](https://manual.altibase.com/7.3/en/tools/iloader/copyright/)	none	S017 direct inspection.
S017	DOCK/Home/61. Altibase VC 2010 개발가이드__19334121.md	1	11	S017-D061-U001	metadata	--- title: "61. Altibase VC 2010 개발가이드" page_id: "19334121" space_key: "DOCK" space_name: "Technical Documents(한국어)" source_url: "https://docs.altibase.com/pages/viewpage.action?pageId=19334121" updated_at: "2023-11-0...	https://docs.altibase.com/pages/viewpage.action?pageId=19334121"; DOCK; Altibase; 61; 2010; 19334121; 2023; 11	arch/Home/Altibase VC 2010 Development Guide__19334121.md	14	not_applicable	Excluded from technical coverage.	English target has its own translated front matter.	none	Export metadata is not technical content.
S017	DOCK/Home/61. Altibase VC 2010 개발가이드__19334121.md	13	13	S017-D061-U002	heading	# 61. Altibase VC 2010 개발가이드	Altibase; 61; 2010	arch/Home/Altibase VC 2010 Development Guide__19334121.md	14	covered	No English change required.	# Altibase VC 2010 Development Guide	none	S017 direct inspection.
S017	DOCK/Home/61. Altibase VC 2010 개발가이드__19334121.md	14	14	S017-D061-U003	paragraph	Source: https://docs.altibase.com/pages/viewpage.action?pageId=19334121	https://docs.altibase.com/pages/viewpage.action?pageId=19334121; 19334121	arch/Home/Altibase VC 2010 Development Guide__19334121.md	14	not_applicable	Excluded from technical coverage.	English target preserves page source metadata separately.	none	Export source/update metadata is not technical content.
S017	DOCK/Home/61. Altibase VC 2010 개발가이드__19334121.md	15	15	S017-D061-U004	paragraph	Updated: 2023-11-02T13:34:57.000+0900	2023; 11; 34; 57.000; 0900	arch/Home/Altibase VC 2010 Development Guide__19334121.md	14	not_applicable	Excluded from technical coverage.	English target preserves page source metadata separately.	none	Export source/update metadata is not technical content.
S017	DOCK/Home/61. Altibase VC 2010 개발가이드__19334121.md	17	17	S017-D061-U005	list_item	- [개요](#id-61.AltibaseVC2010개발가이드-개요) - [Visual C++ 개발 가이드 문서](#id-61.AltibaseVC2010개발가이드-VisualC++개발가이드문서)	61	arch/Home/Altibase VC 2010 Development Guide__19334121.md	14	not_applicable	Excluded from technical coverage.	English target has generated navigation for the translated headings.	none	Generated Confluence table of contents/navigation.
S017	DOCK/Home/61. Altibase VC 2010 개발가이드__19334121.md	19	19	S017-D061-U006	heading	# 개요	section semantics	arch/Home/Altibase VC 2010 Development Guide__19334121.md	20	covered	No English change required.	# Overview	none	S017 direct inspection.
S017	DOCK/Home/61. Altibase VC 2010 개발가이드__19334121.md	23	23	S017-D061-U007	paragraph	본 문서에서는 Altibase를 사용하여 Visual C++ 2010 개발 가이드 입니다.	2010	arch/Home/Altibase VC 2010 Development Guide__19334121.md	24	covered	No English change required.	This document is a Visual C++ 2010 development guide for using Altibase.	none	S017 direct inspection.
S017	DOCK/Home/61. Altibase VC 2010 개발가이드__19334121.md	25	25	S017-D061-U008	paragraph	이 문서와 관련된 오류 및 개선사항은 기술지원포털 또는 기술지원센터로 문의주시기 바랍니다.	section semantics	arch/Home/Altibase VC 2010 Development Guide__19334121.md	20	covered	No English change required.	# Overview	none	S017 direct inspection.
S017	DOCK/Home/61. Altibase VC 2010 개발가이드__19334121.md	27	27	S017-D061-U009	support	- 기술지원포털 : [http://support.altibase.com](http://support.altibase.com/) ▶ 기술 지식 ▶ Q&A	http://support.altibase.com; http://support.altibase.com/	arch/Home/Altibase VC 2010 Development Guide__19334121.md	28	covered	No English change required.	- Technical support portal: [http://support.altibase.com](http://support.altibase.com/) > Technical Knowledge > Q&A	none	S017 direct inspection.
S017	DOCK/Home/61. Altibase VC 2010 개발가이드__19334121.md	28	28	S017-D061-U010	support	- 기술지원센터 : 02-2082-1114	02; 2082; 1114	arch/Home/Altibase VC 2010 Development Guide__19334121.md	29	covered	No English change required.	- Technical support center: 02-2082-1114	none	S017 direct inspection.
S017	DOCK/Home/61. Altibase VC 2010 개발가이드__19334121.md	30	30	S017-D061-U011	paragraph	이 문서는 정보 제공을 목적으로 제공되며, 사전에 예고 없이 변경될 수 있습니다. 이 문서는 오류가 있을 수 있으며, 상업적 또는 특정 목적에 부합하는 명시적, 묵시적인 책임이 일절 없습니다.	section semantics	arch/Home/Altibase VC 2010 Development Guide__19334121.md	20	not_applicable	Excluded from technical coverage.	English target preserves equivalent legal/support boilerplate where relevant.	none	Nontechnical legal boilerplate recorded explicitly.
S017	DOCK/Home/61. Altibase VC 2010 개발가이드__19334121.md	32	32	S017-D061-U012	paragraph	이 문서에 포함된 Altibase 제품의 특징이나 기능의 개발, 발표 등의 시기는 Altibase 재량입니다.	Altibase	arch/Home/Altibase VC 2010 Development Guide__19334121.md	20	not_applicable	Excluded from technical coverage.	English target preserves equivalent legal/support boilerplate where relevant.	none	Nontechnical legal boilerplate recorded explicitly.
S017	DOCK/Home/61. Altibase VC 2010 개발가이드__19334121.md	34	34	S017-D061-U013	paragraph	Altibase는 이 문서에 대하여 관련된 특허권, 상표권, 저작권 또는 기타 지적 재산권을 보유할 수 있습니다.	section semantics	arch/Home/Altibase VC 2010 Development Guide__19334121.md	20	not_applicable	Excluded from technical coverage.	English target preserves equivalent legal/support boilerplate where relevant.	none	Nontechnical legal boilerplate recorded explicitly.
S017	DOCK/Home/61. Altibase VC 2010 개발가이드__19334121.md	36	36	S017-D061-U014	heading	# Visual C++ 개발 가이드 문서	section semantics	arch/Home/Altibase VC 2010 Development Guide__19334121.md	37	covered	No English change required.	# Visual C++ Development Guide Document	none	S017 direct inspection.
S017	DOCK/Home/61. Altibase VC 2010 개발가이드__19334121.md	40	40	S017-D061-U015	paragraph	본 문서는 Altibase v5를 기반으로 작성 된 문서입니다.	Altibase	arch/Home/Altibase VC 2010 Development Guide__19334121.md	41	covered	No English change required.	This document is based on Altibase v5.	none	S017 direct inspection.
S017	DOCK/Home/61. Altibase VC 2010 개발가이드__19334121.md	42	42	S017-D061-U016	attachment_reference	다운로드 가능 문서 : [ALTIBASE_VC_2010_개발가이드.pdf](https://docs.altibase.com/download/attachments/19334121/ALTIBASE_VC_2010_%EA%B0%9C%EB%B0%9C%EA%B0%80%EC%9D%B4%EB%93%9C.pdf?version=1&modificationDate=1698738784000&api=v2)	https://docs.altibase.com/download/attachments/19334121/ALTIBASE_VC_2010_%EA%B0%9C%EB%B0%9C%EA%B0%80%EC%9D%B4%EB%93%9C.pdf?version=1&modificationDate=1698738784000&api=v2; ALTIBASE_VC_2010_개발가이드.pdf; 9C.pdf; ALTIBASE_VC_2010_; 19334121; 80; 93; 1	arch/Home/Altibase VC 2010 Development Guide__19334121.md	43	covered	No English change required.	Downloadable document: [ALTIBASE_VC_2010_개발가이드.pdf](https://docs.altibase.com/download/attachments/19334121/ALTIBASE_VC_2010_%EA%B0%9C%EB%B0%9C%EA%B0%80%EC%9D%B4%EB%93%9C.pdf?version=1&modificationDate=1698738784000&a...	none	S017 direct inspection.
S017	DOCK/Home/65. MSSQL to Altibase 변환가이드__7341431.md	1	11	S017-D065-U001	metadata	--- title: "65. MSSQL to Altibase 변환가이드" page_id: "7341431" space_key: "DOCK" space_name: "Technical Documents(한국어)" source_url: "https://docs.altibase.com/pages/viewpage.action?pageId=7341431" updated_at: "2025-10-02...	https://docs.altibase.com/pages/viewpage.action?pageId=7341431"; MSSQL; DOCK; Altibase; 65; 7341431; 2025; 10	arch/Home/MSSQL to ALTIBASE Conversion Guide__22643024.md	13	not_applicable	Excluded from technical coverage.	English target has its own translated front matter.	none	Export metadata is not technical content.
S017	DOCK/Home/65. MSSQL to Altibase 변환가이드__7341431.md	13	13	S017-D065-U002	heading	# 65. MSSQL to Altibase 변환가이드	MSSQL; Altibase; 65	arch/Home/MSSQL to ALTIBASE Conversion Guide__22643024.md	13	covered	No English change required.	# MSSQL to ALTIBASE Conversion Guide	none	S017 direct inspection.
S017	DOCK/Home/65. MSSQL to Altibase 변환가이드__7341431.md	14	14	S017-D065-U003	paragraph	Source: https://docs.altibase.com/pages/viewpage.action?pageId=7341431	https://docs.altibase.com/pages/viewpage.action?pageId=7341431; 7341431	arch/Home/MSSQL to ALTIBASE Conversion Guide__22643024.md	13	not_applicable	Excluded from technical coverage.	English target preserves page source metadata separately.	none	Export source/update metadata is not technical content.
S017	DOCK/Home/65. MSSQL to Altibase 변환가이드__7341431.md	15	15	S017-D065-U004	paragraph	Updated: 2025-10-02T14:03:34.883+0900	2025; 10; 03; 34.883; 0900	arch/Home/MSSQL to ALTIBASE Conversion Guide__22643024.md	13	not_applicable	Excluded from technical coverage.	English target preserves page source metadata separately.	none	Export source/update metadata is not technical content.
S017	DOCK/Home/65. MSSQL to Altibase 변환가이드__7341431.md	17	17	S017-D065-U005	list_item	- [개요](#id-65.MSSQLtoAltibase변환가이드-개요) - [SQL Server Schema 변환시 고려사항](#id-65.MSSQLtoAltibase변환가이드-SQLServerSchema변환시고려사항) - [Object 변환](#id-65.MSSQLtoAltibase변환가이드-Object변환) - [DATATYPE](#id-65.MSSQLtoAltibase변환가이드-DA...	SQL; DATATYPE; FUNCTION; EXPRESSION; OBJECT; CREATE; TABLESPACE; CREATETABLESPACE	arch/Home/MSSQL to ALTIBASE Conversion Guide__22643024.md	13	not_applicable	Excluded from technical coverage.	English target has generated navigation for the translated headings.	none	Generated Confluence table of contents/navigation.
S017	DOCK/Home/65. MSSQL to Altibase 변환가이드__7341431.md	19	19	S017-D065-U006	heading	# 개요	section semantics	arch/Home/MSSQL to ALTIBASE Conversion Guide__22643024.md	19	covered	No English change required.	# Overview	none	S017 direct inspection.
S017	DOCK/Home/65. MSSQL to Altibase 변환가이드__7341431.md	23	23	S017-D065-U007	paragraph	본 문서는 Microsoft사의 SQL Server에서 ALTIBASE로 변환할 때 고려할 사항과 변환 방법에 대해 설명한다.	SQL	arch/Home/MSSQL to ALTIBASE Conversion Guide__22643024.md	23	covered	No English change required.	This document explains the considerations and methods for migrating from Microsoft SQL Server to ALTIBASE.	none	S017 direct inspection.
S017	DOCK/Home/65. MSSQL to Altibase 변환가이드__7341431.md	25	25	S017-D065-U008	paragraph	SQL Server 2016와 Altibase 7.1 이상 버전을 대상으로 한다.	SQL; SQL Server; Altibase; 7.1	arch/Home/MSSQL to ALTIBASE Conversion Guide__22643024.md	23	covered	No English change required.	This document explains the considerations and methods for migrating from Microsoft SQL Server to ALTIBASE.	none	S017 direct inspection.
S017	DOCK/Home/65. MSSQL to Altibase 변환가이드__7341431.md	27	27	S017-D065-U009	paragraph	이 문서와 관련된 오류 및 개선사항은 기술지원포털 또는 기술지원센터로 문의주시기 바랍니다.	section semantics	arch/Home/MSSQL to ALTIBASE Conversion Guide__22643024.md	19	covered	No English change required.	# Overview	none	S017 direct inspection.
S017	DOCK/Home/65. MSSQL to Altibase 변환가이드__7341431.md	29	29	S017-D065-U010	support	- 기술지원포털 : [http://support.altibase.com](http://support.altibase.com/) ▶ 기술 지식 ▶ Q&A	http://support.altibase.com; http://support.altibase.com/	arch/Home/MSSQL to ALTIBASE Conversion Guide__22643024.md	29	covered	No English change required.	- Technical support portal: [http://support.altibase.com](http://support.altibase.com/) > Technical Knowledge > Q&A	none	S017 direct inspection.
S017	DOCK/Home/65. MSSQL to Altibase 변환가이드__7341431.md	30	30	S017-D065-U011	support	- 기술지원센터 : 02-2082-1114	02; 2082; 1114	arch/Home/MSSQL to ALTIBASE Conversion Guide__22643024.md	30	covered	No English change required.	- Technical support center: 02-2082-1114	none	S017 direct inspection.
S017	DOCK/Home/65. MSSQL to Altibase 변환가이드__7341431.md	32	32	S017-D065-U012	paragraph	이 문서는 정보 제공을 목적으로 제공되며, 사전에 예고 없이 변경될 수 있습니다. 이 문서는 오류가 있을 수 있으며, 상업적 또는 특정 목적에 부합하는 명시적, 묵시적인 책임이 일절 없습니다.	section semantics	arch/Home/MSSQL to ALTIBASE Conversion Guide__22643024.md	19	not_applicable	Excluded from technical coverage.	English target preserves equivalent legal/support boilerplate where relevant.	none	Nontechnical legal boilerplate recorded explicitly.
S017	DOCK/Home/65. MSSQL to Altibase 변환가이드__7341431.md	34	34	S017-D065-U013	paragraph	이 문서에 포함된 Altibase 제품의 특징이나 기능의 개발, 발표 등의 시기는 Altibase 재량입니다.	Altibase	arch/Home/MSSQL to ALTIBASE Conversion Guide__22643024.md	19	not_applicable	Excluded from technical coverage.	English target preserves equivalent legal/support boilerplate where relevant.	none	Nontechnical legal boilerplate recorded explicitly.
S017	DOCK/Home/65. MSSQL to Altibase 변환가이드__7341431.md	36	36	S017-D065-U014	paragraph	Altibase는 이 문서에 대하여 관련된 특허권, 상표권, 저작권 또는 기타 지적 재산권을 보유할 수 있습니다.	section semantics	arch/Home/MSSQL to ALTIBASE Conversion Guide__22643024.md	19	not_applicable	Excluded from technical coverage.	English target preserves equivalent legal/support boilerplate where relevant.	none	Nontechnical legal boilerplate recorded explicitly.
S017	DOCK/Home/65. MSSQL to Altibase 변환가이드__7341431.md	38	38	S017-D065-U015	heading	# SQL Server Schema 변환시 고려사항	SQL; SQL Server	arch/Home/MSSQL to ALTIBASE Conversion Guide__22643024.md	38	covered	No English change required.	# Considerations When Converting SQL Server Schema	none	S017 direct inspection.
S017	DOCK/Home/65. MSSQL to Altibase 변환가이드__7341431.md	42	42	S017-D065-U016	paragraph	SQL Server의 스키마는 객체를 담는 컨테이너(논리적 네임스페이스)이다.	SQL	arch/Home/MSSQL to ALTIBASE Conversion Guide__22643024.md	38	covered	No English change required.	# Considerations When Converting SQL Server Schema	none	S017 direct inspection.
S017	DOCK/Home/65. MSSQL to Altibase 변환가이드__7341431.md	44	44	S017-D065-U017	paragraph	Altibase는 스키마와 사용자가 분리되어 있지 않음으로 특정 User 단위로 맵핑하여 변환하여야 한다.	section semantics	arch/Home/MSSQL to ALTIBASE Conversion Guide__22643024.md	38	covered	No English change required.	# Considerations When Converting SQL Server Schema	none	S017 direct inspection.
S017	DOCK/Home/65. MSSQL to Altibase 변환가이드__7341431.md	46	46	S017-D065-U018	table_row	| 항목 | **SQL Server** | **Altibase** |	SQL; SQL Server; Altibase	arch/Home/MSSQL to ALTIBASE Conversion Guide__22643024.md	46	covered	No English change required.	| Item | **SQL Server** | **Altibase** |	none	S017 direct table-row alignment.
S017	DOCK/Home/65. MSSQL to Altibase 변환가이드__7341431.md	48	48	S017-D065-U019	table_row	| 특징 | 스키마와 사용자가 분리되어 있음(SQL Server 2005 이후)<br>하나의 사용자(User)가 여러 스키마에 접근 가능<br>권한을 스키마 단위로 부여 가능 | 스키마 = 사용자<br>스키마를 따로 만들수 없고 반드시 USER 단위로 객체를 생성해야 함 |	SQL; USER; SQL Server; 2005	arch/Home/MSSQL to ALTIBASE Conversion Guide__22643024.md	48	covered	No English change required.	| Feature | Schemas and users are separated (since SQL Server 2005) One user can access multiple schemas Permissions can be granted at the schema level | Schema = User Schemas cannot be created separately; objects mus...	none	S017 direct table-row alignment.
S017	DOCK/Home/65. MSSQL to Altibase 변환가이드__7341431.md	49	49	S017-D065-U020	table_row	| 예시 | CREATE SCHEMA Sales AUTHORIZATION John; CREATE TABLE Sales.Customers (...); | CREATE USER Sales IDENTIFIED BY salespwd; CREATE TABLE Sales.Customers (...); |	CREATE; SCHEMA; AUTHORIZATION; TABLE; USER; IDENTIFIED	arch/Home/MSSQL to ALTIBASE Conversion Guide__22643024.md	49	covered	No English change required.	| Example | CREATE SCHEMA Sales AUTHORIZATION John; CREATE TABLE Sales.Customers (...); | CREATE USER Sales IDENTIFIED BY salespwd; CREATE TABLE Sales.Customers (...); |	none	S017 direct table-row alignment.
S017	DOCK/Home/65. MSSQL to Altibase 변환가이드__7341431.md	51	51	S017-D065-U021	paragraph	SQL Server 스키마를 Altibase로 옮길 때는 아래 표와 같이 "스키마 = User"로 치환하고, dbo 같은 공통 스키마는 별도 User를 만들어 대체한다.	SQL; SQL Server	arch/Home/MSSQL to ALTIBASE Conversion Guide__22643024.md	38	covered	No English change required.	# Considerations When Converting SQL Server Schema	none	S017 direct inspection.
S017	DOCK/Home/65. MSSQL to Altibase 변환가이드__7341431.md	53	53	S017-D065-U022	table_row	| 항목 | **SQL Server** | **Altibase** | **비고** |	SQL; SQL Server; Altibase	arch/Home/MSSQL to ALTIBASE Conversion Guide__22643024.md	53	covered	No English change required.	| Item | SQL Server | Altibase | Remarks |	none	S017 direct table-row alignment.
S017	DOCK/Home/65. MSSQL to Altibase 변환가이드__7341431.md	55	55	S017-D065-U023	table_row	| 스키마 구조 | user 와 독립 | user = Schema | 변환시 SQL Server 의 스키마를 Altibase 에서는 User로 맵핑해야 함 |	SQL; SQL Server; Altibase	arch/Home/MSSQL to ALTIBASE Conversion Guide__22643024.md	55	covered	No English change required.	| Schema Structure | Independent from user | user = Schema | When converting, SQL Server schemas must be mapped to Altibase users |	none	S017 direct table-row alignment.
S017	DOCK/Home/65. MSSQL to Altibase 변환가이드__7341431.md	56	56	S017-D065-U024	table_row	| 기본 스키마 | dbo | 미지원 | Altibase는 dbo 스키마가 없음으로 특정 유저 생성으로 대체 |	기본 스키마	arch/Home/MSSQL to ALTIBASE Conversion Guide__22643024.md	56	covered	No English change required.	| Default Schema | dbo | Not supported | Altibase does not have dbo schema, so it should be replaced by creating a specific user |	none	S017 direct table-row alignment.
S017	DOCK/Home/65. MSSQL to Altibase 변환가이드__7341431.md	57	57	S017-D065-U025	table_row	| 공통 객체 관리 | dbo 사용 | 별도 user 생성후 권한 부여 | dbo.TableName 형태는 → 특정 유저 스키마로 매핑 및 권한 부여 필요 |	공통 객체 관리	arch/Home/MSSQL to ALTIBASE Conversion Guide__22643024.md	57	covered	No English change required.	| Common Object Management | Uses dbo | Create separate user and grant permissions | dbo.TableName format needs to be mapped to a specific user schema and granted permissions |	none	S017 direct table-row alignment.
S017	DOCK/Home/65. MSSQL to Altibase 변환가이드__7341431.md	58	58	S017-D065-U026	table_row	| 권한 부여 단위 | 스키마 단위 가능 | 객체 단위만 가능 | 스키마 단위 권한은 객체 단위 권한으로 세분화 필요 |	권한 부여 단위	arch/Home/MSSQL to ALTIBASE Conversion Guide__22643024.md	58	covered	No English change required.	| Permission Grant Unit | Can be at schema level | Only at object level | Schema-level permissions must be broken down into object-level permissions |	none	S017 direct table-row alignment.
S017	DOCK/Home/65. MSSQL to Altibase 변환가이드__7341431.md	59	59	S017-D065-U027	table_row	| 이름 충돌 처리 | 스키마 구분으로 해결 | User 명으로 해결 | 변환시 SQL Server의 스키마명이 Altibase의 USER명과 충돌하지 않도록 주의 |	SQL	arch/Home/MSSQL to ALTIBASE Conversion Guide__22643024.md	59	covered	No English change required.	| Naming Conflict Handling | Resolved by schema separation | Resolved by user name | Be careful that SQL Server schema names do not conflict with Altibase user names during conversion |	none	S017 direct table-row alignment.
S017	DOCK/Home/65. MSSQL to Altibase 변환가이드__7341431.md	61	61	S017-D065-U028	heading	# Object 변환	section semantics	arch/Home/MSSQL to ALTIBASE Conversion Guide__22643024.md	61	covered	No English change required.	# Object Conversion	none	S017 direct inspection.
S017	DOCK/Home/65. MSSQL to Altibase 변환가이드__7341431.md	65	65	S017-D065-U029	paragraph	SQL SERVER의 OBJECT를 ALTIBASE로 변환할 때 고려할 사항에 대해 기술한다.	SQL	arch/Home/MSSQL to ALTIBASE Conversion Guide__22643024.md	65	covered	No English change required.	This section describes the considerations when converting SQL Server objects to ALTIBASE.	none	S017 direct inspection.
S017	DOCK/Home/65. MSSQL to Altibase 변환가이드__7341431.md	67	67	S017-D065-U030	heading	## DATATYPE	DATATYPE	arch/Home/MSSQL to ALTIBASE Conversion Guide__22643024.md	67	covered	No English change required.	## DATATYPE	none	S017 direct inspection.
S017	DOCK/Home/65. MSSQL to Altibase 변환가이드__7341431.md	71	71	S017-D065-U031	paragraph	SQL SERVER의 TABLE을 Altibase로 변환할 때 각각의 DATATYPE을 어떻게 변환하는지에 대해 설명한다.	SQL	arch/Home/MSSQL to ALTIBASE Conversion Guide__22643024.md	71	covered	No English change required.	This section explains how each DATATYPE in SQL Server tables is converted when migrating to Altibase.	none	S017 direct inspection.
S017	DOCK/Home/65. MSSQL to Altibase 변환가이드__7341431.md	73	73	S017-D065-U032	table_row	| **분류** | **SQL Server** | **Altibase** | SQL Server 최대크기 | **ALTIBASE 최대 크기** | 비고 |	SQL; ALTIBASE; SQL Server; Altibase	arch/Home/MSSQL to ALTIBASE Conversion Guide__22643024.md	73	covered	No English change required.	| Category | **SQL Server** | **Altibase** | SQL Server Maximum | **ALTIBASE Maximum** | Remark |	none	S017 direct table-row alignment.
S017	DOCK/Home/65. MSSQL to Altibase 변환가이드__7341431.md	75	75	S017-D065-U033	table_row	| 문자타입 | CHAR | CHAR | 8000 byte CHAR(MAX) : 2GB | 32000 byte | CHAR(MAX)는 ALTIBASE의 CLOB으로 변환 |	CHAR; MAX; 8000; 32000	arch/Home/MSSQL to ALTIBASE Conversion Guide__22643024.md	75	covered	No English change required.	| Character Types | CHAR | CHAR | 8000 byte CHAR(MAX) : 2GB | 32000 byte | CHAR(MAX) is converted to CLOB in ALTIBASE. |	none	S017 direct table-row alignment.
S017	DOCK/Home/65. MSSQL to Altibase 변환가이드__7341431.md	76	76	S017-D065-U034	table_row	| VARCHAR | VARCHAR | 8000 byte VARCHAR(MAX) : 최대 2GB | 32000 byte | VARCHAR(MAX)는 ALTIBASE의 CLOB으로 변환 | |	VARCHAR; MAX; 8000; 32000	arch/Home/MSSQL to ALTIBASE Conversion Guide__22643024.md	76	covered	No English change required.	| VARCHAR | VARCHAR | 8000 byte VARCHAR(MAX) : Max 2GB | 32000 byte | VARCHAR(MAX) is converted to CLOB in ALTIBASE. | |	none	S017 direct table-row alignment.
S017	DOCK/Home/65. MSSQL to Altibase 변환가이드__7341431.md	77	77	S017-D065-U035	table_row	| NCHAR | NCHAR | 8000 byte<br>NCHAR(MAX) : 2GB | Max length: 16000(UTF16), Max length: 10666(UTF8) | NCHAR(max) 는 ALTIBASE의 CLOB으로 변환 | |	NCHAR; MAX; UTF16; UTF8; 8000; 16000; 10666	arch/Home/MSSQL to ALTIBASE Conversion Guide__22643024.md	77	covered	No English change required.	| NCHAR | NCHAR | 8000 byte<br>NCHAR(MAX) : 2GB | Max length: 16000(UTF16), Max length: 10666(UTF8) | NCHAR(MAX) is converted to CLOB in ALTIBASE. | |	none	S017 direct table-row alignment.
S017	DOCK/Home/65. MSSQL to Altibase 변환가이드__7341431.md	78	78	S017-D065-U036	table_row	| NVARCHAR | NVARCHAR | 8000 byte<br>NVARCHAR(MAX) : 2GB | Max length: 16000(UTF16), Max length: 10666(UTF8) | NVARCHAR(MAX)는 ALTIBASE의 CLOB으로 변환 | |	NVARCHAR; MAX; UTF16; UTF8; 8000; 16000; 10666	arch/Home/MSSQL to ALTIBASE Conversion Guide__22643024.md	78	covered	No English change required.	| NVARCHAR | NVARCHAR | 8000 byte<br>NVARCHAR(MAX) : 2GB | Max length: 16000(UTF16), Max length: 10666(UTF8) | NVARCHAR(MAX) is converted to CLOB in ALTIBASE. | |	none	S017 direct table-row alignment.
S017	DOCK/Home/65. MSSQL to Altibase 변환가이드__7341431.md	79	79	S017-D065-U037	table_row	| BINARY | BYTE사용 | 8000 byte | 32000 byte | | |	BINARY; 8000; 32000	arch/Home/MSSQL to ALTIBASE Conversion Guide__22643024.md	79	covered	No English change required.	| BINARY | BYTE | 8000 byte | 32000 byte | | |	none	S017 direct table-row alignment.
S017	DOCK/Home/65. MSSQL to Altibase 변환가이드__7341431.md	80	80	S017-D065-U038	table_row	| VARBINARY | BLOB사용 | 8000 byte | 2GB | VARBINARY(MAX)는 BLOB으로 변환 | |	VARBINARY; MAX; 8000	arch/Home/MSSQL to ALTIBASE Conversion Guide__22643024.md	80	covered	No English change required.	| VARBINARY | BLOB | 8000 byte | 2GB | VARBINARY(MAX) is converted to BLOB in ALTIBASE. | |	none	S017 direct table-row alignment.
S017	DOCK/Home/65. MSSQL to Altibase 변환가이드__7341431.md	81	81	S017-D065-U039	table_row	| IMAGE -> VARBINARY(MAX) | BLOB사용 | 2GB | 2GB | SQL Server 2005이후<br>VARBINARY(MAX)로 대체 권장 | |	IMAGE; VARBINARY; MAX; SQL; SQL Server	arch/Home/MSSQL to ALTIBASE Conversion Guide__22643024.md	81	covered	No English change required.	| IMAGE -> VARBINARY(MAX) | BLOB | 2GB | 2GB | Since SQL Server 2005,<br>it is recommended to use VARBINARY(MAX) as a replacement. | |	none	S017 direct table-row alignment.
S017	DOCK/Home/65. MSSQL to Altibase 변환가이드__7341431.md	82	82	S017-D065-U040	table_row	| TEXT, NTEXT<br>-> VARCHAR(MAX)<br>NVARCHAR(MAX) | CLOB사용 | TEXT : 65536 byte NTEXT : 2GB | 2GB | SQL Server 2005이후 VARCHAR(MAX) 또는 NVARCHAR(MAX)로 대체 권장 | |	TEXT; NTEXT; VARCHAR; MAX; NVARCHAR; SQL; SQL Server; 65536	arch/Home/MSSQL to ALTIBASE Conversion Guide__22643024.md	82	covered	No English change required.	| TEXT, NTEXT<br>-> VARCHAR(MAX)<br>NVARCHAR(MAX) | CLOB | TEXT : 65536 byte NTEXT : 2GB | 2GB | Since SQL Server 2005,<br>it is recommended to use VARCHAR(MAX) or NVARCHAR(MAX) as replacements. | |	none	S017 direct table-row alignment.
S017	DOCK/Home/65. MSSQL to Altibase 변환가이드__7341431.md	83	83	S017-D065-U041	table_row	| 숫자타입 | BIGINT | BIGINT | | | |	BIGINT	arch/Home/MSSQL to ALTIBASE Conversion Guide__22643024.md	83	covered	No English change required.	| Numeric Types | BIGINT | BIGINT | | | |	none	S017 direct table-row alignment.
S017	DOCK/Home/65. MSSQL to Altibase 변환가이드__7341431.md	84	84	S017-D065-U042	table_row	| NUMERIC | NUMERIC | | | | |	NUMERIC	arch/Home/MSSQL to ALTIBASE Conversion Guide__22643024.md	84	covered	No English change required.	| NUMERIC | NUMERIC | | | | |	none	S017 direct table-row alignment.
S017	DOCK/Home/65. MSSQL to Altibase 변환가이드__7341431.md	85	85	S017-D065-U043	table_row	| BIT | BIT | | | | |	BIT	arch/Home/MSSQL to ALTIBASE Conversion Guide__22643024.md	85	covered	No English change required.	| BIT | BIT | | | | |	none	S017 direct table-row alignment.
S017	DOCK/Home/65. MSSQL to Altibase 변환가이드__7341431.md	86	86	S017-D065-U044	table_row	| SMALLINT | SMALLINT | | | | |	SMALLINT	arch/Home/MSSQL to ALTIBASE Conversion Guide__22643024.md	86	covered	No English change required.	| SMALLINT | SMALLINT | | | | |	none	S017 direct table-row alignment.
S017	DOCK/Home/65. MSSQL to Altibase 변환가이드__7341431.md	87	87	S017-D065-U045	table_row	| TINYINT | SMALLINT | TINEYINT : 1 byte | SMALLINT : 2 byte | | |	TINYINT; SMALLINT; TINEYINT; 1; 2	arch/Home/MSSQL to ALTIBASE Conversion Guide__22643024.md	87	covered	No English change required.	| TINYINT | SMALLINT | TINEYINT : 1 byte | SMALLINT : 2 byte | | |	none	S017 direct table-row alignment.
S017	DOCK/Home/65. MSSQL to Altibase 변환가이드__7341431.md	88	88	S017-D065-U046	table_row	| REAL | REAL | | | | |	REAL	arch/Home/MSSQL to ALTIBASE Conversion Guide__22643024.md	88	covered	No English change required.	| REAL | REAL | | | | |	none	S017 direct table-row alignment.
S017	DOCK/Home/65. MSSQL to Altibase 변환가이드__7341431.md	89	89	S017-D065-U047	table_row	| INT | INTEGER 사용 | | | | |	INT; INTEGER	arch/Home/MSSQL to ALTIBASE Conversion Guide__22643024.md	89	covered	No English change required.	| INT | INTEGER | | | | |	none	S017 direct table-row alignment.
S017	DOCK/Home/65. MSSQL to Altibase 변환가이드__7341431.md	90	90	S017-D065-U048	table_row	| MONEY | decimal(p, s) 사용 | | | | |	MONEY	arch/Home/MSSQL to ALTIBASE Conversion Guide__22643024.md	90	covered	No English change required.	| MONEY | decimal(p, s) | | | | |	none	S017 direct table-row alignment.
S017	DOCK/Home/65. MSSQL to Altibase 변환가이드__7341431.md	91	91	S017-D065-U049	table_row	| SMALLMONEY | decimal(p, s) 사용 | | | | |	SMALLMONEY	arch/Home/MSSQL to ALTIBASE Conversion Guide__22643024.md	91	covered	No English change required.	| SMALLMONEY | decimal(p, s) | | | | |	none	S017 direct table-row alignment.
S017	DOCK/Home/65. MSSQL to Altibase 변환가이드__7341431.md	92	92	S017-D065-U050	table_row	| 날짜타입 | DATE | DATE | | | 날짜만 저장. 형식: YYYY-MM-DD |	DATE; YYYY-MM-DD	arch/Home/MSSQL to ALTIBASE Conversion Guide__22643024.md	92	covered	No English change required.	| Date Types | DATE | DATE | | | Stores only the date. Format: YYYY-MM-DD |	none	S017 direct table-row alignment.
S017	DOCK/Home/65. MSSQL to Altibase 변환가이드__7341431.md	93	93	S017-D065-U051	table_row	| DATETIMEOFFSET | Altibase 미지원 | | | 날짜, 시각 및 타임존까지 저장. 형식: YYYY-MM-DD hh:mm:ss[.nnnnnnn] [+\|-]hh:mm Altibase는 타임존을 제외하면 DATE 사용으로 대체 가능 | |	DATETIMEOFFSET; YYYY-MM-DD; DATE; Altibase	arch/Home/MSSQL to ALTIBASE Conversion Guide__22643024.md	93	covered	No English change required.	| DATETIMEOFFSET | Not Supported | | | Store the date, time, and time zone. Format: YYYY-MM-DD hh:mm:ss [+\|-]hh:mm In Altibase, this can be replaced with DATE if the time zone is excluded. | |	none	S017 direct table-row alignment.
S017	DOCK/Home/65. MSSQL to Altibase 변환가이드__7341431.md	94	94	S017-D065-U052	table_row	| DATETIME2 | DATE 사용 | | | 날짜와 시각 저장. 형식: YYYY-MM-DD hh:mm:ss[.nnnnnnn] 알티베이스는 마이크로초(6자리 소수)까지 저장 | |	DATETIME2; DATE; YYYY-MM-DD	arch/Home/MSSQL to ALTIBASE Conversion Guide__22643024.md	94	covered	No English change required.	| DATETIME2 | DATE | | | Store the date and time. Format: YYYY-MM-DD hh:mm:ss Altibase stores up to microseconds (6 decimal places). | |	none	S017 direct table-row alignment.
S017	DOCK/Home/65. MSSQL to Altibase 변환가이드__7341431.md	95	95	S017-D065-U053	table_row	| SAMMLLDATETIME | DATE 사용 | | | 날짜와 시각 저장. 형식: YYYY-MM-DD hh:mm:ss | |	SAMMLLDATETIME; DATE; YYYY-MM-DD	arch/Home/MSSQL to ALTIBASE Conversion Guide__22643024.md	95	covered	No English change required.	| SAMMLLDATETIME | DATE | | | Store the date and time. Format: YYYY-MM-DD hh:mm:ss | |	none	S017 direct table-row alignment.
S017	DOCK/Home/65. MSSQL to Altibase 변환가이드__7341431.md	96	96	S017-D065-U054	table_row	| DATETIME | DATE 사용 | | | 날짜와 시각 저장(과거 버전 호환용). 형식: YYYY-MM-DD hh:mm:ss[.nnn] | |	DATETIME; DATE; YYYY-MM-DD	arch/Home/MSSQL to ALTIBASE Conversion Guide__22643024.md	96	covered	No English change required.	| DATETIME | DATE | | | Store the date and time (for backward compatibility). Format: YYYY-MM-DD hh:mm:ss | |	none	S017 direct table-row alignment.
S017	DOCK/Home/65. MSSQL to Altibase 변환가이드__7341431.md	97	97	S017-D065-U055	table_row	| TIME | DATE 사용 | | | 시각만 저장. 형식: hh:mm:ss[.nnnnnnn] SQL SERVER는 100ns(7자리 소수)까지 저장. Altibase는 마이크로초(6자리 소수)까지 저장 | |	TIME; DATE; SQL	arch/Home/MSSQL to ALTIBASE Conversion Guide__22643024.md	97	covered	No English change required.	| TIME | DATE | | | Store time only. Format: hh:mm:ss SQL Server stores up to 100 nanoseconds (7 decimal places). Altibase stores up to microseconds (6 decimal places). | |	none	S017 direct table-row alignment.
S017	DOCK/Home/65. MSSQL to Altibase 변환가이드__7341431.md	99	99	S017-D065-U056	heading	## FUNCTION & EXPRESSION	FUNCTION; EXPRESSION	arch/Home/MSSQL to ALTIBASE Conversion Guide__22643024.md	99	covered	No English change required.	## FUNCTION & EXPRESSION	none	S017 direct inspection.
S017	DOCK/Home/65. MSSQL to Altibase 변환가이드__7341431.md	103	103	S017-D065-U057	table_row	| | | | |	section semantics	arch/Home/MSSQL to ALTIBASE Conversion Guide__22643024.md	103	covered	No English change required.	| | | | |	none	S017 direct table-row alignment.
S017	DOCK/Home/65. MSSQL to Altibase 변환가이드__7341431.md	105	105	S017-D065-U058	table_row	| **분류** | **SQL Server** | **Altibase** | **비고** |	SQL; SQL Server; Altibase	arch/Home/MSSQL to ALTIBASE Conversion Guide__22643024.md	105	covered	No English change required.	| **Category** | **SQL Server** | **Altibase** | **Remarks** |	none	S017 direct table-row alignment.
S017	DOCK/Home/65. MSSQL to Altibase 변환가이드__7341431.md	106	106	S017-D065-U059	table_row	| Aggregate | AVG | AVG | |	AVG	arch/Home/MSSQL to ALTIBASE Conversion Guide__22643024.md	106	covered	No English change required.	| Aggregate | AVG | AVG | |	none	S017 direct table-row alignment.
S017	DOCK/Home/65. MSSQL to Altibase 변환가이드__7341431.md	107	107	S017-D065-U060	table_row	| CHECKSUM_AGG | 미 지원 | | |	CHECKSUM_AGG	arch/Home/MSSQL to ALTIBASE Conversion Guide__22643024.md	107	covered	No English change required.	| CHECKSUM_AGG | Not Supported | | |	none	S017 direct table-row alignment.
S017	DOCK/Home/65. MSSQL to Altibase 변환가이드__7341431.md	108	108	S017-D065-U061	table_row	| COUNT | COUNT | | |	COUNT	arch/Home/MSSQL to ALTIBASE Conversion Guide__22643024.md	108	covered	No English change required.	| COUNT | COUNT | | |	none	S017 direct table-row alignment.
S017	DOCK/Home/65. MSSQL to Altibase 변환가이드__7341431.md	109	109	S017-D065-U062	table_row	| COUNT_BIG | COUNT로 대체 | | |	COUNT_BIG	arch/Home/MSSQL to ALTIBASE Conversion Guide__22643024.md	109	covered	No English change required.	| COUNT_BIG | Replace with COUNT | | |	none	S017 direct table-row alignment.
S017	DOCK/Home/65. MSSQL to Altibase 변환가이드__7341431.md	110	110	S017-D065-U063	table_row	| GROUPING | GROUPING | ROLLUP, CUBE, GROUPING SETS 사용 시 집계 레벨을 구분하는 함수 | |	GROUPING; ROLLUP; CUBE; SETS	arch/Home/MSSQL to ALTIBASE Conversion Guide__22643024.md	110	covered	No English change required.	| GROUPING | GROUPING | A function that distinguishes aggregation levels when using ROLLUP, CUBE, or GROUPING SETS. | |	none	S017 direct table-row alignment.
S017	DOCK/Home/65. MSSQL to Altibase 변환가이드__7341431.md	111	111	S017-D065-U064	table_row	| GROUPING_ID | GROUPING_ID | 행과 관련되는 GROUPING 비트 벡터에 대응되는 수치를 반환 | |	GROUPING_ID; GROUPING	arch/Home/MSSQL to ALTIBASE Conversion Guide__22643024.md	111	covered	No English change required.	| GROUPING_ID | GROUPING_ID | Returns a numeric value corresponding to the GROUPING bit vector associated with the row. | |	none	S017 direct table-row alignment.
S017	DOCK/Home/65. MSSQL to Altibase 변환가이드__7341431.md	112	112	S017-D065-U065	table_row	| MAX | MAX | | |	MAX	arch/Home/MSSQL to ALTIBASE Conversion Guide__22643024.md	112	covered	No English change required.	| MAX | MAX | | |	none	S017 direct table-row alignment.
S017	DOCK/Home/65. MSSQL to Altibase 변환가이드__7341431.md	113	113	S017-D065-U066	table_row	| MIN | MIN | | |	MIN	arch/Home/MSSQL to ALTIBASE Conversion Guide__22643024.md	113	covered	No English change required.	| MIN | MIN | | |	none	S017 direct table-row alignment.
S017	DOCK/Home/65. MSSQL to Altibase 변환가이드__7341431.md	114	114	S017-D065-U067	table_row	| STDEV | STDDEV 사용 | | |	STDEV; STDDEV	arch/Home/MSSQL to ALTIBASE Conversion Guide__22643024.md	114	covered	No English change required.	| STDEV | STDDEV | | |	none	S017 direct table-row alignment.
S017	DOCK/Home/65. MSSQL to Altibase 변환가이드__7341431.md	115	115	S017-D065-U068	table_row	| STDEVP | 미 지원 | | |	STDEVP	arch/Home/MSSQL to ALTIBASE Conversion Guide__22643024.md	115	covered	No English change required.	| STDEVP | Not Supported | | |	none	S017 direct table-row alignment.
S017	DOCK/Home/65. MSSQL to Altibase 변환가이드__7341431.md	116	116	S017-D065-U069	table_row	| SUM | SUM | | |	SUM	arch/Home/MSSQL to ALTIBASE Conversion Guide__22643024.md	116	covered	No English change required.	| SUM | SUM | | |	none	S017 direct table-row alignment.
S017	DOCK/Home/65. MSSQL to Altibase 변환가이드__7341431.md	117	117	S017-D065-U070	table_row	| VAR | VARIANCE | | |	VAR; VARIANCE	arch/Home/MSSQL to ALTIBASE Conversion Guide__22643024.md	117	covered	No English change required.	| VAR | VARIANCE | | |	none	S017 direct table-row alignment.
S017	DOCK/Home/65. MSSQL to Altibase 변환가이드__7341431.md	118	118	S017-D065-U071	table_row	| Ranking | DENSE_RANK | DENSE_RANK | |	DENSE_RANK	arch/Home/MSSQL to ALTIBASE Conversion Guide__22643024.md	118	covered	No English change required.	| Ranking | DENSE_RANK | DENSE_RANK | |	none	S017 direct table-row alignment.
S017	DOCK/Home/65. MSSQL to Altibase 변환가이드__7341431.md	119	119	S017-D065-U072	table_row	| NTILE | NTILE | | |	NTILE	arch/Home/MSSQL to ALTIBASE Conversion Guide__22643024.md	119	covered	No English change required.	| NTILE | NTILE | | |	none	S017 direct table-row alignment.
S017	DOCK/Home/65. MSSQL to Altibase 변환가이드__7341431.md	120	120	S017-D065-U073	table_row	| RANK | RANK | | |	RANK	arch/Home/MSSQL to ALTIBASE Conversion Guide__22643024.md	120	covered	No English change required.	| RANK | RANK | | |	none	S017 direct table-row alignment.
S017	DOCK/Home/65. MSSQL to Altibase 변환가이드__7341431.md	121	121	S017-D065-U074	table_row	| ROW_NUMBER | ROW_NUMBER | | |	ROW_NUMBER	arch/Home/MSSQL to ALTIBASE Conversion Guide__22643024.md	121	covered	No English change required.	| ROW_NUMBER | ROW_NUMBER | | |	none	S017 direct table-row alignment.
S017	DOCK/Home/65. MSSQL to Altibase 변환가이드__7341431.md	122	122	S017-D065-U075	table_row	| Conversion | CAST, CONVERT | CAST 사용 | Altibase의 CONVERT 함수는 다른 기능 제공 |	CAST; CONVERT	arch/Home/MSSQL to ALTIBASE Conversion Guide__22643024.md	122	covered	No English change required.	| Conversion | CAST, CONVERT | CAST | The CONVERT function in Altibase provides different functionality |	none	S017 direct table-row alignment.
S017	DOCK/Home/65. MSSQL to Altibase 변환가이드__7341431.md	123	123	S017-D065-U076	table_row	| PARSE | CAST 사용 | CONVERT 함수를 이용하여 캐릭터셋 변경 가능 | |	PARSE; CAST; CONVERT	arch/Home/MSSQL to ALTIBASE Conversion Guide__22643024.md	123	covered	No English change required.	| PARSE | CAST | The CONVERT function can be used to change the character set | |	none	S017 direct table-row alignment.
S017	DOCK/Home/65. MSSQL to Altibase 변환가이드__7341431.md	124	124	S017-D065-U077	table_row	| TRY_CAST | CAST 사용 | 캐스팅 실패시 오류 반환 | |	TRY_CAST; CAST	arch/Home/MSSQL to ALTIBASE Conversion Guide__22643024.md	124	covered	No English change required.	| TRY_CAST | CAST | Returns an error if casting fails | |	none	S017 direct table-row alignment.
S017	DOCK/Home/65. MSSQL to Altibase 변환가이드__7341431.md	125	125	S017-D065-U078	table_row	| TRY_CONVERT | 미 지원 | | |	TRY_CONVERT	arch/Home/MSSQL to ALTIBASE Conversion Guide__22643024.md	125	covered	No English change required.	| TRY_CONVERT | Not Supported | | |	none	S017 direct table-row alignment.
S017	DOCK/Home/65. MSSQL to Altibase 변환가이드__7341431.md	126	126	S017-D065-U079	table_row	| TRY_PARSE | 미 지원 | | |	TRY_PARSE	arch/Home/MSSQL to ALTIBASE Conversion Guide__22643024.md	126	covered	No English change required.	| TRY_PARSE | Not Supported | | |	none	S017 direct table-row alignment.
S017	DOCK/Home/65. MSSQL to Altibase 변환가이드__7341431.md	127	127	S017-D065-U080	table_row	| Date | CURRENT_TIMESTAMP | CURRENT_TIMESTAMP | |	CURRENT_TIMESTAMP	arch/Home/MSSQL to ALTIBASE Conversion Guide__22643024.md	127	covered	No English change required.	| Date | CURRENT_TIMESTAMP | CURRENT_TIMESTAMP | |	none	S017 direct table-row alignment.
S017	DOCK/Home/65. MSSQL to Altibase 변환가이드__7341431.md	128	128	S017-D065-U081	table_row	| DATENAME | DATENAME | | |	DATENAME	arch/Home/MSSQL to ALTIBASE Conversion Guide__22643024.md	128	covered	No English change required.	| DATENAME | DATENAME | | |	none	S017 direct table-row alignment.
S017	DOCK/Home/65. MSSQL to Altibase 변환가이드__7341431.md	129	129	S017-D065-U082	table_row	| DATEPART | DATEPART | | |	DATEPART	arch/Home/MSSQL to ALTIBASE Conversion Guide__22643024.md	129	covered	No English change required.	| DATEPART | DATEPART | | |	none	S017 direct table-row alignment.
S017	DOCK/Home/65. MSSQL to Altibase 변환가이드__7341431.md	130	130	S017-D065-U083	table_row	| DAY | DATEPART 사용 | | |	DAY; DATEPART	arch/Home/MSSQL to ALTIBASE Conversion Guide__22643024.md	130	covered	No English change required.	| DAY | DATEPART | | |	none	S017 direct table-row alignment.
S017	DOCK/Home/65. MSSQL to Altibase 변환가이드__7341431.md	131	131	S017-D065-U084	table_row	| DATEADD | DATEADD | ALTIBASE는 날짜문자열을 TO_DATE()함수로 형식 지정 필요 | |	DATEADD; TO_DATE	arch/Home/MSSQL to ALTIBASE Conversion Guide__22643024.md	131	covered	No English change required.	| DATEADD | DATEADD | In Altibase, date strings must be formatted using the TO_DATE() function | |	none	S017 direct table-row alignment.
S017	DOCK/Home/65. MSSQL to Altibase 변환가이드__7341431.md	132	132	S017-D065-U085	table_row	| DATEDIFF | DATEDIFF | | |	DATEDIFF	arch/Home/MSSQL to ALTIBASE Conversion Guide__22643024.md	132	covered	No English change required.	| DATEDIFF | DATEDIFF | | |	none	S017 direct table-row alignment.
S017	DOCK/Home/65. MSSQL to Altibase 변환가이드__7341431.md	133	133	S017-D065-U086	table_row	| DATEFROMPARTS | TO_DATE 사용 | | |	DATEFROMPARTS; TO_DATE	arch/Home/MSSQL to ALTIBASE Conversion Guide__22643024.md	133	covered	No English change required.	| DATEFROMPARTS | TO_DATE | | |	none	S017 direct table-row alignment.
S017	DOCK/Home/65. MSSQL to Altibase 변환가이드__7341431.md	134	134	S017-D065-U087	table_row	| DATETIME2FROMPARTS | TO_DATE 사용 | | |	DATETIME2FROMPARTS; TO_DATE	arch/Home/MSSQL to ALTIBASE Conversion Guide__22643024.md	134	covered	No English change required.	| DATETIME2FROMPARTS | TO_DATE | | |	none	S017 direct table-row alignment.
S017	DOCK/Home/65. MSSQL to Altibase 변환가이드__7341431.md	135	135	S017-D065-U088	table_row	| DATETIMEFROMPARTS | TO_DATE 사용 | | |	DATETIMEFROMPARTS; TO_DATE	arch/Home/MSSQL to ALTIBASE Conversion Guide__22643024.md	135	covered	No English change required.	| DATETIMEFROMPARTS | TO_DATE | | |	none	S017 direct table-row alignment.
S017	DOCK/Home/65. MSSQL to Altibase 변환가이드__7341431.md	136	136	S017-D065-U089	table_row	| DATETIMEOFFSETFROMPARTS | TO_DATE 사용 | | |	DATETIMEOFFSETFROMPARTS; TO_DATE	arch/Home/MSSQL to ALTIBASE Conversion Guide__22643024.md	136	covered	No English change required.	| DATETIMEOFFSETFROMPARTS | TO_DATE | | |	none	S017 direct table-row alignment.
S017	DOCK/Home/65. MSSQL to Altibase 변환가이드__7341431.md	137	137	S017-D065-U090	table_row	| EOMONTH | LAST_DAY 사용 | | |	EOMONTH; LAST_DAY	arch/Home/MSSQL to ALTIBASE Conversion Guide__22643024.md	137	covered	No English change required.	| EOMONTH | LAST_DAY | | |	none	S017 direct table-row alignment.
S017	DOCK/Home/65. MSSQL to Altibase 변환가이드__7341431.md	138	138	S017-D065-U091	table_row	| GETDATE | SYSDATE 사용 | 반환 타입: datetime | |	GETDATE; SYSDATE	arch/Home/MSSQL to ALTIBASE Conversion Guide__22643024.md	138	covered	No English change required.	| GETDATE | SYSDATE | Conversion Type: datetime | |	none	S017 direct table-row alignment.
S017	DOCK/Home/65. MSSQL to Altibase 변환가이드__7341431.md	139	139	S017-D065-U092	table_row	| GETUTCDATE | unix_date로 대체 가능 | | |	GETUTCDATE	arch/Home/MSSQL to ALTIBASE Conversion Guide__22643024.md	139	covered	No English change required.	| GETUTCDATE | Replace with unix_date | | |	none	S017 direct table-row alignment.
S017	DOCK/Home/65. MSSQL to Altibase 변환가이드__7341431.md	140	140	S017-D065-U093	table_row	| ISDATE | 미 지원 | | |	ISDATE	arch/Home/MSSQL to ALTIBASE Conversion Guide__22643024.md	140	covered	No English change required.	| ISDATE | Not Supported | | |	none	S017 direct table-row alignment.
S017	DOCK/Home/65. MSSQL to Altibase 변환가이드__7341431.md	141	141	S017-D065-U094	table_row	| SMALLDATETIMEFROMPARTS | TO_DATE 사용 | | |	SMALLDATETIMEFROMPARTS; TO_DATE	arch/Home/MSSQL to ALTIBASE Conversion Guide__22643024.md	141	covered	No English change required.	| SMALLDATETIMEFROMPARTS | TO_DATE | | |	none	S017 direct table-row alignment.
S017	DOCK/Home/65. MSSQL to Altibase 변환가이드__7341431.md	142	142	S017-D065-U095	table_row	| SWITCHOFFSET | CONV_TIMEZONE로 대체 가능 | | |	SWITCHOFFSET	arch/Home/MSSQL to ALTIBASE Conversion Guide__22643024.md	142	covered	No English change required.	| SWITCHOFFSET | Replace with CONV_TIMEZONE | | |	none	S017 direct table-row alignment.
S017	DOCK/Home/65. MSSQL to Altibase 변환가이드__7341431.md	143	143	S017-D065-U096	table_row	| SYSDATETIME | SYSDATE 사용 | 반환 타입: datetime2SWITCHOFFSET | |	SYSDATETIME; SYSDATE	arch/Home/MSSQL to ALTIBASE Conversion Guide__22643024.md	143	covered	No English change required.	| SYSDATETIME | SYSDATE | Conversion Type: datetime2SWITCHOFFSET | |	none	S017 direct table-row alignment.
S017	DOCK/Home/65. MSSQL to Altibase 변환가이드__7341431.md	144	144	S017-D065-U097	table_row	| SYSDATETIMEOFFSET | 미 지원 | | |	SYSDATETIMEOFFSET	arch/Home/MSSQL to ALTIBASE Conversion Guide__22643024.md	144	covered	No English change required.	| SYSDATETIMEOFFSET | Not Supported | | |	none	S017 direct table-row alignment.
S017	DOCK/Home/65. MSSQL to Altibase 변환가이드__7341431.md	145	145	S017-D065-U098	table_row	| SYSUTCDATETIME | unix_date로 대체 가능 | | |	SYSUTCDATETIME	arch/Home/MSSQL to ALTIBASE Conversion Guide__22643024.md	145	covered	No English change required.	| SYSUTCDATETIME | Replace with unix_date | | |	none	S017 direct table-row alignment.
S017	DOCK/Home/65. MSSQL to Altibase 변환가이드__7341431.md	146	146	S017-D065-U099	table_row	| TIMEFROMPARTS | TO_DATE 사용 | | |	TIMEFROMPARTS; TO_DATE	arch/Home/MSSQL to ALTIBASE Conversion Guide__22643024.md	146	covered	No English change required.	| TIMEFROMPARTS | TO_DATE | | |	none	S017 direct table-row alignment.
S017	DOCK/Home/65. MSSQL to Altibase 변환가이드__7341431.md	147	147	S017-D065-U100	table_row	| TODATETIMEOFFSET | 미 지원 | | |	TODATETIMEOFFSET	arch/Home/MSSQL to ALTIBASE Conversion Guide__22643024.md	147	covered	No English change required.	| TODATETIMEOFFSET | Not Supported | | |	none	S017 direct table-row alignment.
S017	DOCK/Home/65. MSSQL to Altibase 변환가이드__7341431.md	148	148	S017-D065-U101	table_row	| YEAR | DATEPART 또는 EXTRACT로 대체 가능 | | |	YEAR; DATEPART	arch/Home/MSSQL to ALTIBASE Conversion Guide__22643024.md	148	covered	No English change required.	| YEAR | Replace with DATEPART or EXTRACT | | |	none	S017 direct table-row alignment.
S017	DOCK/Home/65. MSSQL to Altibase 변환가이드__7341431.md	149	149	S017-D065-U102	table_row	| Logical | CHOOSE | 미 지원 | |	CHOOSE	arch/Home/MSSQL to ALTIBASE Conversion Guide__22643024.md	149	covered	No English change required.	| Logical | CHOOSE | Not Supported | |	none	S017 direct table-row alignment.
S017	DOCK/Home/65. MSSQL to Altibase 변환가이드__7341431.md	150	150	S017-D065-U103	table_row	| IIF | case2로 대체 가능 | | |	IIF	arch/Home/MSSQL to ALTIBASE Conversion Guide__22643024.md	150	covered	No English change required.	| IIF | Replace with case2 | | |	none	S017 direct table-row alignment.
S017	DOCK/Home/65. MSSQL to Altibase 변환가이드__7341431.md	151	151	S017-D065-U104	table_row	| Mathematical | ABS | ABS | |	ABS	arch/Home/MSSQL to ALTIBASE Conversion Guide__22643024.md	151	covered	No English change required.	| Mathematical | ABS | ABS | |	none	S017 direct table-row alignment.
S017	DOCK/Home/65. MSSQL to Altibase 변환가이드__7341431.md	152	152	S017-D065-U105	table_row	| ACOS | ACOS | | |	ACOS	arch/Home/MSSQL to ALTIBASE Conversion Guide__22643024.md	152	covered	No English change required.	| ACOS | ACOS | | |	none	S017 direct table-row alignment.
S017	DOCK/Home/65. MSSQL to Altibase 변환가이드__7341431.md	153	153	S017-D065-U106	table_row	| ASIN | ASIN | | |	ASIN	arch/Home/MSSQL to ALTIBASE Conversion Guide__22643024.md	153	covered	No English change required.	| ASIN | ASIN | | |	none	S017 direct table-row alignment.
S017	DOCK/Home/65. MSSQL to Altibase 변환가이드__7341431.md	154	154	S017-D065-U107	table_row	| ATAN | ATAN | | |	ATAN	arch/Home/MSSQL to ALTIBASE Conversion Guide__22643024.md	154	covered	No English change required.	| ATAN | ATAN | | |	none	S017 direct table-row alignment.
S017	DOCK/Home/65. MSSQL to Altibase 변환가이드__7341431.md	155	155	S017-D065-U108	table_row	| ATN2 | ATN2 | | |	ATN2	arch/Home/MSSQL to ALTIBASE Conversion Guide__22643024.md	155	covered	No English change required.	| ATN2 | ATN2 | | |	none	S017 direct table-row alignment.
S017	DOCK/Home/65. MSSQL to Altibase 변환가이드__7341431.md	156	156	S017-D065-U109	table_row	| CEIL(n) | CEIL(n) | | |	CEIL	arch/Home/MSSQL to ALTIBASE Conversion Guide__22643024.md	156	covered	No English change required.	| CEIL(n) | CEIL(n) | | |	none	S017 direct table-row alignment.
S017	DOCK/Home/65. MSSQL to Altibase 변환가이드__7341431.md	157	157	S017-D065-U110	table_row	| COS | COS | | |	COS	arch/Home/MSSQL to ALTIBASE Conversion Guide__22643024.md	157	covered	No English change required.	| COS | COS | | |	none	S017 direct table-row alignment.
S017	DOCK/Home/65. MSSQL to Altibase 변환가이드__7341431.md	158	158	S017-D065-U111	table_row	| COT | 미 지원 | | |	COT	arch/Home/MSSQL to ALTIBASE Conversion Guide__22643024.md	158	covered	No English change required.	| COT | Not Supported | | |	none	S017 direct table-row alignment.
S017	DOCK/Home/65. MSSQL to Altibase 변환가이드__7341431.md	159	159	S017-D065-U112	table_row	| DEGREES | 미 지원 | | |	DEGREES	arch/Home/MSSQL to ALTIBASE Conversion Guide__22643024.md	159	covered	No English change required.	| DEGREES | Not Supported | | |	none	S017 direct table-row alignment.
S017	DOCK/Home/65. MSSQL to Altibase 변환가이드__7341431.md	160	160	S017-D065-U113	table_row	| EXP | EXP | | |	EXP	arch/Home/MSSQL to ALTIBASE Conversion Guide__22643024.md	160	covered	No English change required.	| EXP | EXP | | |	none	S017 direct table-row alignment.
S017	DOCK/Home/65. MSSQL to Altibase 변환가이드__7341431.md	161	161	S017-D065-U114	table_row	| FLOOR | FLOOR | | |	FLOOR	arch/Home/MSSQL to ALTIBASE Conversion Guide__22643024.md	161	covered	No English change required.	| FLOOR | FLOOR | | |	none	S017 direct table-row alignment.
S017	DOCK/Home/65. MSSQL to Altibase 변환가이드__7341431.md	162	162	S017-D065-U115	table_row	| LOG | LOG | LOG (m, n) | |	LOG	arch/Home/MSSQL to ALTIBASE Conversion Guide__22643024.md	162	covered	No English change required.	| LOG | LOG | LOG (m, n) | |	none	S017 direct table-row alignment.
S017	DOCK/Home/65. MSSQL to Altibase 변환가이드__7341431.md	163	163	S017-D065-U116	table_row	| LOG10 | LOG(10,m) 사용 | | |	LOG10; LOG; 10	arch/Home/MSSQL to ALTIBASE Conversion Guide__22643024.md	163	covered	No English change required.	| LOG10 | LOG(10,m) | | |	none	S017 direct table-row alignment.
S017	DOCK/Home/65. MSSQL to Altibase 변환가이드__7341431.md	164	164	S017-D065-U117	table_row	| PI | 미 지원 | | |	PI	arch/Home/MSSQL to ALTIBASE Conversion Guide__22643024.md	164	covered	No English change required.	| PI | Not Supported | | |	none	S017 direct table-row alignment.
S017	DOCK/Home/65. MSSQL to Altibase 변환가이드__7341431.md	165	165	S017-D065-U118	table_row	| POWER | POWER | | |	POWER	arch/Home/MSSQL to ALTIBASE Conversion Guide__22643024.md	165	covered	No English change required.	| POWER | POWER | | |	none	S017 direct table-row alignment.
S017	DOCK/Home/65. MSSQL to Altibase 변환가이드__7341431.md	166	166	S017-D065-U119	table_row	| RADIANS | 미 지원 | | |	RADIANS	arch/Home/MSSQL to ALTIBASE Conversion Guide__22643024.md	166	covered	No English change required.	| RADIANS | Not Supported | | |	none	S017 direct table-row alignment.
S017	DOCK/Home/65. MSSQL to Altibase 변환가이드__7341431.md	167	167	S017-D065-U120	table_row	| RAND | RAND | SQL Server : 0~1사이의 pseudo-random float value 반환. Altibase : pseudo random integer value 반환. 0~2,147,483,647 | |	RAND; SQL; SQL Server; Altibase; 0; 2; 147; 483	arch/Home/MSSQL to ALTIBASE Conversion Guide__22643024.md	167	covered	No English change required.	| RAND | RAND | SQL Server: Returns a pseudo-random float value between 0 and 1. Altibase: Returns a pseudo-random integer value between 0 and 2,147,483,647. | |	none	S017 direct table-row alignment.
S017	DOCK/Home/65. MSSQL to Altibase 변환가이드__7341431.md	168	168	S017-D065-U121	table_row	| ROUND | ROUND | | |	ROUND	arch/Home/MSSQL to ALTIBASE Conversion Guide__22643024.md	168	covered	No English change required.	| ROUND | ROUND | | |	none	S017 direct table-row alignment.
S017	DOCK/Home/65. MSSQL to Altibase 변환가이드__7341431.md	169	169	S017-D065-U122	table_row	| SIGN | SIGN | | |	SIGN	arch/Home/MSSQL to ALTIBASE Conversion Guide__22643024.md	169	covered	No English change required.	| SIGN | SIGN | | |	none	S017 direct table-row alignment.
S017	DOCK/Home/65. MSSQL to Altibase 변환가이드__7341431.md	170	170	S017-D065-U123	table_row	| SIN | SIN | | |	SIN	arch/Home/MSSQL to ALTIBASE Conversion Guide__22643024.md	170	covered	No English change required.	| SIN | SIN | | |	none	S017 direct table-row alignment.
S017	DOCK/Home/65. MSSQL to Altibase 변환가이드__7341431.md	171	171	S017-D065-U124	table_row	| SQRT | SQRT | | |	SQRT	arch/Home/MSSQL to ALTIBASE Conversion Guide__22643024.md	171	covered	No English change required.	| SQRT | SQRT | | |	none	S017 direct table-row alignment.
S017	DOCK/Home/65. MSSQL to Altibase 변환가이드__7341431.md	172	172	S017-D065-U125	table_row	| SQUARE | 미 지원 | | |	SQUARE	arch/Home/MSSQL to ALTIBASE Conversion Guide__22643024.md	172	covered	No English change required.	| SQUARE | Not Supported | | |	none	S017 direct table-row alignment.
S017	DOCK/Home/65. MSSQL to Altibase 변환가이드__7341431.md	173	173	S017-D065-U126	table_row	| TAN | TAN | | |	TAN	arch/Home/MSSQL to ALTIBASE Conversion Guide__22643024.md	173	covered	No English change required.	| TAN | TAN | | |	none	S017 direct table-row alignment.
S017	DOCK/Home/65. MSSQL to Altibase 변환가이드__7341431.md	174	174	S017-D065-U127	table_row	| String | ASCII | ASCII | |	ASCII	arch/Home/MSSQL to ALTIBASE Conversion Guide__22643024.md	174	covered	No English change required.	| String | ASCII | ASCII | |	none	S017 direct table-row alignment.
S017	DOCK/Home/65. MSSQL to Altibase 변환가이드__7341431.md	175	175	S017-D065-U128	table_row	| CHAR | CHAR | | |	CHAR	arch/Home/MSSQL to ALTIBASE Conversion Guide__22643024.md	175	covered	No English change required.	| CHAR | CHAR | | |	none	S017 direct table-row alignment.
S017	DOCK/Home/65. MSSQL to Altibase 변환가이드__7341431.md	176	176	S017-D065-U129	table_row	| CHARINDEX | INSTR, POSITION 사용 | | |	CHARINDEX; INSTR; POSITION	arch/Home/MSSQL to ALTIBASE Conversion Guide__22643024.md	176	covered	No English change required.	| CHARINDEX | INSTR, POSITION | | |	none	S017 direct table-row alignment.
S017	DOCK/Home/65. MSSQL to Altibase 변환가이드__7341431.md	177	177	S017-D065-U130	table_row	| CONCAT | CONCAT | | |	CONCAT	arch/Home/MSSQL to ALTIBASE Conversion Guide__22643024.md	177	covered	No English change required.	| CONCAT | CONCAT | | |	none	S017 direct table-row alignment.
S017	DOCK/Home/65. MSSQL to Altibase 변환가이드__7341431.md	178	178	S017-D065-U131	table_row	| DIFFERENCE | 미 지원 | | |	DIFFERENCE	arch/Home/MSSQL to ALTIBASE Conversion Guide__22643024.md	178	covered	No English change required.	| DIFFERENCE | Not Supported | | |	none	S017 direct table-row alignment.
S017	DOCK/Home/65. MSSQL to Altibase 변환가이드__7341431.md	179	179	S017-D065-U132	table_row	| LEFT | SUBSTR, SUBSTRING 사용 | SUBSTR (expr, start [, length]) Start에 양수 지정 | |	LEFT; SUBSTR; SUBSTRING	arch/Home/MSSQL to ALTIBASE Conversion Guide__22643024.md	179	covered	No English change required.	| LEFT | SUBSTR, SUBSTRING | SUBSTR (expr, start [, length]) Specify a positive value for Start | |	none	S017 direct table-row alignment.
S017	DOCK/Home/65. MSSQL to Altibase 변환가이드__7341431.md	180	180	S017-D065-U133	table_row	| LEN | LENGTH 사용 | | |	LEN; LENGTH	arch/Home/MSSQL to ALTIBASE Conversion Guide__22643024.md	180	covered	No English change required.	| LEN | LENGTH | | |	none	S017 direct table-row alignment.
S017	DOCK/Home/65. MSSQL to Altibase 변환가이드__7341431.md	181	181	S017-D065-U134	table_row	| LOWER | LOWER | | |	LOWER	arch/Home/MSSQL to ALTIBASE Conversion Guide__22643024.md	181	covered	No English change required.	| LOWER | LOWER | | |	none	S017 direct table-row alignment.
S017	DOCK/Home/65. MSSQL to Altibase 변환가이드__7341431.md	182	182	S017-D065-U135	table_row	| LTRIM | LTRIM | Altibase는 LTRIM (expr1 [,expr2]) | |	LTRIM	arch/Home/MSSQL to ALTIBASE Conversion Guide__22643024.md	182	covered	No English change required.	| LTRIM | LTRIM | In Altibase, LTRIM(expr1 [, expr2]) is used. | |	none	S017 direct table-row alignment.
S017	DOCK/Home/65. MSSQL to Altibase 변환가이드__7341431.md	183	183	S017-D065-U136	table_row	| RTRIM | RTRIM | Altibase는 RTRIM (expr1 [,expr2]) | |	RTRIM	arch/Home/MSSQL to ALTIBASE Conversion Guide__22643024.md	183	covered	No English change required.	| RTRIM | RTRIM | In Altibase, RTRIM(expr1 [, expr2]) is used. | |	none	S017 direct table-row alignment.
S017	DOCK/Home/65. MSSQL to Altibase 변환가이드__7341431.md	184	184	S017-D065-U137	table_row	| PATINDEX | INSTR, POSITION 사용 | | |	PATINDEX; INSTR; POSITION	arch/Home/MSSQL to ALTIBASE Conversion Guide__22643024.md	184	covered	No English change required.	| PATINDEX | INSTR, POSITION | | |	none	S017 direct table-row alignment.
S017	DOCK/Home/65. MSSQL to Altibase 변환가이드__7341431.md	185	185	S017-D065-U138	table_row	| QUOTENAME | 미 지원 | | |	QUOTENAME	arch/Home/MSSQL to ALTIBASE Conversion Guide__22643024.md	185	covered	No English change required.	| QUOTENAME | Not Supported | | |	none	S017 direct table-row alignment.
S017	DOCK/Home/65. MSSQL to Altibase 변환가이드__7341431.md	186	186	S017-D065-U139	table_row	| REPLACE | REPLACE 사용 | | |	REPLACE	arch/Home/MSSQL to ALTIBASE Conversion Guide__22643024.md	186	covered	No English change required.	| REPLACE | REPLACE | | |	none	S017 direct table-row alignment.
S017	DOCK/Home/65. MSSQL to Altibase 변환가이드__7341431.md	187	187	S017-D065-U140	table_row	| REPLICATE | REPLICATE | | |	REPLICATE	arch/Home/MSSQL to ALTIBASE Conversion Guide__22643024.md	187	covered	No English change required.	| REPLICATE | REPLICATE | | |	none	S017 direct table-row alignment.
S017	DOCK/Home/65. MSSQL to Altibase 변환가이드__7341431.md	188	188	S017-D065-U141	table_row	| REVERSE | REVERSE_STR 사용 | | |	REVERSE; REVERSE_STR	arch/Home/MSSQL to ALTIBASE Conversion Guide__22643024.md	188	covered	No English change required.	| REVERSE | REVERSE_STR | | |	none	S017 direct table-row alignment.
S017	DOCK/Home/65. MSSQL to Altibase 변환가이드__7341431.md	189	189	S017-D065-U142	table_row	| RIGHT | SUBSTR, SUBSTRING 사용 | SUBSTR (expr, start [, length]) Start에 음수 지정 | |	RIGHT; SUBSTR; SUBSTRING	arch/Home/MSSQL to ALTIBASE Conversion Guide__22643024.md	189	covered	No English change required.	| RIGHT | SUBSTR, SUBSTRING | SUBSTR (expr, start [, length]) Specify a negative value for Start | |	none	S017 direct table-row alignment.
S017	DOCK/Home/65. MSSQL to Altibase 변환가이드__7341431.md	190	190	S017-D065-U143	table_row	| PATINDEX | INSTR, POSITION 사용 | | |	PATINDEX; INSTR; POSITION	arch/Home/MSSQL to ALTIBASE Conversion Guide__22643024.md	190	covered	No English change required.	| PATINDEX | INSTR, POSITION | | |	none	S017 direct table-row alignment.
S017	DOCK/Home/65. MSSQL to Altibase 변환가이드__7341431.md	191	191	S017-D065-U144	table_row	| SOUNDEX | 미 지원 | | |	SOUNDEX	arch/Home/MSSQL to ALTIBASE Conversion Guide__22643024.md	191	covered	No English change required.	| SOUNDEX | Not Supported | | |	none	S017 direct table-row alignment.
S017	DOCK/Home/65. MSSQL to Altibase 변환가이드__7341431.md	192	192	S017-D065-U145	table_row	| SPACE | LPAD, RPAD 사용 | | |	SPACE; LPAD; RPAD	arch/Home/MSSQL to ALTIBASE Conversion Guide__22643024.md	192	covered	No English change required.	| SPACE | LPAD, RPAD | | |	none	S017 direct table-row alignment.
S017	DOCK/Home/65. MSSQL to Altibase 변환가이드__7341431.md	193	193	S017-D065-U146	table_row	| STR | TO_CHAR 사용 | | |	STR; TO_CHAR	arch/Home/MSSQL to ALTIBASE Conversion Guide__22643024.md	193	covered	No English change required.	| STR | TO_CHAR | | |	none	S017 direct table-row alignment.
S017	DOCK/Home/65. MSSQL to Altibase 변환가이드__7341431.md	194	194	S017-D065-U147	table_row	| STUFF | STUFF | | |	STUFF	arch/Home/MSSQL to ALTIBASE Conversion Guide__22643024.md	194	covered	No English change required.	| STUFF | STUFF | | |	none	S017 direct table-row alignment.
S017	DOCK/Home/65. MSSQL to Altibase 변환가이드__7341431.md	195	195	S017-D065-U148	table_row	| SUBSTRING | SUBSTRING | | |	SUBSTRING	arch/Home/MSSQL to ALTIBASE Conversion Guide__22643024.md	195	covered	No English change required.	| SUBSTRING | SUBSTRING | | |	none	S017 direct table-row alignment.
S017	DOCK/Home/65. MSSQL to Altibase 변환가이드__7341431.md	196	196	S017-D065-U149	table_row	| UNICODE | 미 지원 | | |	UNICODE	arch/Home/MSSQL to ALTIBASE Conversion Guide__22643024.md	196	covered	No English change required.	| UNICODE | Not Supported | | |	none	S017 direct table-row alignment.
S017	DOCK/Home/65. MSSQL to Altibase 변환가이드__7341431.md	197	197	S017-D065-U150	table_row	| UPPER | UPPER | | |	UPPER	arch/Home/MSSQL to ALTIBASE Conversion Guide__22643024.md	197	covered	No English change required.	| UPPER | UPPER | | |	none	S017 direct table-row alignment.
S017	DOCK/Home/65. MSSQL to Altibase 변환가이드__7341431.md	199	199	S017-D065-U151	heading	## OBJECT	OBJECT	arch/Home/MSSQL to ALTIBASE Conversion Guide__22643024.md	199	covered	No English change required.	## OBJECT	none	S017 direct inspection.
S017	DOCK/Home/65. MSSQL to Altibase 변환가이드__7341431.md	203	203	S017-D065-U152	table_row	| **분류** | **SQL Server** | **Altibase** | **비고** |	SQL; SQL Server; Altibase	arch/Home/MSSQL to ALTIBASE Conversion Guide__22643024.md	203	covered	No English change required.	| **Category** | **SQL Server** | **Altibase** | **Remark** |	none	S017 direct table-row alignment.
S017	DOCK/Home/65. MSSQL to Altibase 변환가이드__7341431.md	205	205	S017-D065-U153	table_row	| CONSTRAINT | 지원 | 지원 | |	CONSTRAINT	arch/Home/MSSQL to ALTIBASE Conversion Guide__22643024.md	205	covered	No English change required.	| CONSTRAINT | Supported | Supported | |	none	S017 direct table-row alignment.
S017	DOCK/Home/65. MSSQL to Altibase 변환가이드__7341431.md	206	206	S017-D065-U154	table_row	| TRIGGER | 지원 | 지원 | |	TRIGGER	arch/Home/MSSQL to ALTIBASE Conversion Guide__22643024.md	206	covered	No English change required.	| TRIGGER | Supported | Supported | |	none	S017 direct table-row alignment.
S017	DOCK/Home/65. MSSQL to Altibase 변환가이드__7341431.md	207	207	S017-D065-U155	table_row	| Multi Key-Index | 지원 | 지원 | |	Multi Key-Index	arch/Home/MSSQL to ALTIBASE Conversion Guide__22643024.md	207	covered	No English change required.	| Multi Key-Index | Supported | Supported | |	none	S017 direct table-row alignment.
S017	DOCK/Home/65. MSSQL to Altibase 변환가이드__7341431.md	208	208	S017-D065-U156	table_row	| VIEW | 지원 | 지원 | |	VIEW	arch/Home/MSSQL to ALTIBASE Conversion Guide__22643024.md	208	covered	No English change required.	| VIEW | Supported | Supported | |	none	S017 direct table-row alignment.
S017	DOCK/Home/65. MSSQL to Altibase 변환가이드__7341431.md	209	209	S017-D065-U157	table_row	| UPDATABLE VIEW | 지원 | 지원 | ALTIBASE에서 VIEW 생성시 WITH READ ONLY 옵션을 지정하지 않으면 updatable view가 생성된다. |	UPDATABLE; VIEW; WITH; READ; ONLY	arch/Home/MSSQL to ALTIBASE Conversion Guide__22643024.md	209	covered	No English change required.	| UPDATABLE VIEW | Supported | Supported | In Altibase, if the WITH READ ONLY option is not specified when creating a VIEW, an updatable view is created. |	none	S017 direct table-row alignment.
S017	DOCK/Home/65. MSSQL to Altibase 변환가이드__7341431.md	210	210	S017-D065-U158	table_row	| SEQUENCE | 지원 | 지원 | |	SEQUENCE	arch/Home/MSSQL to ALTIBASE Conversion Guide__22643024.md	210	covered	No English change required.	| SEQUENCE | Supported | Supported | |	none	S017 direct table-row alignment.
S017	DOCK/Home/65. MSSQL to Altibase 변환가이드__7341431.md	211	211	S017-D065-U159	table_row	| STORED FUNCTION/PROCEDURE | 지원 | 지원 | |	STORED; FUNCTION/PROCEDURE	arch/Home/MSSQL to ALTIBASE Conversion Guide__22643024.md	211	covered	No English change required.	| STORED FUNCTION/PROCEDURE | Supported | Supported | |	none	S017 direct table-row alignment.
S017	DOCK/Home/65. MSSQL to Altibase 변환가이드__7341431.md	212	212	S017-D065-U160	table_row	| SYNONYM | 지원 | 지원 | |	SYNONYM	arch/Home/MSSQL to ALTIBASE Conversion Guide__22643024.md	212	covered	No English change required.	| SYNONYM | Supported | Supported | |	none	S017 direct table-row alignment.
S017	DOCK/Home/65. MSSQL to Altibase 변환가이드__7341431.md	213	213	S017-D065-U161	table_row	| Temporary Table | 지원 | 지원 | ALTIBASE에서 Temporary Table은 Volatile TableSpace안에서 생성하여 이용 |	Temporary Table	arch/Home/MSSQL to ALTIBASE Conversion Guide__22643024.md	213	covered	No English change required.	| Temporary Table | Supported | Supported | In Altibase, temporary tables are created and used within a Volatile TableSpace. |	none	S017 direct table-row alignment.
S017	DOCK/Home/65. MSSQL to Altibase 변환가이드__7341431.md	214	214	S017-D065-U162	table_row	| USER | 지원 | 지원 | |	USER	arch/Home/MSSQL to ALTIBASE Conversion Guide__22643024.md	214	covered	No English change required.	| USER | Supported | Supported | |	none	S017 direct table-row alignment.
S017	DOCK/Home/65. MSSQL to Altibase 변환가이드__7341431.md	215	215	S017-D065-U163	table_row	| REPLICATION | 지원 | 지원 | |	REPLICATION	arch/Home/MSSQL to ALTIBASE Conversion Guide__22643024.md	215	covered	No English change required.	| REPLICATION | Supported | Supported | |	none	S017 direct table-row alignment.
S017	DOCK/Home/65. MSSQL to Altibase 변환가이드__7341431.md	217	217	S017-D065-U164	heading	## CREATE TABLESPACE	CREATE; TABLESPACE	arch/Home/MSSQL to ALTIBASE Conversion Guide__22643024.md	217	covered	No English change required.	## CREATE TABLESPACE	none	S017 direct inspection.
S017	DOCK/Home/65. MSSQL to Altibase 변환가이드__7341431.md	221	221	S017-D065-U165	paragraph	SQL Server에서는 데이터 저장소로 Database를 관리하나 Altibase에서는 테이블스페이스를 관리한다. Altibase에서의 테이블스페이스는 저장 공간에 따라 메모리 테이블스페이스, 디스크 테이블스페이스로 나뉘며 생성 주체에 따라 시스템 테이블스페이스, 사용자 정의 테이블 스페이스, 저장 내용에 따라 딕셔너리 테이블스페이스, 언두 테이블스페이스, 임시 테이블스페이스, 데이터...	SQL; CREATE; MEMORY; DATA; TABLESPACE; DISK	arch/Home/MSSQL to ALTIBASE Conversion Guide__22643024.md	221	covered	No English change required.	In SQL Server, databases are managed as data storage units, whereas in Altibase, tablespaces are managed. In Altibase, tablespaces are classified based on storage type into memory tablespaces and disk tablespaces, by...	none	S017 direct inspection.
S017	DOCK/Home/65. MSSQL to Altibase 변환가이드__7341431.md	223	223	S017-D065-U166	paragraph	다음은 SQL Server의 DATABASE를 Altibase의 테이블스페이스로 변환할 때 CREATE TABLESPACE 구문에서 지정하는 여러 옵션들의 변환 가이드를 설명한 것이다.	SQL; CREATE; TABLESPACE	arch/Home/MSSQL to ALTIBASE Conversion Guide__22643024.md	221	covered	No English change required.	In SQL Server, databases are managed as data storage units, whereas in Altibase, tablespaces are managed. In Altibase, tablespaces are classified based on storage type into memory tablespaces and disk tablespaces, by...	none	S017 direct inspection.
S017	DOCK/Home/65. MSSQL to Altibase 변환가이드__7341431.md	225	227	S017-D065-U167	command_or_sql_block	```\nCREATE TABLESPACE user_data DATAFILE '/tmp/tbs.user' SIZE 10M AUTOEXTEND ON NEXT 128M;\n```	CREATE; TABLESPACE; DATAFILE; SIZE; AUTOEXTEND; NEXT	arch/Home/MSSQL to ALTIBASE Conversion Guide__22643024.md	217	covered	No English change required.	## CREATE TABLESPACE	none	S017 direct inspection.
S017	DOCK/Home/65. MSSQL to Altibase 변환가이드__7341431.md	229	229	S017-D065-U168	table_row	| **SQL Server** | **Altibase** | **비고** |	SQL; SQL Server; Altibase	arch/Home/MSSQL to ALTIBASE Conversion Guide__22643024.md	231	covered	No English change required.	| **SQL Server** | **Altibase** | **Remark** |	none	S017 direct table-row alignment.
S017	DOCK/Home/65. MSSQL to Altibase 변환가이드__7341431.md	231	231	S017-D065-U169	table_row	| FILENAME | FILENAME | |	FILENAME	arch/Home/MSSQL to ALTIBASE Conversion Guide__22643024.md	233	covered	No English change required.	| FILENAME | FILENAME | |	none	S017 direct table-row alignment.
S017	DOCK/Home/65. MSSQL to Altibase 변환가이드__7341431.md	232	232	S017-D065-U170	table_row	| SIZE | SIZE | 기본 100MB |	SIZE	arch/Home/MSSQL to ALTIBASE Conversion Guide__22643024.md	234	covered	No English change required.	| SIZE | SIZE | default 100MB |	none	S017 direct table-row alignment.
S017	DOCK/Home/65. MSSQL to Altibase 변환가이드__7341431.md	233	233	S017-D065-U171	table_row	| MAXSIZE | MAXSIZE | |	MAXSIZE	arch/Home/MSSQL to ALTIBASE Conversion Guide__22643024.md	235	covered	No English change required.	| MAXSIZE | MAXSIZE | |	none	S017 direct table-row alignment.
S017	DOCK/Home/65. MSSQL to Altibase 변환가이드__7341431.md	234	234	S017-D065-U172	table_row	| FILEGROWTH | AUTOEXTEND ON NEXT | |	FILEGROWTH; AUTOEXTEND; NEXT	arch/Home/MSSQL to ALTIBASE Conversion Guide__22643024.md	236	covered	No English change required.	| FILEGROWTH | AUTOEXTEND ON NEXT | |	none	S017 direct table-row alignment.
S017	DOCK/Home/65. MSSQL to Altibase 변환가이드__7341431.md	235	235	S017-D065-U173	table_row	| FILESTREAM | 미 지원 | ALTIBASE에서 구문생성시 삭제 |	FILESTREAM	arch/Home/MSSQL to ALTIBASE Conversion Guide__22643024.md	237	covered	No English change required.	| FILESTREAM | Not Supported | Delete when generating the statement in Altibase |	none	S017 direct table-row alignment.
S017	DOCK/Home/65. MSSQL to Altibase 변환가이드__7341431.md	236	236	S017-D065-U174	table_row	| DEFAULT_FULLTEXT_LANGUAGE | 미 지원 | ALTIBASE에서 구문생성시 삭제 |	DEFAULT_FULLTEXT_LANGUAGE	arch/Home/MSSQL to ALTIBASE Conversion Guide__22643024.md	238	covered	No English change required.	| DEFAULT_FULLTEXT_LANGUAGE | Not Supported | Delete when generating the statement in Altibase |	none	S017 direct table-row alignment.
S017	DOCK/Home/65. MSSQL to Altibase 변환가이드__7341431.md	237	237	S017-D065-U175	table_row	| DEFAULT_LANGUAGE | 미 지원 | ALTIBASE에서 구문생성시 삭제 |	DEFAULT_LANGUAGE	arch/Home/MSSQL to ALTIBASE Conversion Guide__22643024.md	239	covered	No English change required.	| DEFAULT_LANGUAGE | Not Supported | Delete when generating the statement in Altibase |	none	S017 direct table-row alignment.
S017	DOCK/Home/65. MSSQL to Altibase 변환가이드__7341431.md	238	238	S017-D065-U176	table_row	| NESTED_TRIGGERS | 미 지원 | ALTIBASE에서 구문생성시 삭제 |	NESTED_TRIGGERS	arch/Home/MSSQL to ALTIBASE Conversion Guide__22643024.md	240	covered	No English change required.	| NESTED_TRIGGERS | Not Supported | Delete when generating the statement in Altibase |	none	S017 direct table-row alignment.
S017	DOCK/Home/65. MSSQL to Altibase 변환가이드__7341431.md	239	239	S017-D065-U177	table_row	| TRANSFORM_NOISE_WORDS | 미 지원 | ALTIBASE에서 구문생성시 삭제 |	TRANSFORM_NOISE_WORDS	arch/Home/MSSQL to ALTIBASE Conversion Guide__22643024.md	241	covered	No English change required.	| TRANSFORM_NOISE_WORDS | Not Supported | Delete when generating the statement in Altibase |	none	S017 direct table-row alignment.
S017	DOCK/Home/65. MSSQL to Altibase 변환가이드__7341431.md	240	240	S017-D065-U178	table_row	| TWO_DIGIT_YEAR_CUTOFF | 미 지원 | ALTIBASE에서 구문생성시 삭제 |	TWO_DIGIT_YEAR_CUTOFF	arch/Home/MSSQL to ALTIBASE Conversion Guide__22643024.md	242	covered	No English change required.	| TWO_DIGIT_YEAR_CUTOFF | Not Supported | Delete when generating the statement in Altibase |	none	S017 direct table-row alignment.
S017	DOCK/Home/65. MSSQL to Altibase 변환가이드__7341431.md	241	241	S017-D065-U179	table_row	| DB_CHAINING | 미 지원 | ALTIBASE에서 구문생성시 삭제 |	DB_CHAINING	arch/Home/MSSQL to ALTIBASE Conversion Guide__22643024.md	243	covered	No English change required.	| DB_CHAINING | Not Supported | Delete when generating the statement in Altibase |	none	S017 direct table-row alignment.
S017	DOCK/Home/65. MSSQL to Altibase 변환가이드__7341431.md	242	242	S017-D065-U180	table_row	| TRUSTWORTHY | 미 지원 | ALTIBASE에서 구문생성시 삭제 |	TRUSTWORTHY	arch/Home/MSSQL to ALTIBASE Conversion Guide__22643024.md	244	covered	No English change required.	| TRUSTWORTHY | Not Supported | Delete when generating the statement in Altibase |	none	S017 direct table-row alignment.
S017	DOCK/Home/65. MSSQL to Altibase 변환가이드__7341431.md	244	244	S017-D065-U181	heading	## CREATE TABLE	CREATE; TABLE	arch/Home/MSSQL to ALTIBASE Conversion Guide__22643024.md	246	covered	No English change required.	## CREATE TABLE	none	S017 direct inspection.
S017	DOCK/Home/65. MSSQL to Altibase 변환가이드__7341431.md	248	248	S017-D065-U182	paragraph	SQL Server의 TABLE을 Altibase로 변환할 때 CREATE TABLE 시 사용한 여러 옵션을 알맞게 변경해야 한다. Altibase는 OBJECT TABLE, XMLType TABLE을 제공하지 않는다. Altibase는 메모리 TABLE을 제공한다. 따라서 변환할 TABLE의 특성을 잘 파악하여 메모리 TABLE을 생성한다면 메모리 TABLESPACE를 지정하여 생성해...	SQL; CREATE; TABLE; OBJECT; DISK	arch/Home/MSSQL to ALTIBASE Conversion Guide__22643024.md	250	covered	No English change required.	When converting a SQL Server TABLE to Altibase, various options used in the CREATE TABLE statement must be appropriately modified. Altibase does not provide OBJECT TABLE or XMLType TABLE. Altibase provides memory TABL...	none	S017 direct inspection.
S017	DOCK/Home/65. MSSQL to Altibase 변환가이드__7341431.md	250	250	S017-D065-U183	list_item	1. **Column definition**	1	arch/Home/MSSQL to ALTIBASE Conversion Guide__22643024.md	246	covered	No English change required.	## CREATE TABLE	none	S017 direct inspection.
S017	DOCK/Home/65. MSSQL to Altibase 변환가이드__7341431.md	252	252	S017-D065-U184	table_row	| **SQL Server** | **Altibase** | **비고** |	SQL; SQL Server; Altibase	arch/Home/MSSQL to ALTIBASE Conversion Guide__22643024.md	258	covered	No English change required.	| **SQL Server** | **Altibase** | **Remark** |	none	S017 direct table-row alignment.
S017	DOCK/Home/65. MSSQL to Altibase 변환가이드__7341431.md	254	254	S017-D065-U185	table_row	| FILESTREAM | 미 지원 | |	FILESTREAM	arch/Home/MSSQL to ALTIBASE Conversion Guide__22643024.md	260	covered	No English change required.	| FILESTREAM | Not Supported | |	none	S017 direct table-row alignment.
S017	DOCK/Home/65. MSSQL to Altibase 변환가이드__7341431.md	255	255	S017-D065-U186	table_row	| COLLATE | 미 지원 | |	COLLATE	arch/Home/MSSQL to ALTIBASE Conversion Guide__22643024.md	261	covered	No English change required.	| COLLATE | Not Supported | |	none	S017 direct table-row alignment.
S017	DOCK/Home/65. MSSQL to Altibase 변환가이드__7341431.md	256	256	S017-D065-U187	table_row	| CONSTRAINT | CONSTRAINT | Altibase는 PRIMARY KEY, UNIQUE 지정 시 index 이름을 명시할 수 없다 |	CONSTRAINT; PRIMARY; KEY; UNIQUE	arch/Home/MSSQL to ALTIBASE Conversion Guide__22643024.md	262	covered	No English change required.	| CONSTRAINT | CONSTRAINT | In Altibase, you cannot specify an index name when defining a PRIMARY KEY or UNIQUE constraint |	none	S017 direct table-row alignment.
S017	DOCK/Home/65. MSSQL to Altibase 변환가이드__7341431.md	257	257	S017-D065-U188	table_row	| IDENTITY | 미 지원 | |	IDENTITY	arch/Home/MSSQL to ALTIBASE Conversion Guide__22643024.md	263	covered	No English change required.	| IDENTITY | Not Supported | |	none	S017 direct table-row alignment.
S017	DOCK/Home/65. MSSQL to Altibase 변환가이드__7341431.md	258	258	S017-D065-U189	table_row	| ROWGUIDCOL | 미 지원 | |	ROWGUIDCOL	arch/Home/MSSQL to ALTIBASE Conversion Guide__22643024.md	264	covered	No English change required.	| ROWGUIDCOL | Not Supported | |	none	S017 direct table-row alignment.
S017	DOCK/Home/65. MSSQL to Altibase 변환가이드__7341431.md	260	260	S017-D065-U190	list_item	2. **data type**	2	arch/Home/MSSQL to ALTIBASE Conversion Guide__22643024.md	246	covered	No English change required.	## CREATE TABLE	none	S017 direct inspection.
S017	DOCK/Home/65. MSSQL to Altibase 변환가이드__7341431.md	262	262	S017-D065-U191	table_row	| **SQL Server** | **Altibase** | **비고** |	SQL; SQL Server; Altibase	arch/Home/MSSQL to ALTIBASE Conversion Guide__22643024.md	268	covered	No English change required.	| **SQL Server** | **Altibase** | **Remark** |	none	S017 direct table-row alignment.
S017	DOCK/Home/65. MSSQL to Altibase 변환가이드__7341431.md	264	264	S017-D065-U192	table_row	| Precision, scale | Precision, scale | |	Precision, scale	arch/Home/MSSQL to ALTIBASE Conversion Guide__22643024.md	270	covered	No English change required.	| Precision, scale | Precision, scale | |	none	S017 direct table-row alignment.
S017	DOCK/Home/65. MSSQL to Altibase 변환가이드__7341431.md	265	265	S017-D065-U193	table_row	| max | 미 지원 | |	max	arch/Home/MSSQL to ALTIBASE Conversion Guide__22643024.md	271	covered	No English change required.	| max | Not Supported | |	none	S017 direct table-row alignment.
S017	DOCK/Home/65. MSSQL to Altibase 변환가이드__7341431.md	266	266	S017-D065-U194	table_row	| CONTENT | 미 지원 | |	CONTENT	arch/Home/MSSQL to ALTIBASE Conversion Guide__22643024.md	272	covered	No English change required.	| CONTENT | Not Supported | |	none	S017 direct table-row alignment.
S017	DOCK/Home/65. MSSQL to Altibase 변환가이드__7341431.md	267	267	S017-D065-U195	table_row	| DOCUMENT | 미 지원 | |	DOCUMENT	arch/Home/MSSQL to ALTIBASE Conversion Guide__22643024.md	273	covered	No English change required.	| DOCUMENT | Not Supported | |	none	S017 direct table-row alignment.
S017	DOCK/Home/65. MSSQL to Altibase 변환가이드__7341431.md	268	268	S017-D065-U196	table_row	| xml_schema_collection | 미 지원 | |	xml_schema_collection	arch/Home/MSSQL to ALTIBASE Conversion Guide__22643024.md	274	covered	No English change required.	| xml_schema_collection | Not Supported | |	none	S017 direct table-row alignment.
S017	DOCK/Home/65. MSSQL to Altibase 변환가이드__7341431.md	270	270	S017-D065-U197	list_item	3. **column constraint**	3	arch/Home/MSSQL to ALTIBASE Conversion Guide__22643024.md	246	covered	No English change required.	## CREATE TABLE	none	S017 direct inspection.
S017	DOCK/Home/65. MSSQL to Altibase 변환가이드__7341431.md	272	272	S017-D065-U198	table_row	| **SQL Server** | **Altibase** | **비고** |	SQL; SQL Server; Altibase	arch/Home/MSSQL to ALTIBASE Conversion Guide__22643024.md	278	covered	No English change required.	| **SQL Server** | **Altibase** | **Remark** |	none	S017 direct table-row alignment.
S017	DOCK/Home/65. MSSQL to Altibase 변환가이드__7341431.md	274	274	S017-D065-U199	table_row	| PRIMARY KEY | PRIMARY KEY | |	PRIMARY; KEY	arch/Home/MSSQL to ALTIBASE Conversion Guide__22643024.md	280	covered	No English change required.	| PRIMARY KEY | PRIMARY KEY | |	none	S017 direct table-row alignment.
S017	DOCK/Home/65. MSSQL to Altibase 변환가이드__7341431.md	275	275	S017-D065-U200	table_row	| NULL, NOT NULL | NULL, NOT NULL | |	NULL; NOT	arch/Home/MSSQL to ALTIBASE Conversion Guide__22643024.md	281	covered	No English change required.	| NULL, NOT NULL | NULL, NOT NULL | |	none	S017 direct table-row alignment.
S017	DOCK/Home/65. MSSQL to Altibase 변환가이드__7341431.md	276	276	S017-D065-U201	table_row	| UNIQUE | UNIQUE | |	UNIQUE	arch/Home/MSSQL to ALTIBASE Conversion Guide__22643024.md	282	covered	No English change required.	| UNIQUE | UNIQUE | |	none	S017 direct table-row alignment.
S017	DOCK/Home/65. MSSQL to Altibase 변환가이드__7341431.md	277	277	S017-D065-U202	table_row	| CLUSTERED, NONCLUSTERED | 미 지원 | |	CLUSTERED; NONCLUSTERED	arch/Home/MSSQL to ALTIBASE Conversion Guide__22643024.md	283	covered	No English change required.	| CLUSTERED, NONCLUSTERED | Not Supported | |	none	S017 direct table-row alignment.
S017	DOCK/Home/65. MSSQL to Altibase 변환가이드__7341431.md	278	278	S017-D065-U203	table_row	| FOREIGN KEY REFERENCES | FOREIGN KEY REFERENCES | |	FOREIGN; KEY; REFERENCES	arch/Home/MSSQL to ALTIBASE Conversion Guide__22643024.md	284	covered	No English change required.	| FOREIGN KEY REFERENCES | FOREIGN KEY REFERENCES | |	none	S017 direct table-row alignment.
S017	DOCK/Home/65. MSSQL to Altibase 변환가이드__7341431.md	279	279	S017-D065-U204	table_row	| partition_scheme_name | PARTITION BY RANGE \| HASH \| LIST | Table 생성시 파티션테이블 종류 지정. |	PARTITION; RANGE; HASH; LIST	arch/Home/MSSQL to ALTIBASE Conversion Guide__22643024.md	285	covered	No English change required.	| partition_scheme_name | PARTITION BY RANGE \| HASH \| LIST | Specify the type of partitioned table when creating a table |	none	S017 direct table-row alignment.
S017	DOCK/Home/65. MSSQL to Altibase 변환가이드__7341431.md	281	281	S017-D065-U205	list_item	4. **computed column definition**	4	arch/Home/MSSQL to ALTIBASE Conversion Guide__22643024.md	246	covered	No English change required.	## CREATE TABLE	none	S017 direct inspection.
S017	DOCK/Home/65. MSSQL to Altibase 변환가이드__7341431.md	283	283	S017-D065-U206	paragraph	지원하지 않음	section semantics	arch/Home/MSSQL to ALTIBASE Conversion Guide__22643024.md	246	covered	No English change required.	## CREATE TABLE	none	S017 direct inspection.
S017	DOCK/Home/65. MSSQL to Altibase 변환가이드__7341431.md	285	285	S017-D065-U207	list_item	5. **table constraint**	5	arch/Home/MSSQL to ALTIBASE Conversion Guide__22643024.md	246	covered	No English change required.	## CREATE TABLE	none	S017 direct inspection.
S017	DOCK/Home/65. MSSQL to Altibase 변환가이드__7341431.md	287	287	S017-D065-U208	table_row	| **SQL Server** | **Altibase** | **비고** |	SQL; SQL Server; Altibase	arch/Home/MSSQL to ALTIBASE Conversion Guide__22643024.md	293	covered	No English change required.	| **SQL Server** | **Altibase** | **Remark** |	none	S017 direct table-row alignment.
S017	DOCK/Home/65. MSSQL to Altibase 변환가이드__7341431.md	289	289	S017-D065-U209	table_row	| PRIMARY KEY | PRIMARY KEY | |	PRIMARY; KEY	arch/Home/MSSQL to ALTIBASE Conversion Guide__22643024.md	295	covered	No English change required.	| PRIMARY KEY | PRIMARY KEY | |	none	S017 direct table-row alignment.
S017	DOCK/Home/65. MSSQL to Altibase 변환가이드__7341431.md	290	290	S017-D065-U210	table_row	| CLUSTERED, NONCLUSTERED | 미 지원 | |	CLUSTERED; NONCLUSTERED	arch/Home/MSSQL to ALTIBASE Conversion Guide__22643024.md	296	covered	No English change required.	| CLUSTERED, NONCLUSTERED | Not Supported | |	none	S017 direct table-row alignment.
S017	DOCK/Home/65. MSSQL to Altibase 변환가이드__7341431.md	291	291	S017-D065-U211	table_row	| FOREIGN KEY REFERENCES | FOREIGN KEY REFERENCES | |	FOREIGN; KEY; REFERENCES	arch/Home/MSSQL to ALTIBASE Conversion Guide__22643024.md	297	covered	No English change required.	| FOREIGN KEY REFERENCES | FOREIGN KEY REFERENCES | |	none	S017 direct table-row alignment.
S017	DOCK/Home/65. MSSQL to Altibase 변환가이드__7341431.md	292	292	S017-D065-U212	table_row	| partition_scheme_name | PARTITION BY RANGE \| HASH \| LIST | Table 생성시 파티션테이블 종류 지정. |	PARTITION; RANGE; HASH; LIST	arch/Home/MSSQL to ALTIBASE Conversion Guide__22643024.md	298	covered	No English change required.	| partition_scheme_name | PARTITION BY RANGE \| HASH \| LIST | Specify the type of partitioned table when creating a table |	none	S017 direct table-row alignment.
S017	DOCK/Home/65. MSSQL to Altibase 변환가이드__7341431.md	294	294	S017-D065-U213	list_item	6. **table_option**	6	arch/Home/MSSQL to ALTIBASE Conversion Guide__22643024.md	246	covered	No English change required.	## CREATE TABLE	none	S017 direct inspection.
S017	DOCK/Home/65. MSSQL to Altibase 변환가이드__7341431.md	296	296	S017-D065-U214	table_row	| **SQL Server** | Altibase | **비고** |	SQL; SQL Server; Altibase	arch/Home/MSSQL to ALTIBASE Conversion Guide__22643024.md	302	covered	No English change required.	| **SQL Server** | Altibase | **Remark** |	none	S017 direct table-row alignment.
S017	DOCK/Home/65. MSSQL to Altibase 변환가이드__7341431.md	298	298	S017-D065-U215	table_row	| DATA_COMPRESSION | COMPRESS(column_name)로 대체 | Altibase는 컬럼별 압축기능 제공 |	DATA_COMPRESSION; COMPRESS	arch/Home/MSSQL to ALTIBASE Conversion Guide__22643024.md	304	covered	No English change required.	| DATA_COMPRESSION | Replace with COMPRESS(column_name) | Altibase provides column-level compression |	none	S017 direct table-row alignment.
S017	DOCK/Home/65. MSSQL to Altibase 변환가이드__7341431.md	300	300	S017-D065-U216	list_item	7. **index_option**	7	arch/Home/MSSQL to ALTIBASE Conversion Guide__22643024.md	246	covered	No English change required.	## CREATE TABLE	none	S017 direct inspection.
S017	DOCK/Home/65. MSSQL to Altibase 변환가이드__7341431.md	302	302	S017-D065-U217	table_row	| **SQL Server** | **Altibase** | **비고** |	SQL; SQL Server; Altibase	arch/Home/MSSQL to ALTIBASE Conversion Guide__22643024.md	308	covered	No English change required.	| **SQL Server** | **Altibase** | **Remark** |	none	S017 direct table-row alignment.
S017	DOCK/Home/65. MSSQL to Altibase 변환가이드__7341431.md	304	304	S017-D065-U218	table_row	| PAD_INDEX | 미 지원 | |	PAD_INDEX	arch/Home/MSSQL to ALTIBASE Conversion Guide__22643024.md	310	covered	No English change required.	| PAD_INDEX | Not Supported | |	none	S017 direct table-row alignment.
S017	DOCK/Home/65. MSSQL to Altibase 변환가이드__7341431.md	305	305	S017-D065-U219	table_row	| FILLFACTOR | 미 지원 | |	FILLFACTOR	arch/Home/MSSQL to ALTIBASE Conversion Guide__22643024.md	311	covered	No English change required.	| FILLFACTOR | Not Supported | |	none	S017 direct table-row alignment.
S017	DOCK/Home/65. MSSQL to Altibase 변환가이드__7341431.md	306	306	S017-D065-U220	table_row	| IGNORE_DUP_KEY | 미 지원 | Altibase는 OFF 상태임 |	IGNORE_DUP_KEY; OFF	arch/Home/MSSQL to ALTIBASE Conversion Guide__22643024.md	312	covered	No English change required.	| IGNORE_DUP_KEY | Not Supported | Altibase is in the OFF state |	none	S017 direct table-row alignment.
S017	DOCK/Home/65. MSSQL to Altibase 변환가이드__7341431.md	307	307	S017-D065-U221	table_row	| STATISTICS_NORECOMPUTE | 미 지원 | Altibase는 OFF 상태임 |	STATISTICS_NORECOMPUTE; OFF	arch/Home/MSSQL to ALTIBASE Conversion Guide__22643024.md	313	covered	No English change required.	| STATISTICS_NORECOMPUTE | Not Supported | Altibase is in the OFF state |	none	S017 direct table-row alignment.
S017	DOCK/Home/65. MSSQL to Altibase 변환가이드__7341431.md	308	308	S017-D065-U222	table_row	| ALLOW_ROW_LOCKS | 미 지원 | Durability Level 설정에 따라 정의 |	ALLOW_ROW_LOCKS	arch/Home/MSSQL to ALTIBASE Conversion Guide__22643024.md	314	covered	No English change required.	| ALLOW_ROW_LOCKS | Not Supported | Defined according to the Durability Level setting |	none	S017 direct table-row alignment.
S017	DOCK/Home/65. MSSQL to Altibase 변환가이드__7341431.md	309	309	S017-D065-U223	table_row	| ALLOW_PAGE_LOCKS | 미 지원 | Durability Level 설정에 따라 정의 |	ALLOW_PAGE_LOCKS	arch/Home/MSSQL to ALTIBASE Conversion Guide__22643024.md	315	covered	No English change required.	| ALLOW_PAGE_LOCKS | Not Supported | Defined according to the Durability Level setting |	none	S017 direct table-row alignment.
S017	DOCK/Home/65. MSSQL to Altibase 변환가이드__7341431.md	310	310	S017-D065-U224	table_row	| DATA_COMPRESSION | 미 지원 | INDEX 압축은 미지원 |	DATA_COMPRESSION; INDEX	arch/Home/MSSQL to ALTIBASE Conversion Guide__22643024.md	316	covered	No English change required.	| DATA_COMPRESSION | Not Supported | Index compression is not supported |	none	S017 direct table-row alignment.
S017	DOCK/Home/65. MSSQL to Altibase 변환가이드__7341431.md	312	312	S017-D065-U225	heading	## CREATE USER	CREATE; USER	arch/Home/MSSQL to ALTIBASE Conversion Guide__22643024.md	318	covered	No English change required.	## CREATE USER	none	S017 direct inspection.
S017	DOCK/Home/65. MSSQL to Altibase 변환가이드__7341431.md	316	316	S017-D065-U226	paragraph	Altibase는 데이터베이스 로그인과 유저를 분리하여 생성하지 않고 하나의 유저로 생성하여 관리한다.	section semantics	arch/Home/MSSQL to ALTIBASE Conversion Guide__22643024.md	318	covered	No English change required.	## CREATE USER	none	S017 direct inspection.
S017	DOCK/Home/65. MSSQL to Altibase 변환가이드__7341431.md	318	318	S017-D065-U227	table_row	| SQL Server | Altibase | 비고 |	SQL; SQL Server; Altibase	arch/Home/MSSQL to ALTIBASE Conversion Guide__22643024.md	324	covered	No English change required.	| SQL Server | Altibase | **Remark** |	none	S017 direct table-row alignment.
S017	DOCK/Home/65. MSSQL to Altibase 변환가이드__7341431.md	320	320	S017-D065-U228	table_row	| ```<br>CREATE LOGIN <login_name> WITH PASSWORD = '<password>';<br>Users based on logins in master<br>CREATE USER user_name<br>[<br>{ FOR \| FROM } LOGIN login_name<br>]<br>[ WITH DEFAULT_SCHEMA = schema_name ]<br>[...	CREATE; LOGIN; WITH; PASSWORD; USER; FOR; FROM; DEFAULT_SCHEMA	arch/Home/MSSQL to ALTIBASE Conversion Guide__22643024.md	326	covered	No English change required.	| ```<br>CREATE LOGIN <login_name> WITH PASSWORD = '<password>';<br>Users based on logins in master<br>CREATE USER user_name<br>[<br>{ FOR \| FROM } LOGIN login_name<br>]<br>[ WITH DEFAULT_SCHEMA = schema_name ]<br>[...	none	S017 direct table-row alignment.
S017	DOCK/Home/65. MSSQL to Altibase 변환가이드__7341431.md	322	322	S017-D065-U229	heading	## CREATE INDEX	CREATE; INDEX	arch/Home/MSSQL to ALTIBASE Conversion Guide__22643024.md	328	covered	No English change required.	## CREATE INDEX	none	S017 direct inspection.
S017	DOCK/Home/65. MSSQL to Altibase 변환가이드__7341431.md	326	326	S017-D065-U230	paragraph	Altibase는 BTREE와 RTREE INDEX만 제공하고 BITMAP, CLUSTER, REVERSE, Global partitioned INDEX를 제공하지 않는다.	RTREE; BITMAP; CLUSTER; REVERSE	arch/Home/MSSQL to ALTIBASE Conversion Guide__22643024.md	332	covered	No English change required.	Altibase provides only BTREE and RTREE indexes and does not support BITMAP, CLUSTER, REVERSE, or Global partitioned indexes.	none	S017 direct inspection.
S017	DOCK/Home/65. MSSQL to Altibase 변환가이드__7341431.md	328	328	S017-D065-U231	paragraph	다음은 Altibase로 변환할 때 CREATE INDEX 구문에 사용하는 옵션들에 대한 변환 방법이다.	CREATE; INDEX	arch/Home/MSSQL to ALTIBASE Conversion Guide__22643024.md	328	covered	No English change required.	## CREATE INDEX	none	S017 direct inspection.
S017	DOCK/Home/65. MSSQL to Altibase 변환가이드__7341431.md	330	330	S017-D065-U232	table_row	| **SQL Server** | **Altibase** | **비고** |	SQL; SQL Server; Altibase	arch/Home/MSSQL to ALTIBASE Conversion Guide__22643024.md	336	covered	No English change required.	| **SQL Server** | **Altibase** | **Remark** |	none	S017 direct table-row alignment.
S017	DOCK/Home/65. MSSQL to Altibase 변환가이드__7341431.md	332	332	S017-D065-U233	table_row	| UNIQUE | UNIQUE | |	UNIQUE	arch/Home/MSSQL to ALTIBASE Conversion Guide__22643024.md	338	covered	No English change required.	| UNIQUE | UNIQUE | |	none	S017 direct table-row alignment.
S017	DOCK/Home/65. MSSQL to Altibase 변환가이드__7341431.md	333	333	S017-D065-U234	table_row	| CLUSTERED \| NONCLUSTERED | 미 지원 | |	CLUSTERED; NONCLUSTERED	arch/Home/MSSQL to ALTIBASE Conversion Guide__22643024.md	339	covered	No English change required.	| CLUSTERED \| NONCLUSTERED | Not Supported | |	none	S017 direct table-row alignment.
S017	DOCK/Home/65. MSSQL to Altibase 변환가이드__7341431.md	334	334	S017-D065-U235	table_row	| ASC \| DESC | ASC \| DESC | |	ASC; DESC	arch/Home/MSSQL to ALTIBASE Conversion Guide__22643024.md	340	covered	No English change required.	| ASC \| DESC | ASC \| DESC | |	none	S017 direct table-row alignment.
S017	DOCK/Home/65. MSSQL to Altibase 변환가이드__7341431.md	335	335	S017-D065-U236	table_row	| INCLUDE | 미 지원 | |	INCLUDE	arch/Home/MSSQL to ALTIBASE Conversion Guide__22643024.md	341	covered	No English change required.	| INCLUDE | Not Supported | |	none	S017 direct table-row alignment.
S017	DOCK/Home/65. MSSQL to Altibase 변환가이드__7341431.md	336	336	S017-D065-U237	table_row	| filter_predicate | 미 지원 | |	filter_predicate	arch/Home/MSSQL to ALTIBASE Conversion Guide__22643024.md	342	covered	No English change required.	| filter_predicate | Not Supported | |	none	S017 direct table-row alignment.
S017	DOCK/Home/65. MSSQL to Altibase 변환가이드__7341431.md	337	337	S017-D065-U238	table_row	| partition_scheme_name | PARTITION ON | Local Index만 지원 |	PARTITION	arch/Home/MSSQL to ALTIBASE Conversion Guide__22643024.md	343	covered	No English change required.	| partition_scheme_name | PARTITION ON | Only local indexes are supported |	none	S017 direct table-row alignment.
S017	DOCK/Home/65. MSSQL to Altibase 변환가이드__7341431.md	338	338	S017-D065-U239	table_row	| ON filegroup_name | 미 지원 | |	ON filegroup_name	arch/Home/MSSQL to ALTIBASE Conversion Guide__22643024.md	344	covered	No English change required.	| ON filegroup_name | Not Supported | |	none	S017 direct table-row alignment.
S017	DOCK/Home/65. MSSQL to Altibase 변환가이드__7341431.md	339	339	S017-D065-U240	table_row	| table_or_view_name | Table_name | View는 지원하지 않음 |	table_or_view_name	arch/Home/MSSQL to ALTIBASE Conversion Guide__22643024.md	345	covered	No English change required.	| table_or_view_name | Table_name | Views are not supported |	none	S017 direct table-row alignment.
S017	DOCK/Home/65. MSSQL to Altibase 변환가이드__7341431.md	340	340	S017-D065-U241	table_row	| PAD_INDEX | 미 지원 | |	PAD_INDEX	arch/Home/MSSQL to ALTIBASE Conversion Guide__22643024.md	346	covered	No English change required.	| PAD_INDEX | Not Supported | |	none	S017 direct table-row alignment.
S017	DOCK/Home/65. MSSQL to Altibase 변환가이드__7341431.md	341	341	S017-D065-U242	table_row	| FILLFACTOR | 미 지원 | |	FILLFACTOR	arch/Home/MSSQL to ALTIBASE Conversion Guide__22643024.md	347	covered	No English change required.	| FILLFACTOR | Not Supported | |	none	S017 direct table-row alignment.
S017	DOCK/Home/65. MSSQL to Altibase 변환가이드__7341431.md	342	342	S017-D065-U243	table_row	| SORT_IN_TEMPDB | 미 지원 | |	SORT_IN_TEMPDB	arch/Home/MSSQL to ALTIBASE Conversion Guide__22643024.md	348	covered	No English change required.	| SORT_IN_TEMPDB | Not Supported | |	none	S017 direct table-row alignment.
S017	DOCK/Home/65. MSSQL to Altibase 변환가이드__7341431.md	343	343	S017-D065-U244	table_row	| IGNORE_DUP_KEY | 미 지원 | Altibase는 ON 상태임 |	IGNORE_DUP_KEY	arch/Home/MSSQL to ALTIBASE Conversion Guide__22643024.md	349	covered	No English change required.	| IGNORE_DUP_KEY | Not Supported | Altibase is in the ON state |	none	S017 direct table-row alignment.
S017	DOCK/Home/65. MSSQL to Altibase 변환가이드__7341431.md	344	344	S017-D065-U245	table_row	| STATISTICS_NORECOMPUTE | 미 지원 | Alitbase는 OFF 상태임 |	STATISTICS_NORECOMPUTE; OFF	arch/Home/MSSQL to ALTIBASE Conversion Guide__22643024.md	350	covered	No English change required.	| STATISTICS_NORECOMPUTE | Not Supported | Altibase is in the OFF state |	none	S017 direct table-row alignment.
S017	DOCK/Home/65. MSSQL to Altibase 변환가이드__7341431.md	345	345	S017-D065-U246	table_row	| DROP_EXISTING | 미 지원 | |	DROP_EXISTING	arch/Home/MSSQL to ALTIBASE Conversion Guide__22643024.md	351	covered	No English change required.	| DROP_EXISTING | Not Supported | |	none	S017 direct table-row alignment.
S017	DOCK/Home/65. MSSQL to Altibase 변환가이드__7341431.md	346	346	S017-D065-U247	table_row	| ONLINE | 미 지원 | Alitbase는 OFF 상태임 |	ONLINE; OFF	arch/Home/MSSQL to ALTIBASE Conversion Guide__22643024.md	352	covered	No English change required.	| ONLINE | Not Supported | Altibase is in the OFF state |	none	S017 direct table-row alignment.
S017	DOCK/Home/65. MSSQL to Altibase 변환가이드__7341431.md	347	347	S017-D065-U248	table_row	| ALLOW_ROW_LOCKS | 미 지원 | Durability Level 설정에 따라 정의 |	ALLOW_ROW_LOCKS	arch/Home/MSSQL to ALTIBASE Conversion Guide__22643024.md	353	covered	No English change required.	| ALLOW_ROW_LOCKS | Not Supported | Defined according to the Durability Level setting |	none	S017 direct table-row alignment.
S017	DOCK/Home/65. MSSQL to Altibase 변환가이드__7341431.md	348	348	S017-D065-U249	table_row	| ALLOW_PAGE_LOCKS | 미 지원 | Durability Level 설정에 따라 정의 |	ALLOW_PAGE_LOCKS	arch/Home/MSSQL to ALTIBASE Conversion Guide__22643024.md	354	covered	No English change required.	| ALLOW_PAGE_LOCKS | Not Supported | Defined according to the Durability Level setting |	none	S017 direct table-row alignment.
S017	DOCK/Home/65. MSSQL to Altibase 변환가이드__7341431.md	349	349	S017-D065-U250	table_row	| MAXDOP | 미 지원 | 생성시에만 적용 |	MAXDOP	arch/Home/MSSQL to ALTIBASE Conversion Guide__22643024.md	355	covered	No English change required.	| MAXDOP | Not Supported | Applied only at creation |	none	S017 direct table-row alignment.
S017	DOCK/Home/65. MSSQL to Altibase 변환가이드__7341431.md	350	350	S017-D065-U251	table_row	| DATA_COMPRESSION | COMPRESS(column_name)로 대체 | |	DATA_COMPRESSION; COMPRESS	arch/Home/MSSQL to ALTIBASE Conversion Guide__22643024.md	356	covered	No English change required.	| DATA_COMPRESSION | Replace with COMPRESS(column_name) | |	none	S017 direct table-row alignment.
S017	DOCK/Home/65. MSSQL to Altibase 변환가이드__7341431.md	352	352	S017-D065-U252	heading	# SQL Conversion	SQL	arch/Home/MSSQL to ALTIBASE Conversion Guide__22643024.md	358	covered	No English change required.	# SQL Conversion	none	S017 direct inspection.
S017	DOCK/Home/65. MSSQL to Altibase 변환가이드__7341431.md	356	356	S017-D065-U253	paragraph	SQL Server의 SQL 문들을 ALTIBASE로 변환하는 방법을 설명에 대하여 설명한다.	SQL	arch/Home/MSSQL to ALTIBASE Conversion Guide__22643024.md	358	covered	No English change required.	# SQL Conversion	none	S017 direct inspection.
S017	DOCK/Home/65. MSSQL to Altibase 변환가이드__7341431.md	358	358	S017-D065-U254	heading	## JOIN	JOIN	arch/Home/MSSQL to ALTIBASE Conversion Guide__22643024.md	364	covered	No English change required.	## JOIN	none	S017 direct inspection.
S017	DOCK/Home/65. MSSQL to Altibase 변환가이드__7341431.md	362	362	S017-D065-U255	paragraph	Altibase는 아래의 조인 외에도 Semi Join, Anti Join을 제공한다.	section semantics	arch/Home/MSSQL to ALTIBASE Conversion Guide__22643024.md	364	covered	No English change required.	## JOIN	none	S017 direct inspection.
S017	DOCK/Home/65. MSSQL to Altibase 변환가이드__7341431.md	364	364	S017-D065-U256	table_row	| **SQL Server** | **Altibase** | **비고** |	SQL; SQL Server; Altibase	arch/Home/MSSQL to ALTIBASE Conversion Guide__22643024.md	370	covered	No English change required.	| **SQL Server** | **Altibase** | **Remark** |	none	S017 direct table-row alignment.
S017	DOCK/Home/65. MSSQL to Altibase 변환가이드__7341431.md	366	366	S017-D065-U257	table_row	| INNER JOIN | INNER JOIN | |	INNER; JOIN	arch/Home/MSSQL to ALTIBASE Conversion Guide__22643024.md	372	covered	No English change required.	| INNER JOIN | INNER JOIN | |	none	S017 direct table-row alignment.
S017	DOCK/Home/65. MSSQL to Altibase 변환가이드__7341431.md	367	367	S017-D065-U258	table_row	| LEFT OUTER JOIN | LEFT OUTER JOIN | |	LEFT; OUTER; JOIN	arch/Home/MSSQL to ALTIBASE Conversion Guide__22643024.md	373	covered	No English change required.	| LEFT OUTER JOIN | LEFT OUTER JOIN | |	none	S017 direct table-row alignment.
S017	DOCK/Home/65. MSSQL to Altibase 변환가이드__7341431.md	368	368	S017-D065-U259	table_row	| RIGHT OUTER JOIN | RIGHT OUTER JOIN | |	RIGHT; OUTER; JOIN	arch/Home/MSSQL to ALTIBASE Conversion Guide__22643024.md	374	covered	No English change required.	| RIGHT OUTER JOIN | RIGHT OUTER JOIN | |	none	S017 direct table-row alignment.
S017	DOCK/Home/65. MSSQL to Altibase 변환가이드__7341431.md	369	369	S017-D065-U260	table_row	| FULL OUTER JOIN | FULL OUTER JOIN | |	FULL; OUTER; JOIN	arch/Home/MSSQL to ALTIBASE Conversion Guide__22643024.md	375	covered	No English change required.	| FULL OUTER JOIN | FULL OUTER JOIN | |	none	S017 direct table-row alignment.
S017	DOCK/Home/65. MSSQL to Altibase 변환가이드__7341431.md	370	370	S017-D065-U261	table_row	| CROSS JOIN | CROSS JOIN | |	CROSS; JOIN	arch/Home/MSSQL to ALTIBASE Conversion Guide__22643024.md	376	covered	No English change required.	| CROSS JOIN | CROSS JOIN | |	none	S017 direct table-row alignment.
S017	DOCK/Home/65. MSSQL to Altibase 변환가이드__7341431.md	372	372	S017-D065-U262	heading	## Execution Query	section semantics	arch/Home/MSSQL to ALTIBASE Conversion Guide__22643024.md	378	covered	No English change required.	## Execution Query	none	S017 direct inspection.
S017	DOCK/Home/65. MSSQL to Altibase 변환가이드__7341431.md	376	376	S017-D065-U263	paragraph	Altibase의 쿼리 종결 문자는 “;” 이다. 따라서 여러 쿼리를 한번에 실행하려 한다면 쿼리마다 종결문자 “;”로 구분해 주어야 한다.	section semantics	arch/Home/MSSQL to ALTIBASE Conversion Guide__22643024.md	378	covered	No English change required.	## Execution Query	none	S017 direct inspection.
S017	DOCK/Home/65. MSSQL to Altibase 변환가이드__7341431.md	378	378	S017-D065-U264	table_row	| **SQL Server** | **Altibase** | **비고** |	SQL; SQL Server; Altibase	arch/Home/MSSQL to ALTIBASE Conversion Guide__22643024.md	384	covered	No English change required.	| **SQL Server** | **Altibase** | **Remark** |	none	S017 direct table-row alignment.
S017	DOCK/Home/65. MSSQL to Altibase 변환가이드__7341431.md	380	380	S017-D065-U265	table_row	| GO | ; Commit; | 기본값은 Autocommit |	GO	arch/Home/MSSQL to ALTIBASE Conversion Guide__22643024.md	386	covered	No English change required.	| GO | ; Commit; | default Autocommit |	none	S017 direct table-row alignment.
S017	DOCK/Home/65. MSSQL to Altibase 변환가이드__7341431.md	382	382	S017-D065-U266	heading	## Temporary Table	section semantics	arch/Home/MSSQL to ALTIBASE Conversion Guide__22643024.md	388	covered	No English change required.	## Temporary Table	none	S017 direct inspection.
S017	DOCK/Home/65. MSSQL to Altibase 변환가이드__7341431.md	386	386	S017-D065-U267	table_row	| SQL Server | Altibase | 비고 |	SQL; SQL Server; Altibase	arch/Home/MSSQL to ALTIBASE Conversion Guide__22643024.md	392	covered	No English change required.	| SQL Server | Altibase | **Remark** |	none	S017 direct table-row alignment.
S017	DOCK/Home/65. MSSQL to Altibase 변환가이드__7341431.md	388	388	S017-D065-U268	table_row	| CREATE TABLE #TempProcess | CREATE TABLE TEMPORARY *table_name* (…) on commit (...) rows TABLESPACE *volatile_tablespace_name* | |	CREATE; TABLE; TEMPORARY; TABLESPACE	arch/Home/MSSQL to ALTIBASE Conversion Guide__22643024.md	394	covered	No English change required.	| CREATE TABLE #TempProcess | CREATE TABLE TEMPORARY *table_name* (…) on commit (...) rows TABLESPACE *volatile_tablespace_name* | |	none	S017 direct table-row alignment.
S017	DOCK/Home/65. MSSQL to Altibase 변환가이드__7341431.md	390	390	S017-D065-U269	heading	## Control Statement	section semantics	arch/Home/MSSQL to ALTIBASE Conversion Guide__22643024.md	396	covered	No English change required.	## Control Statement	none	S017 direct inspection.
S017	DOCK/Home/65. MSSQL to Altibase 변환가이드__7341431.md	394	394	S017-D065-U270	table_row	| | **SQL Server** | **Altibase** |	SQL; SQL Server; Altibase	arch/Home/MSSQL to ALTIBASE Conversion Guide__22643024.md	400	covered	No English change required.	| | **SQL Server** | **Altibase** |	none	S017 direct table-row alignment.
S017	DOCK/Home/65. MSSQL to Altibase 변환가이드__7341431.md	396	396	S017-D065-U271	table_row	| IF | If (조건) Else if (조건) Else End | If 조건 then Elseif 조건 then Else End |	IF	arch/Home/MSSQL to ALTIBASE Conversion Guide__22643024.md	402	covered	No English change required.	| IF | If (condition) Else if (condition) Else End | If condition then Elseif condition then Else End |	none	S017 direct table-row alignment.
S017	DOCK/Home/65. MSSQL to Altibase 변환가이드__7341431.md	397	397	S017-D065-U272	table_row	| While | While (조건) BEING END BREAK =>while문 탈출 | While 조건 loop End loop Exit when 조건 =>조건 만족할 때 반복 loop탈출 |	BEING; END; BREAK	arch/Home/MSSQL to ALTIBASE Conversion Guide__22643024.md	403	covered	No English change required.	| While | While (condition) BEING END BREAK => Exit the while loop | While condition loop End loop Exit when condition => Exit the loop when the condition is met |	none	S017 direct table-row alignment.
S017	DOCK/Home/65. MSSQL to Altibase 변환가이드__7341431.md	399	399	S017-D065-U273	heading	## Identity Attribute	section semantics	arch/Home/MSSQL to ALTIBASE Conversion Guide__22643024.md	405	covered	No English change required.	## Identity Attribute	none	S017 direct inspection.
S017	DOCK/Home/65. MSSQL to Altibase 변환가이드__7341431.md	403	403	S017-D065-U274	paragraph	Altibase에는 Identity 속성은 존재하지 않는다. 따라서 필요시 SEQUENCE를 만들어 컬럼의 DEFAULT 값에 적용하여 사용한다.	DEFAULT	arch/Home/MSSQL to ALTIBASE Conversion Guide__22643024.md	409	covered	No English change required.	Altibase does not have an Identity property. Therefore, if needed, create a SEQUENCE and apply it as the DEFAULT value for the column.	none	S017 direct inspection.
S017	DOCK/Home/65. MSSQL to Altibase 변환가이드__7341431.md	405	405	S017-D065-U275	paragraph	예를 들면 아래와 같다.	section semantics	arch/Home/MSSQL to ALTIBASE Conversion Guide__22643024.md	405	covered	No English change required.	## Identity Attribute	none	S017 direct inspection.
S017	DOCK/Home/65. MSSQL to Altibase 변환가이드__7341431.md	407	407	S017-D065-U276	table_row	| SQL Server | Altibase |	SQL; SQL Server; Altibase	arch/Home/MSSQL to ALTIBASE Conversion Guide__22643024.md	413	covered	No English change required.	| SQL Server | Altibase |	none	S017 direct table-row alignment.
S017	DOCK/Home/65. MSSQL to Altibase 변환가이드__7341431.md	409	409	S017-D065-U277	table_row	| ```<br>-- c1 컬럼에 1씩 자동증가 적용<br>create table seq_test<br>(c1 int identity(1,1) not null<br>```<br>```<br>...<br>);<br>``` | ```<br>-- sequence 생성<br>create sequence seq1 start with 1 increment by 1 nocache;<br>-- def...	1	arch/Home/MSSQL to ALTIBASE Conversion Guide__22643024.md	415	covered	No English change required.	| ```<br>-- Apply auto-increment by 1 to the c1 column.<br>```<br>```<br>create table seq_test<br>(c1 int identity(1,1) not null<br>```<br>```<br>...<br>);<br>``` | ```<br>-- create a sequence<br>create sequence seq1...	none	S017 direct table-row alignment.
S017	DOCK/Home/65. MSSQL to Altibase 변환가이드__7341431.md	411	411	S017-D065-U278	heading	## Procedure Conversion	section semantics	arch/Home/MSSQL to ALTIBASE Conversion Guide__22643024.md	417	covered	No English change required.	## Procedure Conversion	none	S017 direct inspection.
S017	DOCK/Home/65. MSSQL to Altibase 변환가이드__7341431.md	415	415	S017-D065-U279	paragraph	Altibase의 PROCEDRUE 생성 및 실행구문은 SQL 서버와 다른 부분이 있다. 예제를 통하여 PROCEDURE 변경 방법을 확인한다.	PROCEDRUE; SQL; PROCEDURE	arch/Home/MSSQL to ALTIBASE Conversion Guide__22643024.md	421	covered	No English change required.	The syntax for creating and executing a PROCEDURE in Altibase differs from that of SQL Server. This example demonstrates how to modify a PROCEDURE.	none	S017 direct inspection.
S017	DOCK/Home/65. MSSQL to Altibase 변환가이드__7341431.md	417	417	S017-D065-U280	heading	### Parameter Declaration	section semantics	arch/Home/MSSQL to ALTIBASE Conversion Guide__22643024.md	423	covered	No English change required.	### Parameter Declaration	none	S017 direct inspection.
S017	DOCK/Home/65. MSSQL to Altibase 변환가이드__7341431.md	421	421	S017-D065-U281	paragraph	SQL Server의 파라미터 선언부를 Altibase로 변환 시 다음 작업이 필요하다. SQL Server의 파라미터 선언에서 ‘@’ 기호를 없앤다. 파라미터의 성격에 따라 in , out , in out 을 명시해준다. Function일 경우 실행 후 하나의 값을 반환해 주는 것으로 반드시 RETURN 다음의 데이터 타입을 명시해야 한다.	SQL; RETURN	arch/Home/MSSQL to ALTIBASE Conversion Guide__22643024.md	427	covered	No English change required.	When converting the parameter declaration section from SQL Server to Altibase: Remove the '@' symbol used in SQL Server parameter declarations. Specify `in`, `out`, or `in out` depending on the nature of each paramete...	none	S017 direct inspection.
S017	DOCK/Home/65. MSSQL to Altibase 변환가이드__7341431.md	423	423	S017-D065-U282	table_row	| SQL Server | Altibase |	SQL; SQL Server; Altibase	arch/Home/MSSQL to ALTIBASE Conversion Guide__22643024.md	429	covered	No English change required.	| SQL Server | Altibase |	none	S017 direct table-row alignment.
S017	DOCK/Home/65. MSSQL to Altibase 변환가이드__7341431.md	425	425	S017-D065-U283	table_row	| ```<br>CREATE Procedure dbo.sp1<br>@nTop INT --무시<br>, @nGroupCode INT = -2<br>, @nObjectCode INT = -2<br>, @nRCLS INT=1 – 1:Set , 0:Unset<br>, @nLCRS INT=1 – 1:Set , 0:Unset<br>, @nLCLS INT=1 – 1:Set , 0:Unset<br>,...	CREATE; INT; VARCHAR; 2; 1; 0; 19; 100	arch/Home/MSSQL to ALTIBASE Conversion Guide__22643024.md	431	covered	No English change required.	| ```<br>CREATE Procedure dbo.sp1<br>@nTop INT -- ignored<br>, @nGroupCode INT = -2<br>, @nObjectCode INT = -2<br>, @nRCLS INT=1 – 1:Set , 0:Unset<br>, @nLCRS INT=1 – 1:Set , 0:Unset<br>, @nLCLS INT=1 – 1:Set , 0:Unse...	none	S017 direct table-row alignment.
S017	DOCK/Home/65. MSSQL to Altibase 변환가이드__7341431.md	427	427	S017-D065-U284	heading	### Variable Declaration	section semantics	arch/Home/MSSQL to ALTIBASE Conversion Guide__22643024.md	433	covered	No English change required.	### Variable Declaration	none	S017 direct inspection.
S017	DOCK/Home/65. MSSQL to Altibase 변환가이드__7341431.md	431	431	S017-D065-U285	paragraph	Altibase의 변수 선언은 AS와 BEGIN 사이에서 정의된다. SQL Server의 변수 선언에서 ‘@’ 기호를 없앤다. 변수 선언 할 때 구분자인 ‘,’를 ‘;’로 바꾼다. 마지막 변수 선언에도 항상 ‘;’로 마지막임을 선언 한다.	BEGIN; SQL	arch/Home/MSSQL to ALTIBASE Conversion Guide__22643024.md	437	covered	No English change required.	In Altibase, variables are declared between `AS` and `BEGIN`. Remove the `@` symbol from variable declarations used in SQL Server. Replace the delimiter `,` with `;` when declaring variables. Always end the last varia...	none	S017 direct inspection.
S017	DOCK/Home/65. MSSQL to Altibase 변환가이드__7341431.md	433	433	S017-D065-U286	table_row	| SQL Server | Altibase |	SQL; SQL Server; Altibase	arch/Home/MSSQL to ALTIBASE Conversion Guide__22643024.md	439	covered	No English change required.	| SQL Server | Altibase |	none	S017 direct table-row alignment.
S017	DOCK/Home/65. MSSQL to Altibase 변환가이드__7341431.md	435	435	S017-D065-U287	table_row	| ```<br>create or replace procedure sp1<br>(<br>……<br>)<br>as<br>DECLARE @sTotalQry VARCHAR(3000)<br>, @sQry VARCHAR(3000)<br>, @sFilterQry VARCHAR(1000)<br>, @dStartDate DATETIME<br>, @dEndDate DATETIME<br>, @sSort...	DECLARE; VARCHAR; DATETIME; INT; DATE; 3000; 1000; 20	arch/Home/MSSQL to ALTIBASE Conversion Guide__22643024.md	441	covered	No English change required.	| ```<br>create or replace procedure sp1<br>(<br>……<br>)<br>as<br>DECLARE @sTotalQry VARCHAR(3000)<br>, @sQry VARCHAR(3000)<br>, @sFilterQry VARCHAR(1000)<br>, @dStartDate DATETIME<br>, @dEndDate DATETIME<br>, @sSort...	none	S017 direct table-row alignment.
S017	DOCK/Home/65. MSSQL to Altibase 변환가이드__7341431.md	437	437	S017-D065-U288	heading	### Assignment	section semantics	arch/Home/MSSQL to ALTIBASE Conversion Guide__22643024.md	443	covered	No English change required.	### Assignment	none	S017 direct inspection.
S017	DOCK/Home/65. MSSQL to Altibase 변환가이드__7341431.md	441	441	S017-D065-U289	paragraph	SQL Server은 변수에 값 할당 시 SET과 @ 를 이용한다. Altibase는 이를 변경하기 위해서 아래와 같이 2가지 변경 방법을 지원한다.	SQL	arch/Home/MSSQL to ALTIBASE Conversion Guide__22643024.md	447	covered	No English change required.	In SQL Server, variables are assigned values using `SET` and the `@` symbol. Altibase supports two methods to modify this:	none	S017 direct inspection.
S017	DOCK/Home/65. MSSQL to Altibase 변환가이드__7341431.md	443	443	S017-D065-U290	list_item	1. SET, ‘@’ 문자를 없앤다. ‘=’ 를 ‘ := ’로 바꾼다. 구분자인 ‘,’를 ‘;’로 바꾸고 마지막에 항상 ‘;’로 마지막임을 선언 한다.	SET; 1	arch/Home/MSSQL to ALTIBASE Conversion Guide__22643024.md	447	covered	No English change required.	In SQL Server, variables are assigned values using `SET` and the `@` symbol. Altibase supports two methods to modify this:	none	S017 direct inspection.
S017	DOCK/Home/65. MSSQL to Altibase 변환가이드__7341431.md	444	444	S017-D065-U291	list_item	2. ‘@’ 문자를 없앤다. 구분자인 ‘,’를 ‘;’로 바꾸고 마지막에 항상 ‘;’로 마지막임을 선언 한다.	2	arch/Home/MSSQL to ALTIBASE Conversion Guide__22643024.md	443	covered	No English change required.	### Assignment	none	S017 direct inspection.
S017	DOCK/Home/65. MSSQL to Altibase 변환가이드__7341431.md	446	446	S017-D065-U292	table_row	| SQL Server | Altibase |	SQL; SQL Server; Altibase	arch/Home/MSSQL to ALTIBASE Conversion Guide__22643024.md	452	covered	No English change required.	| SQL Server | Altibase |	none	S017 direct table-row alignment.
S017	DOCK/Home/65. MSSQL to Altibase 변환가이드__7341431.md	448	448	S017-D065-U293	table_row	| ```<br>SET @sTop = '1000'<br>SET @sBaseDate = CONVERT(VARCHAR, DATEADD(dd, -1, GETDATE()), 121)<br>``` | ```<br>i_sTop := '1000' ;<br>i_sBaseDate := to_char(DATEADD (SYSDATE, -1, 'DAY'), 'YYYY-MM-DD HH:MI:SS') ;<br>...	SET; CONVERT; VARCHAR; DATEADD; GETDATE; SYSDATE; DAY; YYYY-MM-DD	arch/Home/MSSQL to ALTIBASE Conversion Guide__22643024.md	454	covered	No English change required.	| ```<br>SET @sTop = '1000'<br>SET @sBaseDate = CONVERT(VARCHAR, DATEADD(dd, -1, GETDATE()), 121)<br>``` | ```<br>i_sTop := '1000' ;<br>i_sBaseDate := to_char(DATEADD (SYSDATE, -1, 'DAY'), 'YYYY-MM-DD HH:MI:SS') ;<br>...	none	S017 direct table-row alignment.
S017	DOCK/Home/65. MSSQL to Altibase 변환가이드__7341431.md	450	450	S017-D065-U294	heading	### 흐름제어(Control_flow_statement) - IF문	section semantics	arch/Home/MSSQL to ALTIBASE Conversion Guide__22643024.md	456	covered	No English change required.	### Flow Control (Control_flow_statement) - IF statement	none	S017 direct inspection.
S017	DOCK/Home/65. MSSQL to Altibase 변환가이드__7341431.md	454	454	S017-D065-U295	paragraph	Altibase의 문장 끝에는 항상 ‘;’로 마지막임을 표시한다. IF문 처음에는 IF (condition) THEN으로 처음을 표시한다. IF문 끝에는 END IF로 IF문이 끝임을 표시한다.	END	arch/Home/MSSQL to ALTIBASE Conversion Guide__22643024.md	460	covered	No English change required.	In Altibase, every statement must end with a `;` to indicate the end. An `IF` statement begins with `IF (condition) THEN`. It ends with `END IF` to indicate the end of the `IF` block.	none	S017 direct inspection.
S017	DOCK/Home/65. MSSQL to Altibase 변환가이드__7341431.md	456	456	S017-D065-U296	table_row	| SQL Server | Altibase |	SQL; SQL Server; Altibase	arch/Home/MSSQL to ALTIBASE Conversion Guide__22643024.md	462	covered	No English change required.	| SQL Server | Altibase |	none	S017 direct table-row alignment.
S017	DOCK/Home/65. MSSQL to Altibase 변환가이드__7341431.md	458	458	S017-D065-U297	table_row	| ```<br>IF (@nRCLS = 1) AND (@nLCRS = 1) AND (@nLCLS = 1) SET @sFilterQry = ''<br>ELSE IF (@nRCLS = 0) AND (@nLCRS = 0) AND (@nLCLS = 0) SET @sFilterQry = ''<br>``` | ```<br>IF (i_nRCLS = 1) AND (i_nLCRS = 1) AND (i_...	AND; SET; ELSE; THEN; ELSIF; END; 1; 0	arch/Home/MSSQL to ALTIBASE Conversion Guide__22643024.md	464	covered	No English change required.	| ```<br>IF (@nRCLS = 1) AND (@nLCRS = 1) AND (@nLCLS = 1) SET @sFilterQry = ''<br>ELSE IF (@nRCLS = 0) AND (@nLCRS = 0) AND (@nLCLS = 0) SET @sFilterQry = ''<br>``` | ```<br>IF (i_nRCLS = 1) AND (i_nLCRS = 1) AND (i_...	none	S017 direct table-row alignment.
S017	DOCK/Home/65. MSSQL to Altibase 변환가이드__7341431.md	460	460	S017-D065-U298	heading	### SELECT 절	SELECT	arch/Home/MSSQL to ALTIBASE Conversion Guide__22643024.md	466	covered	No English change required.	### SELECT clause	none	S017 direct inspection.
S017	DOCK/Home/65. MSSQL to Altibase 변환가이드__7341431.md	464	464	S017-D065-U299	paragraph	Altibase의 문장 끝에는 항상 ‘;’로 마지막임을 표시한다. Altibase에서 select의 resultset을 client에 보내기 위해서는 DB 객체에 REF CURSOR 를 먼저 작성해주어야 한다. 그리고 sp의 인자에 ref cursor를 인자로 작성하여야 한다. 그리고 해당 쿼리를 실행할 때 Open이라는 명령어로 실행 한다. SQL Server의 ‘@’ 문자를 없앤다	REF; CURSOR; SQL	arch/Home/MSSQL to ALTIBASE Conversion Guide__22643024.md	470	covered	No English change required.	In Altibase, every statement must end with a `;` to indicate the end. To send a SELECT result set to the client in Altibase, a REF CURSOR must first be defined as a database object. The REF CURSOR should then be inclu...	none	S017 direct inspection.
S017	DOCK/Home/65. MSSQL to Altibase 변환가이드__7341431.md	466	466	S017-D065-U300	table_row	| SQL Server | Altibase |	SQL; SQL Server; Altibase	arch/Home/MSSQL to ALTIBASE Conversion Guide__22643024.md	472	covered	No English change required.	| SQL Server | Altibase |	none	S017 direct table-row alignment.
S017	DOCK/Home/65. MSSQL to Altibase 변환가이드__7341431.md	468	468	S017-D065-U301	table_row	| ```<br>……<br>SET @sQry = 'select * from test_tbl'<br>EXEC(@sQry)<br>……<br>``` | ```<br>CREATE TYPESET MY_TYPE<br>AS<br>TYPE MY_CUR IS REF CURSOR;<br>END;<br>/<br>create or replace procedure spTMSGetEventSignatureRan...	SET; EXEC; CREATE; TYPESET; MY_TYPE; TYPE; MY_CUR; REF	arch/Home/MSSQL to ALTIBASE Conversion Guide__22643024.md	474	covered	No English change required.	| ```<br>……<br>SET @sQry = 'select * from test_tbl'<br>EXEC(@sQry)<br>……<br>``` | ```<br>CREATE TYPESET MY_TYPE<br>AS<br>TYPE MY_CUR IS REF CURSOR;<br>END;<br>/<br>create or replace procedure spTMSGetEventSignatureRan...	none	S017 direct table-row alignment.
S017	DOCK/Home/65. MSSQL to Altibase 변환가이드__7341431.md	470	470	S017-D065-U302	heading	### Exception Handler	section semantics	arch/Home/MSSQL to ALTIBASE Conversion Guide__22643024.md	476	covered	No English change required.	### Exception Handler	none	S017 direct inspection.
S017	DOCK/Home/65. MSSQL to Altibase 변환가이드__7341431.md	474	474	S017-D065-U303	paragraph	Altibase의 문장 끝에는 항상 ‘;’로 마지막임을 표시한다. Altibase의 Exception Handler는 해당 Exception이 발생했을 때 처리하는 기술이다. Exception 처리는 항상 BEGIN …. END; 구문 안에서 처리 해야 한다. 시스템 정의 EXCEPTION이나 사용자 정의 EXCEPTION의 이름을 기술하고 해당 Exception을 만날 때 해당 sta...	BEGIN; END; OTHERS; SQL	arch/Home/MSSQL to ALTIBASE Conversion Guide__22643024.md	480	covered	No English change required.	In Altibase, every statement must end with a `;` to indicate the end. The Exception Handler in Altibase is used to handle specific exceptions when they occur. Exception handling must always be written within a `BEGIN...	none	S017 direct inspection.
S017	DOCK/Home/65. MSSQL to Altibase 변환가이드__7341431.md	476	476	S017-D065-U304	table_row	| SQL Server | Altibase |	SQL; SQL Server; Altibase	arch/Home/MSSQL to ALTIBASE Conversion Guide__22643024.md	482	covered	No English change required.	| SQL Server | Altibase |	none	S017 direct table-row alignment.
S017	DOCK/Home/65. MSSQL to Altibase 변환가이드__7341431.md	478	478	S017-D065-U305	table_row	| ```<br>IF @@ERROR <> 0 BEGIN<br>IF @@ROWCOUNT = 0 BEGIN<br>ROLLBACK<br>END<br>END<br>``` | ```<br>BEGIN<br>……<br>EXCEPTION WHEN NO_DATA_FOUND THEN<br>rollback;<br>END;<br>OR<br>IF SQL%ROWCOUNT = 0 then<br>ROLLBACK<b...	ERROR; BEGIN; ROWCOUNT; ROLLBACK; END; EXCEPTION; WHEN; NO_DATA_FOUND	arch/Home/MSSQL to ALTIBASE Conversion Guide__22643024.md	484	covered	No English change required.	| ```<br>IF @@ERROR <> 0 BEGIN<br>IF @@ROWCOUNT = 0 BEGIN<br>ROLLBACK<br>END<br>END<br>``` | ```<br>BEGIN<br>……<br>EXCEPTION WHEN NO_DATA_FOUND THEN<br>rollback;<br>END;<br>OR<br>IF SQL%ROWCOUNT = 0 then<br>ROLLBACK<b...	none	S017 direct table-row alignment.
S017	DOCK/Home/65. MSSQL to Altibase 변환가이드__7341431.md	480	480	S017-D065-U306	heading	### SP Call	section semantics	arch/Home/MSSQL to ALTIBASE Conversion Guide__22643024.md	486	covered	No English change required.	### SP Call	none	S017 direct inspection.
S017	DOCK/Home/65. MSSQL to Altibase 변환가이드__7341431.md	484	484	S017-D065-U307	paragraph	Altibase의 문장 끝에는 항상 ‘;’로 마지막임을 표시한다. SQL Server의 SP 호출은 exec sp_name 로 호출 하고 sp 인자를 괄호 없이 지정해주지만, Altibase에서 SP_name 을 실행하고 괄호안에 sp의 인자를 명시해준다. SQL Server의 ‘@’ 문자를 없앤다.	SQL	arch/Home/MSSQL to ALTIBASE Conversion Guide__22643024.md	490	covered	No English change required.	In Altibase, every statement must end with a `;` to indicate the end. In SQL Server, a stored procedure is called using `exec sp_name` without parentheses around the parameters. In Altibase, the stored procedure is ex...	none	S017 direct inspection.
S017	DOCK/Home/65. MSSQL to Altibase 변환가이드__7341431.md	486	486	S017-D065-U308	table_row	| SQL Server | Altibase |	SQL; SQL Server; Altibase	arch/Home/MSSQL to ALTIBASE Conversion Guide__22643024.md	492	covered	No English change required.	| SQL Server | Altibase |	none	S017 direct table-row alignment.
S017	DOCK/Home/65. MSSQL to Altibase 변환가이드__7341431.md	488	488	S017-D065-U309	table_row	| ```<br>IF @ID IS NOT NULL BEGIN<br>EXEC AddCustomer 'David', 'Seoul';<br>또는<br>EXEC AddCustomer @Name = 'David', @City = 'Seoul';<br>``` | ```<br>IF ID IS NOT NULL THEN<br>EXEC AddCustomer('David', 'Seoul');<br>``` |	NOT; NULL; BEGIN; EXEC; THEN	arch/Home/MSSQL to ALTIBASE Conversion Guide__22643024.md	494	covered	No English change required.	| ```<br>IF @ID IS NOT NULL BEGIN<br>EXEC AddCustomer 'David', 'Seoul';<br>or<br>EXEC AddCustomer @Name = 'David', @City = 'Seoul';<br>``` | ```<br>IF ID IS NOT NULL THEN<br>EXEC AddCustomer('David', 'Seoul');<br>``` |	none	S017 direct table-row alignment.
S017	DOCK/Home/65. MSSQL to Altibase 변환가이드__7341431.md	490	490	S017-D065-U310	heading	### Functions	section semantics	arch/Home/MSSQL to ALTIBASE Conversion Guide__22643024.md	496	covered	No English change required.	### Functions	none	S017 direct inspection.
S017	DOCK/Home/65. MSSQL to Altibase 변환가이드__7341431.md	494	494	S017-D065-U311	paragraph	Altibase의 문장 끝에는 항상 ‘;’로 마지막임을 표시한다. 함수별로 사용법은 상이할 수 있고, 함수 명이 다를 수도 있다. SQL Server Function의 ‘@’ 문자를 없앤다.	SQL; SQL Server	arch/Home/MSSQL to ALTIBASE Conversion Guide__22643024.md	500	covered	No English change required.	In Altibase, every statement must end with a `;` to indicate the end. Usage may vary by function, and function names may differ. Remove the `@` symbol used in SQL Server functions.	none	S017 direct inspection.
S017	DOCK/Home/65. MSSQL to Altibase 변환가이드__7341431.md	496	496	S017-D065-U312	table_row	| SQL Server | Altibase |	SQL; SQL Server; Altibase	arch/Home/MSSQL to ALTIBASE Conversion Guide__22643024.md	502	covered	No English change required.	| SQL Server | Altibase |	none	S017 direct table-row alignment.
S017	DOCK/Home/65. MSSQL to Altibase 변환가이드__7341431.md	498	498	S017-D065-U313	table_row	| ```<br>1. LEFT, RIGHT 함수<br>LEFT(@주민번호,6)<br>RIGHT(@주민번호,7)<br>2. ISNULL(V1, 0)<br>3. CASE 연합 WHEN '0' THEN B.대외모객+B.패키지 ELSE ISNULL(D.연합모객,0) END<br>4. Convert<br>CONVERT(VARCHAR(10),,120) <= B.출발일 TO_CHAR(CASE2(i_...	LEFT; RIGHT; ISNULL; CASE; WHEN; THEN; ELSE; END	arch/Home/MSSQL to ALTIBASE Conversion Guide__22643024.md	504	covered	No English change required.	| ```<br>1. LEFT, RIGHT function<br>LEFT(@ID_NUMBER,6)<br>RIGHT(@ID_NUMBER,7)<br>2. ISNULL(V1, 0)<br>3. CASE sample WHEN '0' THEN B.sample1+B.package ELSE ISNULL(D.sample2,0) END<br>4. Convert<br>CONVERT(VARCHAR(10),,...	none	S017 direct table-row alignment.
S017	DOCK/Home/65. MSSQL to Altibase 변환가이드__7341431.md	500	500	S017-D065-U314	heading	### ETC	ETC	arch/Home/MSSQL to ALTIBASE Conversion Guide__22643024.md	506	covered	No English change required.	### ETC	none	S017 direct inspection.
S017	DOCK/Home/65. MSSQL to Altibase 변환가이드__7341431.md	504	504	S017-D065-U315	paragraph	Altibase의 문장 끝에는 항상 ‘;’로 마지막임을 표시한다. SQL Server의 ‘@’ 문자를 없앤다.	SQL	arch/Home/MSSQL to ALTIBASE Conversion Guide__22643024.md	510	covered	No English change required.	In Altibase, every statement must end with a `;` to indicate the end. Remove the `@` symbol used in SQL Server.	none	S017 direct inspection.
S017	DOCK/Home/65. MSSQL to Altibase 변환가이드__7341431.md	506	506	S017-D065-U316	table_row	| SQL Server | Altibase |	SQL; SQL Server; Altibase	arch/Home/MSSQL to ALTIBASE Conversion Guide__22643024.md	512	covered	No English change required.	| SQL Server | Altibase |	none	S017 direct table-row alignment.
S017	DOCK/Home/65. MSSQL to Altibase 변환가이드__7341431.md	508	508	S017-D065-U317	table_row	| ```<br>UPDATE STATISTICS index_name<br>``` | ```<br>필요 없음<br>``` |	UPDATE; STATISTICS	arch/Home/MSSQL to ALTIBASE Conversion Guide__22643024.md	514	covered	No English change required.	| `UPDATE STATISTICS index_name` | Not required |	none	S017 direct table-row alignment.
S017	DOCK/Home/65. MSSQL to Altibase 변환가이드__7341431.md	509	509	S017-D065-U318	table_row	| ```<br>with (nolock)<br>``` | ```<br>필요 없음(삭제)<br>``` |	section semantics	arch/Home/MSSQL to ALTIBASE Conversion Guide__22643024.md	515	covered	No English change required.	| `with (nolock)` | Not required (remove) |	none	S017 direct table-row alignment.
S017	DOCK/Home/65. MSSQL to Altibase 변환가이드__7341431.md	510	510	S017-D065-U319	table_row	| ```<br>order, level 등의 keyword 사용<br>``` | ```<br>order, level 등의 keyword 사용 금지( 알티베이스 예약어)<br>``` |	section semantics	arch/Home/MSSQL to ALTIBASE Conversion Guide__22643024.md	516	covered	No English change required.	| Use of keywords like `order`, `level` | Do not use keywords like `order`, `level` (reserved in Altibase) |	none	S017 direct table-row alignment.
S017	DOCK/Home/65. MSSQL to Altibase 변환가이드__7341431.md	512	512	S017-D065-U320	heading	### DB Link	section semantics	arch/Home/MSSQL to ALTIBASE Conversion Guide__22643024.md	518	covered	No English change required.	### DB Link	none	S017 direct inspection.
S017	DOCK/Home/65. MSSQL to Altibase 변환가이드__7341431.md	516	516	S017-D065-U321	paragraph	Altibase에서 DB Link를 사용시에는 SELECT의 경우 REMOTE_TABLE(dblink명, Query);	REMOTE_TABLE	arch/Home/MSSQL to ALTIBASE Conversion Guide__22643024.md	522	covered	No English change required.	When using a DB Link in Altibase, use `REMOTE_TABLE(dblink_name, query)` for SELECT statements, and `REMOTE_EXECUTE_IMMEDIATE(dblink_name, query)` for DML statements. For more details about ALTIBASE DB LINK, refer to...	none	S017 direct inspection.
S017	DOCK/Home/65. MSSQL to Altibase 변환가이드__7341431.md	518	518	S017-D065-U322	paragraph	DML의 경우 REMOTE_EXECUTE_IMMEDIATE(dblink명, Query); 를 사용한다.	REMOTE_EXECUTE_IMMEDIATE	arch/Home/MSSQL to ALTIBASE Conversion Guide__22643024.md	522	covered	No English change required.	When using a DB Link in Altibase, use `REMOTE_TABLE(dblink_name, query)` for SELECT statements, and `REMOTE_EXECUTE_IMMEDIATE(dblink_name, query)` for DML statements. For more details about ALTIBASE DB LINK, refer to...	none	S017 direct inspection.
S017	DOCK/Home/65. MSSQL to Altibase 변환가이드__7341431.md	520	520	S017-D065-U323	paragraph	ALTIBASE DB LINK에 대한 상세한 내용은 ALTIBASE 7.3 온라인 매뉴얼 ( Database Link User’s Manual ) 를 참조	ALTIBASE; 7.3	arch/Home/MSSQL to ALTIBASE Conversion Guide__22643024.md	522	covered	No English change required.	When using a DB Link in Altibase, use `REMOTE_TABLE(dblink_name, query)` for SELECT statements, and `REMOTE_EXECUTE_IMMEDIATE(dblink_name, query)` for DML statements. For more details about ALTIBASE DB LINK, refer to...	none	S017 direct inspection.
S017	DOCK/Home/65. MSSQL to Altibase 변환가이드__7341431.md	522	522	S017-D065-U324	heading	### JOIN Update	JOIN	arch/Home/MSSQL to ALTIBASE Conversion Guide__22643024.md	524	covered	No English change required.	### JOIN Update	none	S017 direct inspection.
S017	DOCK/Home/65. MSSQL to Altibase 변환가이드__7341431.md	526	526	S017-D065-U325	paragraph	Altibase에서 Join Update를 처리하기 위해서는 두가지의 방법이 있다.	section semantics	arch/Home/MSSQL to ALTIBASE Conversion Guide__22643024.md	524	covered	No English change required.	### JOIN Update	none	S017 direct inspection.
S017	DOCK/Home/65. MSSQL to Altibase 변환가이드__7341431.md	528	528	S017-D065-U326	list_item	1. JOIN UPDATE를 사용	JOIN; 1	arch/Home/MSSQL to ALTIBASE Conversion Guide__22643024.md	524	covered	No English change required.	### JOIN Update	none	S017 direct inspection.
S017	DOCK/Home/65. MSSQL to Altibase 변환가이드__7341431.md	530	530	S017-D065-U327	list_item	- 각 Table에 Primary Key 또는 Unique Key가 존재하여야 한다.	section semantics	arch/Home/MSSQL to ALTIBASE Conversion Guide__22643024.md	524	covered	No English change required.	### JOIN Update	none	S017 direct inspection.
S017	DOCK/Home/65. MSSQL to Altibase 변환가이드__7341431.md	532	532	S017-D065-U328	list_item	2. Merge Join의 update를 사용.	2	arch/Home/MSSQL to ALTIBASE Conversion Guide__22643024.md	524	covered	No English change required.	### JOIN Update	none	S017 direct inspection.
S017	DOCK/Home/65. MSSQL to Altibase 변환가이드__7341431.md	534	534	S017-D065-U329	list_item	- Merge into A using ( SELECT … )	SELECT	arch/Home/MSSQL to ALTIBASE Conversion Guide__22643024.md	536	covered	No English change required.	- Merge into A using ( SELECT … )	none	S017 direct inspection.
S017	DOCK/Home/65. MSSQL to Altibase 변환가이드__7341431.md	535	535	S017-D065-U330	paragraph	WHEN matched then	WHEN	arch/Home/MSSQL to ALTIBASE Conversion Guide__22643024.md	537	covered	No English change required.	WHEN matched then	none	S017 direct inspection.
S017	DOCK/Home/65. MSSQL to Altibase 변환가이드__7341431.md	536	536	S017-D065-U331	paragraph	Update …	section semantics	arch/Home/MSSQL to ALTIBASE Conversion Guide__22643024.md	524	covered	No English change required.	### JOIN Update	none	S017 direct inspection.
S017	DOCK/Home/65. MSSQL to Altibase 변환가이드__7341431.md	538	538	S017-D065-U332	heading	## Using Cursor	section semantics	arch/Home/MSSQL to ALTIBASE Conversion Guide__22643024.md	540	covered	No English change required.	## Using Cursor	none	S017 direct inspection.
S017	DOCK/Home/65. MSSQL to Altibase 변환가이드__7341431.md	542	542	S017-D065-U333	paragraph	SQL Server의 커서를 Altibase로 변환하는 방법을 예제를 통하여 확인한다.	SQL	arch/Home/MSSQL to ALTIBASE Conversion Guide__22643024.md	544	covered	No English change required.	Let's look at how to convert a SQL Server cursor to Altibase using an example.	none	S017 direct inspection.
S017	DOCK/Home/65. MSSQL to Altibase 변환가이드__7341431.md	544	544	S017-D065-U334	table_row	| SQL Server | Altibase |	SQL; SQL Server; Altibase	arch/Home/MSSQL to ALTIBASE Conversion Guide__22643024.md	546	covered	No English change required.	| SQL Server | Altibase |	none	S017 direct table-row alignment.
S017	DOCK/Home/65. MSSQL to Altibase 변환가이드__7341431.md	546	546	S017-D065-U335	table_row	| ```<br>declare security_cursor cursor for<br>select fldID from tblDept where fldParentID=@fldID<br>open security_cursor<br>fetch next from security_cursor into @fldID<br>while @@fetch_status = 0<br>begin<br>exec sr_...	OUTPUT; CREATE; REPLACE; PROCEDURE; BEGIN; DECLARE; CURSOR; SELECT	arch/Home/MSSQL to ALTIBASE Conversion Guide__22643024.md	548	covered	No English change required.	| ```<br>declare security_cursor cursor for<br>select fldID from tblDept where fldParentID=@fldID<br>open security_cursor<br>fetch next from security_cursor into @fldID<br>while @@fetch_status = 0<br>begin<br>exec sr_...	none	S017 direct table-row alignment.
S017	DOCK/Home/65. MSSQL to Altibase 변환가이드__7341431.md	548	548	S017-D065-U336	heading	# Exception Code	section semantics	arch/Home/MSSQL to ALTIBASE Conversion Guide__22643024.md	550	covered	No English change required.	# Exception Code	none	S017 direct inspection.
S017	DOCK/Home/65. MSSQL to Altibase 변환가이드__7341431.md	552	552	S017-D065-U337	paragraph	[Error Message Reference](https://github.com/ALTIBASE/Documents/blob/master/Manuals/Altibase_7.3/kor/Error%20Message%20Reference.md) 매뉴얼 참조	https://github.com/ALTIBASE/Documents/blob/master/Manuals/Altibase_7.3/kor/Error%20Message%20Reference.md; ALTIBASE/; ALTIBASE; 3	arch/Home/MSSQL to ALTIBASE Conversion Guide__22643024.md	579	covered	No English change required.	The Korean source lists the legacy document placeholder `ALTIBASE_MSSQL_변환가이드.pdf` without a downloadable URL.	none	S017 direct inspection.
S017	DOCK/Home/65. MSSQL to Altibase 변환가이드__7341431.md	554	554	S017-D065-U338	table_row	| **Exception Name** | **Error Code** **(integer)** | **Error Code** **(hexadecimal)** | **Error Section** |	Exception Name	arch/Home/MSSQL to ALTIBASE Conversion Guide__22643024.md	556	covered	No English change required.	| **Exception Name** | **Error Code** **(integer)** | **Error Code** **(hexadecimal)** | **Error Section** |	none	S017 direct table-row alignment.
S017	DOCK/Home/65. MSSQL to Altibase 변환가이드__7341431.md	556	556	S017-D065-U339	table_row	| "CURSOR_ALREADY_OPEN" | 201062 | 31166 | qpERR_ABORT_QSX_CURSOR_ALREADY_OPEN |	CURSOR_ALREADY_OPEN; 201062; 31166	arch/Home/MSSQL to ALTIBASE Conversion Guide__22643024.md	558	covered	No English change required.	| "CURSOR_ALREADY_OPEN" | 201062 | 31166 | qpERR_ABORT_QSX_CURSOR_ALREADY_OPEN |	none	S017 direct table-row alignment.
S017	DOCK/Home/65. MSSQL to Altibase 변환가이드__7341431.md	557	557	S017-D065-U340	table_row	| "DUP_VAL_ON_INDEX" | 201063 | 31167 | qpERR_ABORT_QSX_DUP_VAL_ON_INDEX |	DUP_VAL_ON_INDEX; 201063; 31167	arch/Home/MSSQL to ALTIBASE Conversion Guide__22643024.md	559	covered	No English change required.	| "DUP_VAL_ON_INDEX" | 201063 | 31167 | qpERR_ABORT_QSX_DUP_VAL_ON_INDEX |	none	S017 direct table-row alignment.
S017	DOCK/Home/65. MSSQL to Altibase 변환가이드__7341431.md	558	558	S017-D065-U341	table_row	| "INVALID_CURSOR" | 201064 | 31168 | qpERR_ABORT_QSX_INVALID_CURSOR |	INVALID_CURSOR; 201064; 31168	arch/Home/MSSQL to ALTIBASE Conversion Guide__22643024.md	560	covered	No English change required.	| "INVALID_CURSOR" | 201064 | 31168 | qpERR_ABORT_QSX_INVALID_CURSOR |	none	S017 direct table-row alignment.
S017	DOCK/Home/65. MSSQL to Altibase 변환가이드__7341431.md	559	559	S017-D065-U342	table_row	| "INVALID_NUMBER" | 201065 | 31169 | qpERR_ABORT_QSX_INVALID_NUMBER |	INVALID_NUMBER; 201065; 31169	arch/Home/MSSQL to ALTIBASE Conversion Guide__22643024.md	561	covered	No English change required.	| "INVALID_NUMBER" | 201065 | 31169 | qpERR_ABORT_QSX_INVALID_NUMBER |	none	S017 direct table-row alignment.
S017	DOCK/Home/65. MSSQL to Altibase 변환가이드__7341431.md	560	560	S017-D065-U343	table_row	| "NO_DATA_FOUND" | 201066 | 3116A | qpERR_ABORT_QSX_NO_DATA_FOUND |	NO_DATA_FOUND; 201066	arch/Home/MSSQL to ALTIBASE Conversion Guide__22643024.md	562	covered	No English change required.	| "NO_DATA_FOUND" | 201066 | 3116A | qpERR_ABORT_QSX_NO_DATA_FOUND |	none	S017 direct table-row alignment.
S017	DOCK/Home/65. MSSQL to Altibase 변환가이드__7341431.md	561	561	S017-D065-U344	table_row	| "PROGRAM_ERROR" | 201067 | 3116B | qpERR_ABORT_QSX_PROGRAM_ERROR |	PROGRAM_ERROR; 201067	arch/Home/MSSQL to ALTIBASE Conversion Guide__22643024.md	563	covered	No English change required.	| "PROGRAM_ERROR" | 201067 | 3116B | qpERR_ABORT_QSX_PROGRAM_ERROR |	none	S017 direct table-row alignment.
S017	DOCK/Home/65. MSSQL to Altibase 변환가이드__7341431.md	562	562	S017-D065-U345	table_row	| "STORAGE_ERROR" | 201068 | 3116C | qpERR_ABORT_QSX_STORAGE_ERROR |	STORAGE_ERROR; 201068	arch/Home/MSSQL to ALTIBASE Conversion Guide__22643024.md	564	covered	No English change required.	| "STORAGE_ERROR" | 201068 | 3116C | qpERR_ABORT_QSX_STORAGE_ERROR |	none	S017 direct table-row alignment.
S017	DOCK/Home/65. MSSQL to Altibase 변환가이드__7341431.md	563	563	S017-D065-U346	table_row	| "TIMEOUT_ON_RESOURCE" | 201069 | 3116D | qpERR_ABORT_QSX_TIMEOUT_ON_RESOURCE |	TIMEOUT_ON_RESOURCE; 201069	arch/Home/MSSQL to ALTIBASE Conversion Guide__22643024.md	565	covered	No English change required.	| "TIMEOUT_ON_RESOURCE" | 201069 | 3116D | qpERR_ABORT_QSX_TIMEOUT_ON_RESOURCE |	none	S017 direct table-row alignment.
S017	DOCK/Home/65. MSSQL to Altibase 변환가이드__7341431.md	564	564	S017-D065-U347	table_row	| "TOO_MANY_ROWS" | 201070 | 3116E | qpERR_ABORT_QSX_TOO_MANY_ROWS |	TOO_MANY_ROWS; 201070	arch/Home/MSSQL to ALTIBASE Conversion Guide__22643024.md	566	covered	No English change required.	| "TOO_MANY_ROWS" | 201070 | 3116E | qpERR_ABORT_QSX_TOO_MANY_ROWS |	none	S017 direct table-row alignment.
S017	DOCK/Home/65. MSSQL to Altibase 변환가이드__7341431.md	565	565	S017-D065-U348	table_row	| "VALUE_ERROR" | 201071 | 3116F | qpERR_ABORT_QSX_VALUE_ERROR |	VALUE_ERROR; 201071	arch/Home/MSSQL to ALTIBASE Conversion Guide__22643024.md	567	covered	No English change required.	| "VALUE_ERROR" | 201071 | 3116F | qpERR_ABORT_QSX_VALUE_ERROR |	none	S017 direct table-row alignment.
S017	DOCK/Home/65. MSSQL to Altibase 변환가이드__7341431.md	566	566	S017-D065-U349	table_row	| "ZERO_DIVIDE" | 201072 | 31170 | qpERR_ABORT_QSX_ZERO_DIVIDE |	ZERO_DIVIDE; 201072; 31170	arch/Home/MSSQL to ALTIBASE Conversion Guide__22643024.md	568	covered	No English change required.	| "ZERO_DIVIDE" | 201072 | 31170 | qpERR_ABORT_QSX_ZERO_DIVIDE |	none	S017 direct table-row alignment.
S017	DOCK/Home/65. MSSQL to Altibase 변환가이드__7341431.md	567	567	S017-D065-U350	table_row	| "INVALID_PATH" | 201237 | 31215 | qpERR_ABORT_QSX_FILE_INVALID_PATH |	INVALID_PATH; 201237; 31215	arch/Home/MSSQL to ALTIBASE Conversion Guide__22643024.md	569	covered	No English change required.	| "INVALID_PATH" | 201237 | 31215 | qpERR_ABORT_QSX_FILE_INVALID_PATH |	none	S017 direct table-row alignment.
S017	DOCK/Home/65. MSSQL to Altibase 변환가이드__7341431.md	568	568	S017-D065-U351	table_row	| "INVALID_MODE" | 201235 | 31213 | qpERR_ABORT_QSX_INVALID_FILEOPEN_MODE |	INVALID_MODE; 201235; 31213	arch/Home/MSSQL to ALTIBASE Conversion Guide__22643024.md	570	covered	No English change required.	| "INVALID_MODE" | 201235 | 31213 | qpERR_ABORT_QSX_INVALID_FILEOPEN_MODE |	none	S017 direct table-row alignment.
S017	DOCK/Home/65. MSSQL to Altibase 변환가이드__7341431.md	569	569	S017-D065-U352	table_row	| "INVALID_FILEHANDLE" | 201238 | 31216 | qpERR_ABORT_QSX_FILE_INVALID_FILEHANDLE |	INVALID_FILEHANDLE; 201238; 31216	arch/Home/MSSQL to ALTIBASE Conversion Guide__22643024.md	571	covered	No English change required.	| "INVALID_FILEHANDLE" | 201238 | 31216 | qpERR_ABORT_QSX_FILE_INVALID_FILEHANDLE |	none	S017 direct table-row alignment.
S017	DOCK/Home/65. MSSQL to Altibase 변환가이드__7341431.md	570	570	S017-D065-U353	table_row	| "INVALID_OPERATION" | 201239 | 31217 | qpERR_ABORT_QSX_FILE_INVALID_OPERATION |	INVALID_OPERATION; 201239; 31217	arch/Home/MSSQL to ALTIBASE Conversion Guide__22643024.md	572	covered	No English change required.	| "INVALID_OPERATION" | 201239 | 31217 | qpERR_ABORT_QSX_FILE_INVALID_OPERATION |	none	S017 direct table-row alignment.
S017	DOCK/Home/65. MSSQL to Altibase 변환가이드__7341431.md	571	571	S017-D065-U354	table_row	| "READ_ERROR" | 201242 | 3121A | qpERR_ABORT_QSX_FILE_READ_ERROR |	READ_ERROR; 201242	arch/Home/MSSQL to ALTIBASE Conversion Guide__22643024.md	573	covered	No English change required.	| "READ_ERROR" | 201242 | 3121A | qpERR_ABORT_QSX_FILE_READ_ERROR |	none	S017 direct table-row alignment.
S017	DOCK/Home/65. MSSQL to Altibase 변환가이드__7341431.md	572	572	S017-D065-U355	table_row	| "WRITE_ERROR" | 201243 | 3121B | qpERR_ABORT_QSX_FILE_WRITE_ERROR |	WRITE_ERROR; 201243	arch/Home/MSSQL to ALTIBASE Conversion Guide__22643024.md	574	covered	No English change required.	| "WRITE_ERROR" | 201243 | 3121B | qpERR_ABORT_QSX_FILE_WRITE_ERROR |	none	S017 direct table-row alignment.
S017	DOCK/Home/65. MSSQL to Altibase 변환가이드__7341431.md	573	573	S017-D065-U356	table_row	| "ACCESS_DENIED" | 201236 | 31214 | qpERR_ABORT_QSX_DIRECTORY_ACCESS_DENIED |	ACCESS_DENIED; 201236; 31214	arch/Home/MSSQL to ALTIBASE Conversion Guide__22643024.md	575	covered	No English change required.	| "ACCESS_DENIED" | 201236 | 31214 | qpERR_ABORT_QSX_DIRECTORY_ACCESS_DENIED |	none	S017 direct table-row alignment.
S017	DOCK/Home/65. MSSQL to Altibase 변환가이드__7341431.md	574	574	S017-D065-U357	table_row	| "DELETE_FAILED" | 201240 | 31218 | qpERR_ABORT_QSX_FILE_DELETE_FAILED |	DELETE_FAILED; 201240; 31218	arch/Home/MSSQL to ALTIBASE Conversion Guide__22643024.md	576	covered	No English change required.	| "DELETE_FAILED" | 201240 | 31218 | qpERR_ABORT_QSX_FILE_DELETE_FAILED |	none	S017 direct table-row alignment.
S017	DOCK/Home/65. MSSQL to Altibase 변환가이드__7341431.md	575	575	S017-D065-U358	table_row	| "RENAME_FAILED" | 201241 | 31219 | qpERR_ABORT_QSX_FILE_RENAME_FAILED |	RENAME_FAILED; 201241; 31219	arch/Home/MSSQL to ALTIBASE Conversion Guide__22643024.md	577	covered	No English change required.	| "RENAME_FAILED" | 201241 | 31219 | qpERR_ABORT_QSX_FILE_RENAME_FAILED |	none	S017 direct table-row alignment.
S017	DOCK/Home/65. MSSQL to Altibase 변환가이드__7341431.md	577	577	S017-D065-U359	attachment_reference	구 버전 문서 : [ALTIBASE_MSSQL_변환가이드.pdf](legacy-placeholder)	ALTIBASE_MSSQL_변환가이드.pdf	arch/Home/MSSQL to ALTIBASE Conversion Guide__22643024.md	579	source_limitation	Recorded source limitation; no English URL invented.	The Korean source lists the legacy document placeholder `ALTIBASE_MSSQL_변환가이드.pdf` without a downloadable URL.	no downloadable URL in Korean source	Korean source uses a legacy # placeholder.
S017	DOCK/Home/70. Migration Center 사용자 가이드__19955861.md	1	11	S017-D070-U001	metadata	--- title: "70. Migration Center 사용자 가이드" page_id: "19955861" space_key: "DOCK" space_name: "Technical Documents(한국어)" source_url: "https://docs.altibase.com/pages/viewpage.action?pageId=19955861" updated_at: "2023-12...	https://docs.altibase.com/pages/viewpage.action?pageId=19955861"; DOCK; Migration Center; 70; 19955861; 2023; 12; 22	arch/Home/Migration Center User Guide__19955861.md	14	not_applicable	Excluded from technical coverage.	English target has its own translated front matter.	none	Export metadata is not technical content.
S017	DOCK/Home/70. Migration Center 사용자 가이드__19955861.md	13	13	S017-D070-U002	heading	# 70. Migration Center 사용자 가이드	Migration Center; 70	arch/Home/Migration Center User Guide__19955861.md	14	covered	No English change required.	# Migration Center User Guide	none	S017 direct inspection.
S017	DOCK/Home/70. Migration Center 사용자 가이드__19955861.md	14	14	S017-D070-U003	paragraph	Source: https://docs.altibase.com/pages/viewpage.action?pageId=19955861	https://docs.altibase.com/pages/viewpage.action?pageId=19955861; 19955861	arch/Home/Migration Center User Guide__19955861.md	14	not_applicable	Excluded from technical coverage.	English target preserves page source metadata separately.	none	Export source/update metadata is not technical content.
S017	DOCK/Home/70. Migration Center 사용자 가이드__19955861.md	15	15	S017-D070-U004	paragraph	Updated: 2023-12-04T10:22:49.000+0900	2023; 12; 22; 49.000; 0900	arch/Home/Migration Center User Guide__19955861.md	14	not_applicable	Excluded from technical coverage.	English target preserves page source metadata separately.	none	Export source/update metadata is not technical content.
S017	DOCK/Home/70. Migration Center 사용자 가이드__19955861.md	17	17	S017-D070-U005	list_item	- [개요](#id-70.MigrationCenter사용자가이드-개요) - [Migration Center 이용 시 이점](#id-70.MigrationCenter사용자가이드-MigrationCenter이용시이점) - [요구 사항](#id-70.MigrationCenter사용자가이드-요구사항) - [JDBC 드라이버](#id-70.MigrationCenter사용자가이드-JDBC드라이버)...	JDBC; GUI; DBMS; MSSQL; Migration Center; Altibase; Oracle; 70	arch/Home/Migration Center User Guide__19955861.md	14	not_applicable	Excluded from technical coverage.	English target has generated navigation for the translated headings.	none	Generated Confluence table of contents/navigation.
S017	DOCK/Home/70. Migration Center 사용자 가이드__19955861.md	19	19	S017-D070-U006	heading	# 개요	section semantics	arch/Home/Migration Center User Guide__19955861.md	20	covered	No English change required.	# Overview	none	S017 direct inspection.
S017	DOCK/Home/70. Migration Center 사용자 가이드__19955861.md	23	23	S017-D070-U007	paragraph	Migration Center는 DBMS 사이에 일반적으로 호환되는 DBMS Object와 Data를 직접 또는 간접적으로 복사하는 DBMS Migration 도구입니다.	DBMS	arch/Home/Migration Center User Guide__19955861.md	24	covered	No English change required.	Migration Center is a DBMS migration tool that directly or indirectly copies generally compatible DBMS objects and data between DBMS products.	none	S017 direct inspection; Migration Center English target is condensed but preserves actionable semantics.
S017	DOCK/Home/70. Migration Center 사용자 가이드__19955861.md	25	25	S017-D070-U008	paragraph	㈜알티베이스에서 제공하는 Migration Center는 타 DB에서 Altibase로, Altibase에서 Oracle DB로 Object 및 Data 이관을 도와 줍니다.	Oracle	arch/Home/Migration Center User Guide__19955861.md	26	covered	No English change required.	Altibase Migration Center helps migrate objects and data from other databases to Altibase, and from Altibase to Oracle DB.	none	S017 direct inspection; Migration Center English target is condensed but preserves actionable semantics.
S017	DOCK/Home/70. Migration Center 사용자 가이드__19955861.md	27	27	S017-D070-U009	paragraph	Migration Center는 사용자가 GUI 모드에서 마우스 클릭만으로도 DB Migration 작업을 수행할 수 있게 도와 주며, 명령어 인터페이스(CLI) 모드도 지원합니다.	GUI; CLI	arch/Home/Migration Center User Guide__19955861.md	28	covered	No English change required.	Migration Center lets users perform DB migration work in GUI mode with mouse operations, and it also supports a command-line interface (CLI) mode.	none	S017 direct inspection; Migration Center English target is condensed but preserves actionable semantics.
S017	DOCK/Home/70. Migration Center 사용자 가이드__19955861.md	29	29	S017-D070-U010	paragraph	본 문서의 테스트 환경은 다음과 같다.	section semantics	arch/Home/Migration Center User Guide__19955861.md	20	covered	No English change required.	# Overview	none	S017 direct inspection; Migration Center English target is condensed but preserves actionable semantics.
S017	DOCK/Home/70. Migration Center 사용자 가이드__19955861.md	31	31	S017-D070-U011	list_item	- Migration Center 7.12	Migration Center; 7.12	arch/Home/Migration Center User Guide__19955861.md	24	covered	No English change required.	Migration Center is a DBMS migration tool that directly or indirectly copies generally compatible DBMS objects and data between DBMS products.	none	S017 direct inspection; Migration Center English target is condensed but preserves actionable semantics.
S017	DOCK/Home/70. Migration Center 사용자 가이드__19955861.md	33	33	S017-D070-U012	paragraph	이 문서와 관련된 오류 및 개선사항은 기술지원포털 또는 기술지원센터로 문의주시기 바랍니다.	section semantics	arch/Home/Migration Center User Guide__19955861.md	20	covered	No English change required.	# Overview	none	S017 direct inspection; Migration Center English target is condensed but preserves actionable semantics.
S017	DOCK/Home/70. Migration Center 사용자 가이드__19955861.md	35	35	S017-D070-U013	support	- 기술지원포털 : [http://support.altibase.com](http://support.altibase.com/) ▶ 기술 지식 ▶ Q&A	http://support.altibase.com; http://support.altibase.com/	arch/Home/Migration Center User Guide__19955861.md	34	covered	No English change required.	- Technical support portal: [http://support.altibase.com](http://support.altibase.com/) > Technical Knowledge > Q&A	none	S017 direct inspection; Migration Center English target is condensed but preserves actionable semantics.
S017	DOCK/Home/70. Migration Center 사용자 가이드__19955861.md	36	36	S017-D070-U014	support	- 기술지원센터 : 02-2082-1114	02; 2082; 1114	arch/Home/Migration Center User Guide__19955861.md	35	covered	No English change required.	- Technical support center: 02-2082-1114	none	S017 direct inspection; Migration Center English target is condensed but preserves actionable semantics.
S017	DOCK/Home/70. Migration Center 사용자 가이드__19955861.md	38	38	S017-D070-U015	paragraph	이 문서는 정보 제공을 목적으로 제공되며, 사전에 예고 없이 변경될 수 있습니다. 이 문서는 오류가 있을 수 있으며, 상업적 또는 특정 목적에 부합하는 명시적, 묵시적인 책임이 일절 없습니다.	section semantics	arch/Home/Migration Center User Guide__19955861.md	20	not_applicable	Excluded from technical coverage.	English target preserves equivalent legal/support boilerplate where relevant.	none	Nontechnical legal boilerplate recorded explicitly.
S017	DOCK/Home/70. Migration Center 사용자 가이드__19955861.md	40	40	S017-D070-U016	paragraph	이 문서에 포함된 Altibase 제품의 특징이나 기능의 개발, 발표 등의 시기는 Altibase 재량입니다.	Altibase	arch/Home/Migration Center User Guide__19955861.md	20	not_applicable	Excluded from technical coverage.	English target preserves equivalent legal/support boilerplate where relevant.	none	Nontechnical legal boilerplate recorded explicitly.
S017	DOCK/Home/70. Migration Center 사용자 가이드__19955861.md	42	42	S017-D070-U017	paragraph	Altibase는 이 문서에 대하여 관련된 특허권, 상표권, 저작권 또는 기타 지적 재산권을 보유할 수 있습니다.	section semantics	arch/Home/Migration Center User Guide__19955861.md	20	not_applicable	Excluded from technical coverage.	English target preserves equivalent legal/support boilerplate where relevant.	none	Nontechnical legal boilerplate recorded explicitly.
S017	DOCK/Home/70. Migration Center 사용자 가이드__19955861.md	44	44	S017-D070-U018	heading	## Migration Center 이용 시 이점	Migration Center	arch/Home/Migration Center User Guide__19955861.md	43	covered	No English change required.	## Benefits	none	S017 direct inspection.
S017	DOCK/Home/70. Migration Center 사용자 가이드__19955861.md	48	48	S017-D070-U019	paragraph	Migration Center를 이용하면 다음의 이점이 있다.	section semantics	arch/Home/Migration Center User Guide__19955861.md	43	covered	No English change required.	## Benefits	none	S017 direct inspection; Migration Center English target is condensed but preserves actionable semantics.
S017	DOCK/Home/70. Migration Center 사용자 가이드__19955861.md	50	50	S017-D070-U020	list_item	1. 원본 DB Object들을 대상 DB로 쉽게 Migration 할 수 있다.	1	arch/Home/Migration Center User Guide__19955861.md	43	covered	No English change required.	## Benefits	none	S017 direct inspection; Migration Center English target is condensed but preserves actionable semantics.
S017	DOCK/Home/70. Migration Center 사용자 가이드__19955861.md	51	51	S017-D070-U021	list_item	2. JDBC를 사용해서 원본 DB의 Data를 Altibase로 바로 복사할 수 있다.	2	arch/Home/Migration Center User Guide__19955861.md	43	covered	No English change required.	## Benefits	none	S017 direct inspection; Migration Center English target is condensed but preserves actionable semantics.
S017	DOCK/Home/70. Migration Center 사용자 가이드__19955861.md	52	52	S017-D070-U022	list_item	3. Data를 외부 파일로 내보내어(Export) Altibase DB의 iLoader로 가져올(Import) 수 있다.	Altibase; 3	arch/Home/Migration Center User Guide__19955861.md	50	covered	No English change required.	2. Source DB data can be copied directly to Altibase through JDBC.	none	S017 direct inspection; Migration Center English target is condensed but preserves actionable semantics.
S017	DOCK/Home/70. Migration Center 사용자 가이드__19955861.md	53	53	S017-D070-U023	list_item	4. Migration 과정을 단축시킬 수 있는 병렬 수행 옵션을 제공한다.	4	arch/Home/Migration Center User Guide__19955861.md	43	covered	No English change required.	## Benefits	none	S017 direct inspection; Migration Center English target is condensed but preserves actionable semantics.
S017	DOCK/Home/70. Migration Center 사용자 가이드__19955861.md	54	54	S017-D070-U024	list_item	5. 자동으로 여러 쓰레드 간의 Data Migration 부하에 대한 균형이 조정 가능하다.	5	arch/Home/Migration Center User Guide__19955861.md	43	covered	No English change required.	## Benefits	none	S017 direct inspection; Migration Center English target is condensed but preserves actionable semantics.
S017	DOCK/Home/70. Migration Center 사용자 가이드__19955861.md	55	55	S017-D070-U025	list_item	6. 쓰레드들이 처리할 Data를 수동으로 분할할 수 있는 방법도 가능하다.	6	arch/Home/Migration Center User Guide__19955861.md	43	covered	No English change required.	## Benefits	none	S017 direct inspection; Migration Center English target is condensed but preserves actionable semantics.
S017	DOCK/Home/70. Migration Center 사용자 가이드__19955861.md	56	56	S017-D070-U026	list_item	7. 서로 다른 DB 간에 다른 Data Type들의 Data Type Mapping을 제공한다.	7	arch/Home/Migration Center User Guide__19955861.md	43	covered	No English change required.	## Benefits	none	S017 direct inspection; Migration Center English target is condensed but preserves actionable semantics.
S017	DOCK/Home/70. Migration Center 사용자 가이드__19955861.md	57	57	S017-D070-U027	list_item	8. Data Type Mapping의 유연성을 위하여 사용자 정의 데이터 타입 맵핑 뿐만 아니라 기본 타입 맵핑도 지원한다.	8	arch/Home/Migration Center User Guide__19955861.md	43	covered	No English change required.	## Benefits	none	S017 direct inspection; Migration Center English target is condensed but preserves actionable semantics.
S017	DOCK/Home/70. Migration Center 사용자 가이드__19955861.md	58	58	S017-D070-U028	list_item	9. GUI 모드 뿐만 아니라 CLI 모드도 제공한다.	GUI; CLI; 9	arch/Home/Migration Center User Guide__19955861.md	57	covered	No English change required.	9. Both GUI mode and CLI mode are supported.	none	S017 direct inspection; Migration Center English target is condensed but preserves actionable semantics.
S017	DOCK/Home/70. Migration Center 사용자 가이드__19955861.md	59	59	S017-D070-U029	list_item	10. DB Object Migration을 위한 DDL SQL문을 사용자가 수정할 수 있는 기능을 제공한다.	DDL; 10	arch/Home/Migration Center User Guide__19955861.md	58	covered	No English change required.	10. Users can edit DDL SQL statements used for DB object migration.	none	S017 direct inspection; Migration Center English target is condensed but preserves actionable semantics.
S017	DOCK/Home/70. Migration Center 사용자 가이드__19955861.md	61	61	S017-D070-U030	heading	## 요구 사항	section semantics	arch/Home/Migration Center User Guide__19955861.md	60	covered	No English change required.	## Requirements	none	S017 direct inspection.
S017	DOCK/Home/70. Migration Center 사용자 가이드__19955861.md	65	65	S017-D070-U031	paragraph	Migration Center를 사용하기 위한 요구 사항에 대하여 기술한다.	section semantics	arch/Home/Migration Center User Guide__19955861.md	60	covered	No English change required.	## Requirements	none	S017 direct inspection; Migration Center English target is condensed but preserves actionable semantics.
S017	DOCK/Home/70. Migration Center 사용자 가이드__19955861.md	67	67	S017-D070-U032	list_item	1. 시스템 요구 사항	1	arch/Home/Migration Center User Guide__19955861.md	60	covered	No English change required.	## Requirements	none	S017 direct inspection; Migration Center English target is condensed but preserves actionable semantics.
S017	DOCK/Home/70. Migration Center 사용자 가이드__19955861.md	69	69	S017-D070-U033	table_row	| 구문 | 설명 | |	구문	arch/Home/Migration Center User Guide__19955861.md	66	covered	No English change required.	| Category | Mode | Requirement |	none	S017 direct table-row alignment; screenshot columns intentionally omitted where the English target is condensed.
S017	DOCK/Home/70. Migration Center 사용자 가이드__19955861.md	71	71	S017-D070-U034	table_row	| H/W 요구 사항 | GUI 모드 | •CPU : 800MHz 이상<br>•Memory : 512MB 이상<br>•Disk : 150MB 이상 여유 공간<br>•화면 해상도 : 1024 * 768 화소 이상 |	H/W; GUI; CPU; 1024; 768	arch/Home/Migration Center User Guide__19955861.md	68	covered	No English change required.	| Hardware | GUI mode | CPU: 800 MHz or higher<br>Memory: 512 MB or higher<br>Disk: at least 150 MB free<br>Screen resolution: 1024 x 768 or higher |	none	S017 direct table-row alignment; screenshot columns intentionally omitted where the English target is condensed.
S017	DOCK/Home/70. Migration Center 사용자 가이드__19955861.md	72	72	S017-D070-U035	table_row	| CLI 모드 | •CPU : 800MHz 이상<br>•Memory : 512MB 이상<br>•Disk : 150MB 이상의 여유 공간 | |	CLI; CPU	arch/Home/Migration Center User Guide__19955861.md	69	covered	No English change required.	| Hardware | CLI mode | CPU: 800 MHz or higher<br>Memory: 512 MB or higher<br>Disk: at least 150 MB free |	none	S017 direct table-row alignment; screenshot columns intentionally omitted where the English target is condensed.
S017	DOCK/Home/70. Migration Center 사용자 가이드__19955861.md	73	73	S017-D070-U036	table_row	| S/W 요구 사항 | •Oracl 또는 IBM Java 8 이상의 JRE | |	S/W; IBM; JRE; 8	arch/Home/Migration Center User Guide__19955861.md	70	covered	No English change required.	| Software | All modes | Oracle or IBM Java 8 or later JRE |	none	S017 direct table-row alignment; screenshot columns intentionally omitted where the English target is condensed.
S017	DOCK/Home/70. Migration Center 사용자 가이드__19955861.md	75	75	S017-D070-U037	list_item	2. 호환 가능한 DBMS	DBMS; 2	arch/Home/Migration Center User Guide__19955861.md	72	covered	No English change required.	Migration Center supports the following DBMS combinations.	none	S017 direct inspection; Migration Center English target is condensed but preserves actionable semantics.
S017	DOCK/Home/70. Migration Center 사용자 가이드__19955861.md	77	77	S017-D070-U038	table_row	| 대상 DB | 원본 DB |	대상 DB	arch/Home/Migration Center User Guide__19955861.md	74	covered	No English change required.	| Target DB | Source DB |	none	S017 direct table-row alignment; screenshot columns intentionally omitted where the English target is condensed.
S017	DOCK/Home/70. Migration Center 사용자 가이드__19955861.md	79	79	S017-D070-U039	table_row	| Altibase DB V6.5.1 이상 | - Altibase DB V 4.3.9 이상<br>- Oracle V 9i ~ 11g<br>- MS-SQL V 2005 ~ 2012<br>- MySQL V 5.0 ~ 5.7<br>- Informix V 11.50<br>- TimesTen V7.0, 11.2<br>- CUBRID V8.4.1. ~ 9.3.5(ISO-8859, UTF-8 cha...	V6.5.1; MS-SQL; V7.0; CUBRID; V8.4.1; ISO-8859; UTF-8; Altibase	arch/Home/Migration Center User Guide__19955861.md	76	covered	No English change required.	| Altibase DB V6.5.1 or later | Altibase DB V4.3.9 or later<br>Oracle V9i to 11g<br>MS-SQL V2005 to 2012<br>MySQL V5.0 to 5.7<br>Informix V11.50<br>TimesTen V7.0 and 11.2<br>CUBRID V8.4.1 to 9.3.5, ISO-8859 and UTF-8...	none	S017 direct table-row alignment; screenshot columns intentionally omitted where the English target is condensed.
S017	DOCK/Home/70. Migration Center 사용자 가이드__19955861.md	80	80	S017-D070-U040	table_row	| ORACLE 10g ~ 11g | - Altibase DB V 4.3.9 이상 |	ORACLE; Altibase; 4.3.9	arch/Home/Migration Center User Guide__19955861.md	77	covered	No English change required.	| Oracle 10g to 11g | Altibase DB V4.3.9 or later |	none	S017 direct table-row alignment; screenshot columns intentionally omitted where the English target is condensed.
S017	DOCK/Home/70. Migration Center 사용자 가이드__19955861.md	82	82	S017-D070-U041	heading	## JDBC 드라이버	JDBC	arch/Home/Migration Center User Guide__19955861.md	79	covered	No English change required.	## JDBC Drivers	none	S017 direct inspection.
S017	DOCK/Home/70. Migration Center 사용자 가이드__19955861.md	86	86	S017-D070-U042	paragraph	Migration Center는 DB 접속을 위해 JDBC 드라이버를 사용하므로 원본 DB와 대상 DB에 알맞은 JDBC 드라이버를 준비하는 것이 중요하다.	JDBC	arch/Home/Migration Center User Guide__19955861.md	79	covered	No English change required.	## JDBC Drivers	none	S017 direct inspection; Migration Center English target is condensed but preserves actionable semantics.
S017	DOCK/Home/70. Migration Center 사용자 가이드__19955861.md	88	88	S017-D070-U043	paragraph	사용자 편의를 위해 일부 DB에 한해 JDBC 드라이버를 일부 지원한다.	JDBC	arch/Home/Migration Center User Guide__19955861.md	79	covered	No English change required.	## JDBC Drivers	none	S017 direct inspection; Migration Center English target is condensed but preserves actionable semantics.
S017	DOCK/Home/70. Migration Center 사용자 가이드__19955861.md	90	90	S017-D070-U044	paragraph	MS-SQL, MySQL, Informix, TimesTen은 법적인 문제로 사용자가 직접 대상 DB 및 원본 DB에 대한 JDBC 드라이버를 찾아야 한다.	MS-SQL; JDBC	arch/Home/Migration Center User Guide__19955861.md	85	covered	No English change required.	For user convenience, Migration Center includes some JDBC drivers for selected databases. MS-SQL, MySQL, Informix, and TimesTen drivers must be obtained directly by the user because of legal restrictions.	none	S017 direct inspection; Migration Center English target is condensed but preserves actionable semantics.
S017	DOCK/Home/70. Migration Center 사용자 가이드__19955861.md	92	92	S017-D070-U045	paragraph	TimesTen DB는 Type 2 드라이버만 지원하기 때문에 반드시 TimesTen Client Package가 설치 된 장비에서 이관을 수행하여야 한다.	2	arch/Home/Migration Center User Guide__19955861.md	79	covered	No English change required.	## JDBC Drivers	none	S017 direct inspection; Migration Center English target is condensed but preserves actionable semantics.
S017	DOCK/Home/70. Migration Center 사용자 가이드__19955861.md	94	94	S017-D070-U046	heading	### JDBC 드라이버 다운로드 URL	JDBC; URL	arch/Home/Migration Center User Guide__19955861.md	89	covered	No English change required.	### JDBC Driver Download URLs	none	S017 direct inspection.
S017	DOCK/Home/70. Migration Center 사용자 가이드__19955861.md	98	98	S017-D070-U047	paragraph	Oracle JDBC 드라이버는 Migration Center에 포함되어 배포 되며, MS-SQL 2005는 Microsoft Support Lifecycle(MSL) 정책에 따라 지원하지 않으며, 다운로드 URL도 제공하지 않는다. 따라서 고객이 사용하는 MS-SQL 제품 내 포함되어 있는 JDBC 드라이버를 사용하여야 한다.	JDBC; MS-SQL; MSL; Oracle	arch/Home/Migration Center User Guide__19955861.md	89	covered	No English change required.	### JDBC Driver Download URLs	none	S017 direct inspection; Migration Center English target is condensed but preserves actionable semantics.
S017	DOCK/Home/70. Migration Center 사용자 가이드__19955861.md	100	100	S017-D070-U048	table_row	| 데이터베이스 | JDBC Download URL | 비고 |	JDBC; URL	arch/Home/Migration Center User Guide__19955861.md	95	covered	No English change required.	| Database | JDBC download URL | Notes |	none	S017 direct table-row alignment; screenshot columns intentionally omitted where the English target is condensed.
S017	DOCK/Home/70. Migration Center 사용자 가이드__19955861.md	102	102	S017-D070-U049	table_row	| Tibero | [https://technet.tmaxsoft.com/](https://technet.tmaxsoft.com/) | |	https://technet.tmaxsoft.com/	arch/Home/Migration Center User Guide__19955861.md	97	covered	No English change required.	| Tibero | [https://technet.tmaxsoft.com/](https://technet.tmaxsoft.com/) | |	none	S017 direct table-row alignment; screenshot columns intentionally omitted where the English target is condensed.
S017	DOCK/Home/70. Migration Center 사용자 가이드__19955861.md	103	103	S017-D070-U050	table_row	| CUBRID | [http://www.cubrid.org/?mid=downloads&item=jdbc_driver](http://www.cubrid.org/?mid=downloads&item=jdbc_driver) | |	http://www.cubrid.org/?mid=downloads&item=jdbc_driver; CUBRID	arch/Home/Migration Center User Guide__19955861.md	98	covered	No English change required.	| CUBRID | [http://www.cubrid.org/?mid=downloads&item=jdbc_driver](http://www.cubrid.org/?mid=downloads&item=jdbc_driver) | |	none	S017 direct table-row alignment; screenshot columns intentionally omitted where the English target is condensed.
S017	DOCK/Home/70. Migration Center 사용자 가이드__19955861.md	104	104	S017-D070-U051	table_row	| TimesTen | [http://www.oracle.com/technetwork/database/database-technologies/timesten/downloads/index.html](http://www.oracle.com/technetwork/database/database-technologies/timesten/downloads/index.html) | |	http://www.oracle.com/technetwork/database/database-technologies/timesten/downloads/index.html; index.html	arch/Home/Migration Center User Guide__19955861.md	99	covered	No English change required.	| TimesTen | [http://www.oracle.com/technetwork/database/database-technologies/timesten/downloads/index.html](http://www.oracle.com/technetwork/database/database-technologies/timesten/downloads/index.html) | |	none	S017 direct table-row alignment; screenshot columns intentionally omitted where the English target is condensed.
S017	DOCK/Home/70. Migration Center 사용자 가이드__19955861.md	105	105	S017-D070-U052	table_row	| Infoemix | [http://www14.software.ibm.com/webapp/download/search.jsp?go=y&rs=ifxjdbc](http://www14.software.ibm.com/webapp/download/search.jsp?go=y&rs=ifxjdbc) | |	http://www14.software.ibm.com/webapp/download/search.jsp?go=y&rs=ifxjdbc	arch/Home/Migration Center User Guide__19955861.md	100	covered	No English change required.	| Informix | [http://www14.software.ibm.com/webapp/download/search.jsp?go=y&rs=ifxjdbc](http://www14.software.ibm.com/webapp/download/search.jsp?go=y&rs=ifxjdbc) | |	none	S017 direct table-row alignment; screenshot columns intentionally omitted where the English target is condensed.
S017	DOCK/Home/70. Migration Center 사용자 가이드__19955861.md	106	106	S017-D070-U053	table_row	| MySQL | [http://dev.mysql.com/downloads/connector/j/](http://dev.mysql.com/downloads/connector/j/) | |	http://dev.mysql.com/downloads/connector/j/	arch/Home/Migration Center User Guide__19955861.md	101	covered	No English change required.	| MySQL | [http://dev.mysql.com/downloads/connector/j/](http://dev.mysql.com/downloads/connector/j/) | |	none	S017 direct table-row alignment; screenshot columns intentionally omitted where the English target is condensed.
S017	DOCK/Home/70. Migration Center 사용자 가이드__19955861.md	107	107	S017-D070-U054	table_row	| MS-SQL | Download Microsoft JDBC Driver for SQL Server:<br>[https://docs.microsoft.com/en-us/sql/connect/jdbc/download-microsoft-jdbc-driver-for-sql-server?view=sql-server-2017](https://docs.microsoft.com/en-us/sql/...	https://docs.microsoft.com/en-us/sql/connect/jdbc/download-microsoft-jdbc-driver-for-sql-server?view=sql-server-2017; https://docs.microsoft.com/en-us/sql/connect/jdbc/microsoft-jdbc-driver-for-sql-server-support-matrix?view=sql-server-2017; MS-SQL; JDBC; SQL; SP1; JRE; JAVA_HOME	arch/Home/Migration Center User Guide__19955861.md	102	covered	No English change required.	| MS-SQL | [Download Microsoft JDBC Driver for SQL Server](https://docs.microsoft.com/en-us/sql/connect/jdbc/download-microsoft-jdbc-driver-for-sql-server?view=sql-server-2017)<br>[Microsoft JDBC Driver for SQL Server...	none	S017 direct table-row alignment; screenshot columns intentionally omitted where the English target is condensed.
S017	DOCK/Home/70. Migration Center 사용자 가이드__19955861.md	108	108	S017-D070-U055	table_row	| PostgreSQL | [https://jdbc.postgresql.org/download/](https://jdbc.postgresql.org/download/) | |	https://jdbc.postgresql.org/download/	arch/Home/Migration Center User Guide__19955861.md	103	covered	No English change required.	| PostgreSQL | [https://jdbc.postgresql.org/download/](https://jdbc.postgresql.org/download/) | |	none	S017 direct table-row alignment; screenshot columns intentionally omitted where the English target is condensed.
S017	DOCK/Home/70. Migration Center 사용자 가이드__19955861.md	110	110	S017-D070-U056	heading	## Migration Center 이용 시 주의 사항	Migration Center	arch/Home/Migration Center User Guide__19955861.md	105	covered	No English change required.	## Precautions	none	S017 direct inspection.
S017	DOCK/Home/70. Migration Center 사용자 가이드__19955861.md	114	114	S017-D070-U057	paragraph	Migration Center 이용 시 다음의 주의 사항을 확인 하여야 한다.	Migration Center	arch/Home/Migration Center User Guide__19955861.md	109	covered	No English change required.	Check the following precautions before using Migration Center.	none	S017 direct inspection; Migration Center English target is condensed but preserves actionable semantics.
S017	DOCK/Home/70. Migration Center 사용자 가이드__19955861.md	116	116	S017-D070-U058	list_item	1. Migration Center는 원본 DB 및 대상 DB 간 1:1 매핑으로 이관을 진행한다.	1	arch/Home/Migration Center User Guide__19955861.md	105	covered	No English change required.	## Precautions	none	S017 direct inspection; Migration Center English target is condensed but preserves actionable semantics.
S017	DOCK/Home/70. Migration Center 사용자 가이드__19955861.md	118	118	S017-D070-U059	list_item	- 원본 DB의 DB 구성 요소를 추출한다.	section semantics	arch/Home/Migration Center User Guide__19955861.md	105	covered	No English change required.	## Precautions	none	S017 direct inspection; Migration Center English target is condensed but preserves actionable semantics.
S017	DOCK/Home/70. Migration Center 사용자 가이드__19955861.md	119	119	S017-D070-U060	list_item	- 원본 DB에서 추출한 구성 요소는 이관 대상 DB User, Tablespace, Data 용량 등을 확보한다.	section semantics	arch/Home/Migration Center User Guide__19955861.md	105	covered	No English change required.	## Precautions	none	S017 direct inspection; Migration Center English target is condensed but preserves actionable semantics.
S017	DOCK/Home/70. Migration Center 사용자 가이드__19955861.md	120	120	S017-D070-U061	list_item	- 추출한 원본 DB의 구성 요소를 대상 DB에 적용한다.	section semantics	arch/Home/Migration Center User Guide__19955861.md	105	covered	No English change required.	## Precautions	none	S017 direct inspection; Migration Center English target is condensed but preserves actionable semantics.
S017	DOCK/Home/70. Migration Center 사용자 가이드__19955861.md	121	121	S017-D070-U062	list_item	- 성능관련 이슈로 Migration 시 이관 대상 Table을 Memory Table로 구성을 하여 Data 용량에 맞게 물리 메모리 및 디스크를 확보하여야 한다.	section semantics	arch/Home/Migration Center User Guide__19955861.md	105	covered	No English change required.	## Precautions	none	S017 direct inspection; Migration Center English target is condensed but preserves actionable semantics.
S017	DOCK/Home/70. Migration Center 사용자 가이드__19955861.md	123	123	S017-D070-U063	list_item	2. LOB Data Type의 컬럼이 NOT NULL 제약 조건이 있으면 이관되지 않는다.	LOB; NOT; NULL; 2	arch/Home/Migration Center User Guide__19955861.md	116	covered	No English change required.	6. Columns with a LOB data type and a `NOT NULL` constraint are not migrated.	none	S017 direct inspection; Migration Center English target is condensed but preserves actionable semantics.
S017	DOCK/Home/70. Migration Center 사용자 가이드__19955861.md	125	125	S017-D070-U064	list_item	3. 원본 DB 및 대상 DB의 Character Set, National Character Set은 동일 문자셋으로 구성하는 것을 권고한다.	3	arch/Home/Migration Center User Guide__19955861.md	105	covered	No English change required.	## Precautions	none	S017 direct inspection; Migration Center English target is condensed but preserves actionable semantics.
S017	DOCK/Home/70. Migration Center 사용자 가이드__19955861.md	127	127	S017-D070-U065	list_item	4. 대량의 Data 이관 시 Migration Center GUI 모드에서 환경 구성 후 Build, Reconcile 단계까지 진행하고, 성능을 위해 CLI 모드에서 RUN을 수행하면 성능에 이점이 있다.	GUI; CLI; Migration Center; 4	arch/Home/Migration Center User Guide__19955861.md	118	covered	No English change required.	8. For large data migrations, configure the environment in GUI mode and complete the Build and Reconcile steps, then run the Run step in CLI mode for better performance.	none	S017 direct inspection; Migration Center English target is condensed but preserves actionable semantics.
S017	DOCK/Home/70. Migration Center 사용자 가이드__19955861.md	129	129	S017-D070-U066	list_item	5. 원본 DB 접속 시 DB User가 여러개의 DB(스키마)로 구성되어 있으면 Migration Center는 원본 DB에 접속을 못한다.	5	arch/Home/Migration Center User Guide__19955861.md	105	covered	No English change required.	## Precautions	none	S017 direct inspection; Migration Center English target is condensed but preserves actionable semantics.
S017	DOCK/Home/70. Migration Center 사용자 가이드__19955861.md	131	131	S017-D070-U067	paragraph	다중 DB(스키마) 구조이면 고객에게 협조를 구해 DB User, DB(스키마)를 1:1 매핑으로 변경하는 것이 좋으며 구성 변경이 되지 않는다면 Migration을 수동으로 진행하여야 한다.	1	arch/Home/Migration Center User Guide__19955861.md	105	covered	No English change required.	## Precautions	none	S017 direct inspection; Migration Center English target is condensed but preserves actionable semantics.
S017	DOCK/Home/70. Migration Center 사용자 가이드__19955861.md	133	133	S017-D070-U068	list_item	6. 원본 DB가 Oracle에 한해 PSM까지 변환을 하며, Tibero는 PSM 변경 없이 이관을 진행한다.	PSM; 6	arch/Home/Migration Center User Guide__19955861.md	120	covered	No English change required.	10. PSM conversion is performed only for Oracle source databases. Tibero is migrated without PSM changes. Other DBMS products do not migrate PSM; they only collect PSM information for manual conversion.	none	S017 direct inspection; Migration Center English target is condensed but preserves actionable semantics.
S017	DOCK/Home/70. Migration Center 사용자 가이드__19955861.md	135	135	S017-D070-U069	paragraph	그외 DB는 PSM을 이관하지 않고 정보만 수집하여 수동으로 변경을 하여야 한다.	section semantics	arch/Home/Migration Center User Guide__19955861.md	105	covered	No English change required.	## Precautions	none	S017 direct inspection; Migration Center English target is condensed but preserves actionable semantics.
S017	DOCK/Home/70. Migration Center 사용자 가이드__19955861.md	137	137	S017-D070-U070	heading	# 시작하기	section semantics	arch/Home/Migration Center User Guide__19955861.md	122	covered	No English change required.	# Getting Started	none	S017 direct inspection.
S017	DOCK/Home/70. Migration Center 사용자 가이드__19955861.md	141	141	S017-D070-U071	paragraph	Migration Center 다운로드, 설치 및 제거하는 방법을 소개한다.	Migration Center	arch/Home/Migration Center User Guide__19955861.md	126	covered	No English change required.	This section describes how to download, install, and remove Migration Center.	none	S017 direct inspection; Migration Center English target is condensed but preserves actionable semantics.
S017	DOCK/Home/70. Migration Center 사용자 가이드__19955861.md	143	143	S017-D070-U072	heading	## 설치 및 제거	section semantics	arch/Home/Migration Center User Guide__19955861.md	128	covered	No English change required.	## Installation and Removal	none	S017 direct inspection.
S017	DOCK/Home/70. Migration Center 사용자 가이드__19955861.md	147	147	S017-D070-U073	list_item	1. Migration Conter Download	1	arch/Home/Migration Center User Guide__19955861.md	128	covered	No English change required.	## Installation and Removal	none	S017 direct inspection; Migration Center English target is condensed but preserves actionable semantics.
S017	DOCK/Home/70. Migration Center 사용자 가이드__19955861.md	149	149	S017-D070-U074	support	다운로드 URL : [http://](http://support.altibase.com/kr/product)[support.altibase.com/kr/product](http://support.altibase.com/kr/product)	http://support.altibase.com/kr/product; URL	arch/Home/Migration Center User Guide__19955861.md	89	covered	No English change required.	### JDBC Driver Download URLs	none	S017 direct inspection; Migration Center English target is condensed but preserves actionable semantics.
S017	DOCK/Home/70. Migration Center 사용자 가이드__19955861.md	151	151	S017-D070-U075	list_item	2. 설치 및 제거	2	arch/Home/Migration Center User Guide__19955861.md	128	covered	No English change required.	## Installation and Removal	none	S017 direct inspection; Migration Center English target is condensed but preserves actionable semantics.
S017	DOCK/Home/70. Migration Center 사용자 가이드__19955861.md	153	153	S017-D070-U076	paragraph	설치 : 다운로드 받은 Migration Center를 임의의 디렉토리에 압축을 푼다.	section semantics	arch/Home/Migration Center User Guide__19955861.md	128	covered	No English change required.	## Installation and Removal	none	S017 direct inspection; Migration Center English target is condensed but preserves actionable semantics.
S017	DOCK/Home/70. Migration Center 사용자 가이드__19955861.md	155	155	S017-D070-U077	paragraph	제거 : Migration Center 디렉토리를 삭제 하면 됨	Migration Center	arch/Home/Migration Center User Guide__19955861.md	132	covered	No English change required.	1. Download Migration Center from [http://support.altibase.com/en/product](http://support.altibase.com/en/product).	none	S017 direct inspection; Migration Center English target is condensed but preserves actionable semantics.
S017	DOCK/Home/70. Migration Center 사용자 가이드__19955861.md	157	157	S017-D070-U078	list_item	3. 실행	3	arch/Home/Migration Center User Guide__19955861.md	128	covered	No English change required.	## Installation and Removal	none	S017 direct inspection; Migration Center English target is condensed but preserves actionable semantics.
S017	DOCK/Home/70. Migration Center 사용자 가이드__19955861.md	159	159	S017-D070-U079	paragraph	설치 된 디렉토리에서 migcenter.bat 실행으로 Migration Center를 수행할 수 있다.	migcenter.bat	arch/Home/Migration Center User Guide__19955861.md	135	covered	No English change required.	4. To run Migration Center on Windows, execute `migcenter.bat` from the installation directory.	none	S017 direct inspection; Migration Center English target is condensed but preserves actionable semantics.
S017	DOCK/Home/70. Migration Center 사용자 가이드__19955861.md	161	161	S017-D070-U080	paragraph	Linux에서의 실행은 migcenter.sh로 수행할 수 있다.	migcenter.sh	arch/Home/Migration Center User Guide__19955861.md	136	covered	No English change required.	5. To run Migration Center on Linux, execute `migcenter.sh`.	none	S017 direct inspection; Migration Center English target is condensed but preserves actionable semantics.
S017	DOCK/Home/70. Migration Center 사용자 가이드__19955861.md	163	163	S017-D070-U081	heading	## Migration Center 이해하기	Migration Center	arch/Home/Migration Center User Guide__19955861.md	138	covered	No English change required.	## Migration Center Concepts	none	S017 direct inspection.
S017	DOCK/Home/70. Migration Center 사용자 가이드__19955861.md	167	167	S017-D070-U082	paragraph	Migration Center에서 사용하는 용어 및 단계 구성을 설명한다.	section semantics	arch/Home/Migration Center User Guide__19955861.md	138	covered	No English change required.	## Migration Center Concepts	none	S017 direct inspection; Migration Center English target is condensed but preserves actionable semantics.
S017	DOCK/Home/70. Migration Center 사용자 가이드__19955861.md	169	169	S017-D070-U083	heading	### 용어	section semantics	arch/Home/Migration Center User Guide__19955861.md	142	covered	No English change required.	### Terms	none	S017 direct inspection.
S017	DOCK/Home/70. Migration Center 사용자 가이드__19955861.md	173	173	S017-D070-U084	table_row	| 구분 | 설명 |	구분	arch/Home/Migration Center User Guide__19955861.md	144	covered	No English change required.	| Term | Description |	none	S017 direct table-row alignment; screenshot columns intentionally omitted where the English target is condensed.
S017	DOCK/Home/70. Migration Center 사용자 가이드__19955861.md	175	175	S017-D070-U085	table_row	| 프로젝트 | - Migration Center 프로젝트는 Migration의 모든 면을 기술하는 기본 작업 단위이다.<br>- 프로젝트는 무엇을 Migration 할 지, 어디에서 어디로 Migration 할 지(즉, 어떤 종류의 데이터베이스 또는 데이터 파일), 그리고 데이터베이스 객체와 테이블 데이터를 어떻게 Migration 할 지를 포함한다. |	Migration Center	arch/Home/Migration Center User Guide__19955861.md	146	covered	No English change required.	| Project | A Migration Center project is the basic work unit that describes every aspect of a migration. A project includes what to migrate, where to migrate from and to, which type of database or data file is involv...	none	S017 direct table-row alignment; screenshot columns intentionally omitted where the English target is condensed.
S017	DOCK/Home/70. Migration Center 사용자 가이드__19955861.md	177	177	S017-D070-U086	heading	### 기본 개념	section semantics	arch/Home/Migration Center User Guide__19955861.md	148	covered	No English change required.	### Basic Process	none	S017 direct inspection.
S017	DOCK/Home/70. Migration Center 사용자 가이드__19955861.md	181	181	S017-D070-U087	paragraph	Migration을 수행하는 전반적인 과정을 준비(Prepare), 구축(Build), 조정(Reconcile), 실행(Run) 및 검증(Data Validation) 다섯 단계로 구성한다.	section semantics	arch/Home/Migration Center User Guide__19955861.md	148	covered	No English change required.	### Basic Process	none	S017 direct inspection; Migration Center English target is condensed but preserves actionable semantics.
S017	DOCK/Home/70. Migration Center 사용자 가이드__19955861.md	183	183	S017-D070-U088	table_row	| 구분 | 설명 |	구분	arch/Home/Migration Center User Guide__19955861.md	152	covered	No English change required.	| Step | Description |	none	S017 direct table-row alignment; screenshot columns intentionally omitted where the English target is condensed.
S017	DOCK/Home/70. Migration Center 사용자 가이드__19955861.md	185	185	S017-D070-U089	table_row	| 준비(Prepare) | - 준비 단계는 실제 Migration 프로젝트에 대한 암묵적인 단계이다.<br>- 준비 단계의 최종 상태는 모든 데이터베이스 연결이 설정된 프로젝트가 열려 있는 것이다. |	준비(Prepare)	arch/Home/Migration Center User Guide__19955861.md	154	covered	No English change required.	| Prepare | This is the implicit stage for the actual migration project. The final state is an open project with all database connections configured. |	none	S017 direct table-row alignment; screenshot columns intentionally omitted where the English target is condensed.
S017	DOCK/Home/70. Migration Center 사용자 가이드__19955861.md	186	186	S017-D070-U090	table_row	| 구축(Build) | - 구축 단계는 원본 및 대상 데이터베이스의 현재 상태에 대한 초기 조사를 수행한다.<br>- 데이터베이스와의 연결을 통해 원본 및 대상 데이터베이스의 데이터베이스 객체에 관한 정보를 가져오고, 이 정보를 프로젝트 디렉터리에 저장한다.<br>- 이렇게 수집된 정보가 다른 단계에서 사용되기 때문에, 여기에는 가장 최신의 상태가 반영되어야 한다.<br>- 실행 단계...	구축(Build)	arch/Home/Migration Center User Guide__19955861.md	155	covered	No English change required.	| Build | Migration Center performs an initial investigation of the current state of the source and target databases. It collects database object information through database connections and stores the information in...	none	S017 direct table-row alignment; screenshot columns intentionally omitted where the English target is condensed.
S017	DOCK/Home/70. Migration Center 사용자 가이드__19955861.md	187	187	S017-D070-U091	table_row	| 조정(Reconcile) | - 조정 단계는 현재 상태에 대해 완벽한 마이그레이션 계획을 구성한다.<br>- 원본 및 대상 데이터베이스 시스템 간의 데이터 타입 및 테이블 스페이스 등의 차이를 조정하는 것이 대부분이다.<br>- 사용자는 원본 데이터베이스로부터 데이터 추출시에 사용할 SELECT문과 대상 데이터베이스에 실행할 DDL문을 편집할 수 있다.<br>- 마이그레이션 옵션에...	조정(Reconcile)	arch/Home/Migration Center User Guide__19955861.md	156	covered	No English change required.	| Reconcile | Migration Center constructs the full migration plan for the current state. This step mainly reconciles differences in data types, tablespaces, and similar items between source and target database systems...	none	S017 direct table-row alignment; screenshot columns intentionally omitted where the English target is condensed.
S017	DOCK/Home/70. Migration Center 사용자 가이드__19955861.md	188	188	S017-D070-U092	table_row	| 실행(Run) | - 실행 단계는 조정 단계에서 도출된 계획을 실행한다.<br>- 이 단계에서 직접 또는 간접적으로 스키마와 데이터가 마이그레이션 된다.<br>- 마이그레이션 옵션에서 Migration Type를 DB to DB로 설정했다면, Migration Center는 대상 데이터베이스에 데이터베이스 객체를 생성한다(스키마 마이그레이션). 그 다음에 원본 데이터베이스에서 대상...	SQL	arch/Home/Migration Center User Guide__19955861.md	157	covered	No English change required.	| Run | Migration Center executes the plan produced in the Reconcile step. Schema and data are migrated directly or indirectly. If Migration Type is `DB to DB`, Migration Center creates database objects in the target...	none	S017 direct table-row alignment; screenshot columns intentionally omitted where the English target is condensed.
S017	DOCK/Home/70. Migration Center 사용자 가이드__19955861.md	189	189	S017-D070-U093	table_row	| 검증(Data Validation) | - 마이그레이션 옵션에서 Migration Type를 DB to File로 설정했다면, 마이그레이션 하는 동안 SQL 스크립트 파일이 생성된다. 그러나 기본 마이그레이션 과정은 동일하다.<br>- 구축 단계를 Build User로 수행했다면 Primary Key가 있는 모든 테이블을 대상으로 데이터의 일치 여부를 검사한다.<br>- 구축 단계를...	SQL; CSV; FILESYNC	arch/Home/Migration Center User Guide__19955861.md	158	covered	No English change required.	| Data Validation | If Build was performed by `Build User`, all tables with primary keys are checked for data consistency. If Build was performed by `Build Table`, migrated tables with primary keys are checked. Data t...	none	S017 direct table-row alignment; screenshot columns intentionally omitted where the English target is condensed.
S017	DOCK/Home/70. Migration Center 사용자 가이드__19955861.md	191	191	S017-D070-U094	heading	# 인터페이스	section semantics	arch/Home/Migration Center User Guide__19955861.md	160	covered	No English change required.	# Interface	none	S017 direct inspection.
S017	DOCK/Home/70. Migration Center 사용자 가이드__19955861.md	195	195	S017-D070-U095	paragraph	Migration Center에서 제공하는 사용자 인터페이스인 GUI 모드와 CLI 모드에 대해 간략히 설명한다.	GUI; CLI	arch/Home/Migration Center User Guide__19955861.md	164	covered	No English change required.	Migration Center provides GUI mode and CLI mode. Detailed usage for each mode is provided in the GUI mode quick guide and CLI mode quick guide.	none	S017 direct inspection; Migration Center English target is condensed but preserves actionable semantics.
S017	DOCK/Home/70. Migration Center 사용자 가이드__19955861.md	197	197	S017-D070-U096	paragraph	각 모드 별 상세 사용법은 'GUI 모드 퀵 가이드' 및 'CLI 모드 퀵 가이드'에서 좀 더 상세한 설명을 제공한다.	GUI; CLI	arch/Home/Migration Center User Guide__19955861.md	164	covered	No English change required.	Migration Center provides GUI mode and CLI mode. Detailed usage for each mode is provided in the GUI mode quick guide and CLI mode quick guide.	none	S017 direct inspection; Migration Center English target is condensed but preserves actionable semantics.
S017	DOCK/Home/70. Migration Center 사용자 가이드__19955861.md	199	199	S017-D070-U097	heading	## Migration Center 시작	Migration Center	arch/Home/Migration Center User Guide__19955861.md	166	covered	No English change required.	## Starting Migration Center	none	S017 direct inspection.
S017	DOCK/Home/70. Migration Center 사용자 가이드__19955861.md	203	203	S017-D070-U098	attachment_reference	Migration Center를 시작하기 위해서는 다운로드 받은 MigrationCenter7.12.zip 파일을 임의의 폴더에 압축을 해제 하면 됩니다.	MigrationCenter7.12.zip; 12	arch/Home/Migration Center User Guide__19955861.md	170	covered	No English change required.	Unzip `MigrationCenter7.12.zip` to any folder. Run `migcenter.bat` from the Migration Center directory on Windows, or run `migcenter.sh` on Linux.	none	S017 direct inspection; Migration Center English target is condensed but preserves actionable semantics.
S017	DOCK/Home/70. Migration Center 사용자 가이드__19955861.md	205	205	S017-D070-U099	table_row	| 화면 | 수행 방법 |	화면	arch/Home/Migration Center User Guide__19955861.md	170	covered	No English change required.	Unzip `MigrationCenter7.12.zip` to any folder. Run `migcenter.bat` from the Migration Center directory on Windows, or run `migcenter.sh` on Linux.	none	S017 condensed English prose covers this screenshot/procedure row; embedded screenshot image omitted.
S017	DOCK/Home/70. Migration Center 사용자 가이드__19955861.md	207	207	S017-D070-U100	table_row	| ![%EA%B7%B8%EB%A6%BC1.png](https://docs.altibase.com/download/attachments/embedded-page/DOCK/70.%20Migration%20Center%20%EC%82%AC%EC%9A%A9%EC%9E%90%20%EA%B0%80%EC%9D%B4%EB%93%9C/%EA%B7%B8%EB%A6%BC1.png?api=v2) | ① M...	https://docs.altibase.com/download/attachments/embedded-page/DOCK/70.%20Migration%20Center%20%EC%82%AC%EC%9A%A9%EC%9E%90%20%EA%B0%80%EC%9D%B4%EB%93%9C/%EA%B7%B8%EB%A6%BC1.png?api=v2; migcenter.bat; migcenter.sh; BC1; DOCK/70; Migration Center; 70; 20	arch/Home/Migration Center User Guide__19955861.md	170	covered	No English change required.	Unzip `MigrationCenter7.12.zip` to any folder. Run `migcenter.bat` from the Migration Center directory on Windows, or run `migcenter.sh` on Linux.	none	S017 condensed English prose covers this screenshot/procedure row; embedded screenshot image omitted.
S017	DOCK/Home/70. Migration Center 사용자 가이드__19955861.md	209	209	S017-D070-U101	heading	## 사용자 인터페이스	section semantics	arch/Home/Migration Center User Guide__19955861.md	172	covered	No English change required.	## User Interface	none	S017 direct inspection.
S017	DOCK/Home/70. Migration Center 사용자 가이드__19955861.md	213	213	S017-D070-U102	paragraph	Migration Center GUI 모드의 화면 구성은 4개의 창으로 이루어 진다.	GUI; Migration Center	arch/Home/Migration Center User Guide__19955861.md	176	covered	No English change required.	The Migration Center GUI mode screen is organized into four windows.	none	S017 direct inspection; Migration Center English target is condensed but preserves actionable semantics.
S017	DOCK/Home/70. Migration Center 사용자 가이드__19955861.md	215	215	S017-D070-U103	image_reference	![%EA%B7%B8%EB%A6%BC2.png](https://docs.altibase.com/download/attachments/embedded-page/DOCK/70.%20Migration%20Center%20%EC%82%AC%EC%9A%A9%EC%9E%90%20%EA%B0%80%EC%9D%B4%EB%93%9C/%EA%B7%B8%EB%A6%BC2.png?api=v2)	https://docs.altibase.com/download/attachments/embedded-page/DOCK/70.%20Migration%20Center%20%EC%82%AC%EC%9A%A9%EC%9E%90%20%EA%B0%80%EC%9D%B4%EB%93%9C/%EA%B7%B8%EB%A6%BC2.png?api=v2; BC2; DOCK/70; 70; 20; 82; 90; 80	arch/Home/Migration Center User Guide__19955861.md	172	not_applicable	Screenshot-only export image omitted from condensed English target.	The English Migration Center guide preserves the UI/procedure semantics in text and keeps the original PDF link.	embedded screenshot not reproduced	Broad embedded-image revalidation belongs to later attachment/link jobs.
S017	DOCK/Home/70. Migration Center 사용자 가이드__19955861.md	217	217	S017-D070-U104	heading	## 메뉴 및 아이콘	section semantics	arch/Home/Migration Center User Guide__19955861.md	178	covered	No English change required.	## Menus and Icons	none	S017 direct inspection.
S017	DOCK/Home/70. Migration Center 사용자 가이드__19955861.md	221	221	S017-D070-U105	paragraph	Migration Center에서 사용하는 메뉴 및 아이콘에 대해 설명한다.	section semantics	arch/Home/Migration Center User Guide__19955861.md	178	covered	No English change required.	## Menus and Icons	none	S017 direct inspection; Migration Center English target is condensed but preserves actionable semantics.
S017	DOCK/Home/70. Migration Center 사용자 가이드__19955861.md	223	223	S017-D070-U106	table_row	| 메뉴 구분 | 설명 |	메뉴 구분	arch/Home/Migration Center User Guide__19955861.md	182	covered	No English change required.	| Menu | Description |	none	S017 direct table-row alignment; screenshot columns intentionally omitted where the English target is condensed.
S017	DOCK/Home/70. Migration Center 사용자 가이드__19955861.md	225	225	S017-D070-U107	table_row	| Database > Add Database Connection | - Migration을 진행 할 원본 DBMS 및 대상 DBMS를 등록 한다.<br>- Migration Center 상단 좌측 단축 아이콘이 있다.![%EA%B7%B8%EB%A6%BC3.png](https://docs.altibase.com/download/attachments/embedded-page/DOCK/70...	https://docs.altibase.com/download/attachments/embedded-page/DOCK/70.%20Migration%20Center%20%EC%82%AC%EC%9A%A9%EC%9E%90%20%EA%B0%80%EC%9D%B4%EB%93%9C/%EA%B7%B8%EB%A6%BC3.png?api=v2; DBMS; BC3; DOCK/70; Migration Center; 70; 20; 82	arch/Home/Migration Center User Guide__19955861.md	184	covered	No English change required.	| Database > Add Database Connection | Registers the source DBMS and target DBMS for migration. A shortcut icon is provided in the upper-left area of Migration Center. |	none	S017 direct table-row alignment; screenshot columns intentionally omitted where the English target is condensed.
S017	DOCK/Home/70. Migration Center 사용자 가이드__19955861.md	226	226	S017-D070-U108	table_row	| Database > Database Connection List | - 등록한 DBMS에 대한 List를 보여준다. |	Database > Database Connection List	arch/Home/Migration Center User Guide__19955861.md	185	covered	No English change required.	| Database > Database Connection List | Shows the list of registered DBMS connections. |	none	S017 direct table-row alignment; screenshot columns intentionally omitted where the English target is condensed.
S017	DOCK/Home/70. Migration Center 사용자 가이드__19955861.md	227	227	S017-D070-U109	table_row	| Database > Exit | - Migration Center를 종료 한다. |	Database > Exit	arch/Home/Migration Center User Guide__19955861.md	186	covered	No English change required.	| Database > Exit | Exits Migration Center. |	none	S017 direct table-row alignment; screenshot columns intentionally omitted where the English target is condensed.
S017	DOCK/Home/70. Migration Center 사용자 가이드__19955861.md	228	228	S017-D070-U110	table_row	| Project > Create Project | - Object 및 Data 이관을 하기 위한 신규 프로젝트를 생성한다.<br>- Migration Center 좌측 상단 단축 아이콘이 있다.![%EA%B7%B8%EB%A6%BC4.png](https://docs.altibase.com/download/attachments/embedded-page/DOCK/70.%20Migration...	https://docs.altibase.com/download/attachments/embedded-page/DOCK/70.%20Migration%20Center%20%EC%82%AC%EC%9A%A9%EC%9E%90%20%EA%B0%80%EC%9D%B4%EB%93%9C/%EA%B7%B8%EB%A6%BC4.png?api=v2; BC4; DOCK/70; Migration Center; 70; 20; 82; 90	arch/Home/Migration Center User Guide__19955861.md	187	covered	No English change required.	| Project > Create Project | Creates a new project for object and data migration. A shortcut icon is provided in the upper-left area. |	none	S017 direct table-row alignment; screenshot columns intentionally omitted where the English target is condensed.
S017	DOCK/Home/70. Migration Center 사용자 가이드__19955861.md	229	229	S017-D070-U111	table_row	| Project > Open Project | - 기존에 생성한 프로젝트를 불려온다. |	Project > Open Project	arch/Home/Migration Center User Guide__19955861.md	188	covered	No English change required.	| Project > Open Project | Opens an existing project. |	none	S017 direct table-row alignment; screenshot columns intentionally omitted where the English target is condensed.
S017	DOCK/Home/70. Migration Center 사용자 가이드__19955861.md	230	230	S017-D070-U112	table_row	| Project > Connect | - 프로젝트에서 사용하는 DB에 접속한다.<br>- 프로젝트 창 프로젝트 선택 후 마우스 오른쪽 클릭 후 Connect 선택도 동일 기능 |	Project > Connect	arch/Home/Migration Center User Guide__19955861.md	189	covered	No English change required.	| Project > Connect | Connects to the databases used by the project. The same function is available by right-clicking a project in the Project pane and selecting `Connect`. |	none	S017 direct table-row alignment; screenshot columns intentionally omitted where the English target is condensed.
S017	DOCK/Home/70. Migration Center 사용자 가이드__19955861.md	231	231	S017-D070-U113	table_row	| Project > Disconnect | - 프로젝트에서 사용하는 DB의 연결을 종료한다.<br>- 프로젝트 창 프로젝트 선택 후 마우스 오른쪽 클릭 후 Disconnect 선택도 동일 기능 |	Project > Disconnect	arch/Home/Migration Center User Guide__19955861.md	190	covered	No English change required.	| Project > Disconnect | Disconnects the databases used by the project. The same function is available by right-clicking a project and selecting `Disconnect`. |	none	S017 direct table-row alignment; screenshot columns intentionally omitted where the English target is condensed.
S017	DOCK/Home/70. Migration Center 사용자 가이드__19955861.md	232	232	S017-D070-U114	table_row	| Project > Close | - 프로젝트를 종료한다.<br>- 프로젝트 창 프로젝트 선택 후 마우스 오른쪽 클릭 후 Close 선택도 동일 기능 |	Project > Close	arch/Home/Migration Center User Guide__19955861.md	191	covered	No English change required.	| Project > Close | Closes the project. The same function is available by right-clicking a project and selecting `Close`. |	none	S017 direct table-row alignment; screenshot columns intentionally omitted where the English target is condensed.
S017	DOCK/Home/70. Migration Center 사용자 가이드__19955861.md	233	233	S017-D070-U115	table_row	| Migration > Build User | - DB User의 모든 Object 및 Data를 이관한다.<br>- Migration Center 상단 좌측 단축 아이콘이 있다.![%EA%B7%B8%EB%A6%BC5.png](https://docs.altibase.com/download/attachments/embedded-page/DOCK/70.%20Migration%20Cente...	https://docs.altibase.com/download/attachments/embedded-page/DOCK/70.%20Migration%20Center%20%EC%82%AC%EC%9A%A9%EC%9E%90%20%EA%B0%80%EC%9D%B4%EB%93%9C/%EA%B7%B8%EB%A6%BC5.png?api=v2; BC5; DOCK/70; Migration Center; 70; 20; 82; 90	arch/Home/Migration Center User Guide__19955861.md	192	covered	No English change required.	| Migration > Build User | Migrates all objects and data owned by a DB user. The shortcut icon lets users select `Build User`; the same function is available by right-clicking a project and selecting `Build User`. |	none	S017 direct table-row alignment; screenshot columns intentionally omitted where the English target is condensed.
S017	DOCK/Home/70. Migration Center 사용자 가이드__19955861.md	234	234	S017-D070-U116	table_row	| Migration > Build Table | - DB User의 모든 Table 및 Data를 이관한다.<br>- Migration Center 상단 좌측 단축 아이콘이 있다.![%EA%B7%B8%EB%A6%BC6.png](https://docs.altibase.com/download/attachments/embedded-page/DOCK/70.%20Migration%20Cente...	https://docs.altibase.com/download/attachments/embedded-page/DOCK/70.%20Migration%20Center%20%EC%82%AC%EC%9A%A9%EC%9E%90%20%EA%B0%80%EC%9D%B4%EB%93%9C/%EA%B7%B8%EB%A6%BC6.png?api=v2; BC6; DOCK/70; Migration Center; 70; 20; 82; 90	arch/Home/Migration Center User Guide__19955861.md	193	covered	No English change required.	| Migration > Build Table | Migrates all tables and data owned by a DB user. The shortcut icon lets users select `Build Table`; the same function is available from the project context menu. |	none	S017 direct table-row alignment; screenshot columns intentionally omitted where the English target is condensed.
S017	DOCK/Home/70. Migration Center 사용자 가이드__19955861.md	235	235	S017-D070-U117	table_row	| Migration > Reconcile | - Build 단계 완료 후 활성화 된다.<br>- 이관 대상에 대한 Object를 조정 한다.<br>- Migration Center 상단 좌측 단축 아이콘이 있다.![%EA%B7%B8%EB%A6%BC7.png](https://docs.altibase.com/download/attachments/embedded-page/DOCK/70.%2...	https://docs.altibase.com/download/attachments/embedded-page/DOCK/70.%20Migration%20Center%20%EC%82%AC%EC%9A%A9%EC%9E%90%20%EA%B0%80%EC%9D%B4%EB%93%9C/%EA%B7%B8%EB%A6%BC7.png?api=v2; BC7; DOCK/70; Migration Center; 70; 20; 82; 90	arch/Home/Migration Center User Guide__19955861.md	194	covered	No English change required.	| Migration > Reconcile | Enabled after the Build step completes. It reconciles target objects. The same function is available from the shortcut icon or by right-clicking a project and selecting `Reconcile`. |	none	S017 direct table-row alignment; screenshot columns intentionally omitted where the English target is condensed.
S017	DOCK/Home/70. Migration Center 사용자 가이드__19955861.md	236	236	S017-D070-U118	table_row	| Migration > Run | - Reconcile 단계 완료 후 활성화 된다.<br>- Migration을 진행한다.<br>- Migration Center 상단 좌측 단축 아이콘이 있다.![%EA%B7%B8%EB%A6%BC8.png](https://docs.altibase.com/download/attachments/embedded-page/DOCK/70.%20Migration...	https://docs.altibase.com/download/attachments/embedded-page/DOCK/70.%20Migration%20Center%20%EC%82%AC%EC%9A%A9%EC%9E%90%20%EA%B0%80%EC%9D%B4%EB%93%9C/%EA%B7%B8%EB%A6%BC8.png?api=v2; BC8; DOCK/70; Migration Center; 70; 20; 82; 90	arch/Home/Migration Center User Guide__19955861.md	195	covered	No English change required.	| Migration > Run | Enabled after the Reconcile step completes. It runs migration. The same function is available from the shortcut icon or by right-clicking a project and selecting `Run`. |	none	S017 direct table-row alignment; screenshot columns intentionally omitted where the English target is condensed.
S017	DOCK/Home/70. Migration Center 사용자 가이드__19955861.md	237	237	S017-D070-U119	table_row	| Migration > Data Validation | - Reconcile 단계 완료 후 활성화 된다.<br>- 이관 대상 Data에 대한 검증을 진행한다.<br>- 프로젝트 창 프로젝트 선택 후 마우스 오른쪽 클릭 후 Data Validation 선택도 동일 기능 |	Migration > Data Validation	arch/Home/Migration Center User Guide__19955861.md	196	covered	No English change required.	| Migration > Data Validation | Enabled after the Reconcile step completes. It validates migrated data. The same function is available from the project context menu. |	none	S017 direct table-row alignment; screenshot columns intentionally omitted where the English target is condensed.
S017	DOCK/Home/70. Migration Center 사용자 가이드__19955861.md	238	238	S017-D070-U120	table_row	| Migration > Migration Options | - Migration 프로젝트에서 사용할 기본 옵션을 구성한다.<br>- Migration Options을 변경하면 Reconcile 단계부터 다시 시작해야 한다.<br>- 프로젝트 창 프로젝트 선택 후 마우스 오른쪽 클릭 후 Migration Options 선택도 동일 기능 |	Migration > Migration Options	arch/Home/Migration Center User Guide__19955861.md	197	covered	No English change required.	| Migration > Migration Options | Configures basic options used by the migration project. If Migration Options are changed, processing must restart from the Reconcile step. The same function is available from the proj...	none	S017 direct table-row alignment; screenshot columns intentionally omitted where the English target is condensed.
S017	DOCK/Home/70. Migration Center 사용자 가이드__19955861.md	239	239	S017-D070-U121	table_row	| Report > Build Report | - 프로젝트 Build 완료 후 활성화 된다.<br>- 프로젝트 창 프로젝트 선택 후 마우스 오른쪽 클릭 후 Build Report 선택도 동일 기능 |	Report > Build Report	arch/Home/Migration Center User Guide__19955861.md	198	covered	No English change required.	| Report > Build Report | Enabled after project Build completes. The same function is available from the project context menu. |	none	S017 direct table-row alignment; screenshot columns intentionally omitted where the English target is condensed.
S017	DOCK/Home/70. Migration Center 사용자 가이드__19955861.md	240	240	S017-D070-U122	table_row	| Report > Reconcile Report | - 프로젝트 Reconcile 완료 후 활성화 된다.<br>- 프로젝트 창 프로젝트 선택 후 마우스 오른쪽 클릭 후 Reconcile Report 선택도 동일 기능 |	Report > Reconcile Report	arch/Home/Migration Center User Guide__19955861.md	199	covered	No English change required.	| Report > Reconcile Report | Enabled after project Reconcile completes. The same function is available from the project context menu. |	none	S017 direct table-row alignment; screenshot columns intentionally omitted where the English target is condensed.
S017	DOCK/Home/70. Migration Center 사용자 가이드__19955861.md	241	241	S017-D070-U123	table_row	| Report > Run Report | - 프로젝트 Run 완료 후 활성화 된다.<br>- 프로젝트 창 프로젝트 선택 후 마우스 오른쪽 클릭 후 Reconcile Report 선택도 동일 기능 |	Report > Run Report	arch/Home/Migration Center User Guide__19955861.md	200	covered	No English change required.	| Report > Run Report | Enabled after project Run completes. The same function is available from the project context menu. |	none	S017 direct table-row alignment; screenshot columns intentionally omitted where the English target is condensed.
S017	DOCK/Home/70. Migration Center 사용자 가이드__19955861.md	242	242	S017-D070-U124	table_row	| Report > Data Validation Report | - 프로젝트 Data Validation 완료 후 활성화 된다.<br>- 프로젝트 창 프로젝트 선택 후 마우스 오른쪽 클릭 후 Data Validation Report 선택도 동일 기능 |	Report > Data Validation Report	arch/Home/Migration Center User Guide__19955861.md	201	covered	No English change required.	| Report > Data Validation Report | Enabled after project Data Validation completes. The same function is available from the project context menu. |	none	S017 direct table-row alignment; screenshot columns intentionally omitted where the English target is condensed.
S017	DOCK/Home/70. Migration Center 사용자 가이드__19955861.md	244	244	S017-D070-U125	heading	## Migration Center Utility	Migration Center	arch/Home/Migration Center User Guide__19955861.md	203	covered	No English change required.	## Migration Center Utility	none	S017 direct inspection.
S017	DOCK/Home/70. Migration Center 사용자 가이드__19955861.md	248	248	S017-D070-U126	table_row	| 구분 | 설명 | 화면 |	구분	arch/Home/Migration Center User Guide__19955861.md	207	covered	No English change required.	| Utility | Description |	none	S017 direct table-row alignment; screenshot columns intentionally omitted where the English target is condensed.
S017	DOCK/Home/70. Migration Center 사용자 가이드__19955861.md	250	250	S017-D070-U127	table_row	| PSM Converter for File | - PSM Converter for File은 오라클의 PL/SQL을 Altibase PSM으로 변환한다.<br>- 이 도구는 오라클 PL/SQL 구문이 들어있는 SQL 파일을 읽어서 Altibase PSM으로 전환한 다음, 결과를 미리 정의한 SQL 파일에 기록한다.<br>- 이 파일은 HTML 형식의 보고서 파일과 함께 제공된다. 이...	https://docs.altibase.com/download/attachments/embedded-page/DOCK/70.%20Migration%20Center%20%EC%82%AC%EC%9A%A9%EC%9E%90%20%EA%B0%80%EC%9D%B4%EB%93%9C/%EA%B7%B8%EB%A6%BC9.png?api=v2; PSM; PL/; PL/SQL; SQL; HTML; BC9; DOCK/70	arch/Home/Migration Center User Guide__19955861.md	209	covered	No English change required.	| PSM Converter for File | Converts Oracle PL/SQL to Altibase PSM. It reads a SQL file containing Oracle PL/SQL syntax, converts it to Altibase PSM, and writes the result to a predefined SQL file. The output is provid...	none	S017 direct table-row alignment; screenshot columns intentionally omitted where the English target is condensed.
S017	DOCK/Home/70. Migration Center 사용자 가이드__19955861.md	251	251	S017-D070-U128	table_row	| Generate Migration Error Report | - Generate Migration Error Report는 Migration Center에서 발생하는 문제를 보고하는 유틸리티이다.<br>- 프로젝트를 연 후에, 이 도구를 실행하면 로그 파일, 리비전 번호 같은 문제 추적 정보를 수집하여 zip 파일을 생성한다.<br>- 사용자는 이 zip 파일을 첨부하여 Altiba...	Altibase	arch/Home/Migration Center User Guide__19955861.md	210	covered	No English change required.	| Generate Migration Error Report | Collects troubleshooting information for Migration Center problems. After opening a project, run this tool to collect log files, revision numbers, and other trace information into a...	none	S017 direct table-row alignment; screenshot columns intentionally omitted where the English target is condensed.
S017	DOCK/Home/70. Migration Center 사용자 가이드__19955861.md	253	253	S017-D070-U129	heading	# GUI 사용자 가이드	GUI	arch/Home/Migration Center User Guide__19955861.md	212	covered	No English change required.	# GUI User Guide	none	S017 direct inspection.
S017	DOCK/Home/70. Migration Center 사용자 가이드__19955861.md	257	257	S017-D070-U130	paragraph	GUI 모드에서 Migration 진행 내용에 대하여 기술한다.	GUI	arch/Home/Migration Center User Guide__19955861.md	212	covered	No English change required.	# GUI User Guide	none	S017 direct inspection; Migration Center English target is condensed but preserves actionable semantics.
S017	DOCK/Home/70. Migration Center 사용자 가이드__19955861.md	259	259	S017-D070-U131	heading	## Migration 진행 단계	section semantics	arch/Home/Migration Center User Guide__19955861.md	218	covered	No English change required.	## Migration Flow	none	S017 direct inspection.
S017	DOCK/Home/70. Migration Center 사용자 가이드__19955861.md	263	263	S017-D070-U132	paragraph	GUI 모드로 진행하는 Migration Center는 다음과 같은 순서로 Migration을 진행한다.	GUI	arch/Home/Migration Center User Guide__19955861.md	212	covered	No English change required.	# GUI User Guide	none	S017 direct inspection; Migration Center English target is condensed but preserves actionable semantics.
S017	DOCK/Home/70. Migration Center 사용자 가이드__19955861.md	265	265	S017-D070-U133	list_item	1. Migration Center 시작	Migration Center; 1	arch/Home/Migration Center User Guide__19955861.md	224	covered	No English change required.	1. Start Migration Center.	none	S017 direct inspection; Migration Center English target is condensed but preserves actionable semantics.
S017	DOCK/Home/70. Migration Center 사용자 가이드__19955861.md	266	266	S017-D070-U134	list_item	2. 프로젝트 준비	2	arch/Home/Migration Center User Guide__19955861.md	218	covered	No English change required.	## Migration Flow	none	S017 direct inspection; Migration Center English target is condensed but preserves actionable semantics.
S017	DOCK/Home/70. Migration Center 사용자 가이드__19955861.md	267	267	S017-D070-U135	list_item	- 원본 및 대상 DB 연결 등록	section semantics	arch/Home/Migration Center User Guide__19955861.md	218	covered	No English change required.	## Migration Flow	none	S017 direct inspection; Migration Center English target is condensed but preserves actionable semantics.
S017	DOCK/Home/70. Migration Center 사용자 가이드__19955861.md	268	268	S017-D070-U136	list_item	- 프로젝트 생성	section semantics	arch/Home/Migration Center User Guide__19955861.md	218	covered	No English change required.	## Migration Flow	none	S017 direct inspection; Migration Center English target is condensed but preserves actionable semantics.
S017	DOCK/Home/70. Migration Center 사용자 가이드__19955861.md	269	269	S017-D070-U137	list_item	- 프로젝트 열기	section semantics	arch/Home/Migration Center User Guide__19955861.md	218	covered	No English change required.	## Migration Flow	none	S017 direct inspection; Migration Center English target is condensed but preserves actionable semantics.
S017	DOCK/Home/70. Migration Center 사용자 가이드__19955861.md	270	270	S017-D070-U138	list_item	- 원본 및 대상 DB 연결	section semantics	arch/Home/Migration Center User Guide__19955861.md	218	covered	No English change required.	## Migration Flow	none	S017 direct inspection; Migration Center English target is condensed but preserves actionable semantics.
S017	DOCK/Home/70. Migration Center 사용자 가이드__19955861.md	271	271	S017-D070-U139	list_item	- Migration Options 설정	section semantics	arch/Home/Migration Center User Guide__19955861.md	218	covered	No English change required.	## Migration Flow	none	S017 direct inspection; Migration Center English target is condensed but preserves actionable semantics.
S017	DOCK/Home/70. Migration Center 사용자 가이드__19955861.md	272	272	S017-D070-U140	list_item	3. 프로젝트 구축	3	arch/Home/Migration Center User Guide__19955861.md	218	covered	No English change required.	## Migration Flow	none	S017 direct inspection; Migration Center English target is condensed but preserves actionable semantics.
S017	DOCK/Home/70. Migration Center 사용자 가이드__19955861.md	273	273	S017-D070-U141	list_item	4. 프로젝트 조정	4	arch/Home/Migration Center User Guide__19955861.md	218	covered	No English change required.	## Migration Flow	none	S017 direct inspection; Migration Center English target is condensed but preserves actionable semantics.
S017	DOCK/Home/70. Migration Center 사용자 가이드__19955861.md	274	274	S017-D070-U142	list_item	5. 프로젝트 실행	5	arch/Home/Migration Center User Guide__19955861.md	218	covered	No English change required.	## Migration Flow	none	S017 direct inspection; Migration Center English target is condensed but preserves actionable semantics.
S017	DOCK/Home/70. Migration Center 사용자 가이드__19955861.md	275	275	S017-D070-U143	list_item	6. 프로젝트 검증	6	arch/Home/Migration Center User Guide__19955861.md	218	covered	No English change required.	## Migration Flow	none	S017 direct inspection; Migration Center English target is condensed but preserves actionable semantics.
S017	DOCK/Home/70. Migration Center 사용자 가이드__19955861.md	277	277	S017-D070-U144	heading	## DBMS 연결 등록	DBMS	arch/Home/Migration Center User Guide__19955861.md	236	covered	No English change required.	## Registering DBMS Connections	none	S017 direct inspection.
S017	DOCK/Home/70. Migration Center 사용자 가이드__19955861.md	281	281	S017-D070-U145	paragraph	원본 DBMS 및 대상 DBMS를 등록 한다.	DBMS	arch/Home/Migration Center User Guide__19955861.md	236	covered	No English change required.	## Registering DBMS Connections	none	S017 direct inspection; Migration Center English target is condensed but preserves actionable semantics.
S017	DOCK/Home/70. Migration Center 사용자 가이드__19955861.md	283	283	S017-D070-U146	paragraph	DBMS를 등록하는 방법으로는 “메뉴 > Database > Add Database Connection”와 Add Database Connection 아이콘을 클릭하면 DBMS 정보 입력 창이 나온다.	DBMS	arch/Home/Migration Center User Guide__19955861.md	236	covered	No English change required.	## Registering DBMS Connections	none	S017 direct inspection; Migration Center English target is condensed but preserves actionable semantics.
S017	DOCK/Home/70. Migration Center 사용자 가이드__19955861.md	285	285	S017-D070-U147	table_row	| 구분 | 화면 |	구분	arch/Home/Migration Center User Guide__19955861.md	242	covered	No English change required.	## Entering DBMS Information	none	S017 condensed English prose covers this screenshot/procedure row; embedded screenshot image omitted.
S017	DOCK/Home/70. Migration Center 사용자 가이드__19955861.md	287	287	S017-D070-U148	table_row	| 메뉴 > Database > Add Database Connection | ![%EA%B7%B8%EB%A6%BC10.png](https://docs.altibase.com/download/attachments/embedded-page/DOCK/70.%20Migration%20Center%20%EC%82%AC%EC%9A%A9%EC%9E%90%20%EA%B0%80%EC%9D%B4%EB%...	https://docs.altibase.com/download/attachments/embedded-page/DOCK/70.%20Migration%20Center%20%EC%82%AC%EC%9A%A9%EC%9E%90%20%EA%B0%80%EC%9D%B4%EB%93%9C/%EA%B7%B8%EB%A6%BC10.png?api=v2; BC10; DOCK/70; 70; 20; 82; 90; 80	arch/Home/Migration Center User Guide__19955861.md	242	covered	No English change required.	## Entering DBMS Information	none	S017 condensed English prose covers this screenshot/procedure row; embedded screenshot image omitted.
S017	DOCK/Home/70. Migration Center 사용자 가이드__19955861.md	288	288	S017-D070-U149	table_row	| Add Database Connection 아이콘 | ![%EA%B7%B8%EB%A6%BC11.png](https://docs.altibase.com/download/attachments/embedded-page/DOCK/70.%20Migration%20Center%20%EC%82%AC%EC%9A%A9%EC%9E%90%20%EA%B0%80%EC%9D%B4%EB%93%9C/%EA%B7...	https://docs.altibase.com/download/attachments/embedded-page/DOCK/70.%20Migration%20Center%20%EC%82%AC%EC%9A%A9%EC%9E%90%20%EA%B0%80%EC%9D%B4%EB%93%9C/%EA%B7%B8%EB%A6%BC11.png?api=v2; BC11; DOCK/70; 70; 20; 82; 90; 80	arch/Home/Migration Center User Guide__19955861.md	242	covered	No English change required.	## Entering DBMS Information	none	S017 condensed English prose covers this screenshot/procedure row; embedded screenshot image omitted.
S017	DOCK/Home/70. Migration Center 사용자 가이드__19955861.md	290	290	S017-D070-U150	heading	## DBMS 정보 입력	DBMS	arch/Home/Migration Center User Guide__19955861.md	242	covered	No English change required.	## Entering DBMS Information	none	S017 direct inspection.
S017	DOCK/Home/70. Migration Center 사용자 가이드__19955861.md	294	294	S017-D070-U151	paragraph	DBMS 등록을 하기 위한 정보를 입력 등록한다.	DBMS	arch/Home/Migration Center User Guide__19955861.md	242	covered	No English change required.	## Entering DBMS Information	none	S017 direct inspection; Migration Center English target is condensed but preserves actionable semantics.
S017	DOCK/Home/70. Migration Center 사용자 가이드__19955861.md	296	296	S017-D070-U152	paragraph	등록 가능 DBMS는 Oracle, Altibase, MS-SQL, MySQL, Informix, TeimesTen, CUBRID, Tibero, PostgreSQL가 가능하다.	MS-SQL; CUBRID; Oracle; Altibase	arch/Home/Migration Center User Guide__19955861.md	246	covered	No English change required.	The DBMS types that can be registered are Oracle, Altibase, MS-SQL, MySQL, Informix, TimesTen, CUBRID, Tibero, and PostgreSQL.	none	S017 direct inspection; Migration Center English target is condensed but preserves actionable semantics.
S017	DOCK/Home/70. Migration Center 사용자 가이드__19955861.md	298	298	S017-D070-U153	table_row	| DBMS 구분 | 화면 | 항목 설명 |	DBMS	arch/Home/Migration Center User Guide__19955861.md	248	covered	No English change required.	| DBMS | Required or available fields |	none	S017 direct table-row alignment; screenshot columns intentionally omitted where the English target is condensed.
S017	DOCK/Home/70. Migration Center 사용자 가이드__19955861.md	300	300	S017-D070-U154	table_row	| Oracle | ![%EA%B7%B8%EB%A6%BC12.png](https://docs.altibase.com/download/attachments/embedded-page/DOCK/70.%20Migration%20Center%20%EC%82%AC%EC%9A%A9%EC%9E%90%20%EA%B0%80%EC%9D%B4%EB%93%9C/%EA%B7%B8%EB%A6%BC12.png?ap...	https://docs.altibase.com/download/attachments/embedded-page/DOCK/70.%20Migration%20Center%20%EC%82%AC%EC%9A%A9%EC%9E%90%20%EA%B0%80%EC%9D%B4%EB%93%9C/%EA%B7%B8%EB%A6%BC12.png?api=v2; BC12; DOCK/70; SID; JDBC; Oracle; 70; 20	arch/Home/Migration Center User Guide__19955861.md	250	covered	No English change required.	| Oracle | DB type, connection name, server IP, port, DB user name, password, Oracle SID, IP protocol, connection test, connection registration, cancel. The Oracle JDBC driver bundled with Migration Center is used. |	none	S017 direct table-row alignment; screenshot columns intentionally omitted where the English target is condensed.
S017	DOCK/Home/70. Migration Center 사용자 가이드__19955861.md	301	301	S017-D070-U155	table_row	| Altibase | ![%EA%B7%B8%EB%A6%BC13.png](https://docs.altibase.com/download/attachments/embedded-page/DOCK/70.%20Migration%20Center%20%EC%82%AC%EC%9A%A9%EC%9E%90%20%EA%B0%80%EC%9D%B4%EB%93%9C/%EA%B7%B8%EB%A6%BC13.png?...	https://docs.altibase.com/download/attachments/embedded-page/DOCK/70.%20Migration%20Center%20%EC%82%AC%EC%9A%A9%EC%9E%90%20%EA%B0%80%EC%9D%B4%EB%93%9C/%EA%B7%B8%EB%A6%BC13.png?api=v2; BC13; DOCK/70; JDBC; Altibase; 70; 20; 82	arch/Home/Migration Center User Guide__19955861.md	251	covered	No English change required.	| Altibase | DB type, connection name, server IP, port, DB user name, password, JDBC driver file, Altibase DB name, client character set, IP protocol, optional JDBC driver properties, connection test, connection regis...	none	S017 direct table-row alignment; screenshot columns intentionally omitted where the English target is condensed.
S017	DOCK/Home/70. Migration Center 사용자 가이드__19955861.md	302	302	S017-D070-U156	table_row	| MS-SQL | ![%EA%B7%B8%EB%A6%BC14.png](https://docs.altibase.com/download/attachments/embedded-page/DOCK/70.%20Migration%20Center%20%EC%82%AC%EC%9A%A9%EC%9E%90%20%EA%B0%80%EC%9D%B4%EB%93%9C/%EA%B7%B8%EB%A6%BC14.png?ap...	https://docs.altibase.com/download/attachments/embedded-page/DOCK/70.%20Migration%20Center%20%EC%82%AC%EC%9A%A9%EC%9E%90%20%EA%B0%80%EC%9D%B4%EB%93%9C/%EA%B7%B8%EB%A6%BC14.png?api=v2; MS-SQL; BC14; DOCK/70; JDBC; 70; 20; 82	arch/Home/Migration Center User Guide__19955861.md	252	covered	No English change required.	| MS-SQL | DB type, connection name, server IP, port, DB user name, password, JDBC driver file, MS-SQL DB name, IP protocol, optional JDBC driver properties, connection test, connection registration, cancel. |	none	S017 direct table-row alignment; screenshot columns intentionally omitted where the English target is condensed.
S017	DOCK/Home/70. Migration Center 사용자 가이드__19955861.md	303	303	S017-D070-U157	table_row	| MySQL | ![%EA%B7%B8%EB%A6%BC15.png](https://docs.altibase.com/download/attachments/embedded-page/DOCK/70.%20Migration%20Center%20%EC%82%AC%EC%9A%A9%EC%9E%90%20%EA%B0%80%EC%9D%B4%EB%93%9C/%EA%B7%B8%EB%A6%BC15.png?api...	https://docs.altibase.com/download/attachments/embedded-page/DOCK/70.%20Migration%20Center%20%EC%82%AC%EC%9A%A9%EC%9E%90%20%EA%B0%80%EC%9D%B4%EB%93%9C/%EA%B7%B8%EB%A6%BC15.png?api=v2; BC15; DOCK/70; JDBC; 70; 20; 82; 90	arch/Home/Migration Center User Guide__19955861.md	253	covered	No English change required.	| MySQL | DB type, connection name, server IP, port, DB user name, password, JDBC driver file, MySQL DB name, IP protocol, optional JDBC driver properties, connection test, connection registration, cancel. |	none	S017 direct table-row alignment; screenshot columns intentionally omitted where the English target is condensed.
S017	DOCK/Home/70. Migration Center 사용자 가이드__19955861.md	304	304	S017-D070-U158	table_row	| Imformix | ![%EA%B7%B8%EB%A6%BC16.png](https://docs.altibase.com/download/attachments/embedded-page/DOCK/70.%20Migration%20Center%20%EC%82%AC%EC%9A%A9%EC%9E%90%20%EA%B0%80%EC%9D%B4%EB%93%9C/%EA%B7%B8%EB%A6%BC16.png?...	https://docs.altibase.com/download/attachments/embedded-page/DOCK/70.%20Migration%20Center%20%EC%82%AC%EC%9A%A9%EC%9E%90%20%EA%B0%80%EC%9D%B4%EB%93%9C/%EA%B7%B8%EB%A6%BC16.png?api=v2; BC16; DOCK/70; JDBC; 70; 20; 82; 90	arch/Home/Migration Center User Guide__19955861.md	254	covered	No English change required.	| Informix | DB type, connection name, server IP, port, DB user name, password, JDBC driver file, Informix DB name, Informix server name, IP protocol, optional JDBC driver properties, connection test, connection regis...	none	S017 direct table-row alignment; screenshot columns intentionally omitted where the English target is condensed.
S017	DOCK/Home/70. Migration Center 사용자 가이드__19955861.md	305	305	S017-D070-U159	table_row	| TimesTen | ![%EA%B7%B8%EB%A6%BC17.png](https://docs.altibase.com/download/attachments/embedded-page/DOCK/70.%20Migration%20Center%20%EC%82%AC%EC%9A%A9%EC%9E%90%20%EA%B0%80%EC%9D%B4%EB%93%9C/%EA%B7%B8%EB%A6%BC17.png?...	https://docs.altibase.com/download/attachments/embedded-page/DOCK/70.%20Migration%20Center%20%EC%82%AC%EC%9A%A9%EC%9E%90%20%EA%B0%80%EC%9D%B4%EB%93%9C/%EA%B7%B8%EB%A6%BC17.png?api=v2; BC17; DOCK/70; JDBC; DSN; 70; 20; 82	arch/Home/Migration Center User Guide__19955861.md	255	covered	No English change required.	| TimesTen | DB type, connection name, server IP, port, DB user name, password, connection type (`client` or `direct`), JDBC driver file, server DSN information, IP protocol, optional JDBC driver properties, connectio...	none	S017 direct table-row alignment; screenshot columns intentionally omitted where the English target is condensed.
S017	DOCK/Home/70. Migration Center 사용자 가이드__19955861.md	306	306	S017-D070-U160	table_row	| CUBRID | ![%EA%B7%B8%EB%A6%BC18.png](https://docs.altibase.com/download/attachments/embedded-page/DOCK/70.%20Migration%20Center%20%EC%82%AC%EC%9A%A9%EC%9E%90%20%EA%B0%80%EC%9D%B4%EB%93%9C/%EA%B7%B8%EB%A6%BC18.png?ap...	https://docs.altibase.com/download/attachments/embedded-page/DOCK/70.%20Migration%20Center%20%EC%82%AC%EC%9A%A9%EC%9E%90%20%EA%B0%80%EC%9D%B4%EB%93%9C/%EA%B7%B8%EB%A6%BC18.png?api=v2; CUBRID; BC18; DOCK/70; JDBC; 70; 20; 82	arch/Home/Migration Center User Guide__19955861.md	256	covered	No English change required.	| CUBRID | DB type, connection name, server IP, port, DB user name, password, JDBC driver file, CUBRID DB name, optional JDBC driver properties, connection test, connection registration, cancel. |	none	S017 direct table-row alignment; screenshot columns intentionally omitted where the English target is condensed.
S017	DOCK/Home/70. Migration Center 사용자 가이드__19955861.md	307	307	S017-D070-U161	table_row	| Tibero | ![%EA%B7%B8%EB%A6%BC19.png](https://docs.altibase.com/download/attachments/embedded-page/DOCK/70.%20Migration%20Center%20%EC%82%AC%EC%9A%A9%EC%9E%90%20%EA%B0%80%EC%9D%B4%EB%93%9C/%EA%B7%B8%EB%A6%BC19.png?ap...	https://docs.altibase.com/download/attachments/embedded-page/DOCK/70.%20Migration%20Center%20%EC%82%AC%EC%9A%A9%EC%9E%90%20%EA%B0%80%EC%9D%B4%EB%93%9C/%EA%B7%B8%EB%A6%BC19.png?api=v2; BC19; DOCK/70; JDBC; 70; 20; 82; 90	arch/Home/Migration Center User Guide__19955861.md	257	covered	No English change required.	| Tibero | DB type, connection name, server IP, port, DB user name, password, JDBC driver file, Tibero DB name, connection test, connection registration, cancel. |	none	S017 direct table-row alignment; screenshot columns intentionally omitted where the English target is condensed.
S017	DOCK/Home/70. Migration Center 사용자 가이드__19955861.md	308	308	S017-D070-U162	table_row	| PostgerSQL | ![%EA%B7%B8%EB%A6%BC20.png](https://docs.altibase.com/download/attachments/embedded-page/DOCK/70.%20Migration%20Center%20%EC%82%AC%EC%9A%A9%EC%9E%90%20%EA%B0%80%EC%9D%B4%EB%93%9C/%EA%B7%B8%EB%A6%BC20.pn...	https://docs.altibase.com/download/attachments/embedded-page/DOCK/70.%20Migration%20Center%20%EC%82%AC%EC%9A%A9%EC%9E%90%20%EA%B0%80%EC%9D%B4%EB%93%9C/%EA%B7%B8%EB%A6%BC20.png?api=v2; BC20; DOCK/70; JDBC; 70; 20; 82; 90	arch/Home/Migration Center User Guide__19955861.md	258	covered	No English change required.	| PostgreSQL | DB type, connection name, server IP, port, DB user name, password, JDBC driver file, DB name, DB schema, IP protocol, optional JDBC driver properties, connection test, connection registration, cancel. |	none	S017 direct table-row alignment; screenshot columns intentionally omitted where the English target is condensed.
S017	DOCK/Home/70. Migration Center 사용자 가이드__19955861.md	310	310	S017-D070-U163	heading	## DBMS 등록 리스트	DBMS	arch/Home/Migration Center User Guide__19955861.md	260	covered	No English change required.	## DBMS Connection List	none	S017 direct inspection.
S017	DOCK/Home/70. Migration Center 사용자 가이드__19955861.md	314	314	S017-D070-U164	paragraph	Migration 하기 위해 등록 한 DBMS 리스트를 확인 할 수 있습니다.	DBMS	arch/Home/Migration Center User Guide__19955861.md	260	covered	No English change required.	## DBMS Connection List	none	S017 direct inspection; Migration Center English target is condensed but preserves actionable semantics.
S017	DOCK/Home/70. Migration Center 사용자 가이드__19955861.md	316	316	S017-D070-U165	table_row	| 구분 | 화면 | 설명 |	구분	arch/Home/Migration Center User Guide__19955861.md	264	covered	No English change required.	The DBMS connection list shows registered DBMS connections. Users can register a new DBMS, copy a selected DBMS, change input information for a selected DBMS, delete a selected DBMS, and close the list window.	none	S017 condensed English prose covers this screenshot/procedure row; embedded screenshot image omitted.
S017	DOCK/Home/70. Migration Center 사용자 가이드__19955861.md	318	318	S017-D070-U166	table_row	| 메뉴 > Database > Database Connection List | ![%EA%B7%B8%EB%A6%BC21.png](https://docs.altibase.com/download/attachments/embedded-page/DOCK/70.%20Migration%20Center%20%EC%82%AC%EC%9A%A9%EC%9E%90%20%EA%B0%80%EC%9D%B4%EB...	https://docs.altibase.com/download/attachments/embedded-page/DOCK/70.%20Migration%20Center%20%EC%82%AC%EC%9A%A9%EC%9E%90%20%EA%B0%80%EC%9D%B4%EB%93%9C/%EA%B7%B8%EB%A6%BC21.png?api=v2; BC21; DOCK/70; 70; 20; 82; 90; 80	arch/Home/Migration Center User Guide__19955861.md	264	covered	No English change required.	The DBMS connection list shows registered DBMS connections. Users can register a new DBMS, copy a selected DBMS, change input information for a selected DBMS, delete a selected DBMS, and close the list window.	none	S017 condensed English prose covers this screenshot/procedure row; embedded screenshot image omitted.
S017	DOCK/Home/70. Migration Center 사용자 가이드__19955861.md	319	319	S017-D070-U167	table_row	| 등록 Database List 확인 | ![%EA%B7%B8%EB%A6%BC22.png](https://docs.altibase.com/download/attachments/embedded-page/DOCK/70.%20Migration%20Center%20%EC%82%AC%EC%9A%A9%EC%9E%90%20%EA%B0%80%EC%9D%B4%EB%93%9C/%EA%B7%B8%EB%A...	https://docs.altibase.com/download/attachments/embedded-page/DOCK/70.%20Migration%20Center%20%EC%82%AC%EC%9A%A9%EC%9E%90%20%EA%B0%80%EC%9D%B4%EB%93%9C/%EA%B7%B8%EB%A6%BC22.png?api=v2; BC22; DOCK/70; DBMS; 70; 20; 82; 90	arch/Home/Migration Center User Guide__19955861.md	264	covered	No English change required.	The DBMS connection list shows registered DBMS connections. Users can register a new DBMS, copy a selected DBMS, change input information for a selected DBMS, delete a selected DBMS, and close the list window.	none	S017 condensed English prose covers this screenshot/procedure row; embedded screenshot image omitted.
S017	DOCK/Home/70. Migration Center 사용자 가이드__19955861.md	321	321	S017-D070-U168	heading	## 프로젝트 생성	section semantics	arch/Home/Migration Center User Guide__19955861.md	266	covered	No English change required.	## Creating a Project	none	S017 direct inspection.
S017	DOCK/Home/70. Migration Center 사용자 가이드__19955861.md	325	325	S017-D070-U169	paragraph	Migration Center에서 Object 및 Data를 이관하기 위해서는 프로젝트가 생성되어야 한다.	section semantics	arch/Home/Migration Center User Guide__19955861.md	266	covered	No English change required.	## Creating a Project	none	S017 direct inspection; Migration Center English target is condensed but preserves actionable semantics.
S017	DOCK/Home/70. Migration Center 사용자 가이드__19955861.md	327	327	S017-D070-U170	paragraph	프로젝트를 생성하는 방법으로는 "메뉴 > Project > Create project"와 Create Project 아이콘을 클릭하면 프로젝트 생성 입력 창이 나온다.	section semantics	arch/Home/Migration Center User Guide__19955861.md	266	covered	No English change required.	## Creating a Project	none	S017 direct inspection; Migration Center English target is condensed but preserves actionable semantics.
S017	DOCK/Home/70. Migration Center 사용자 가이드__19955861.md	329	329	S017-D070-U171	table_row	| 구분 | 주 화면 | 생성 화면 |	구분	arch/Home/Migration Center User Guide__19955861.md	266	covered	No English change required.	## Creating a Project	none	S017 condensed English prose covers this screenshot/procedure row; embedded screenshot image omitted.
S017	DOCK/Home/70. Migration Center 사용자 가이드__19955861.md	331	331	S017-D070-U172	table_row	| 메뉴 > Project > Create Project | ![%EA%B7%B8%EB%A6%BC23.png](https://docs.altibase.com/download/attachments/embedded-page/DOCK/70.%20Migration%20Center%20%EC%82%AC%EC%9A%A9%EC%9E%90%20%EA%B0%80%EC%9D%B4%EB%93%9C/%EA%...	https://docs.altibase.com/download/attachments/embedded-page/DOCK/70.%20Migration%20Center%20%EC%82%AC%EC%9A%A9%EC%9E%90%20%EA%B0%80%EC%9D%B4%EB%93%9C/%EA%B7%B8%EB%A6%BC23.png?api=v2; https://docs.altibase.com/download/attachments/embedded-page/DOCK/70.%20Migration%20Center%20%EC%82%AC%EC%9A%A9%EC%9E%90%20%EA%B0%80%EC%9D%B4%EB%93%9C/%EA%B7%B8%EB%A6%BC25.png?api=v2; BC23; DOCK/70; BC25; DBMS; 70; 20	arch/Home/Migration Center User Guide__19955861.md	266	covered	No English change required.	## Creating a Project	none	S017 condensed English prose covers this screenshot/procedure row; embedded screenshot image omitted.
S017	DOCK/Home/70. Migration Center 사용자 가이드__19955861.md	332	332	S017-D070-U173	table_row	| Create Project 아이콘 | ![%EA%B7%B8%EB%A6%BC24.png](https://docs.altibase.com/download/attachments/embedded-page/DOCK/70.%20Migration%20Center%20%EC%82%AC%EC%9A%A9%EC%9E%90%20%EA%B0%80%EC%9D%B4%EB%93%9C/%EA%B7%B8%EB%A6...	https://docs.altibase.com/download/attachments/embedded-page/DOCK/70.%20Migration%20Center%20%EC%82%AC%EC%9A%A9%EC%9E%90%20%EA%B0%80%EC%9D%B4%EB%93%9C/%EA%B7%B8%EB%A6%BC24.png?api=v2; BC24; DOCK/70; 70; 20; 82; 90; 80	arch/Home/Migration Center User Guide__19955861.md	266	covered	No English change required.	## Creating a Project	none	S017 condensed English prose covers this screenshot/procedure row; embedded screenshot image omitted.
S017	DOCK/Home/70. Migration Center 사용자 가이드__19955861.md	334	334	S017-D070-U174	heading	## 프로젝트 열기	section semantics	arch/Home/Migration Center User Guide__19955861.md	274	covered	No English change required.	## Opening a Project	none	S017 direct inspection.
S017	DOCK/Home/70. Migration Center 사용자 가이드__19955861.md	338	338	S017-D070-U175	paragraph	생성된 프로젝트를 재 사용하기 위하여 프로젝트를 열수 있습니다.	section semantics	arch/Home/Migration Center User Guide__19955861.md	266	covered	No English change required.	## Creating a Project	none	S017 direct inspection; Migration Center English target is condensed but preserves actionable semantics.
S017	DOCK/Home/70. Migration Center 사용자 가이드__19955861.md	340	340	S017-D070-U176	paragraph	기존 프로젝트를 열기 위한 방법으로는 "메뉴 > Project > Open Project"를 클릭하면 프로젝트 선택 창이 나온다.	section semantics	arch/Home/Migration Center User Guide__19955861.md	274	covered	No English change required.	## Opening a Project	none	S017 direct inspection; Migration Center English target is condensed but preserves actionable semantics.
S017	DOCK/Home/70. Migration Center 사용자 가이드__19955861.md	342	342	S017-D070-U177	paragraph	Migration Center는 하나의 프로젝트만 열어 이관이 가능하다.	section semantics	arch/Home/Migration Center User Guide__19955861.md	274	covered	No English change required.	## Opening a Project	none	S017 direct inspection; Migration Center English target is condensed but preserves actionable semantics.
S017	DOCK/Home/70. Migration Center 사용자 가이드__19955861.md	344	344	S017-D070-U178	table_row	| 구분 | 화면 | 프로젝트 선택 화면 |	구분	arch/Home/Migration Center User Guide__19955861.md	278	covered	No English change required.	Open a previously created project by selecting `Project > Open Project`. Migration Center can open only one project for migration at a time.	none	S017 condensed English prose covers this screenshot/procedure row; embedded screenshot image omitted.
S017	DOCK/Home/70. Migration Center 사용자 가이드__19955861.md	346	346	S017-D070-U179	table_row	| 메뉴 > Project > Open Project | ![%EA%B7%B8%EB%A6%BC26.png](https://docs.altibase.com/download/attachments/embedded-page/DOCK/70.%20Migration%20Center%20%EC%82%AC%EC%9A%A9%EC%9E%90%20%EA%B0%80%EC%9D%B4%EB%93%9C/%EA%B7...	https://docs.altibase.com/download/attachments/embedded-page/DOCK/70.%20Migration%20Center%20%EC%82%AC%EC%9A%A9%EC%9E%90%20%EA%B0%80%EC%9D%B4%EB%93%9C/%EA%B7%B8%EB%A6%BC26.png?api=v2; https://docs.altibase.com/download/attachments/embedded-page/DOCK/70.%20Migration%20Center%20%EC%82%AC%EC%9A%A9%EC%9E%90%20%EA%B0%80%EC%9D%B4%EB%93%9C/%EA%B7%B8%EB%A6%BC27.png?api=v2; BC26; DOCK/70; BC27; 70; 20; 82	arch/Home/Migration Center User Guide__19955861.md	278	covered	No English change required.	Open a previously created project by selecting `Project > Open Project`. Migration Center can open only one project for migration at a time.	none	S017 condensed English prose covers this screenshot/procedure row; embedded screenshot image omitted.
S017	DOCK/Home/70. Migration Center 사용자 가이드__19955861.md	348	348	S017-D070-U180	heading	## 프로젝트 DB 연결	section semantics	arch/Home/Migration Center User Guide__19955861.md	280	covered	No English change required.	## Connecting Project Databases	none	S017 direct inspection.
S017	DOCK/Home/70. Migration Center 사용자 가이드__19955861.md	352	352	S017-D070-U181	paragraph	Object 및 Data 이관을 하기 위해서는 프로젝트를 열어 DB 연결을 하여야 한다.	section semantics	arch/Home/Migration Center User Guide__19955861.md	280	covered	No English change required.	## Connecting Project Databases	none	S017 direct inspection; Migration Center English target is condensed but preserves actionable semantics.
S017	DOCK/Home/70. Migration Center 사용자 가이드__19955861.md	354	354	S017-D070-U182	paragraph	프로젝트 DB 연결은 '메뉴 > Project > Connect"와 GUI 인터페이스의 프로젝트 창의 프로젝트를 마우스 오른쪽 클릭하여 Connect를 클릭하면 된다.	GUI	arch/Home/Migration Center User Guide__19955861.md	415	covered	No English change required.	Migration Center supports both GUI mode and CLI mode. It is generally recommended to configure the migration in GUI mode. For better data migration performance, configure migration through Reconcile in GUI mode, then...	none	S017 direct inspection; Migration Center English target is condensed but preserves actionable semantics.
S017	DOCK/Home/70. Migration Center 사용자 가이드__19955861.md	356	356	S017-D070-U183	table_row	| 구분 | 주 화면 | 생성 화면 |	구분	arch/Home/Migration Center User Guide__19955861.md	282	covered	No English change required.	---	none	S017 condensed English prose covers this screenshot/procedure row; embedded screenshot image omitted.
S017	DOCK/Home/70. Migration Center 사용자 가이드__19955861.md	358	358	S017-D070-U184	table_row	| 메뉴 > Project > Connect | ![%EA%B7%B8%EB%A6%BC28.png](https://docs.altibase.com/download/attachments/embedded-page/DOCK/70.%20Migration%20Center%20%EC%82%AC%EC%9A%A9%EC%9E%90%20%EA%B0%80%EC%9D%B4%EB%93%9C/%EA%B7%B8%E...	https://docs.altibase.com/download/attachments/embedded-page/DOCK/70.%20Migration%20Center%20%EC%82%AC%EC%9A%A9%EC%9E%90%20%EA%B0%80%EC%9D%B4%EB%93%9C/%EA%B7%B8%EB%A6%BC28.png?api=v2; https://docs.altibase.com/download/attachments/embedded-page/DOCK/70.%20Migration%20Center%20%EC%82%AC%EC%9A%A9%EC%9E%90%20%EA%B0%80%EC%9D%B4%EB%93%9C/%EA%B7%B8%EB%A6%BC30.png?api=v2; BC28; DOCK/70; BC30; 70; 20; 82	arch/Home/Migration Center User Guide__19955861.md	282	covered	No English change required.	---	none	S017 condensed English prose covers this screenshot/procedure row; embedded screenshot image omitted.
S017	DOCK/Home/70. Migration Center 사용자 가이드__19955861.md	359	359	S017-D070-U185	table_row	| 프젝트 창 | ![%EA%B7%B8%EB%A6%BC29.png](https://docs.altibase.com/download/attachments/embedded-page/DOCK/70.%20Migration%20Center%20%EC%82%AC%EC%9A%A9%EC%9E%90%20%EA%B0%80%EC%9D%B4%EB%93%9C/%EA%B7%B8%EB%A6%BC29.png?api...	https://docs.altibase.com/download/attachments/embedded-page/DOCK/70.%20Migration%20Center%20%EC%82%AC%EC%9A%A9%EC%9E%90%20%EA%B0%80%EC%9D%B4%EB%93%9C/%EA%B7%B8%EB%A6%BC29.png?api=v2; BC29; DOCK/70; 70; 20; 82; 90; 80	arch/Home/Migration Center User Guide__19955861.md	282	covered	No English change required.	---	none	S017 condensed English prose covers this screenshot/procedure row; embedded screenshot image omitted.
S017	DOCK/Home/70. Migration Center 사용자 가이드__19955861.md	361	361	S017-D070-U186	heading	## Migration Options	section semantics	arch/Home/Migration Center User Guide__19955861.md	288	covered	No English change required.	## Migration Options	none	S017 direct inspection.
S017	DOCK/Home/70. Migration Center 사용자 가이드__19955861.md	365	365	S017-D070-U187	paragraph	Migration Option은 Migration을 진행하는데 영향을 미치는 기본적인 환경 설정이다. 기본 DB to DB, DB to File Migration Type이 있다.	section semantics	arch/Home/Migration Center User Guide__19955861.md	288	covered	No English change required.	## Migration Options	none	S017 direct inspection; Migration Center English target is condensed but preserves actionable semantics.
S017	DOCK/Home/70. Migration Center 사용자 가이드__19955861.md	367	367	S017-D070-U188	paragraph	Migration Option은 "메뉴 > Migration > Migration Options"와 GUI 인터페이스의 프로젝트 창의 프로젝트를 마우스 오른쪽 클릭하여 Migration Options를 클릭하면 된다.	GUI	arch/Home/Migration Center User Guide__19955861.md	415	covered	No English change required.	Migration Center supports both GUI mode and CLI mode. It is generally recommended to configure the migration in GUI mode. For better data migration performance, configure migration through Reconcile in GUI mode, then...	none	S017 direct inspection; Migration Center English target is condensed but preserves actionable semantics.
S017	DOCK/Home/70. Migration Center 사용자 가이드__19955861.md	369	369	S017-D070-U189	table_row	| 구분 | 주 화면 | 생성 화면 |	구분	arch/Home/Migration Center User Guide__19955861.md	288	covered	No English change required.	## Migration Options	none	S017 condensed English prose covers this screenshot/procedure row; embedded screenshot image omitted.
S017	DOCK/Home/70. Migration Center 사용자 가이드__19955861.md	371	371	S017-D070-U190	table_row	| 메뉴 > Migration > Migration Options | ![%EA%B7%B8%EB%A6%BC31.png](https://docs.altibase.com/download/attachments/embedded-page/DOCK/70.%20Migration%20Center%20%EC%82%AC%EC%9A%A9%EC%9E%90%20%EA%B0%80%EC%9D%B4%EB%93%9C...	https://docs.altibase.com/download/attachments/embedded-page/DOCK/70.%20Migration%20Center%20%EC%82%AC%EC%9A%A9%EC%9E%90%20%EA%B0%80%EC%9D%B4%EB%93%9C/%EA%B7%B8%EB%A6%BC31.png?api=v2; https://docs.altibase.com/download/attachments/embedded-page/DOCK/70.%20Migration%20Center%20%EC%82%AC%EC%9A%A9%EC%9E%90%20%EA%B0%80%EC%9D%B4%EB%93%9C/%EA%B7%B8%EB%A6%BC33.png?api=v2; https://docs.altibase.com/download/attachments/embedded-page/DOCK/70.%20Migration%20Center%20%EC%82%AC%EC%9A%A9%EC%9E%90%20%EA%B0%80%EC%9D%B4%EB%93%9C/%EA%B7%B8%EB%A6%BC34.png?api=v2; BC31; DOCK/70; BC33; BC34; 70	arch/Home/Migration Center User Guide__19955861.md	288	covered	No English change required.	## Migration Options	none	S017 condensed English prose covers this screenshot/procedure row; embedded screenshot image omitted.
S017	DOCK/Home/70. Migration Center 사용자 가이드__19955861.md	372	372	S017-D070-U191	table_row	| 프로젝트 | ![%EA%B7%B8%EB%A6%BC32.png](https://docs.altibase.com/download/attachments/embedded-page/DOCK/70.%20Migration%20Center%20%EC%82%AC%EC%9A%A9%EC%9E%90%20%EA%B0%80%EC%9D%B4%EB%93%9C/%EA%B7%B8%EB%A6%BC32.png?api=...	https://docs.altibase.com/download/attachments/embedded-page/DOCK/70.%20Migration%20Center%20%EC%82%AC%EC%9A%A9%EC%9E%90%20%EA%B0%80%EC%9D%B4%EB%93%9C/%EA%B7%B8%EB%A6%BC32.png?api=v2; BC32; DOCK/70; 70; 20; 82; 90; 80	arch/Home/Migration Center User Guide__19955861.md	288	covered	No English change required.	## Migration Options	none	S017 condensed English prose covers this screenshot/procedure row; embedded screenshot image omitted.
S017	DOCK/Home/70. Migration Center 사용자 가이드__19955861.md	374	374	S017-D070-U192	heading	### DB to DB	section semantics	arch/Home/Migration Center User Guide__19955861.md	294	covered	No English change required.	### DB to DB	none	S017 direct inspection.
S017	DOCK/Home/70. Migration Center 사용자 가이드__19955861.md	378	378	S017-D070-U193	paragraph	원본 DB의 객체와 테이블의 Data가 대상 DB로 직접 Migration 된다.	section semantics	arch/Home/Migration Center User Guide__19955861.md	294	covered	No English change required.	### DB to DB	none	S017 direct inspection; Migration Center English target is condensed but preserves actionable semantics.
S017	DOCK/Home/70. Migration Center 사용자 가이드__19955861.md	380	380	S017-D070-U194	table_row	| DB to DB 화면 | 설명 | |	DB to DB 화면	arch/Home/Migration Center User Guide__19955861.md	294	covered	No English change required.	### DB to DB	none	S017 condensed English section covers this workflow row.
S017	DOCK/Home/70. Migration Center 사용자 가이드__19955861.md	382	382	S017-D070-U195	table_row	| ![%EA%B7%B8%EB%A6%BC33.png](https://docs.altibase.com/download/attachments/embedded-page/DOCK/70.%20Migration%20Center%20%EC%82%AC%EC%9A%A9%EC%9E%90%20%EA%B0%80%EC%9D%B4%EB%93%9C/%EA%B7%B8%EB%A6%BC33.png?api=v2) | E...	https://docs.altibase.com/download/attachments/embedded-page/DOCK/70.%20Migration%20Center%20%EC%82%AC%EC%9A%A9%EC%9E%90%20%EA%B0%80%EC%9D%B4%EB%93%9C/%EA%B7%B8%EB%A6%BC33.png?api=v2; BC33; DOCK/70; CPU; 70; 20; 82; 90	arch/Home/Migration Center User Guide__19955861.md	302	covered	No English change required.	| Execution Thread | Sets the maximum number of threads for data migration. The default is the number of logical CPUs on the Migration Center host multiplied by 3. A value from 1 to logical CPUs multiplied by 3 is rec...	none	S017 option-row semantic alignment in condensed English table.
S017	DOCK/Home/70. Migration Center 사용자 가이드__19955861.md	383	383	S017-D070-U196	table_row	| Migration Target | - 마이그레이션 대상을 선택한다.<br>- Object & Data : 데이터베이스 객체 및 테이블 데이터를 이관한다.<br>- Object : 데이터베이스 객체만, 나중에 Data는 따로 이관을 진행하여야 한다 | |	Migration Target	arch/Home/Migration Center User Guide__19955861.md	303	covered	No English change required.	| Migration Target | Selects the migration target. `Object & Data` migrates database objects and table data. `Object` migrates only database objects; data must be migrated separately later. |	none	S017 option-row semantic alignment in condensed English table.
S017	DOCK/Home/70. Migration Center 사용자 가이드__19955861.md	384	384	S017-D070-U197	table_row	| **Object Options** | | |	Object Options	arch/Home/Migration Center User Guide__19955861.md	294	covered	No English change required.	### DB to DB	none	Category divider row; individual options are covered by adjacent rows.
S017	DOCK/Home/70. Migration Center 사용자 가이드__19955861.md	385	385	S017-D070-U198	table_row	| Foreign Key Migration | - 마이그레이션 대상에 외래 키 제약 조건 포함 여부를 설정한다.<br>- 기본 설정은 No이다. | |	Foreign Key Migration	arch/Home/Migration Center User Guide__19955861.md	304	covered	No English change required.	| Foreign Key Migration | Includes foreign key constraints in the migration target. The default is `No`. |	none	S017 option-row semantic alignment in condensed English table.
S017	DOCK/Home/70. Migration Center 사용자 가이드__19955861.md	386	386	S017-D070-U199	table_row	| PSM Migration | - 마이그레이션 대상에 PSM 객체(저장 프로시저, 저장 함수, Materialized View, 뷰, 타입 세트 및 트리거) 포함 여부를 설정한다.<br>- 기본 설정은 Yes이다. | |	PSM	arch/Home/Migration Center User Guide__19955861.md	305	covered	No English change required.	| PSM Migration | Includes PSM objects such as stored procedures, stored functions, materialized views, views, type sets, and triggers. The default is `Yes`. |	none	S017 option-row semantic alignment in condensed English table.
S017	DOCK/Home/70. Migration Center 사용자 가이드__19955861.md	387	387	S017-D070-U200	table_row	| Drop Existing Objects | - 마이그레이션 수행 전 데이터베이스 객체 재생성 여부를 설정한다.<br>- Yes는 대상 데이터베이스에서 마이그레이션 대상 객체를 삭제(Drop)하고 생성(Create)한다.<br>- No는 데이터베이스 객체 삭제 과정 없이 마이그레이션을 수행한다.<br>- 기본 설정은 No이다. | |	Drop Existing Objects	arch/Home/Migration Center User Guide__19955861.md	306	covered	No English change required.	| Drop Existing Objects | Recreates database objects before migration. `Yes` drops and creates target objects. `No` migrates without dropping database objects. The default is `No`. |	none	S017 option-row semantic alignment in condensed English table.
S017	DOCK/Home/70. Migration Center 사용자 가이드__19955861.md	388	388	S017-D070-U201	table_row	| Keep Partition Table | - 파티션드 테이블 유지 여부를 설정한다.<br>- Yes는 변환 가능한 경우 원본 DBMS와 동일한 파티션드 테이블을 생성한다.<br>- 이 경우 사용자는 조정(Reconcile) 단계 중 5. Partitioned Table Conversion에서 파티션드 테이블 변환에 필요한 추가 작업을 진행해야 한다.<br>- No는 논파티션드 테이블...	5	arch/Home/Migration Center User Guide__19955861.md	307	covered	No English change required.	| Keep Partition Table | Keeps partitioned tables. `Yes` creates the same partitioned table as the source DBMS when conversion is possible, and requires additional work in `5. Partitioned Table Conversion` during Reco...	none	S017 option-row semantic alignment in condensed English table.
S017	DOCK/Home/70. Migration Center 사용자 가이드__19955861.md	389	389	S017-D070-U202	table_row	| Use Double-quoted Identifier | - 데이터베이스 객체 이름에 큰 따옴표 사용 여부를 설정한다.<br>- 기본 설정은 No이다. | |	Use Double-quoted Identifier	arch/Home/Migration Center User Guide__19955861.md	308	covered	No English change required.	| Use Double-quoted Identifier | Specifies whether to use double quotes for database object names. The default is `No`. |	none	S017 option-row semantic alignment in condensed English table.
S017	DOCK/Home/70. Migration Center 사용자 가이드__19955861.md	390	390	S017-D070-U203	table_row	| Remove FORCE from View DDL | - 뷰 생성 구문에서 'FORCE' 키워드 삭제 여부를 설정한다.<br>- 기본 설정은 Yes이다. | |	FORCE; DDL	arch/Home/Migration Center User Guide__19955861.md	309	covered	No English change required.	| Remove FORCE from View DDL | Specifies whether to remove the `FORCE` keyword from view creation statements. The default is `Yes`. |	none	S017 option-row semantic alignment in condensed English table.
S017	DOCK/Home/70. Migration Center 사용자 가이드__19955861.md	391	391	S017-D070-U204	table_row	| Postfix for reserved word | - 원본 데이터베이스 객체 이름이 Altibase 예약어와 충돌할 경우 객체 이름에 추가할 접미사를 설정한다.<br>- 기본 설정은 _POC이다. | |	Altibase	arch/Home/Migration Center User Guide__19955861.md	310	covered	No English change required.	| Postfix for reserved word | Specifies a suffix to add when a source database object name conflicts with an Altibase reserved word. The default is `_POC`. |	none	S017 option-row semantic alignment in condensed English table.
S017	DOCK/Home/70. Migration Center 사용자 가이드__19955861.md	392	392	S017-D070-U205	table_row	| **Data Options** | | |	Data Options	arch/Home/Migration Center User Guide__19955861.md	294	covered	No English change required.	### DB to DB	none	Category divider row; individual options are covered by adjacent rows.
S017	DOCK/Home/70. Migration Center 사용자 가이드__19955861.md	393	393	S017-D070-U206	table_row	| Batch Execution | - 성능 향상을 위한 JDBC 배치 입력 사용 여부를 설정한다.<br>- 기본 설정은 Yes이다. | |	JDBC	arch/Home/Migration Center User Guide__19955861.md	311	covered	No English change required.	| Batch Execution | Enables JDBC batch input for performance. The default is `Yes`. |	none	S017 option-row semantic alignment in condensed English table.
S017	DOCK/Home/70. Migration Center 사용자 가이드__19955861.md	394	394	S017-D070-U207	table_row	| Batch Size | - JDBC 배치 입력 사용 시 배치 크기를 지정한다. 기본 설정은 10000이다. | |	JDBC	arch/Home/Migration Center User Guide__19955861.md	312	covered	No English change required.	| Batch Size | Specifies the batch size when JDBC batch input is used. The default is `10000`. |	none	S017 option-row semantic alignment in condensed English table.
S017	DOCK/Home/70. Migration Center 사용자 가이드__19955861.md	395	395	S017-D070-U208	table_row	| Batch LOB type | - BLOB, CLOB 데이터 타입의 배치 처리 여부를 지정한다.<br>- Yes는 배치 처리를 허용하는 것을 의미한다. 단, LOB 데이터 크기에 따라 메모리 초과 (Out Of Memory) 등의 문제가 발생할 수 있음을 주의해야 한다. 또한 배치 기능을 지원하지 않는 TimesTen에서 예외가 발생할 수 있다.<br>- No는 배치 처리를 허용하지...	LOB; BLOB; CLOB	arch/Home/Migration Center User Guide__19955861.md	313	covered	No English change required.	| Batch LOB type | Specifies whether to batch process `BLOB` and `CLOB` data types. `Yes` allows batch processing, but memory exhaustion can occur depending on LOB size. An exception can also occur in TimesTen because...	none	S017 option-row semantic alignment in condensed English table.
S017	DOCK/Home/70. Migration Center 사용자 가이드__19955861.md	396	396	S017-D070-U209	table_row	| Log Insert-failed Data | - 데이터 마이그레이션 중 입력 실패한 행(row)을 로그 파일에 작성할 것인지 설정한다.<br>- 이 옵션은 Batch Execution 옵션이 No인 경우 활성화된다.<br>- 기본 설정은 No이다. | |	Log Insert-failed Data	arch/Home/Migration Center User Guide__19955861.md	314	covered	No English change required.	| Log Insert-failed Data | Writes rows that failed to insert during data migration to a log file. This option is enabled only when `Batch Execution` is `No`. The default is `No`. |	none	S017 option-row semantic alignment in condensed English table.
S017	DOCK/Home/70. Migration Center 사용자 가이드__19955861.md	397	397	S017-D070-U210	table_row	| File Encoding | - 입력 실패한 레코드를 파일에 기록할 때 인코딩 문자 집합을 지정한다.<br>- Log Insert-failed Data 옵션이 Yes인 경우 활성화된다.<br>- 기본설정은 UTF8이다. | |	File Encoding	arch/Home/Migration Center User Guide__19955861.md	315	covered	No English change required.	| File Encoding | Specifies the character set used when failed records are written to a file. This option is enabled only when `Log Insert-failed Data` is `Yes`. The default is `UTF8`. |	none	S017 option-row semantic alignment in condensed English table.
S017	DOCK/Home/70. Migration Center 사용자 가이드__19955861.md	398	398	S017-D070-U211	table_row	| **Data Validation Options** | | |	Data Validation Options	arch/Home/Migration Center User Guide__19955861.md	294	covered	No English change required.	### DB to DB	none	Category divider row; individual options are covered by adjacent rows.
S017	DOCK/Home/70. Migration Center 사용자 가이드__19955861.md	399	399	S017-D070-U212	table_row	| Operation | - 검증 단계에서 수행할 연산을 선택한다.<br>- DIFF : 원본 및 대상 데이터베이스 간 데이터 불일치 검사<br>- FILESYNC : DIFF의 결과로 생성된 CSV 파일을 대상 데이터베이스에 반영 | |	DIFF; FILESYNC; CSV	arch/Home/Migration Center User Guide__19955861.md	316	covered	No English change required.	| Operation | Selects the Data Validation operation. `DIFF` checks data differences between source and target databases. `FILESYNC` applies the CSV file generated by `DIFF` to the target database. |	none	S017 option-row semantic alignment in condensed English table.
S017	DOCK/Home/70. Migration Center 사용자 가이드__19955861.md	400	400	S017-D070-U213	table_row	| Write to CSV | - 불일치 데이터를 CSV 파일에 기록할 것인지 설정한다. | |	CSV	arch/Home/Migration Center User Guide__19955861.md	317	covered	No English change required.	| Write to CSV | Specifies whether to write mismatched data to CSV. |	none	S017 option-row semantic alignment in condensed English table.
S017	DOCK/Home/70. Migration Center 사용자 가이드__19955861.md	401	401	S017-D070-U214	table_row	| Include LOB | - 불일치 데이터를 CSV 파일에 기록할 때 LOB 데이터를 포함할 것인지 설정한다. | |	LOB; CSV	arch/Home/Migration Center User Guide__19955861.md	318	covered	No English change required.	| Include LOB | Specifies whether to include LOB data when mismatched data is written to CSV. |	none	S017 option-row semantic alignment in condensed English table.
S017	DOCK/Home/70. Migration Center 사용자 가이드__19955861.md	402	402	S017-D070-U215	table_row	| Data Sampling | - 데이터 샘플링 기능 사용 여부를 설정한다.<br>- Yes는 검증 단계의 소요 시간을 줄이기 위해, 샘플 데이터를 대상으로 검증 단계를 수행한다.<br>- No는 전체 데이터를 대상으로 검증 단계를 수행한다.<br>- 기본 설정은 Yes이다. | |	Data Sampling	arch/Home/Migration Center User Guide__19955861.md	319	covered	No English change required.	| Data Sampling | Specifies whether to use data sampling. `Yes` validates sample data to reduce validation time. `No` validates all data. The default is `Yes`. |	none	S017 option-row semantic alignment in condensed English table.
S017	DOCK/Home/70. Migration Center 사용자 가이드__19955861.md	403	403	S017-D070-U216	table_row	| Percent Sampling (exact counting) | - 테이블에서 샘플링 할 데이터의 비율을 퍼센트 단위로 지정한다.<br>- 구축 단계에서 Exact Counting Method를 선택한 경우 이 옵션이 사용된다. | |	Percent Sampling (exact counting)	arch/Home/Migration Center User Guide__19955861.md	320	covered	No English change required.	| Percent Sampling (exact counting) | Specifies the sampling percentage for a table. This option is used when `Exact Counting Method` is selected in the Build step. |	none	S017 option-row semantic alignment in condensed English table.
S017	DOCK/Home/70. Migration Center 사용자 가이드__19955861.md	404	404	S017-D070-U217	table_row	| Record Count Sampling (approximate counting) | - 테이블에서 샘플링 할 레코드의 개수를 지정한다.<br>- 구축 단계에서 Approximate Counting Method를 선택한 경우 이 옵션이 사용된다. | |	Record Count Sampling (approximate counting)	arch/Home/Migration Center User Guide__19955861.md	321	covered	No English change required.	| Record Count Sampling (approximate counting) | Specifies the number of records sampled from a table. This option is used when `Approximate Counting Method` is selected in the Build step. |	none	S017 option-row semantic alignment in condensed English table.
S017	DOCK/Home/70. Migration Center 사용자 가이드__19955861.md	406	406	S017-D070-U218	heading	### DB to File	section semantics	arch/Home/Migration Center User Guide__19955861.md	323	covered	No English change required.	### DB to File	none	S017 direct inspection.
S017	DOCK/Home/70. Migration Center 사용자 가이드__19955861.md	410	410	S017-D070-U219	paragraph	원본 DB의 객체와 테이블의 Data가 SQL 스크립트 파일, Form 파일 CSV 형태의 Data 파일로 각각 저장된다.	SQL; CSV	arch/Home/Migration Center User Guide__19955861.md	327	covered	No English change required.	In `DB to File` migration, source DB objects and table data are saved separately as SQL script files, form files, and CSV data files. The saved files are migrated to the target DB by using iSQL and iLoader.	none	S017 direct inspection; Migration Center English target is condensed but preserves actionable semantics.
S017	DOCK/Home/70. Migration Center 사용자 가이드__19955861.md	412	412	S017-D070-U220	paragraph	저장된 파일들은 iSQL, iLoader를 이용하여 대상 DB로 Migration 한다.	iSQL	arch/Home/Migration Center User Guide__19955861.md	327	covered	No English change required.	In `DB to File` migration, source DB objects and table data are saved separately as SQL script files, form files, and CSV data files. The saved files are migrated to the target DB by using iSQL and iLoader.	none	S017 direct inspection; Migration Center English target is condensed but preserves actionable semantics.
S017	DOCK/Home/70. Migration Center 사용자 가이드__19955861.md	414	414	S017-D070-U221	table_row	| DB to File 화면 | 설명 | |	DB to File 화면	arch/Home/Migration Center User Guide__19955861.md	323	covered	No English change required.	### DB to File	none	S017 condensed English section covers this workflow row.
S017	DOCK/Home/70. Migration Center 사용자 가이드__19955861.md	416	416	S017-D070-U222	table_row	| ![%EA%B7%B8%EB%A6%BC34.png](https://docs.altibase.com/download/attachments/embedded-page/DOCK/70.%20Migration%20Center%20%EC%82%AC%EC%9A%A9%EC%9E%90%20%EA%B0%80%EC%9D%B4%EB%93%9C/%EA%B7%B8%EB%A6%BC34.png?api=v2) | E...	https://docs.altibase.com/download/attachments/embedded-page/DOCK/70.%20Migration%20Center%20%EC%82%AC%EC%9A%A9%EC%9E%90%20%EA%B0%80%EC%9D%B4%EB%93%9C/%EA%B7%B8%EB%A6%BC34.png?api=v2; BC34; DOCK/70; CPU; 70; 20; 82; 90	arch/Home/Migration Center User Guide__19955861.md	331	covered	No English change required.	| Execution Thread | Sets the maximum number of threads for data migration. The default is the number of logical CPUs on the Migration Center host multiplied by 3. A value from 1 to logical CPUs multiplied by 3 is rec...	none	S017 option-row semantic alignment in condensed English table.
S017	DOCK/Home/70. Migration Center 사용자 가이드__19955861.md	417	417	S017-D070-U223	table_row	| Migration Target | - 마이그레이션 대상을 선택한다.<br>- Object & Data : 데이터베이스 객체 및 테이블 데이터를 이관한다.<br>- Object : 데이터베이스 객체만, 나중에 Data는 따로 이관을 진행하여야 한다. | |	Migration Target	arch/Home/Migration Center User Guide__19955861.md	332	covered	No English change required.	| Migration Target | Selects the migration target. `Object & Data` migrates database objects and table data. `Object` migrates only database objects; data must be migrated separately later. |	none	S017 option-row semantic alignment in condensed English table.
S017	DOCK/Home/70. Migration Center 사용자 가이드__19955861.md	418	418	S017-D070-U224	table_row	| **Object Options** | | |	Object Options	arch/Home/Migration Center User Guide__19955861.md	323	covered	No English change required.	### DB to File	none	Category divider row; individual options are covered by adjacent rows.
S017	DOCK/Home/70. Migration Center 사용자 가이드__19955861.md	419	419	S017-D070-U225	table_row	| Foreign Key Migration | - 마이그레이션 대상에 외래 키 제약 조건 포함 여부를 설정한다. | |	Foreign Key Migration	arch/Home/Migration Center User Guide__19955861.md	333	covered	No English change required.	| Foreign Key Migration | Includes foreign key constraints in the migration target. |	none	S017 option-row semantic alignment in condensed English table.
S017	DOCK/Home/70. Migration Center 사용자 가이드__19955861.md	420	420	S017-D070-U226	table_row	| PSM Migration | - 마이그레이션 대상에 PSM 객체(저장 프로시저, 저장 함수, Materialized View, 뷰, 타입 세트 및 트리거) 포함 여부를 설정한다. | |	PSM	arch/Home/Migration Center User Guide__19955861.md	334	covered	No English change required.	| PSM Migration | Includes PSM objects such as stored procedures, stored functions, materialized views, views, type sets, and triggers. |	none	S017 option-row semantic alignment in condensed English table.
S017	DOCK/Home/70. Migration Center 사용자 가이드__19955861.md	421	421	S017-D070-U227	table_row	| Keep Partition Table | - 파티션드 테이블 유지 여부를 설정한다.<br>- Yes는 변환 가능한 경우 원본 DBMS와 동일한 파티션드 테이블을 생성한다.<br>- 이 경우 사용자는 조정(Reconcile) 단계 중 5. Partitioned Table Conversion에서 파티션드 테이블 변환에 필요한 추가 작업을 진행해야 한다.<br>- No는 논파티션드 테이블...	5	arch/Home/Migration Center User Guide__19955861.md	335	covered	No English change required.	| Keep Partition Table | Keeps partitioned tables. `Yes` creates the same partitioned table as the source DBMS when conversion is possible and requires additional work in Reconcile. `No` creates a non-partitioned tabl...	none	S017 option-row semantic alignment in condensed English table.
S017	DOCK/Home/70. Migration Center 사용자 가이드__19955861.md	422	422	S017-D070-U228	table_row	| Use Double-quoted Identifier | - 데이터베이스 객체 이름에 큰 따옴표 사용 여부를 설정한다. | |	Use Double-quoted Identifier	arch/Home/Migration Center User Guide__19955861.md	336	covered	No English change required.	| Use Double-quoted Identifier | Specifies whether to use double quotes for database object names. |	none	S017 option-row semantic alignment in condensed English table.
S017	DOCK/Home/70. Migration Center 사용자 가이드__19955861.md	423	423	S017-D070-U229	table_row	| Remove FORCE from View DDL | - 뷰 생성 구문에서 'FORCE' 키워드 삭제 여부를 설정한다. | |	FORCE; DDL	arch/Home/Migration Center User Guide__19955861.md	337	covered	No English change required.	| Remove FORCE from View DDL | Specifies whether to remove the `FORCE` keyword from view creation statements. |	none	S017 option-row semantic alignment in condensed English table.
S017	DOCK/Home/70. Migration Center 사용자 가이드__19955861.md	424	424	S017-D070-U230	table_row	| Postfix for reserved word | - 원본 데이터베이스 객체 이름이 Altibase 예약어와 충돌할 경우 객체 이름에 추가할 접미사를 설정한다. | |	Altibase	arch/Home/Migration Center User Guide__19955861.md	338	covered	No English change required.	| Postfix for reserved word | Specifies a suffix to add when a source database object name conflicts with an Altibase reserved word. |	none	S017 option-row semantic alignment in condensed English table.
S017	DOCK/Home/70. Migration Center 사용자 가이드__19955861.md	425	425	S017-D070-U231	table_row	| **Data Options** | | |	Data Options	arch/Home/Migration Center User Guide__19955861.md	323	covered	No English change required.	### DB to File	none	Category divider row; individual options are covered by adjacent rows.
S017	DOCK/Home/70. Migration Center 사용자 가이드__19955861.md	426	426	S017-D070-U232	table_row	| File Encoding | 스크립트와 데이터 파일 출력에 사용될 인코딩 문자 집합을 지정한다. | |	File Encoding	arch/Home/Migration Center User Guide__19955861.md	339	covered	No English change required.	| File Encoding | Specifies the character set used for generated scripts and data files. |	none	S017 option-row semantic alignment in condensed English table.
S017	DOCK/Home/70. Migration Center 사용자 가이드__19955861.md	428	428	S017-D070-U233	heading	## Migration 진행	section semantics	arch/Home/Migration Center User Guide__19955861.md	341	covered	No English change required.	## Running Migration	none	S017 direct inspection.
S017	DOCK/Home/70. Migration Center 사용자 가이드__19955861.md	432	432	S017-D070-U234	paragraph	Migration Center를 이용하여 Migration 진행은 3단계로 진행이 된다.	section semantics	arch/Home/Migration Center User Guide__19955861.md	341	covered	No English change required.	## Running Migration	none	S017 direct inspection; Migration Center English target is condensed but preserves actionable semantics.
S017	DOCK/Home/70. Migration Center 사용자 가이드__19955861.md	434	434	S017-D070-U235	heading	### User 단위 Migration > Build User 단계	section semantics	arch/Home/Migration Center User Guide__19955861.md	347	covered	No English change required.	### User Migration: Build User Step	none	S017 direct inspection.
S017	DOCK/Home/70. Migration Center 사용자 가이드__19955861.md	438	438	S017-D070-U236	paragraph	DB User에 포함된 모든 객체 및 Data를 Migration 하기 위해서는 Build 단계의 Build User를 선택하여 Migration 진행한다.	section semantics	arch/Home/Migration Center User Guide__19955861.md	347	covered	No English change required.	### User Migration: Build User Step	none	S017 direct inspection; Migration Center English target is condensed but preserves actionable semantics.
S017	DOCK/Home/70. Migration Center 사용자 가이드__19955861.md	440	440	S017-D070-U237	paragraph	Migration Options에 의해 객체 또는 객체 및 Data를 DB User 단위로 Migration을 진행한다.	section semantics	arch/Home/Migration Center User Guide__19955861.md	347	covered	No English change required.	### User Migration: Build User Step	none	S017 direct inspection; Migration Center English target is condensed but preserves actionable semantics.
S017	DOCK/Home/70. Migration Center 사용자 가이드__19955861.md	442	442	S017-D070-U238	table_row	| 선택 방법 | 주 화면 | 설명 |	선택 방법	arch/Home/Migration Center User Guide__19955861.md	347	covered	No English change required.	### User Migration: Build User Step	none	S017 condensed English prose covers this screenshot/procedure row; embedded screenshot image omitted.
S017	DOCK/Home/70. Migration Center 사용자 가이드__19955861.md	444	444	S017-D070-U239	table_row	| 메뉴 > Migration > Build User<br>or<br>프로젝트 창 > Build User<br>or<br>화면 상단 > Build 아이콘 선택 | ![%EA%B7%B8%EB%A6%BC35.png](https://docs.altibase.com/download/attachments/embedded-page/DOCK/70.%20Migration%20Center%20%EC%8...	https://docs.altibase.com/download/attachments/embedded-page/DOCK/70.%20Migration%20Center%20%EC%82%AC%EC%9A%A9%EC%9E%90%20%EA%B0%80%EC%9D%B4%EB%93%9C/%EA%B7%B8%EB%A6%BC35.png?api=v2; BC35; DOCK/70; 70; 20; 82; 90; 80	arch/Home/Migration Center User Guide__19955861.md	347	covered	No English change required.	### User Migration: Build User Step	none	S017 condensed English prose covers this screenshot/procedure row; embedded screenshot image omitted.
S017	DOCK/Home/70. Migration Center 사용자 가이드__19955861.md	446	446	S017-D070-U240	paragraph	Build 단계가 종료 되면 원본 DB에 대한 Build Report를 생성해 준다.	section semantics	arch/Home/Migration Center User Guide__19955861.md	347	covered	No English change required.	### User Migration: Build User Step	none	S017 direct inspection; Migration Center English target is condensed but preserves actionable semantics.
S017	DOCK/Home/70. Migration Center 사용자 가이드__19955861.md	448	448	S017-D070-U241	table_row	| Build 종료 화면 | Build Report |	Build 종료 화면	arch/Home/Migration Center User Guide__19955861.md	355	covered	No English change required.	When the Build step completes, Migration Center creates a Build Report for the source DB. The Build Report shows information collected from the source DB and target DB.	none	S017 condensed English prose covers this screenshot/procedure row; embedded screenshot image omitted.
S017	DOCK/Home/70. Migration Center 사용자 가이드__19955861.md	450	450	S017-D070-U242	table_row	| ![%EA%B7%B8%EB%A6%BC36.png](https://docs.altibase.com/download/attachments/embedded-page/DOCK/70.%20Migration%20Center%20%EC%82%AC%EC%9A%A9%EC%9E%90%20%EA%B0%80%EC%9D%B4%EB%93%9C/%EA%B7%B8%EB%A6%BC36.png?api=v2) | !...	https://docs.altibase.com/download/attachments/embedded-page/DOCK/70.%20Migration%20Center%20%EC%82%AC%EC%9A%A9%EC%9E%90%20%EA%B0%80%EC%9D%B4%EB%93%9C/%EA%B7%B8%EB%A6%BC36.png?api=v2; https://docs.altibase.com/download/attachments/embedded-page/DOCK/70.%20Migration%20Center%20%EC%82%AC%EC%9A%A9%EC%9E%90%20%EA%B0%80%EC%9D%B4%EB%93%9C/%EA%B7%B8%EB%A6%BC37.png?api=v2; BC36; DOCK/70; BC37; 70; 20; 82	arch/Home/Migration Center User Guide__19955861.md	355	covered	No English change required.	When the Build step completes, Migration Center creates a Build Report for the source DB. The Build Report shows information collected from the source DB and target DB.	none	S017 condensed English prose covers this screenshot/procedure row; embedded screenshot image omitted.
S017	DOCK/Home/70. Migration Center 사용자 가이드__19955861.md	451	451	S017-D070-U243	table_row	| ① Build 단계가 종료 되면 Build Report 버튼을 생성한다.<br>② 생성된 Build Report를 복사한다.<br>③ Build 단계를 종료 한다. | |	① Build 단계가 종료 되면 Build Report 버튼을 생성한다.	arch/Home/Migration Center User Guide__19955861.md	355	covered	No English change required.	When the Build step completes, Migration Center creates a Build Report for the source DB. The Build Report shows information collected from the source DB and target DB.	none	S017 condensed English prose covers this screenshot/procedure row; embedded screenshot image omitted.
S017	DOCK/Home/70. Migration Center 사용자 가이드__19955861.md	453	453	S017-D070-U244	paragraph	Build 단계에서 수집 된 원본 DB, 대상 DB의 정보를 보여줍니다.	section semantics	arch/Home/Migration Center User Guide__19955861.md	347	covered	No English change required.	### User Migration: Build User Step	none	S017 direct inspection; Migration Center English target is condensed but preserves actionable semantics.
S017	DOCK/Home/70. Migration Center 사용자 가이드__19955861.md	455	455	S017-D070-U245	table_row	| Build Report 예제 |	Build Report 예제	arch/Home/Migration Center User Guide__19955861.md	355	covered	No English change required.	When the Build step completes, Migration Center creates a Build Report for the source DB. The Build Report shows information collected from the source DB and target DB.	none	S017 condensed English prose covers this screenshot/procedure row; embedded screenshot image omitted.
S017	DOCK/Home/70. Migration Center 사용자 가이드__19955861.md	457	457	S017-D070-U246	table_row	| ![%EA%B7%B8%EB%A6%BC38.png](https://docs.altibase.com/download/attachments/embedded-page/DOCK/70.%20Migration%20Center%20%EC%82%AC%EC%9A%A9%EC%9E%90%20%EA%B0%80%EC%9D%B4%EB%93%9C/%EA%B7%B8%EB%A6%BC38.png?api=v2) |	https://docs.altibase.com/download/attachments/embedded-page/DOCK/70.%20Migration%20Center%20%EC%82%AC%EC%9A%A9%EC%9E%90%20%EA%B0%80%EC%9D%B4%EB%93%9C/%EA%B7%B8%EB%A6%BC38.png?api=v2; BC38; DOCK/70; 70; 20; 82; 90; 80	arch/Home/Migration Center User Guide__19955861.md	355	covered	No English change required.	When the Build step completes, Migration Center creates a Build Report for the source DB. The Build Report shows information collected from the source DB and target DB.	none	S017 condensed English prose covers this screenshot/procedure row; embedded screenshot image omitted.
S017	DOCK/Home/70. Migration Center 사용자 가이드__19955861.md	459	459	S017-D070-U247	heading	### User 단위 Migration > Reconcile 단계	section semantics	arch/Home/Migration Center User Guide__19955861.md	357	covered	No English change required.	### User Migration: Reconcile Step	none	S017 direct inspection.
S017	DOCK/Home/70. Migration Center 사용자 가이드__19955861.md	463	463	S017-D070-U248	paragraph	Migraction을 진행하기 위한 단계로 원본, 대상 DB간에 객체를 어떻게 Migraction 할 것인지에 대한 정보를 조정한다.	section semantics	arch/Home/Migration Center User Guide__19955861.md	357	covered	No English change required.	### User Migration: Reconcile Step	none	S017 direct inspection; Migration Center English target is condensed but preserves actionable semantics.
S017	DOCK/Home/70. Migration Center 사용자 가이드__19955861.md	465	465	S017-D070-U249	paragraph	User 단위 Migration을 진행하면서 기본 설정에 대한 변경을 Reconcile 단계에서 변경할 수 있다.	section semantics	arch/Home/Migration Center User Guide__19955861.md	357	covered	No English change required.	### User Migration: Reconcile Step	none	S017 direct inspection; Migration Center English target is condensed but preserves actionable semantics.
S017	DOCK/Home/70. Migration Center 사용자 가이드__19955861.md	467	467	S017-D070-U250	table_row	| 선택 방법 | 주 화면 | 설명 |	선택 방법	arch/Home/Migration Center User Guide__19955861.md	357	covered	No English change required.	### User Migration: Reconcile Step	none	S017 condensed English prose covers this screenshot/procedure row; embedded screenshot image omitted.
S017	DOCK/Home/70. Migration Center 사용자 가이드__19955861.md	469	469	S017-D070-U251	table_row	| 메뉴 > Migration > Reconcile<br>or<br>프로젝트 창 > Reconcile<br>or<br>화면상단 > Reconcile 아이콘 선택 | ![%EA%B7%B8%EB%A6%BC39.png](https://docs.altibase.com/download/attachments/embedded-page/DOCK/70.%20Migration%20Center%20%EC%...	https://docs.altibase.com/download/attachments/embedded-page/DOCK/70.%20Migration%20Center%20%EC%82%AC%EC%9A%A9%EC%9E%90%20%EA%B0%80%EC%9D%B4%EB%93%9C/%EA%B7%B8%EB%A6%BC39.png?api=v2; BC39; DOCK/70; 70; 20; 82; 90; 80	arch/Home/Migration Center User Guide__19955861.md	357	covered	No English change required.	### User Migration: Reconcile Step	none	S017 condensed English prose covers this screenshot/procedure row; embedded screenshot image omitted.
S017	DOCK/Home/70. Migration Center 사용자 가이드__19955861.md	471	471	S017-D070-U252	paragraph	다음은 Reconcile 단계에서 조정할 내용에 대한 상세 설명이다.	section semantics	arch/Home/Migration Center User Guide__19955861.md	357	covered	No English change required.	### User Migration: Reconcile Step	none	S017 direct inspection; Migration Center English target is condensed but preserves actionable semantics.
S017	DOCK/Home/70. Migration Center 사용자 가이드__19955861.md	473	473	S017-D070-U253	table_row	| Steps : Data Type Mapping | 설명 |	Steps : Data Type Mapping	arch/Home/Migration Center User Guide__19955861.md	357	covered	No English change required.	### User Migration: Reconcile Step	none	S017 condensed English section covers this workflow row.
S017	DOCK/Home/70. Migration Center 사용자 가이드__19955861.md	475	475	S017-D070-U254	table_row	| ![%EA%B7%B8%EB%A6%BC40.png](https://docs.altibase.com/download/attachments/embedded-page/DOCK/70.%20Migration%20Center%20%EC%82%AC%EC%9A%A9%EC%9E%90%20%EA%B0%80%EC%9D%B4%EB%93%9C/%EA%B7%B8%EB%A6%BC40.png?api=v2) | ①...	https://docs.altibase.com/download/attachments/embedded-page/DOCK/70.%20Migration%20Center%20%EC%82%AC%EC%9A%A9%EC%9E%90%20%EA%B0%80%EC%9D%B4%EB%93%9C/%EA%B7%B8%EB%A6%BC40.png?api=v2; BC40; DOCK/70; 70; 20; 82; 90; 80	arch/Home/Migration Center User Guide__19955861.md	357	covered	No English change required.	### User Migration: Reconcile Step	none	S017 condensed English section covers this workflow row.
S017	DOCK/Home/70. Migration Center 사용자 가이드__19955861.md	477	477	S017-D070-U255	table_row	| Steps : PSM Data Type Mapping | 설명 |	PSM	arch/Home/Migration Center User Guide__19955861.md	357	covered	No English change required.	### User Migration: Reconcile Step	none	S017 condensed English section covers this workflow row.
S017	DOCK/Home/70. Migration Center 사용자 가이드__19955861.md	479	479	S017-D070-U256	table_row	| ![%EA%B7%B8%EB%A6%BC41.png](https://docs.altibase.com/download/attachments/embedded-page/DOCK/70.%20Migration%20Center%20%EC%82%AC%EC%9A%A9%EC%9E%90%20%EA%B0%80%EC%9D%B4%EB%93%9C/%EA%B7%B8%EB%A6%BC41.png?api=v2) | ①...	https://docs.altibase.com/download/attachments/embedded-page/DOCK/70.%20Migration%20Center%20%EC%82%AC%EC%9A%A9%EC%9E%90%20%EA%B0%80%EC%9D%B4%EB%93%9C/%EA%B7%B8%EB%A6%BC41.png?api=v2; BC41; DOCK/70; PSM; 70; 20; 82; 90	arch/Home/Migration Center User Guide__19955861.md	357	covered	No English change required.	### User Migration: Reconcile Step	none	S017 condensed English section covers this workflow row.
S017	DOCK/Home/70. Migration Center 사용자 가이드__19955861.md	481	481	S017-D070-U257	table_row	| Steps : Tablespace to Tablespace Mapping | 설명 |	Steps : Tablespace to Tablespace Mapping	arch/Home/Migration Center User Guide__19955861.md	357	covered	No English change required.	### User Migration: Reconcile Step	none	S017 condensed English section covers this workflow row.
S017	DOCK/Home/70. Migration Center 사용자 가이드__19955861.md	483	483	S017-D070-U258	table_row	| ![%EA%B7%B8%EB%A6%BC42.png](https://docs.altibase.com/download/attachments/embedded-page/DOCK/70.%20Migration%20Center%20%EC%82%AC%EC%9A%A9%EC%9E%90%20%EA%B0%80%EC%9D%B4%EB%93%9C/%EA%B7%B8%EB%A6%BC42.png?api=v2) | ①...	https://docs.altibase.com/download/attachments/embedded-page/DOCK/70.%20Migration%20Center%20%EC%82%AC%EC%9A%A9%EC%9E%90%20%EA%B0%80%EC%9D%B4%EB%93%9C/%EA%B7%B8%EB%A6%BC42.png?api=v2; BC42; DOCK/70; 70; 20; 82; 90; 80	arch/Home/Migration Center User Guide__19955861.md	357	covered	No English change required.	### User Migration: Reconcile Step	none	S017 condensed English section covers this workflow row.
S017	DOCK/Home/70. Migration Center 사용자 가이드__19955861.md	485	485	S017-D070-U259	table_row	| Steps : Object to Tablespace Mapping | 설명 |	Steps : Object to Tablespace Mapping	arch/Home/Migration Center User Guide__19955861.md	357	covered	No English change required.	### User Migration: Reconcile Step	none	S017 condensed English section covers this workflow row.
S017	DOCK/Home/70. Migration Center 사용자 가이드__19955861.md	487	487	S017-D070-U260	table_row	| ![%EA%B7%B8%EB%A6%BC43.png](https://docs.altibase.com/download/attachments/embedded-page/DOCK/70.%20Migration%20Center%20%EC%82%AC%EC%9A%A9%EC%9E%90%20%EA%B0%80%EC%9D%B4%EB%93%9C/%EA%B7%B8%EB%A6%BC43.png?api=v2) | ①...	https://docs.altibase.com/download/attachments/embedded-page/DOCK/70.%20Migration%20Center%20%EC%82%AC%EC%9A%A9%EC%9E%90%20%EA%B0%80%EC%9D%B4%EB%93%9C/%EA%B7%B8%EB%A6%BC43.png?api=v2; BC43; DOCK/70; 70; 20; 82; 90; 80	arch/Home/Migration Center User Guide__19955861.md	357	covered	No English change required.	### User Migration: Reconcile Step	none	S017 condensed English section covers this workflow row.
S017	DOCK/Home/70. Migration Center 사용자 가이드__19955861.md	489	489	S017-D070-U261	table_row	| Steps : Partitioned Table Conversion | 설명 |	Steps : Partitioned Table Conversion	arch/Home/Migration Center User Guide__19955861.md	357	covered	No English change required.	### User Migration: Reconcile Step	none	S017 condensed English section covers this workflow row.
S017	DOCK/Home/70. Migration Center 사용자 가이드__19955861.md	491	491	S017-D070-U262	table_row	| ![%EA%B7%B8%EB%A6%BC44.png](https://docs.altibase.com/download/attachments/embedded-page/DOCK/70.%20Migration%20Center%20%EC%82%AC%EC%9A%A9%EC%9E%90%20%EA%B0%80%EC%9D%B4%EB%93%9C/%EA%B7%B8%EB%A6%BC44.png?api=v2) | ①...	https://docs.altibase.com/download/attachments/embedded-page/DOCK/70.%20Migration%20Center%20%EC%82%AC%EC%9A%A9%EC%9E%90%20%EA%B0%80%EC%9D%B4%EB%93%9C/%EA%B7%B8%EB%A6%BC44.png?api=v2; BC44; DOCK/70; Altibase; 70; 20; 82; 90	arch/Home/Migration Center User Guide__19955861.md	357	covered	No English change required.	### User Migration: Reconcile Step	none	S017 condensed English section covers this workflow row.
S017	DOCK/Home/70. Migration Center 사용자 가이드__19955861.md	493	493	S017-D070-U263	table_row	| Steps : Select Editing | 설명 |	Steps : Select Editing	arch/Home/Migration Center User Guide__19955861.md	357	covered	No English change required.	### User Migration: Reconcile Step	none	S017 condensed English section covers this workflow row.
S017	DOCK/Home/70. Migration Center 사용자 가이드__19955861.md	495	495	S017-D070-U264	table_row	| ![%EA%B7%B8%EB%A6%BC45.png](https://docs.altibase.com/download/attachments/embedded-page/DOCK/70.%20Migration%20Center%20%EC%82%AC%EC%9A%A9%EC%9E%90%20%EA%B0%80%EC%9D%B4%EB%93%9C/%EA%B7%B8%EB%A6%BC45.png?api=v2) | ①...	https://docs.altibase.com/download/attachments/embedded-page/DOCK/70.%20Migration%20Center%20%EC%82%AC%EC%9A%A9%EC%9E%90%20%EA%B0%80%EC%9D%B4%EB%93%9C/%EA%B7%B8%EB%A6%BC45.png?api=v2; BC45; DOCK/70; 70; 20; 82; 90; 80	arch/Home/Migration Center User Guide__19955861.md	357	covered	No English change required.	### User Migration: Reconcile Step	none	S017 condensed English section covers this workflow row.
S017	DOCK/Home/70. Migration Center 사용자 가이드__19955861.md	497	497	S017-D070-U265	table_row	| Steps : DDL Editing | 설명 |	DDL	arch/Home/Migration Center User Guide__19955861.md	357	covered	No English change required.	### User Migration: Reconcile Step	none	S017 condensed English section covers this workflow row.
S017	DOCK/Home/70. Migration Center 사용자 가이드__19955861.md	499	499	S017-D070-U266	table_row	| ![%EA%B7%B8%EB%A6%BC46.png](https://docs.altibase.com/download/attachments/embedded-page/DOCK/70.%20Migration%20Center%20%EC%82%AC%EC%9A%A9%EC%9E%90%20%EA%B0%80%EC%9D%B4%EB%93%9C/%EA%B7%B8%EB%A6%BC46.png?api=v2) | ①...	https://docs.altibase.com/download/attachments/embedded-page/DOCK/70.%20Migration%20Center%20%EC%82%AC%EC%9A%A9%EC%9E%90%20%EA%B0%80%EC%9D%B4%EB%93%9C/%EA%B7%B8%EB%A6%BC46.png?api=v2; BC46; DOCK/70; PSM; DDL; 70; 20; 82	arch/Home/Migration Center User Guide__19955861.md	357	covered	No English change required.	### User Migration: Reconcile Step	none	S017 condensed English section covers this workflow row.
S017	DOCK/Home/70. Migration Center 사용자 가이드__19955861.md	501	501	S017-D070-U267	paragraph	Reconcile 단계에서 진행 된 보고서를 보여준다.	section semantics	arch/Home/Migration Center User Guide__19955861.md	357	covered	No English change required.	### User Migration: Reconcile Step	none	S017 direct inspection; Migration Center English target is condensed but preserves actionable semantics.
S017	DOCK/Home/70. Migration Center 사용자 가이드__19955861.md	503	503	S017-D070-U268	table_row	| Reconcile Report 예제 |	Reconcile Report 예제	arch/Home/Migration Center User Guide__19955861.md	375	covered	No English change required.	The Reconcile step produces a Reconcile Report.	none	S017 condensed English prose covers this screenshot/procedure row; embedded screenshot image omitted.
S017	DOCK/Home/70. Migration Center 사용자 가이드__19955861.md	505	505	S017-D070-U269	table_row	| ![%EA%B7%B8%EB%A6%BC47.png](https://docs.altibase.com/download/attachments/embedded-page/DOCK/70.%20Migration%20Center%20%EC%82%AC%EC%9A%A9%EC%9E%90%20%EA%B0%80%EC%9D%B4%EB%93%9C/%EA%B7%B8%EB%A6%BC47.png?api=v2) |	https://docs.altibase.com/download/attachments/embedded-page/DOCK/70.%20Migration%20Center%20%EC%82%AC%EC%9A%A9%EC%9E%90%20%EA%B0%80%EC%9D%B4%EB%93%9C/%EA%B7%B8%EB%A6%BC47.png?api=v2; BC47; DOCK/70; 70; 20; 82; 90; 80	arch/Home/Migration Center User Guide__19955861.md	375	covered	No English change required.	The Reconcile step produces a Reconcile Report.	none	S017 condensed English prose covers this screenshot/procedure row; embedded screenshot image omitted.
S017	DOCK/Home/70. Migration Center 사용자 가이드__19955861.md	507	507	S017-D070-U270	heading	### User 단위 Migration > Run 단계	section semantics	arch/Home/Migration Center User Guide__19955861.md	377	covered	No English change required.	### User Migration: Run Step	none	S017 direct inspection.
S017	DOCK/Home/70. Migration Center 사용자 가이드__19955861.md	511	511	S017-D070-U271	paragraph	Run 단계는 원본 DB의 DB 객체를 Migraction Options에 따라 DB 또는 외부 파일로 복사한다.	section semantics	arch/Home/Migration Center User Guide__19955861.md	377	covered	No English change required.	### User Migration: Run Step	none	S017 direct inspection; Migration Center English target is condensed but preserves actionable semantics.
S017	DOCK/Home/70. Migration Center 사용자 가이드__19955861.md	513	513	S017-D070-U272	paragraph	Run 단계 완료 후에 생성되는 실행 보고서에 실행 결과가 RunReport4Summary.html 파일로 생성되면, 실행 실패한 객체에 대한 보고서는 RunReport4Missing.html 파일에 상세히 기술된다.	RunReport4Summary.html; RunReport4Missing.html	arch/Home/Migration Center User Guide__19955861.md	383	covered	No English change required.	After the Run step completes, execution results are generated in `RunReport4Summary.html`, and detailed information about failed objects is written to `RunReport4Missing.html`.	none	S017 direct inspection; Migration Center English target is condensed but preserves actionable semantics.
S017	DOCK/Home/70. Migration Center 사용자 가이드__19955861.md	515	515	S017-D070-U273	table_row	| 선택 방법 | 수행 화면 | 설명 |	선택 방법	arch/Home/Migration Center User Guide__19955861.md	377	covered	No English change required.	### User Migration: Run Step	none	S017 condensed English prose covers this screenshot/procedure row; embedded screenshot image omitted.
S017	DOCK/Home/70. Migration Center 사용자 가이드__19955861.md	517	517	S017-D070-U274	table_row	| 메뉴 > Migration > Run<br>or<br>프로젝트 창 > Run<br>or<br>화면상단 > Run 아이콘 선택 | ![%EA%B7%B8%EB%A6%BC48.png](https://docs.altibase.com/download/attachments/embedded-page/DOCK/70.%20Migration%20Center%20%EC%82%AC%EC%9A%A9%EC%...	https://docs.altibase.com/download/attachments/embedded-page/DOCK/70.%20Migration%20Center%20%EC%82%AC%EC%9A%A9%EC%9E%90%20%EA%B0%80%EC%9D%B4%EB%93%9C/%EA%B7%B8%EB%A6%BC48.png?api=v2; BC48; DOCK/70; 70; 20; 82; 90; 80	arch/Home/Migration Center User Guide__19955861.md	377	covered	No English change required.	### User Migration: Run Step	none	S017 condensed English prose covers this screenshot/procedure row; embedded screenshot image omitted.
S017	DOCK/Home/70. Migration Center 사용자 가이드__19955861.md	519	519	S017-D070-U275	paragraph	Run 단계에서 진행 된 보고서 입니다.	section semantics	arch/Home/Migration Center User Guide__19955861.md	377	covered	No English change required.	### User Migration: Run Step	none	S017 direct inspection; Migration Center English target is condensed but preserves actionable semantics.
S017	DOCK/Home/70. Migration Center 사용자 가이드__19955861.md	521	521	S017-D070-U276	table_row	| Run Report 예제 |	Run Report 예제	arch/Home/Migration Center User Guide__19955861.md	381	covered	No English change required.	The Run step copies source DB objects to the target DB or to external files according to Migration Options.	none	S017 condensed English prose covers this screenshot/procedure row; embedded screenshot image omitted.
S017	DOCK/Home/70. Migration Center 사용자 가이드__19955861.md	523	523	S017-D070-U277	table_row	| ![%EA%B7%B8%EB%A6%BC49.png](https://docs.altibase.com/download/attachments/embedded-page/DOCK/70.%20Migration%20Center%20%EC%82%AC%EC%9A%A9%EC%9E%90%20%EA%B0%80%EC%9D%B4%EB%93%9C/%EA%B7%B8%EB%A6%BC49.png?api=v2) |	https://docs.altibase.com/download/attachments/embedded-page/DOCK/70.%20Migration%20Center%20%EC%82%AC%EC%9A%A9%EC%9E%90%20%EA%B0%80%EC%9D%B4%EB%93%9C/%EA%B7%B8%EB%A6%BC49.png?api=v2; BC49; DOCK/70; 70; 20; 82; 90; 80	arch/Home/Migration Center User Guide__19955861.md	381	covered	No English change required.	The Run step copies source DB objects to the target DB or to external files according to Migration Options.	none	S017 condensed English prose covers this screenshot/procedure row; embedded screenshot image omitted.
S017	DOCK/Home/70. Migration Center 사용자 가이드__19955861.md	525	525	S017-D070-U278	heading	### Table 단위 Migration > Build Table 단계	section semantics	arch/Home/Migration Center User Guide__19955861.md	385	covered	No English change required.	### Table Migration: Build Table Step	none	S017 direct inspection.
S017	DOCK/Home/70. Migration Center 사용자 가이드__19955861.md	529	529	S017-D070-U279	paragraph	Migraction 대상 중 Table에 대해서만 객체 및 Data를 Migraction 한다.	section semantics	arch/Home/Migration Center User Guide__19955861.md	385	covered	No English change required.	### Table Migration: Build Table Step	none	S017 direct inspection; Migration Center English target is condensed but preserves actionable semantics.
S017	DOCK/Home/70. Migration Center 사용자 가이드__19955861.md	531	531	S017-D070-U280	table_row	| 선택 방법 | 주 화면 | 설명 |	선택 방법	arch/Home/Migration Center User Guide__19955861.md	385	covered	No English change required.	### Table Migration: Build Table Step	none	S017 condensed English prose covers this screenshot/procedure row; embedded screenshot image omitted.
S017	DOCK/Home/70. Migration Center 사용자 가이드__19955861.md	533	533	S017-D070-U281	table_row	| 메뉴 > Migration > Build Table<br>or<br>프로젝트 창 > Build Table<br>or<br>화면상단 > Table 아이콘 선택 | ![%EA%B7%B8%EB%A6%BC50.png](https://docs.altibase.com/download/attachments/embedded-page/DOCK/70.%20Migration%20Center%20%EC%...	https://docs.altibase.com/download/attachments/embedded-page/DOCK/70.%20Migration%20Center%20%EC%82%AC%EC%9A%A9%EC%9E%90%20%EA%B0%80%EC%9D%B4%EB%93%9C/%EA%B7%B8%EB%A6%BC50.png?api=v2; BC50; DOCK/70; 70; 20; 82; 90; 80	arch/Home/Migration Center User Guide__19955861.md	385	covered	No English change required.	### Table Migration: Build Table Step	none	S017 condensed English prose covers this screenshot/procedure row; embedded screenshot image omitted.
S017	DOCK/Home/70. Migration Center 사용자 가이드__19955861.md	535	535	S017-D070-U282	table_row	| Table 선택 | 설명 |	Table 선택	arch/Home/Migration Center User Guide__19955861.md	389	covered	No English change required.	`Build Table` migrates only selected table objects and data. As with Build User, users can choose approximate counting based on source DBMS statistics or exact counting with `COUNT` against all source tables.	none	S017 condensed English prose covers this screenshot/procedure row; embedded screenshot image omitted.
S017	DOCK/Home/70. Migration Center 사용자 가이드__19955861.md	537	537	S017-D070-U283	table_row	| ![%EA%B7%B8%EB%A6%BC51.png](https://docs.altibase.com/download/attachments/embedded-page/DOCK/70.%20Migration%20Center%20%EC%82%AC%EC%9A%A9%EC%9E%90%20%EA%B0%80%EC%9D%B4%EB%93%9C/%EA%B7%B8%EB%A6%BC51.png?api=v2) | ①...	https://docs.altibase.com/download/attachments/embedded-page/DOCK/70.%20Migration%20Center%20%EC%82%AC%EC%9A%A9%EC%9E%90%20%EA%B0%80%EC%9D%B4%EB%93%9C/%EA%B7%B8%EB%A6%BC51.png?api=v2; BC51; DOCK/70; 70; 20; 82; 90; 80	arch/Home/Migration Center User Guide__19955861.md	389	covered	No English change required.	`Build Table` migrates only selected table objects and data. As with Build User, users can choose approximate counting based on source DBMS statistics or exact counting with `COUNT` against all source tables.	none	S017 condensed English prose covers this screenshot/procedure row; embedded screenshot image omitted.
S017	DOCK/Home/70. Migration Center 사용자 가이드__19955861.md	539	539	S017-D070-U284	paragraph	Build 단계에서 수집된 원본 DB, 대상 DB의 정보를 보여줍니다.	section semantics	arch/Home/Migration Center User Guide__19955861.md	385	covered	No English change required.	### Table Migration: Build Table Step	none	S017 direct inspection; Migration Center English target is condensed but preserves actionable semantics.
S017	DOCK/Home/70. Migration Center 사용자 가이드__19955861.md	541	541	S017-D070-U285	table_row	| Build Report 예제 |	Build Report 예제	arch/Home/Migration Center User Guide__19955861.md	393	covered	No English change required.	### Table Migration: Reconcile Step	none	S017 condensed English prose covers this screenshot/procedure row; embedded screenshot image omitted.
S017	DOCK/Home/70. Migration Center 사용자 가이드__19955861.md	543	543	S017-D070-U286	table_row	| ![%EA%B7%B8%EB%A6%BC52.png](https://docs.altibase.com/download/attachments/embedded-page/DOCK/70.%20Migration%20Center%20%EC%82%AC%EC%9A%A9%EC%9E%90%20%EA%B0%80%EC%9D%B4%EB%93%9C/%EA%B7%B8%EB%A6%BC52.png?api=v2) |	https://docs.altibase.com/download/attachments/embedded-page/DOCK/70.%20Migration%20Center%20%EC%82%AC%EC%9A%A9%EC%9E%90%20%EA%B0%80%EC%9D%B4%EB%93%9C/%EA%B7%B8%EB%A6%BC52.png?api=v2; BC52; DOCK/70; 70; 20; 82; 90; 80	arch/Home/Migration Center User Guide__19955861.md	393	covered	No English change required.	### Table Migration: Reconcile Step	none	S017 condensed English prose covers this screenshot/procedure row; embedded screenshot image omitted.
S017	DOCK/Home/70. Migration Center 사용자 가이드__19955861.md	545	545	S017-D070-U287	heading	### Table 단위 Migration > Reconcile 단계	section semantics	arch/Home/Migration Center User Guide__19955861.md	393	covered	No English change required.	### Table Migration: Reconcile Step	none	S017 direct inspection.
S017	DOCK/Home/70. Migration Center 사용자 가이드__19955861.md	549	549	S017-D070-U288	paragraph	Migraction을 진행 계획하기 위한 단계로 원본, 대상 DB 간에 객체를 어떻게 Migraction 할 것인지에 대한 정보를 조정한다.	section semantics	arch/Home/Migration Center User Guide__19955861.md	385	covered	No English change required.	### Table Migration: Build Table Step	none	S017 direct inspection; Migration Center English target is condensed but preserves actionable semantics.
S017	DOCK/Home/70. Migration Center 사용자 가이드__19955861.md	551	551	S017-D070-U289	paragraph	선택한 Table 단위 Migraction을 진행하면서 기본 설정에 대한 변경을 Reconcile 단계에서 변경할 수 있다.	section semantics	arch/Home/Migration Center User Guide__19955861.md	393	covered	No English change required.	### Table Migration: Reconcile Step	none	S017 direct inspection; Migration Center English target is condensed but preserves actionable semantics.
S017	DOCK/Home/70. Migration Center 사용자 가이드__19955861.md	553	553	S017-D070-U290	paragraph	DB User 단위의 Migraction 조정 작업과 동일한 구성으로 진행한다. 상세 내용은 DB User 단위를 참조	section semantics	arch/Home/Migration Center User Guide__19955861.md	393	covered	No English change required.	### Table Migration: Reconcile Step	none	S017 direct inspection; Migration Center English target is condensed but preserves actionable semantics.
S017	DOCK/Home/70. Migration Center 사용자 가이드__19955861.md	555	555	S017-D070-U291	table_row	| 선택 방법 | 주 화면 | 설명 |	선택 방법	arch/Home/Migration Center User Guide__19955861.md	393	covered	No English change required.	### Table Migration: Reconcile Step	none	S017 condensed English prose covers this screenshot/procedure row; embedded screenshot image omitted.
S017	DOCK/Home/70. Migration Center 사용자 가이드__19955861.md	557	557	S017-D070-U292	table_row	| 메뉴 > Migration > Reconcile<br>or<br>프로젝트 창 > Reconcile<br>or<br>화면상단 > Reconcile 아이콘 선택 | ![%EA%B7%B8%EB%A6%BC53.png](https://docs.altibase.com/download/attachments/embedded-page/DOCK/70.%20Migration%20Center%20%EC%...	https://docs.altibase.com/download/attachments/embedded-page/DOCK/70.%20Migration%20Center%20%EC%82%AC%EC%9A%A9%EC%9E%90%20%EA%B0%80%EC%9D%B4%EB%93%9C/%EA%B7%B8%EB%A6%BC53.png?api=v2; BC53; DOCK/70; 70; 20; 82; 90; 80	arch/Home/Migration Center User Guide__19955861.md	393	covered	No English change required.	### Table Migration: Reconcile Step	none	S017 condensed English prose covers this screenshot/procedure row; embedded screenshot image omitted.
S017	DOCK/Home/70. Migration Center 사용자 가이드__19955861.md	559	559	S017-D070-U293	heading	### Table 단위 Migration > Run 단계	section semantics	arch/Home/Migration Center User Guide__19955861.md	399	covered	No English change required.	### Table Migration: Run Step	none	S017 direct inspection.
S017	DOCK/Home/70. Migration Center 사용자 가이드__19955861.md	563	563	S017-D070-U294	paragraph	Run 단계는 원본 DB의 객체를 Migraction Options에 따라 대상 DB 또는 외부 파일로 복사한다.	section semantics	arch/Home/Migration Center User Guide__19955861.md	399	covered	No English change required.	### Table Migration: Run Step	none	S017 direct inspection; Migration Center English target is condensed but preserves actionable semantics.
S017	DOCK/Home/70. Migration Center 사용자 가이드__19955861.md	565	565	S017-D070-U295	paragraph	Run 단계 완료 후 생성되는 실행 보고서에 실행 결과가 RunReport4Summary.html 파일로 생성되며 실행 실패한 객체에 대한 보고서는 RunReport4Missing.html 파일에 상세히 기술 된다.	RunReport4Summary.html; RunReport4Missing.html	arch/Home/Migration Center User Guide__19955861.md	403	covered	No English change required.	The table-level Run step copies selected source DB objects to the target DB or to external files according to Migration Options. After completion, `RunReport4Summary.html` contains execution results and `RunReport4Mis...	none	S017 direct inspection; Migration Center English target is condensed but preserves actionable semantics.
S017	DOCK/Home/70. Migration Center 사용자 가이드__19955861.md	567	567	S017-D070-U296	table_row	| 선택 방법 | 수행 화면 | 설명 |	선택 방법	arch/Home/Migration Center User Guide__19955861.md	399	covered	No English change required.	### Table Migration: Run Step	none	S017 condensed English prose covers this screenshot/procedure row; embedded screenshot image omitted.
S017	DOCK/Home/70. Migration Center 사용자 가이드__19955861.md	569	569	S017-D070-U297	table_row	| 메뉴 > Migration > Run<br>or<br>프로젝트 창 > Run<br>or<br>화면상단 > Run 아이콘 선택 | ![%EA%B7%B8%EB%A6%BC54.png](https://docs.altibase.com/download/attachments/embedded-page/DOCK/70.%20Migration%20Center%20%EC%82%AC%EC%9A%A9%EC%...	https://docs.altibase.com/download/attachments/embedded-page/DOCK/70.%20Migration%20Center%20%EC%82%AC%EC%9A%A9%EC%9E%90%20%EA%B0%80%EC%9D%B4%EB%93%9C/%EA%B7%B8%EB%A6%BC54.png?api=v2; BC54; DOCK/70; 70; 20; 82; 90; 80	arch/Home/Migration Center User Guide__19955861.md	399	covered	No English change required.	### Table Migration: Run Step	none	S017 condensed English prose covers this screenshot/procedure row; embedded screenshot image omitted.
S017	DOCK/Home/70. Migration Center 사용자 가이드__19955861.md	571	571	S017-D070-U298	heading	### 검증 단계	section semantics	arch/Home/Migration Center User Guide__19955861.md	405	covered	No English change required.	### Data Validation Step	none	S017 direct inspection.
S017	DOCK/Home/70. Migration Center 사용자 가이드__19955861.md	575	575	S017-D070-U299	paragraph	검증 단계에서는 실행 단계에서 수행한 데이터 이관이 정확하게 수행되었는지 검사한다. 검증이 완료된 후 사용자에게 검증 보고서를 제공하여 사후 처리를 적절히 수행할 수 있도록 한다.	section semantics	arch/Home/Migration Center User Guide__19955861.md	405	covered	No English change required.	### Data Validation Step	none	S017 direct inspection; Migration Center English target is condensed but preserves actionable semantics.
S017	DOCK/Home/70. Migration Center 사용자 가이드__19955861.md	577	577	S017-D070-U300	paragraph	보고서는 원본 및 대상 DB 정보와 함께 검증을 완료한 테이블 리스트 및 데이터 일치, 불일치 건수 정보를 나열한다.	section semantics	arch/Home/Migration Center User Guide__19955861.md	405	covered	No English change required.	### Data Validation Step	none	S017 direct inspection; Migration Center English target is condensed but preserves actionable semantics.
S017	DOCK/Home/70. Migration Center 사용자 가이드__19955861.md	579	579	S017-D070-U301	table_row	| 선택 방법 | 수행 화면 | 설명 |	선택 방법	arch/Home/Migration Center User Guide__19955861.md	405	covered	No English change required.	### Data Validation Step	none	S017 condensed English prose covers this screenshot/procedure row; embedded screenshot image omitted.
S017	DOCK/Home/70. Migration Center 사용자 가이드__19955861.md	581	581	S017-D070-U302	table_row	| 메뉴 > Migration > Data Validation<br>or<br>프로젝트 창 > Data Validation | ![%EA%B7%B8%EB%A6%BC55.png](https://docs.altibase.com/download/attachments/embedded-page/DOCK/70.%20Migration%20Center%20%EC%82%AC%EC%9A%A9%EC%9E%...	https://docs.altibase.com/download/attachments/embedded-page/DOCK/70.%20Migration%20Center%20%EC%82%AC%EC%9A%A9%EC%9E%90%20%EA%B0%80%EC%9D%B4%EB%93%9C/%EA%B7%B8%EB%A6%BC55.png?api=v2; BC55; DOCK/70; 70; 20; 82; 90; 80	arch/Home/Migration Center User Guide__19955861.md	405	covered	No English change required.	### Data Validation Step	none	S017 condensed English prose covers this screenshot/procedure row; embedded screenshot image omitted.
S017	DOCK/Home/70. Migration Center 사용자 가이드__19955861.md	583	583	S017-D070-U303	heading	### CLI 모드 수행	CLI	arch/Home/Migration Center User Guide__19955861.md	411	covered	No English change required.	### CLI Mode	none	S017 direct inspection.
S017	DOCK/Home/70. Migration Center 사용자 가이드__19955861.md	587	587	S017-D070-U304	paragraph	Migraction Center는 GUI 모드 및 CLI 모드를 지원한다. 기본 Migraction 기본 구성은 GUI 모드로 구성을 하는 것이 좋다.	GUI; CLI	arch/Home/Migration Center User Guide__19955861.md	415	covered	No English change required.	Migration Center supports both GUI mode and CLI mode. It is generally recommended to configure the migration in GUI mode. For better data migration performance, configure migration through Reconcile in GUI mode, then...	none	S017 direct inspection; Migration Center English target is condensed but preserves actionable semantics.
S017	DOCK/Home/70. Migration Center 사용자 가이드__19955861.md	589	589	S017-D070-U305	paragraph	CLI 모드는 GUI 모드에서 Migraction 구성을 진행하고 Run 단계에서 수행을 하면 Data Migraction 시 성능의 이점이 있다.	CLI; GUI	arch/Home/Migration Center User Guide__19955861.md	411	covered	No English change required.	### CLI Mode	none	S017 direct inspection; Migration Center English target is condensed but preserves actionable semantics.
S017	DOCK/Home/70. Migration Center 사용자 가이드__19955861.md	591	591	S017-D070-U306	paragraph	GUI에서 CLI 실행 단계 수행 방법을 가이드 한다.	CLI	arch/Home/Migration Center User Guide__19955861.md	411	covered	No English change required.	### CLI Mode	none	S017 direct inspection; Migration Center English target is condensed but preserves actionable semantics.
S017	DOCK/Home/70. Migration Center 사용자 가이드__19955861.md	593	593	S017-D070-U307	list_item	1. Migraction Center를 GUI 모드에서 Reconcile 단계까지 수행	GUI; 1	arch/Home/Migration Center User Guide__19955861.md	415	covered	No English change required.	Migration Center supports both GUI mode and CLI mode. It is generally recommended to configure the migration in GUI mode. For better data migration performance, configure migration through Reconcile in GUI mode, then...	none	S017 direct inspection; Migration Center English target is condensed but preserves actionable semantics.
S017	DOCK/Home/70. Migration Center 사용자 가이드__19955861.md	594	594	S017-D070-U308	list_item	2. GUI 모드의 Migraction Center 전체 폴더를 Linux 서버의 임의의 디렉토리에 업로드	GUI; 2	arch/Home/Migration Center User Guide__19955861.md	415	covered	No English change required.	Migration Center supports both GUI mode and CLI mode. It is generally recommended to configure the migration in GUI mode. For better data migration performance, configure migration through Reconcile in GUI mode, then...	none	S017 direct inspection; Migration Center English target is condensed but preserves actionable semantics.
S017	DOCK/Home/70. Migration Center 사용자 가이드__19955861.md	595	595	S017-D070-U309	list_item	3. 업로드한 Migraction 프로젝트를 CLI로 수행	3	arch/Home/Migration Center User Guide__19955861.md	411	covered	No English change required.	### CLI Mode	none	S017 direct inspection; Migration Center English target is condensed but preserves actionable semantics.
S017	DOCK/Home/70. Migration Center 사용자 가이드__19955861.md	596	596	S017-D070-U310	list_item	4. CLI Run 단계 수행 방법	CLI; 4	arch/Home/Migration Center User Guide__19955861.md	411	covered	No English change required.	### CLI Mode	none	S017 direct inspection; Migration Center English target is condensed but preserves actionable semantics.
S017	DOCK/Home/70. Migration Center 사용자 가이드__19955861.md	597	597	S017-D070-U311	paragraph	$ ./migcenter.sh run [project_path]	migcenter.sh	arch/Home/Migration Center User Guide__19955861.md	425	covered	No English change required.	./migcenter.sh run [project_path]	none	S017 direct inspection; Migration Center English target is condensed but preserves actionable semantics.
S017	DOCK/Home/70. Migration Center 사용자 가이드__19955861.md	599	599	S017-D070-U312	paragraph	[project_path] 는 프로젝트 절대 경로를 입력한다.	section semantics	arch/Home/Migration Center User Guide__19955861.md	411	covered	No English change required.	### CLI Mode	none	S017 direct inspection; Migration Center English target is condensed but preserves actionable semantics.
S017	DOCK/Home/70. Migration Center 사용자 가이드__19955861.md	601	601	S017-D070-U313	heading	# 변환 가능 객체	section semantics	arch/Home/Migration Center User Guide__19955861.md	430	covered	No English change required.	# Supported Conversion Objects	none	S017 direct inspection.
S017	DOCK/Home/70. Migration Center 사용자 가이드__19955861.md	605	605	S017-D070-U314	paragraph	구축 방식에 따라 Migration 객체의 이관 여부는 다르다. Migration Center에서 지원하지 않는 원본 DBMS의 객체는 사용자가 수동으로 변환해야 한다.	section semantics	arch/Home/Migration Center User Guide__19955861.md	430	covered	No English change required.	# Supported Conversion Objects	none	S017 direct inspection; Migration Center English target is condensed but preserves actionable semantics.
S017	DOCK/Home/70. Migration Center 사용자 가이드__19955861.md	607	607	S017-D070-U315	paragraph	구축 단계에서 객체 생성 구문은 SrcDbObj_Create.sql, BuildReport4Unsupported.html 파일에 기록하고 있으므로 사용자는 이 파일들을 변환 작업에 참조할 수 있다.	SrcDbObj_Create.sql; BuildReport4Unsupported.html	arch/Home/Migration Center User Guide__19955861.md	436	covered	No English change required.	In the Build step, object creation statements are recorded in `SrcDbObj_Create.sql` and `BuildReport4Unsupported.html`; users can refer to these files during conversion work.	none	S017 direct inspection; Migration Center English target is condensed but preserves actionable semantics.
S017	DOCK/Home/70. Migration Center 사용자 가이드__19955861.md	609	609	S017-D070-U316	heading	## Altibase to Altibase	Altibase	arch/Home/Migration Center User Guide__19955861.md	438	covered	No English change required.	## Altibase to Altibase	none	S017 direct inspection.
S017	DOCK/Home/70. Migration Center 사용자 가이드__19955861.md	613	613	S017-D070-U317	table_row	| 객체 유형 | Build User 가능 여부 | Build Table 가능 여부 | 비고 |	객체 유형	arch/Home/Migration Center User Guide__19955861.md	442	covered	No English change required.	| Object type | Build User | Build Table | Notes |	none	S017 direct table-row alignment; screenshot columns intentionally omitted where the English target is condensed.
S017	DOCK/Home/70. Migration Center 사용자 가이드__19955861.md	615	615	S017-D070-U318	table_row	| Table | O | O | 테이블과 칼럼에 명시된 주석도 함께 마이그레이션 된다. |	Table	arch/Home/Migration Center User Guide__19955861.md	444	covered	No English change required.	| Table | O | O | Comments specified on tables and columns are also migrated. |	none	S017 direct table-row alignment; screenshot columns intentionally omitted where the English target is condensed.
S017	DOCK/Home/70. Migration Center 사용자 가이드__19955861.md	616	616	S017-D070-U319	table_row	| Primary Key 제약 | O | O | |	Primary Key 제약	arch/Home/Migration Center User Guide__19955861.md	445	covered	No English change required.	| Primary key constraint | O | O | |	none	S017 direct table-row alignment; screenshot columns intentionally omitted where the English target is condensed.
S017	DOCK/Home/70. Migration Center 사용자 가이드__19955861.md	617	617	S017-D070-U320	table_row	| Unique 제약 | O | O | |	Unique 제약	arch/Home/Migration Center User Guide__19955861.md	446	covered	No English change required.	| Unique constraint | O | O | |	none	S017 direct table-row alignment; screenshot columns intentionally omitted where the English target is condensed.
S017	DOCK/Home/70. Migration Center 사용자 가이드__19955861.md	618	618	S017-D070-U321	table_row	| Check 제약 | O | O | |	Check 제약	arch/Home/Migration Center User Guide__19955861.md	447	covered	No English change required.	| Check constraint | O | O | |	none	S017 direct table-row alignment; screenshot columns intentionally omitted where the English target is condensed.
S017	DOCK/Home/70. Migration Center 사용자 가이드__19955861.md	619	619	S017-D070-U322	table_row	| Foreign Key 제약 | O | O | |	Foreign Key 제약	arch/Home/Migration Center User Guide__19955861.md	448	covered	No English change required.	| Foreign key constraint | O | O | |	none	S017 direct table-row alignment; screenshot columns intentionally omitted where the English target is condensed.
S017	DOCK/Home/70. Migration Center 사용자 가이드__19955861.md	620	620	S017-D070-U323	table_row	| Index | O | O | |	Index	arch/Home/Migration Center User Guide__19955861.md	449	covered	No English change required.	| Index | O | O | |	none	S017 direct table-row alignment; screenshot columns intentionally omitted where the English target is condensed.
S017	DOCK/Home/70. Migration Center 사용자 가이드__19955861.md	621	621	S017-D070-U324	table_row	| Sequence | O | X | |	Sequence	arch/Home/Migration Center User Guide__19955861.md	450	covered	No English change required.	| Sequence | O | X | |	none	S017 direct table-row alignment; screenshot columns intentionally omitted where the English target is condensed.
S017	DOCK/Home/70. Migration Center 사용자 가이드__19955861.md	622	622	S017-D070-U325	table_row	| Queue | O | X | |	Queue	arch/Home/Migration Center User Guide__19955861.md	451	covered	No English change required.	| Queue | O | X | |	none	S017 direct table-row alignment; screenshot columns intentionally omitted where the English target is condensed.
S017	DOCK/Home/70. Migration Center 사용자 가이드__19955861.md	623	623	S017-D070-U326	table_row	| Private Synonym | 부분 지원 | X | 다른 schema 내의 객체를 참조하는 시노님도 마이그레이션 된다. |	Private Synonym	arch/Home/Migration Center User Guide__19955861.md	452	covered	No English change required.	| Private synonym | Partial | X | Synonyms that reference objects in other schemas are also migrated. |	none	S017 direct table-row alignment; screenshot columns intentionally omitted where the English target is condensed.
S017	DOCK/Home/70. Migration Center 사용자 가이드__19955861.md	624	624	S017-D070-U327	table_row	| Procedure | 부분 지원 | X | 별도의 변환 작업 없이 원본 DDL 그대로 수행된다. |	DDL	arch/Home/Migration Center User Guide__19955861.md	453	covered	No English change required.	| Procedure | Partial | X | The original DDL is executed without separate conversion. |	none	S017 direct table-row alignment; screenshot columns intentionally omitted where the English target is condensed.
S017	DOCK/Home/70. Migration Center 사용자 가이드__19955861.md	625	625	S017-D070-U328	table_row	| Function | 부분 지원 | X | |	Function	arch/Home/Migration Center User Guide__19955861.md	454	covered	No English change required.	| Function | Partial | X | |	none	S017 direct table-row alignment; screenshot columns intentionally omitted where the English target is condensed.
S017	DOCK/Home/70. Migration Center 사용자 가이드__19955861.md	626	626	S017-D070-U329	table_row	| Package | 부분 지원 | X | |	Package	arch/Home/Migration Center User Guide__19955861.md	455	covered	No English change required.	| Package | Partial | X | |	none	S017 direct table-row alignment; screenshot columns intentionally omitted where the English target is condensed.
S017	DOCK/Home/70. Migration Center 사용자 가이드__19955861.md	627	627	S017-D070-U330	table_row	| View | 부분 지원 | X | |	View	arch/Home/Migration Center User Guide__19955861.md	456	covered	No English change required.	| View | Partial | X | |	none	S017 direct table-row alignment; screenshot columns intentionally omitted where the English target is condensed.
S017	DOCK/Home/70. Migration Center 사용자 가이드__19955861.md	628	628	S017-D070-U331	table_row	| Materialized View | 부분 지원 | X | |	Materialized View	arch/Home/Migration Center User Guide__19955861.md	457	covered	No English change required.	| Materialized view | Partial | X | |	none	S017 direct table-row alignment; screenshot columns intentionally omitted where the English target is condensed.
S017	DOCK/Home/70. Migration Center 사용자 가이드__19955861.md	629	629	S017-D070-U332	table_row	| Trigger | 부분 지원 | X | |	Trigger	arch/Home/Migration Center User Guide__19955861.md	458	covered	No English change required.	| Trigger | Partial | X | |	none	S017 direct table-row alignment; screenshot columns intentionally omitted where the English target is condensed.
S017	DOCK/Home/70. Migration Center 사용자 가이드__19955861.md	631	631	S017-D070-U333	heading	## Altibase to Oracle	Altibase; Oracle	arch/Home/Migration Center User Guide__19955861.md	460	covered	No English change required.	## Altibase to Oracle	none	S017 direct inspection.
S017	DOCK/Home/70. Migration Center 사용자 가이드__19955861.md	635	635	S017-D070-U334	table_row	| 객체 유형 | Build User 가능 여부 | Build Table 가능 여부 | 비고 |	객체 유형	arch/Home/Migration Center User Guide__19955861.md	464	covered	No English change required.	| Object type | Build User | Build Table | Notes |	none	S017 direct table-row alignment; screenshot columns intentionally omitted where the English target is condensed.
S017	DOCK/Home/70. Migration Center 사용자 가이드__19955861.md	637	637	S017-D070-U335	table_row	| Table | O | O | |	Table	arch/Home/Migration Center User Guide__19955861.md	466	covered	No English change required.	| Table | O | O | |	none	S017 direct table-row alignment; screenshot columns intentionally omitted where the English target is condensed.
S017	DOCK/Home/70. Migration Center 사용자 가이드__19955861.md	638	638	S017-D070-U336	table_row	| Primary Key 제약 | O | O | |	Primary Key 제약	arch/Home/Migration Center User Guide__19955861.md	467	covered	No English change required.	| Primary key constraint | O | O | |	none	S017 direct table-row alignment; screenshot columns intentionally omitted where the English target is condensed.
S017	DOCK/Home/70. Migration Center 사용자 가이드__19955861.md	639	639	S017-D070-U337	table_row	| Unique 제약 | O | O | |	Unique 제약	arch/Home/Migration Center User Guide__19955861.md	468	covered	No English change required.	| Unique constraint | O | O | |	none	S017 direct table-row alignment; screenshot columns intentionally omitted where the English target is condensed.
S017	DOCK/Home/70. Migration Center 사용자 가이드__19955861.md	640	640	S017-D070-U338	table_row	| Check 제약 | O | O | |	Check 제약	arch/Home/Migration Center User Guide__19955861.md	469	covered	No English change required.	| Check constraint | O | O | |	none	S017 direct table-row alignment; screenshot columns intentionally omitted where the English target is condensed.
S017	DOCK/Home/70. Migration Center 사용자 가이드__19955861.md	641	641	S017-D070-U339	table_row	| Foreign Key 제약 | O | O | |	Foreign Key 제약	arch/Home/Migration Center User Guide__19955861.md	470	covered	No English change required.	| Foreign key constraint | O | O | |	none	S017 direct table-row alignment; screenshot columns intentionally omitted where the English target is condensed.
S017	DOCK/Home/70. Migration Center 사용자 가이드__19955861.md	642	642	S017-D070-U340	table_row	| Index | O | O | |	Index	arch/Home/Migration Center User Guide__19955861.md	471	covered	No English change required.	| Index | O | O | |	none	S017 direct table-row alignment; screenshot columns intentionally omitted where the English target is condensed.
S017	DOCK/Home/70. Migration Center 사용자 가이드__19955861.md	643	643	S017-D070-U341	table_row	| Sequence | O | X | |	Sequence	arch/Home/Migration Center User Guide__19955861.md	472	covered	No English change required.	| Sequence | O | X | |	none	S017 direct table-row alignment; screenshot columns intentionally omitted where the English target is condensed.
S017	DOCK/Home/70. Migration Center 사용자 가이드__19955861.md	644	644	S017-D070-U342	table_row	| Queue | X | X | 변환 가능한 객체가 없기 때문에, build 단계에서 자동으로 제외된다. |	Queue	arch/Home/Migration Center User Guide__19955861.md	473	covered	No English change required.	| Queue | X | X | Automatically excluded during Build because no object can be converted. |	none	S017 direct table-row alignment; screenshot columns intentionally omitted where the English target is condensed.
S017	DOCK/Home/70. Migration Center 사용자 가이드__19955861.md	645	645	S017-D070-U343	table_row	| Private Synonym | 부분 지원 | X | 다른 schema 내의 객체를 참조하는 시노님도 마이그레이션 된다. |	Private Synonym	arch/Home/Migration Center User Guide__19955861.md	474	covered	No English change required.	| Private synonym | Partial | X | Synonyms that reference objects in other schemas are also migrated. |	none	S017 direct table-row alignment; screenshot columns intentionally omitted where the English target is condensed.
S017	DOCK/Home/70. Migration Center 사용자 가이드__19955861.md	646	646	S017-D070-U344	table_row	| Procedure | 부분 지원 | X | 별도의 변환 작업 없이 원본 DDL 그대로 수행된다. |	DDL	arch/Home/Migration Center User Guide__19955861.md	475	covered	No English change required.	| Procedure | Partial | X | The original DDL is executed without separate conversion. |	none	S017 direct table-row alignment; screenshot columns intentionally omitted where the English target is condensed.
S017	DOCK/Home/70. Migration Center 사용자 가이드__19955861.md	647	647	S017-D070-U345	table_row	| Function | 부분 지원 | X | |	Function	arch/Home/Migration Center User Guide__19955861.md	476	covered	No English change required.	| Function | Partial | X | |	none	S017 direct table-row alignment; screenshot columns intentionally omitted where the English target is condensed.
S017	DOCK/Home/70. Migration Center 사용자 가이드__19955861.md	648	648	S017-D070-U346	table_row	| Package | 부분 지원 | X | |	Package	arch/Home/Migration Center User Guide__19955861.md	477	covered	No English change required.	| Package | Partial | X | |	none	S017 direct table-row alignment; screenshot columns intentionally omitted where the English target is condensed.
S017	DOCK/Home/70. Migration Center 사용자 가이드__19955861.md	649	649	S017-D070-U347	table_row	| View | 부분 지원 | X | |	View	arch/Home/Migration Center User Guide__19955861.md	478	covered	No English change required.	| View | Partial | X | |	none	S017 direct table-row alignment; screenshot columns intentionally omitted where the English target is condensed.
S017	DOCK/Home/70. Migration Center 사용자 가이드__19955861.md	650	650	S017-D070-U348	table_row	| Materialized View | 부분 지원 | X | 별도의 변환 작업 없이 원본 DDL 그대로 수행된다.<br>참고로 Migration을 위해서는 베이스 테이블에 Primary Key가 있어야 한다. |	DDL	arch/Home/Migration Center User Guide__19955861.md	479	covered	No English change required.	| Materialized view | Partial | X | The original DDL is executed without separate conversion. The base table must have a primary key for migration. |	none	S017 direct table-row alignment; screenshot columns intentionally omitted where the English target is condensed.
S017	DOCK/Home/70. Migration Center 사용자 가이드__19955861.md	651	651	S017-D070-U349	table_row	| Trigger | 부분 지원 | X | 별도의 변환 작업 없이 원본 DDL 그대로 수행된다. |	DDL	arch/Home/Migration Center User Guide__19955861.md	480	covered	No English change required.	| Trigger | Partial | X | The original DDL is executed without separate conversion. |	none	S017 direct table-row alignment; screenshot columns intentionally omitted where the English target is condensed.
S017	DOCK/Home/70. Migration Center 사용자 가이드__19955861.md	653	653	S017-D070-U350	heading	## Cubrid to Altibase	Altibase	arch/Home/Migration Center User Guide__19955861.md	482	covered	No English change required.	## CUBRID to Altibase	none	S017 direct inspection.
S017	DOCK/Home/70. Migration Center 사용자 가이드__19955861.md	657	657	S017-D070-U351	table_row	| 객체 유형 | Build User 가능 여부 | Build Table 가능 여부 | 비고 |	객체 유형	arch/Home/Migration Center User Guide__19955861.md	486	covered	No English change required.	| Object type | Build User | Build Table | Notes |	none	S017 direct table-row alignment; screenshot columns intentionally omitted where the English target is condensed.
S017	DOCK/Home/70. Migration Center 사용자 가이드__19955861.md	659	659	S017-D070-U352	table_row	| Table | O | O | 테이블과 칼럼에 명시된 주석도 함께 마이그레이션 된다. |	Table	arch/Home/Migration Center User Guide__19955861.md	488	covered	No English change required.	| Table | O | O | Comments specified on tables and columns are also migrated. |	none	S017 direct table-row alignment; screenshot columns intentionally omitted where the English target is condensed.
S017	DOCK/Home/70. Migration Center 사용자 가이드__19955861.md	660	660	S017-D070-U353	table_row	| Primary Key 제약 | O | O | |	Primary Key 제약	arch/Home/Migration Center User Guide__19955861.md	489	covered	No English change required.	| Primary key constraint | O | O | |	none	S017 direct table-row alignment; screenshot columns intentionally omitted where the English target is condensed.
S017	DOCK/Home/70. Migration Center 사용자 가이드__19955861.md	661	661	S017-D070-U354	table_row	| Unique 제약 | O | O | |	Unique 제약	arch/Home/Migration Center User Guide__19955861.md	490	covered	No English change required.	| Unique constraint | O | O | |	none	S017 direct table-row alignment; screenshot columns intentionally omitted where the English target is condensed.
S017	DOCK/Home/70. Migration Center 사용자 가이드__19955861.md	662	662	S017-D070-U355	table_row	| Foreign Key 제약 | O | O | |	Foreign Key 제약	arch/Home/Migration Center User Guide__19955861.md	491	covered	No English change required.	| Foreign key constraint | O | O | |	none	S017 direct table-row alignment; screenshot columns intentionally omitted where the English target is condensed.
S017	DOCK/Home/70. Migration Center 사용자 가이드__19955861.md	663	663	S017-D070-U356	table_row	| Index | O | O | CUBRID의 Reverse index와 Prefix length index는 Altibase에서 지원하지 않는다.<br>Reverse index는 인덱스 생성 시 키 값을 역으로 넣는 방식으로, Altibase 마이그레이션에서 지원하지 않는다.<br>Prefix length index는 키 값의 일정 부분만을 인덱싱하는 기법으로, 마이그레이션 시 Alt...	Altibase	arch/Home/Migration Center User Guide__19955861.md	492	covered	No English change required.	| Index | O | O | CUBRID reverse indexes and prefix length indexes are not supported by Altibase. Reverse indexes store key values in reverse order and are not supported. Prefix length indexes index only part of a key...	none	S017 direct table-row alignment; screenshot columns intentionally omitted where the English target is condensed.
S017	DOCK/Home/70. Migration Center 사용자 가이드__19955861.md	664	664	S017-D070-U357	table_row	| auto_increment | O | O | Sequence로 마이그레이션 된다. |	auto_increment	arch/Home/Migration Center User Guide__19955861.md	493	covered	No English change required.	| `auto_increment` | O | O | Migrated as a sequence. |	none	S017 direct table-row alignment; screenshot columns intentionally omitted where the English target is condensed.
S017	DOCK/Home/70. Migration Center 사용자 가이드__19955861.md	665	665	S017-D070-U358	table_row	| Serial | O | X | |	Serial	arch/Home/Migration Center User Guide__19955861.md	494	covered	No English change required.	| Serial | O | X | |	none	S017 direct table-row alignment; screenshot columns intentionally omitted where the English target is condensed.
S017	DOCK/Home/70. Migration Center 사용자 가이드__19955861.md	666	666	S017-D070-U359	table_row	| Procedure | X | X | 구축(Build) 단계에서 원본 데이터베이스에서 수집한 객체 생성 구문을 SrcDbObj_Create.sql과 BuildReport4Unsupported.html 파일에 기록한다. |	SrcDbObj_Create.sql; BuildReport4Unsupported.html	arch/Home/Migration Center User Guide__19955861.md	495	covered	No English change required.	| Procedure | X | X | Object creation statements collected from the source database during Build are recorded in `SrcDbObj_Create.sql` and `BuildReport4Unsupported.html`. |	none	S017 direct table-row alignment; screenshot columns intentionally omitted where the English target is condensed.
S017	DOCK/Home/70. Migration Center 사용자 가이드__19955861.md	667	667	S017-D070-U360	table_row	| Function | X | X | |	Function	arch/Home/Migration Center User Guide__19955861.md	496	covered	No English change required.	| Function | X | X | |	none	S017 direct table-row alignment; screenshot columns intentionally omitted where the English target is condensed.
S017	DOCK/Home/70. Migration Center 사용자 가이드__19955861.md	668	668	S017-D070-U361	table_row	| View | X | X | |	View	arch/Home/Migration Center User Guide__19955861.md	497	covered	No English change required.	| View | X | X | |	none	S017 direct table-row alignment; screenshot columns intentionally omitted where the English target is condensed.
S017	DOCK/Home/70. Migration Center 사용자 가이드__19955861.md	669	669	S017-D070-U362	table_row	| Trigger | X | X | |	Trigger	arch/Home/Migration Center User Guide__19955861.md	498	covered	No English change required.	| Trigger | X | X | |	none	S017 direct table-row alignment; screenshot columns intentionally omitted where the English target is condensed.
S017	DOCK/Home/70. Migration Center 사용자 가이드__19955861.md	671	671	S017-D070-U363	heading	## Imformix to Altibase	Altibase	arch/Home/Migration Center User Guide__19955861.md	500	covered	No English change required.	## Informix to Altibase	none	S017 direct inspection.
S017	DOCK/Home/70. Migration Center 사용자 가이드__19955861.md	675	675	S017-D070-U364	table_row	| 객체 유형 | Build User 가능 여부 | Build Table 가능 여부 | 비고 |	객체 유형	arch/Home/Migration Center User Guide__19955861.md	504	covered	No English change required.	| Object type | Build User | Build Table | Notes |	none	S017 direct table-row alignment; screenshot columns intentionally omitted where the English target is condensed.
S017	DOCK/Home/70. Migration Center 사용자 가이드__19955861.md	677	677	S017-D070-U365	table_row	| Table | O | O | 테이블과 칼럼에 명시된 주석도 함께 마이그레이션 된다. |	Table	arch/Home/Migration Center User Guide__19955861.md	506	covered	No English change required.	| Table | O | O | Comments specified on tables and columns are also migrated. |	none	S017 direct table-row alignment; screenshot columns intentionally omitted where the English target is condensed.
S017	DOCK/Home/70. Migration Center 사용자 가이드__19955861.md	678	678	S017-D070-U366	table_row	| Primary Key 제약 | O | O | |	Primary Key 제약	arch/Home/Migration Center User Guide__19955861.md	507	covered	No English change required.	| Primary key constraint | O | O | |	none	S017 direct table-row alignment; screenshot columns intentionally omitted where the English target is condensed.
S017	DOCK/Home/70. Migration Center 사용자 가이드__19955861.md	679	679	S017-D070-U367	table_row	| Unique 제약 | O | O | |	Unique 제약	arch/Home/Migration Center User Guide__19955861.md	508	covered	No English change required.	| Unique constraint | O | O | |	none	S017 direct table-row alignment; screenshot columns intentionally omitted where the English target is condensed.
S017	DOCK/Home/70. Migration Center 사용자 가이드__19955861.md	680	680	S017-D070-U368	table_row	| Foreign Key 제약 | O | O | |	Foreign Key 제약	arch/Home/Migration Center User Guide__19955861.md	509	covered	No English change required.	| Foreign key constraint | O | O | |	none	S017 direct table-row alignment; screenshot columns intentionally omitted where the English target is condensed.
S017	DOCK/Home/70. Migration Center 사용자 가이드__19955861.md	681	681	S017-D070-U369	table_row	| Index | O | O | |	Index	arch/Home/Migration Center User Guide__19955861.md	510	covered	No English change required.	| Index | O | O | |	none	S017 direct table-row alignment; screenshot columns intentionally omitted where the English target is condensed.
S017	DOCK/Home/70. Migration Center 사용자 가이드__19955861.md	682	682	S017-D070-U370	table_row	| Serial 칼럼 타입 | O | O | Sequence로 마이그레이션 된다. |	Serial 칼럼 타입	arch/Home/Migration Center User Guide__19955861.md	511	covered	No English change required.	| Serial column type | O | O | Migrated as a sequence. |	none	S017 direct table-row alignment; screenshot columns intentionally omitted where the English target is condensed.
S017	DOCK/Home/70. Migration Center 사용자 가이드__19955861.md	683	683	S017-D070-U371	table_row	| Sequence | O | X | |	Sequence	arch/Home/Migration Center User Guide__19955861.md	512	covered	No English change required.	| Sequence | O | X | |	none	S017 direct table-row alignment; screenshot columns intentionally omitted where the English target is condensed.
S017	DOCK/Home/70. Migration Center 사용자 가이드__19955861.md	684	684	S017-D070-U372	table_row	| Private Synonym | 부분 지원 | X | 동일 schema 내의 객체를 참조하는 시노님만 마이그레이션 된다. |	Private Synonym	arch/Home/Migration Center User Guide__19955861.md	513	covered	No English change required.	| Private synonym | Partial | X | Only synonyms that reference objects in the same schema are migrated. |	none	S017 direct table-row alignment; screenshot columns intentionally omitted where the English target is condensed.
S017	DOCK/Home/70. Migration Center 사용자 가이드__19955861.md	685	685	S017-D070-U373	table_row	| Procedure | X | X | 구축(Build) 단계에서 원본 데이터베이스에서 수집한 객체 생성 구문을 SrcDbObj_Create.sql과 BuildReport4Unsupported.html 파일에 기록한다. |	SrcDbObj_Create.sql; BuildReport4Unsupported.html	arch/Home/Migration Center User Guide__19955861.md	514	covered	No English change required.	| Procedure | X | X | Object creation statements collected from the source database during Build are recorded in `SrcDbObj_Create.sql` and `BuildReport4Unsupported.html`. |	none	S017 direct table-row alignment; screenshot columns intentionally omitted where the English target is condensed.
S017	DOCK/Home/70. Migration Center 사용자 가이드__19955861.md	686	686	S017-D070-U374	table_row	| Function | X | X | |	Function	arch/Home/Migration Center User Guide__19955861.md	515	covered	No English change required.	| Function | X | X | |	none	S017 direct table-row alignment; screenshot columns intentionally omitted where the English target is condensed.
S017	DOCK/Home/70. Migration Center 사용자 가이드__19955861.md	687	687	S017-D070-U375	table_row	| View | X | X | |	View	arch/Home/Migration Center User Guide__19955861.md	516	covered	No English change required.	| View | X | X | |	none	S017 direct table-row alignment; screenshot columns intentionally omitted where the English target is condensed.
S017	DOCK/Home/70. Migration Center 사용자 가이드__19955861.md	688	688	S017-D070-U376	table_row	| Trigger | X | X | |	Trigger	arch/Home/Migration Center User Guide__19955861.md	517	covered	No English change required.	| Trigger | X | X | |	none	S017 direct table-row alignment; screenshot columns intentionally omitted where the English target is condensed.
S017	DOCK/Home/70. Migration Center 사용자 가이드__19955861.md	690	690	S017-D070-U377	heading	## MySQL to Altibase	Altibase	arch/Home/Migration Center User Guide__19955861.md	519	covered	No English change required.	## MySQL to Altibase	none	S017 direct inspection.
S017	DOCK/Home/70. Migration Center 사용자 가이드__19955861.md	694	694	S017-D070-U378	table_row	| 객체 유형 | Build User 가능 여부 | Build Table 가능 여부 | 비고 |	객체 유형	arch/Home/Migration Center User Guide__19955861.md	523	covered	No English change required.	| Object type | Build User | Build Table | Notes |	none	S017 direct table-row alignment; screenshot columns intentionally omitted where the English target is condensed.
S017	DOCK/Home/70. Migration Center 사용자 가이드__19955861.md	696	696	S017-D070-U379	table_row	| Table | O | O | 테이블과 칼럼에 명시된 주석도 함께 마이그레이션 된다. |	Table	arch/Home/Migration Center User Guide__19955861.md	525	covered	No English change required.	| Table | O | O | Comments specified on tables and columns are also migrated. |	none	S017 direct table-row alignment; screenshot columns intentionally omitted where the English target is condensed.
S017	DOCK/Home/70. Migration Center 사용자 가이드__19955861.md	697	697	S017-D070-U380	table_row	| Primary Key 제약 | O | O | |	Primary Key 제약	arch/Home/Migration Center User Guide__19955861.md	526	covered	No English change required.	| Primary key constraint | O | O | |	none	S017 direct table-row alignment; screenshot columns intentionally omitted where the English target is condensed.
S017	DOCK/Home/70. Migration Center 사용자 가이드__19955861.md	698	698	S017-D070-U381	table_row	| Unique 제약 | O | O | |	Unique 제약	arch/Home/Migration Center User Guide__19955861.md	527	covered	No English change required.	| Unique constraint | O | O | |	none	S017 direct table-row alignment; screenshot columns intentionally omitted where the English target is condensed.
S017	DOCK/Home/70. Migration Center 사용자 가이드__19955861.md	699	699	S017-D070-U382	table_row	| Check 제약 | O | O | |	Check 제약	arch/Home/Migration Center User Guide__19955861.md	528	covered	No English change required.	| Check constraint | O | O | |	none	S017 direct table-row alignment; screenshot columns intentionally omitted where the English target is condensed.
S017	DOCK/Home/70. Migration Center 사용자 가이드__19955861.md	700	700	S017-D070-U383	table_row	| Foreign Key 제약 | O | O | |	Foreign Key 제약	arch/Home/Migration Center User Guide__19955861.md	529	covered	No English change required.	| Foreign key constraint | O | O | |	none	S017 direct table-row alignment; screenshot columns intentionally omitted where the English target is condensed.
S017	DOCK/Home/70. Migration Center 사용자 가이드__19955861.md	701	701	S017-D070-U384	table_row	| Index | O | O | |	Index	arch/Home/Migration Center User Guide__19955861.md	530	covered	No English change required.	| Index | O | O | |	none	S017 direct table-row alignment; screenshot columns intentionally omitted where the English target is condensed.
S017	DOCK/Home/70. Migration Center 사용자 가이드__19955861.md	702	702	S017-D070-U385	table_row	| auto_increment 칼럼 속성 | O | O | Sequence로 마이그레이션 된다. |	auto_increment 칼럼 속성	arch/Home/Migration Center User Guide__19955861.md	531	covered	No English change required.	| `auto_increment` column attribute | O | O | Migrated as a sequence. |	none	S017 direct table-row alignment; screenshot columns intentionally omitted where the English target is condensed.
S017	DOCK/Home/70. Migration Center 사용자 가이드__19955861.md	703	703	S017-D070-U386	table_row	| Procedure | X | X | 구축(Build) 단계에서 원본 데이터베이스에서 수집한 객체 생성 구문을 SrcDbObj_Create.sql과 BuildReport4Unsupported.html 파일에 기록한다. |	SrcDbObj_Create.sql; BuildReport4Unsupported.html	arch/Home/Migration Center User Guide__19955861.md	532	covered	No English change required.	| Procedure | X | X | Object creation statements collected from the source database during Build are recorded in `SrcDbObj_Create.sql` and `BuildReport4Unsupported.html`. |	none	S017 direct table-row alignment; screenshot columns intentionally omitted where the English target is condensed.
S017	DOCK/Home/70. Migration Center 사용자 가이드__19955861.md	704	704	S017-D070-U387	table_row	| Function | X | X | |	Function	arch/Home/Migration Center User Guide__19955861.md	533	covered	No English change required.	| Function | X | X | |	none	S017 direct table-row alignment; screenshot columns intentionally omitted where the English target is condensed.
S017	DOCK/Home/70. Migration Center 사용자 가이드__19955861.md	705	705	S017-D070-U388	table_row	| View | X | X | |	View	arch/Home/Migration Center User Guide__19955861.md	534	covered	No English change required.	| View | X | X | |	none	S017 direct table-row alignment; screenshot columns intentionally omitted where the English target is condensed.
S017	DOCK/Home/70. Migration Center 사용자 가이드__19955861.md	706	706	S017-D070-U389	table_row	| Trigger | X | X | |	Trigger	arch/Home/Migration Center User Guide__19955861.md	535	covered	No English change required.	| Trigger | X | X | |	none	S017 direct table-row alignment; screenshot columns intentionally omitted where the English target is condensed.
S017	DOCK/Home/70. Migration Center 사용자 가이드__19955861.md	708	708	S017-D070-U390	heading	## Oracle to Altibase	Oracle; Altibase	arch/Home/Migration Center User Guide__19955861.md	537	covered	No English change required.	## Oracle to Altibase	none	S017 direct inspection.
S017	DOCK/Home/70. Migration Center 사용자 가이드__19955861.md	712	712	S017-D070-U391	table_row	| 객체 유형 | Build User 가능 여부 | Build Table 가능 여부 | 비고 |	객체 유형	arch/Home/Migration Center User Guide__19955861.md	541	covered	No English change required.	| Object type | Build User | Build Table | Notes |	none	S017 direct table-row alignment; screenshot columns intentionally omitted where the English target is condensed.
S017	DOCK/Home/70. Migration Center 사용자 가이드__19955861.md	714	714	S017-D070-U392	table_row	| Table | O | O | 임시 테이블을 마이그레이션 하기 위해서는 휘발성 테이블스페이스가 Altibase에 있어야 한다.<br>Altibase의 임시 테이블은 휘발성 테이블스페이스에만 생성할 수 있기 때문이다.테이블과 칼럼에 명시된 주석(comment)도 함께 마이그레이션 된다. |	Table	arch/Home/Migration Center User Guide__19955861.md	543	covered	No English change required.	| Table | O | O | To migrate temporary tables, a volatile tablespace must exist in Altibase because Altibase temporary tables can be created only in volatile tablespaces. Comments specified on tables and columns are a...	none	S017 direct table-row alignment; screenshot columns intentionally omitted where the English target is condensed.
S017	DOCK/Home/70. Migration Center 사용자 가이드__19955861.md	715	715	S017-D070-U393	table_row	| Primary Key 제약 | O | O | |	Primary Key 제약	arch/Home/Migration Center User Guide__19955861.md	544	covered	No English change required.	| Primary key constraint | O | O | |	none	S017 direct table-row alignment; screenshot columns intentionally omitted where the English target is condensed.
S017	DOCK/Home/70. Migration Center 사용자 가이드__19955861.md	716	716	S017-D070-U394	table_row	| Unique 제약 | O | O | |	Unique 제약	arch/Home/Migration Center User Guide__19955861.md	545	covered	No English change required.	| Unique constraint | O | O | |	none	S017 direct table-row alignment; screenshot columns intentionally omitted where the English target is condensed.
S017	DOCK/Home/70. Migration Center 사용자 가이드__19955861.md	717	717	S017-D070-U395	table_row	| Check 제약 | O | O | |	Check 제약	arch/Home/Migration Center User Guide__19955861.md	546	covered	No English change required.	| Check constraint | O | O | |	none	S017 direct table-row alignment; screenshot columns intentionally omitted where the English target is condensed.
S017	DOCK/Home/70. Migration Center 사용자 가이드__19955861.md	718	718	S017-D070-U396	table_row	| Foreign Key 제약 | O | O | |	Foreign Key 제약	arch/Home/Migration Center User Guide__19955861.md	547	covered	No English change required.	| Foreign key constraint | O | O | |	none	S017 direct table-row alignment; screenshot columns intentionally omitted where the English target is condensed.
S017	DOCK/Home/70. Migration Center 사용자 가이드__19955861.md	719	719	S017-D070-U397	table_row	| Index | O | O | |	Index	arch/Home/Migration Center User Guide__19955861.md	548	covered	No English change required.	| Index | O | O | |	none	S017 direct table-row alignment; screenshot columns intentionally omitted where the English target is condensed.
S017	DOCK/Home/70. Migration Center 사용자 가이드__19955861.md	720	720	S017-D070-U398	table_row	| Sequence | O | X | |	Sequence	arch/Home/Migration Center User Guide__19955861.md	549	covered	No English change required.	| Sequence | O | X | |	none	S017 direct table-row alignment; screenshot columns intentionally omitted where the English target is condensed.
S017	DOCK/Home/70. Migration Center 사용자 가이드__19955861.md	721	721	S017-D070-U399	table_row	| Private Synonym | 부분 지원 | X | 동일 schema 내의 객체를 참조하는 시노님만 마이그레이션 된다. |	Private Synonym	arch/Home/Migration Center User Guide__19955861.md	550	covered	No English change required.	| Private synonym | Partial | X | Only synonyms that reference objects in the same schema are migrated. |	none	S017 direct table-row alignment; screenshot columns intentionally omitted where the English target is condensed.
S017	DOCK/Home/70. Migration Center 사용자 가이드__19955861.md	722	722	S017-D070-U400	table_row	| Procedure | 부분 지원 | X | PSM 변환기에 정의된 규칙에 따라 객체 생성 문장을 변환하고 마이그레이션을 시도한다. |	PSM	arch/Home/Migration Center User Guide__19955861.md	551	covered	No English change required.	| Procedure | Partial | X | Migration Center converts and attempts to migrate object creation statements according to rules defined in the PSM converter. |	none	S017 direct table-row alignment; screenshot columns intentionally omitted where the English target is condensed.
S017	DOCK/Home/70. Migration Center 사용자 가이드__19955861.md	723	723	S017-D070-U401	table_row	| Function | 부분 지원 | X | |	Function	arch/Home/Migration Center User Guide__19955861.md	552	covered	No English change required.	| Function | Partial | X | |	none	S017 direct table-row alignment; screenshot columns intentionally omitted where the English target is condensed.
S017	DOCK/Home/70. Migration Center 사용자 가이드__19955861.md	724	724	S017-D070-U402	table_row	| Package | 부분 지원 | X | |	Package	arch/Home/Migration Center User Guide__19955861.md	553	covered	No English change required.	| Package | Partial | X | |	none	S017 direct table-row alignment; screenshot columns intentionally omitted where the English target is condensed.
S017	DOCK/Home/70. Migration Center 사용자 가이드__19955861.md	725	725	S017-D070-U403	table_row	| View | 부분 지원 | X | |	View	arch/Home/Migration Center User Guide__19955861.md	554	covered	No English change required.	| View | Partial | X | |	none	S017 direct table-row alignment; screenshot columns intentionally omitted where the English target is condensed.
S017	DOCK/Home/70. Migration Center 사용자 가이드__19955861.md	726	726	S017-D070-U404	table_row	| Materialized View | 부분 지원 | X | |	Materialized View	arch/Home/Migration Center User Guide__19955861.md	555	covered	No English change required.	| Materialized view | Partial | X | |	none	S017 direct table-row alignment; screenshot columns intentionally omitted where the English target is condensed.
S017	DOCK/Home/70. Migration Center 사용자 가이드__19955861.md	727	727	S017-D070-U405	table_row	| Trigger | 부분 지원 | X | |	Trigger	arch/Home/Migration Center User Guide__19955861.md	556	covered	No English change required.	| Trigger | Partial | X | |	none	S017 direct table-row alignment; screenshot columns intentionally omitted where the English target is condensed.
S017	DOCK/Home/70. Migration Center 사용자 가이드__19955861.md	729	729	S017-D070-U406	heading	## MSSQL to Altibase	MSSQL; Altibase	arch/Home/Migration Center User Guide__19955861.md	558	covered	No English change required.	## MSSQL to Altibase	none	S017 direct inspection.
S017	DOCK/Home/70. Migration Center 사용자 가이드__19955861.md	733	733	S017-D070-U407	table_row	| 객체 유형 | Build User 가능 여부 | Build Table 가능 여부 | 비고 |	객체 유형	arch/Home/Migration Center User Guide__19955861.md	562	covered	No English change required.	| Object type | Build User | Build Table | Notes |	none	S017 direct table-row alignment; screenshot columns intentionally omitted where the English target is condensed.
S017	DOCK/Home/70. Migration Center 사용자 가이드__19955861.md	735	735	S017-D070-U408	table_row	| Table | O | O | 테이블과 칼럼에 명시된 주석도 함께 마이그레이션 된다. |	Table	arch/Home/Migration Center User Guide__19955861.md	564	covered	No English change required.	| Table | O | O | Comments specified on tables and columns are also migrated. |	none	S017 direct table-row alignment; screenshot columns intentionally omitted where the English target is condensed.
S017	DOCK/Home/70. Migration Center 사용자 가이드__19955861.md	736	736	S017-D070-U409	table_row	| Primary Key 제약 | O | O | |	Primary Key 제약	arch/Home/Migration Center User Guide__19955861.md	565	covered	No English change required.	| Primary key constraint | O | O | |	none	S017 direct table-row alignment; screenshot columns intentionally omitted where the English target is condensed.
S017	DOCK/Home/70. Migration Center 사용자 가이드__19955861.md	737	737	S017-D070-U410	table_row	| Unique 제약 | O | O | |	Unique 제약	arch/Home/Migration Center User Guide__19955861.md	566	covered	No English change required.	| Unique constraint | O | O | |	none	S017 direct table-row alignment; screenshot columns intentionally omitted where the English target is condensed.
S017	DOCK/Home/70. Migration Center 사용자 가이드__19955861.md	738	738	S017-D070-U411	table_row	| Check 제약 | O | O | |	Check 제약	arch/Home/Migration Center User Guide__19955861.md	567	covered	No English change required.	| Check constraint | O | O | |	none	S017 direct table-row alignment; screenshot columns intentionally omitted where the English target is condensed.
S017	DOCK/Home/70. Migration Center 사용자 가이드__19955861.md	739	739	S017-D070-U412	table_row	| Foreign Key 제약 | O | O | |	Foreign Key 제약	arch/Home/Migration Center User Guide__19955861.md	568	covered	No English change required.	| Foreign key constraint | O | O | |	none	S017 direct table-row alignment; screenshot columns intentionally omitted where the English target is condensed.
S017	DOCK/Home/70. Migration Center 사용자 가이드__19955861.md	740	740	S017-D070-U413	table_row	| Index | O | O | |	Index	arch/Home/Migration Center User Guide__19955861.md	569	covered	No English change required.	| Index | O | O | |	none	S017 direct table-row alignment; screenshot columns intentionally omitted where the English target is condensed.
S017	DOCK/Home/70. Migration Center 사용자 가이드__19955861.md	741	741	S017-D070-U414	table_row	| Identity 칼럼 속성 | O | O | Sequence로 마이그레이션 된다. |	Identity 칼럼 속성	arch/Home/Migration Center User Guide__19955861.md	570	covered	No English change required.	| Identity column attribute | O | O | Migrated as a sequence. |	none	S017 direct table-row alignment; screenshot columns intentionally omitted where the English target is condensed.
S017	DOCK/Home/70. Migration Center 사용자 가이드__19955861.md	742	742	S017-D070-U415	table_row	| Sequence | O | X | SQL Server 2012 지원 |	SQL; SQL Server; 2012	arch/Home/Migration Center User Guide__19955861.md	571	covered	No English change required.	| Sequence | O | X | SQL Server 2012 is supported. |	none	S017 direct table-row alignment; screenshot columns intentionally omitted where the English target is condensed.
S017	DOCK/Home/70. Migration Center 사용자 가이드__19955861.md	743	743	S017-D070-U416	table_row	| Private Synonym | 부분 지원 | X | 동일 schema 내의 객체를 참조하는 시노님만 마이그레이션 된다. |	Private Synonym	arch/Home/Migration Center User Guide__19955861.md	572	covered	No English change required.	| Private synonym | Partial | X | Only synonyms that reference objects in the same schema are migrated. |	none	S017 direct table-row alignment; screenshot columns intentionally omitted where the English target is condensed.
S017	DOCK/Home/70. Migration Center 사용자 가이드__19955861.md	744	744	S017-D070-U417	table_row	| Procedure | X | X | 구축(Build) 단계에서 원본 데이터베이스에서 수집한 객체 생성 구문을 SrcDbObj_Create.sql과 BuildReport4Unsupported.html 파일에 기록한다. |	SrcDbObj_Create.sql; BuildReport4Unsupported.html	arch/Home/Migration Center User Guide__19955861.md	573	covered	No English change required.	| Procedure | X | X | Object creation statements collected from the source database during Build are recorded in `SrcDbObj_Create.sql` and `BuildReport4Unsupported.html`. |	none	S017 direct table-row alignment; screenshot columns intentionally omitted where the English target is condensed.
S017	DOCK/Home/70. Migration Center 사용자 가이드__19955861.md	745	745	S017-D070-U418	table_row	| Function | X | X | |	Function	arch/Home/Migration Center User Guide__19955861.md	574	covered	No English change required.	| Function | X | X | |	none	S017 direct table-row alignment; screenshot columns intentionally omitted where the English target is condensed.
S017	DOCK/Home/70. Migration Center 사용자 가이드__19955861.md	746	746	S017-D070-U419	table_row	| View | X | X | |	View	arch/Home/Migration Center User Guide__19955861.md	575	covered	No English change required.	| View | X | X | |	none	S017 direct table-row alignment; screenshot columns intentionally omitted where the English target is condensed.
S017	DOCK/Home/70. Migration Center 사용자 가이드__19955861.md	747	747	S017-D070-U420	table_row	| Trigger | X | X | |	Trigger	arch/Home/Migration Center User Guide__19955861.md	576	covered	No English change required.	| Trigger | X | X | |	none	S017 direct table-row alignment; screenshot columns intentionally omitted where the English target is condensed.
S017	DOCK/Home/70. Migration Center 사용자 가이드__19955861.md	749	749	S017-D070-U421	heading	## TimesTen to Altibase	Altibase	arch/Home/Migration Center User Guide__19955861.md	578	covered	No English change required.	## TimesTen to Altibase	none	S017 direct inspection.
S017	DOCK/Home/70. Migration Center 사용자 가이드__19955861.md	753	753	S017-D070-U422	table_row	| 객체 유형 | Build User 가능 여부 | Build Table 가능 여부 | 비고 |	객체 유형	arch/Home/Migration Center User Guide__19955861.md	582	covered	No English change required.	| Object type | Build User | Build Table | Notes |	none	S017 direct table-row alignment; screenshot columns intentionally omitted where the English target is condensed.
S017	DOCK/Home/70. Migration Center 사용자 가이드__19955861.md	755	755	S017-D070-U423	table_row	| Table | O | O | 임시 테이블을 Altibase로 마이그레이션 하기 위해서는 휘발성 테이블스페이스가 Altibase에 있어야 한다.<br>Altibase의 임시 테이블은 휘발성 테이블스페이스에만 생성할 수 있기 때문이다. 테이블과 칼럼에 명시된 주석(comment)도 함께 마이그레이션 된다. |	Table	arch/Home/Migration Center User Guide__19955861.md	584	covered	No English change required.	| Table | O | O | To migrate temporary tables to Altibase, a volatile tablespace must exist in Altibase because Altibase temporary tables can be created only in volatile tablespaces. Comments specified on tables and c...	none	S017 direct table-row alignment; screenshot columns intentionally omitted where the English target is condensed.
S017	DOCK/Home/70. Migration Center 사용자 가이드__19955861.md	756	756	S017-D070-U424	table_row	| Primary Key 제약 | O | O | |	Primary Key 제약	arch/Home/Migration Center User Guide__19955861.md	585	covered	No English change required.	| Primary key constraint | O | O | |	none	S017 direct table-row alignment; screenshot columns intentionally omitted where the English target is condensed.
S017	DOCK/Home/70. Migration Center 사용자 가이드__19955861.md	757	757	S017-D070-U425	table_row	| Unique 제약 | O | O | |	Unique 제약	arch/Home/Migration Center User Guide__19955861.md	586	covered	No English change required.	| Unique constraint | O | O | |	none	S017 direct table-row alignment; screenshot columns intentionally omitted where the English target is condensed.
S017	DOCK/Home/70. Migration Center 사용자 가이드__19955861.md	758	758	S017-D070-U426	table_row	| Foreign Key 제약 | O | O | |	Foreign Key 제약	arch/Home/Migration Center User Guide__19955861.md	587	covered	No English change required.	| Foreign key constraint | O | O | |	none	S017 direct table-row alignment; screenshot columns intentionally omitted where the English target is condensed.
S017	DOCK/Home/70. Migration Center 사용자 가이드__19955861.md	759	759	S017-D070-U427	table_row	| Index | O | O | TimesTen의 인덱스는 정렬 순서(ASC/DESC)나 크기에 대한 정보를 제공하지 않는다. 따라서 인덱스 순서는 기본값(ASC)으로 이관하며, 크기는 표시하지 않는다.<br>TimesTen에서 제공되는 세 가지(hash, range, bitmap) 인덱스 중에서 hash·range 인덱스는 Altibase의 B-tree index로 변환되어 생성되며,...	ASC/DESC; ASC	arch/Home/Migration Center User Guide__19955861.md	588	covered	No English change required.	| Index | O | O | TimesTen indexes do not provide information about sort order (`ASC` or `DESC`) or size. Therefore, index order is migrated as the default value `ASC`, and size is not displayed. Among the three Times...	none	S017 direct table-row alignment; screenshot columns intentionally omitted where the English target is condensed.
S017	DOCK/Home/70. Migration Center 사용자 가이드__19955861.md	760	760	S017-D070-U428	table_row	| Sequence | O | X | |	Sequence	arch/Home/Migration Center User Guide__19955861.md	589	covered	No English change required.	| Sequence | O | X | |	none	S017 direct table-row alignment; screenshot columns intentionally omitted where the English target is condensed.
S017	DOCK/Home/70. Migration Center 사용자 가이드__19955861.md	761	761	S017-D070-U429	table_row	| Private Synonym | 부분 지원 | X | 동일 schema 내의 객체를 참조하는 시노님만 마이그레이션 된다. |	Private Synonym	arch/Home/Migration Center User Guide__19955861.md	590	covered	No English change required.	| Private synonym | Partial | X | Only synonyms that reference objects in the same schema are migrated. |	none	S017 direct table-row alignment; screenshot columns intentionally omitted where the English target is condensed.
S017	DOCK/Home/70. Migration Center 사용자 가이드__19955861.md	762	762	S017-D070-U430	table_row	| Procedure | 부분 지원 | X | TimesTen 11.2 지원 |	11.2	arch/Home/Migration Center User Guide__19955861.md	591	covered	No English change required.	| Procedure | Partial | X | TimesTen 11.2 is supported. |	none	S017 direct table-row alignment; screenshot columns intentionally omitted where the English target is condensed.
S017	DOCK/Home/70. Migration Center 사용자 가이드__19955861.md	763	763	S017-D070-U431	table_row	| Function | 부분 지원 | X | |	Function	arch/Home/Migration Center User Guide__19955861.md	592	covered	No English change required.	| Function | Partial | X | |	none	S017 direct table-row alignment; screenshot columns intentionally omitted where the English target is condensed.
S017	DOCK/Home/70. Migration Center 사용자 가이드__19955861.md	764	764	S017-D070-U432	table_row	| Package | 부분 지원 | X | |	Package	arch/Home/Migration Center User Guide__19955861.md	593	covered	No English change required.	| Package | Partial | X | |	none	S017 direct table-row alignment; screenshot columns intentionally omitted where the English target is condensed.
S017	DOCK/Home/70. Migration Center 사용자 가이드__19955861.md	765	765	S017-D070-U433	table_row	| View | 부분 지원 | X | |	View	arch/Home/Migration Center User Guide__19955861.md	594	covered	No English change required.	| View | Partial | X | |	none	S017 direct table-row alignment; screenshot columns intentionally omitted where the English target is condensed.
S017	DOCK/Home/70. Migration Center 사용자 가이드__19955861.md	766	766	S017-D070-U434	table_row	| Materialized View | 부분 지원 | X | |	Materialized View	arch/Home/Migration Center User Guide__19955861.md	595	covered	No English change required.	| Materialized view | Partial | X | |	none	S017 direct table-row alignment; screenshot columns intentionally omitted where the English target is condensed.
S017	DOCK/Home/70. Migration Center 사용자 가이드__19955861.md	767	767	S017-D070-U435	table_row	| Trigger | 부분 지원 | X | |	Trigger	arch/Home/Migration Center User Guide__19955861.md	596	covered	No English change required.	| Trigger | Partial | X | |	none	S017 direct table-row alignment; screenshot columns intentionally omitted where the English target is condensed.
S017	DOCK/Home/70. Migration Center 사용자 가이드__19955861.md	769	769	S017-D070-U436	heading	## Tibero to Altibase	Altibase	arch/Home/Migration Center User Guide__19955861.md	598	covered	No English change required.	## Tibero to Altibase	none	S017 direct inspection.
S017	DOCK/Home/70. Migration Center 사용자 가이드__19955861.md	773	773	S017-D070-U437	table_row	| 객체 유형 | Build User 가능 여부 | Build Table 가능 여부 | 비고 |	객체 유형	arch/Home/Migration Center User Guide__19955861.md	602	covered	No English change required.	| Object type | Build User | Build Table | Notes |	none	S017 direct table-row alignment; screenshot columns intentionally omitted where the English target is condensed.
S017	DOCK/Home/70. Migration Center 사용자 가이드__19955861.md	775	775	S017-D070-U438	table_row	| Table | O | O | Tibero의 임시 테이블을 Altibase로 마이그레이션 하기 위해서는 휘발성 테이블스페이스가 Altibase에 있어야 한다.<br>Altibase의 임시 테이블은 휘발성 테이블스페이스에만 생성할 수 있기 때문이다. 테이블과 칼럼에 명시된 주석(comment)도 함께 마이그레이션 된다. |	Table	arch/Home/Migration Center User Guide__19955861.md	604	covered	No English change required.	| Table | O | O | To migrate Tibero temporary tables to Altibase, a volatile tablespace must exist in Altibase because Altibase temporary tables can be created only in volatile tablespaces. Comments specified on table...	none	S017 direct table-row alignment; screenshot columns intentionally omitted where the English target is condensed.
S017	DOCK/Home/70. Migration Center 사용자 가이드__19955861.md	776	776	S017-D070-U439	table_row	| Primary Key 제약 | O | O | |	Primary Key 제약	arch/Home/Migration Center User Guide__19955861.md	605	covered	No English change required.	| Primary key constraint | O | O | |	none	S017 direct table-row alignment; screenshot columns intentionally omitted where the English target is condensed.
S017	DOCK/Home/70. Migration Center 사용자 가이드__19955861.md	777	777	S017-D070-U440	table_row	| Unique 제약 | O | O | |	Unique 제약	arch/Home/Migration Center User Guide__19955861.md	606	covered	No English change required.	| Unique constraint | O | O | |	none	S017 direct table-row alignment; screenshot columns intentionally omitted where the English target is condensed.
S017	DOCK/Home/70. Migration Center 사용자 가이드__19955861.md	778	778	S017-D070-U441	table_row	| Check 제약 | O | O | |	Check 제약	arch/Home/Migration Center User Guide__19955861.md	607	covered	No English change required.	| Check constraint | O | O | |	none	S017 direct table-row alignment; screenshot columns intentionally omitted where the English target is condensed.
S017	DOCK/Home/70. Migration Center 사용자 가이드__19955861.md	779	779	S017-D070-U442	table_row	| Foreign Key 제약 | O | O | |	Foreign Key 제약	arch/Home/Migration Center User Guide__19955861.md	608	covered	No English change required.	| Foreign key constraint | O | O | |	none	S017 direct table-row alignment; screenshot columns intentionally omitted where the English target is condensed.
S017	DOCK/Home/70. Migration Center 사용자 가이드__19955861.md	780	780	S017-D070-U443	table_row	| Index | O | O | Tibero의 LOB 타입 칼럼에 자동으로 생성되는 index는 Altibase에서 지원하지 않으므로 이관되지 않는다 |	LOB	arch/Home/Migration Center User Guide__19955861.md	609	covered	No English change required.	| Index | O | O | Indexes automatically created on Tibero LOB type columns are not migrated because Altibase does not support them. |	none	S017 direct table-row alignment; screenshot columns intentionally omitted where the English target is condensed.
S017	DOCK/Home/70. Migration Center 사용자 가이드__19955861.md	781	781	S017-D070-U444	table_row	| Sequence | O | X | |	Sequence	arch/Home/Migration Center User Guide__19955861.md	610	covered	No English change required.	| Sequence | O | X | |	none	S017 direct table-row alignment; screenshot columns intentionally omitted where the English target is condensed.
S017	DOCK/Home/70. Migration Center 사용자 가이드__19955861.md	782	782	S017-D070-U445	table_row	| Private Synonym | 부분 지원 | X | 동일 schema 내의 객체를 참조하는 시노님만 마이그레이션 된다. |	Private Synonym	arch/Home/Migration Center User Guide__19955861.md	611	covered	No English change required.	| Private synonym | Partial | X | Only synonyms that reference objects in the same schema are migrated. |	none	S017 direct table-row alignment; screenshot columns intentionally omitted where the English target is condensed.
S017	DOCK/Home/70. Migration Center 사용자 가이드__19955861.md	783	783	S017-D070-U446	table_row	| Procedure | 부분 지원 | X | PSM 변환기에 정의된 규칙에 따라 객체 생성 문장을 변환하고 마이그레이션을 시도한다. |	PSM	arch/Home/Migration Center User Guide__19955861.md	612	covered	No English change required.	| Procedure | Partial | X | Migration Center converts and attempts to migrate object creation statements according to rules defined in the PSM converter. |	none	S017 direct table-row alignment; screenshot columns intentionally omitted where the English target is condensed.
S017	DOCK/Home/70. Migration Center 사용자 가이드__19955861.md	784	784	S017-D070-U447	table_row	| Function | 부분 지원 | X | |	Function	arch/Home/Migration Center User Guide__19955861.md	613	covered	No English change required.	| Function | Partial | X | |	none	S017 direct table-row alignment; screenshot columns intentionally omitted where the English target is condensed.
S017	DOCK/Home/70. Migration Center 사용자 가이드__19955861.md	785	785	S017-D070-U448	table_row	| Package | 부분 지원 | X | |	Package	arch/Home/Migration Center User Guide__19955861.md	614	covered	No English change required.	| Package | Partial | X | |	none	S017 direct table-row alignment; screenshot columns intentionally omitted where the English target is condensed.
S017	DOCK/Home/70. Migration Center 사용자 가이드__19955861.md	786	786	S017-D070-U449	table_row	| View | 부분 지원 | X | |	View	arch/Home/Migration Center User Guide__19955861.md	615	covered	No English change required.	| View | Partial | X | |	none	S017 direct table-row alignment; screenshot columns intentionally omitted where the English target is condensed.
S017	DOCK/Home/70. Migration Center 사용자 가이드__19955861.md	787	787	S017-D070-U450	table_row	| Materialized View | 부분 지원 | X | |	Materialized View	arch/Home/Migration Center User Guide__19955861.md	616	covered	No English change required.	| Materialized view | Partial | X | |	none	S017 direct table-row alignment; screenshot columns intentionally omitted where the English target is condensed.
S017	DOCK/Home/70. Migration Center 사용자 가이드__19955861.md	788	788	S017-D070-U451	table_row	| Trigger | 부분 지원 | X | |	Trigger	arch/Home/Migration Center User Guide__19955861.md	617	covered	No English change required.	| Trigger | Partial | X | |	none	S017 direct table-row alignment; screenshot columns intentionally omitted where the English target is condensed.
S017	DOCK/Home/70. Migration Center 사용자 가이드__19955861.md	790	790	S017-D070-U452	paragraph	참고	section semantics	arch/Home/Migration Center User Guide__19955861.md	598	covered	No English change required.	## Tibero to Altibase	none	S017 direct inspection; Migration Center English target is condensed but preserves actionable semantics.
S017	DOCK/Home/70. Migration Center 사용자 가이드__19955861.md	792	792	S017-D070-U453	paragraph	Tibero의 Procedure, Function, View, Materialized View, Trigger는 객체를 마이그레이션 하기 위해 Third-Party에서 제공하는 Oracle용 SQL 파서를 사용한다.	SQL	arch/Home/Migration Center User Guide__19955861.md	619	covered	No English change required.	Tibero procedures, functions, views, materialized views, and triggers are migrated by using a third-party SQL parser for Oracle. Therefore, Tibero-specific syntax that is not compatible with Oracle syntax can cause pa...	none	S017 direct inspection; Migration Center English target is condensed but preserves actionable semantics.
S017	DOCK/Home/70. Migration Center 사용자 가이드__19955861.md	794	794	S017-D070-U454	paragraph	따라서, Oracle 문법과 호환되지 않는 Tibero 고유의 문법으로 생성된 객체는 변환과정에서 파싱 에러가 발생가능하며, 이 경우 사용자가 수동으로 문법을 변환해야 한다.	Oracle	arch/Home/Migration Center User Guide__19955861.md	619	covered	No English change required.	Tibero procedures, functions, views, materialized views, and triggers are migrated by using a third-party SQL parser for Oracle. Therefore, Tibero-specific syntax that is not compatible with Oracle syntax can cause pa...	none	S017 direct inspection; Migration Center English target is condensed but preserves actionable semantics.
S017	DOCK/Home/70. Migration Center 사용자 가이드__19955861.md	796	796	S017-D070-U455	heading	## PostgerSQL to Altibase	Altibase	arch/Home/Migration Center User Guide__19955861.md	621	covered	No English change required.	## PostgreSQL to Altibase	none	S017 direct inspection.
S017	DOCK/Home/70. Migration Center 사용자 가이드__19955861.md	800	800	S017-D070-U456	table_row	| 객체 유형 | Build User 가능 여부 | Build Table 가능 여부 | 비고 |	객체 유형	arch/Home/Migration Center User Guide__19955861.md	625	covered	No English change required.	| Object type | Build User | Build Table | Notes |	none	S017 direct table-row alignment; screenshot columns intentionally omitted where the English target is condensed.
S017	DOCK/Home/70. Migration Center 사용자 가이드__19955861.md	802	802	S017-D070-U457	table_row	| Table | O | O | 컬럼에 명시된 주석(comment)도 함께 마이그레이션된다. PostgreSQL은 테이블에 생성할 수 있는 최대 컬럼의 개수가 1,600개이고 Altibase는 1,024개이므로, 마이그레이션 수행 시 주의해야 한다. |	1	arch/Home/Migration Center User Guide__19955861.md	627	covered	No English change required.	| Table | O | O | Comments specified on columns are also migrated. PostgreSQL tables can have up to 1,600 columns while Altibase supports up to 1,024 columns, so review this before migration. |	none	S017 direct table-row alignment; screenshot columns intentionally omitted where the English target is condensed.
S017	DOCK/Home/70. Migration Center 사용자 가이드__19955861.md	803	803	S017-D070-U458	table_row	| Primary Key 제약 | O | O | |	Primary Key 제약	arch/Home/Migration Center User Guide__19955861.md	628	covered	No English change required.	| Primary key constraint | O | O | |	none	S017 direct table-row alignment; screenshot columns intentionally omitted where the English target is condensed.
S017	DOCK/Home/70. Migration Center 사용자 가이드__19955861.md	804	804	S017-D070-U459	table_row	| Unique 제약 | O | O | |	Unique 제약	arch/Home/Migration Center User Guide__19955861.md	629	covered	No English change required.	| Unique constraint | O | O | |	none	S017 direct table-row alignment; screenshot columns intentionally omitted where the English target is condensed.
S017	DOCK/Home/70. Migration Center 사용자 가이드__19955861.md	805	805	S017-D070-U460	table_row	| Check 제약 | O | O | |	Check 제약	arch/Home/Migration Center User Guide__19955861.md	630	covered	No English change required.	| Check constraint | O | O | |	none	S017 direct table-row alignment; screenshot columns intentionally omitted where the English target is condensed.
S017	DOCK/Home/70. Migration Center 사용자 가이드__19955861.md	806	806	S017-D070-U461	table_row	| Foreign Key 제약 | O | O | CASCADE, NO ACTION, SET NULL 옵션은 양쪽 모두 같은 옵션으로 마이그레이션 대상이다.<br>RESTRICT 옵션은 Altibase에서 Foreign key 옵션이 없을 때와 동작이 같아서, 마이그레이션 시 이 옵션은 삭제한다.<br>SET DEFAULT 옵션은 Altibase에서 지원하지 않기 때문에 마이그레이션 수행...	CASCADE; ACTION; SET; NULL; RESTRICT; DEFAULT	arch/Home/Migration Center User Guide__19955861.md	631	covered	No English change required.	| Foreign key constraint | O | O | `CASCADE`, `NO ACTION`, and `SET NULL` options are migrated with the same option. `RESTRICT` behaves the same as no foreign key option in Altibase, so this option is removed during m...	none	S017 direct table-row alignment; screenshot columns intentionally omitted where the English target is condensed.
S017	DOCK/Home/70. Migration Center 사용자 가이드__19955861.md	807	807	S017-D070-U462	table_row	| Index | O | O | PostgreSQL의 다양한 인덱스 타입 중 Altibase에서 지원하는 B-tree와 R-tree만 마이그레이션 대상이다. |	Index	arch/Home/Migration Center User Guide__19955861.md	632	covered	No English change required.	| Index | O | O | Among PostgreSQL index types, only B-tree and R-tree indexes supported by Altibase are migrated. |	none	S017 direct table-row alignment; screenshot columns intentionally omitted where the English target is condensed.
S017	DOCK/Home/70. Migration Center 사용자 가이드__19955861.md	808	808	S017-D070-U463	table_row	| Sequence | O | X | PostgreSQL 시퀀스의 기본 최댓값 9223372036854775807은 Altibase 시퀀스의 기본 최댓값 9223372036854775806으로 강제 변환한다.<br>PostgreSQL 시퀀스의 캐시 크기가 1이면 Altibase에서 CACHE 절을 삭제하고 Altibase의 기본 캐시 크기 20으로 생성한다.<br>'Build Table...	CACHE; Altibase	arch/Home/Migration Center User Guide__19955861.md	633	covered	No English change required.	| Sequence | O | X | The PostgreSQL default sequence maximum value `9223372036854775807` is forcibly converted to the Altibase default maximum value `9223372036854775806`. If the PostgreSQL sequence cache size is 1, t...	none	S017 direct table-row alignment; screenshot columns intentionally omitted where the English target is condensed.
S017	DOCK/Home/70. Migration Center 사용자 가이드__19955861.md	809	809	S017-D070-U464	table_row	| Function | X | X | 마이그레이션 미지원 대상이다. 구축(Build) 단계에서 PostgreSQL에서 수집한 객체 생성 구문을 SrcDbObj_Create.sql과 BuildReport4Unsupported.html 파일에 기록한다. |	SrcDbObj_Create.sql; BuildReport4Unsupported.html	arch/Home/Migration Center User Guide__19955861.md	634	covered	No English change required.	| Function | X | X | Not supported for migration. Object creation statements collected from PostgreSQL during Build are recorded in `SrcDbObj_Create.sql` and `BuildReport4Unsupported.html`. |	none	S017 direct table-row alignment; screenshot columns intentionally omitted where the English target is condensed.
S017	DOCK/Home/70. Migration Center 사용자 가이드__19955861.md	810	810	S017-D070-U465	table_row	| View | X | X | |	View	arch/Home/Migration Center User Guide__19955861.md	635	covered	No English change required.	| View | X | X | |	none	S017 direct table-row alignment; screenshot columns intentionally omitted where the English target is condensed.
S017	DOCK/Home/70. Migration Center 사용자 가이드__19955861.md	811	811	S017-D070-U466	table_row	| Materialized View | X | X | |	Materialized View	arch/Home/Migration Center User Guide__19955861.md	636	covered	No English change required.	| Materialized view | X | X | |	none	S017 direct table-row alignment; screenshot columns intentionally omitted where the English target is condensed.
S017	DOCK/Home/70. Migration Center 사용자 가이드__19955861.md	812	812	S017-D070-U467	table_row	| Trigger | X | X | |	Trigger	arch/Home/Migration Center User Guide__19955861.md	637	covered	No English change required.	| Trigger | X | X | |	none	S017 direct table-row alignment; screenshot columns intentionally omitted where the English target is condensed.
S017	DOCK/Home/70. Migration Center 사용자 가이드__19955861.md	814	814	S017-D070-U468	paragraph	참고	section semantics	arch/Home/Migration Center User Guide__19955861.md	621	covered	No English change required.	## PostgreSQL to Altibase	none	S017 direct inspection; Migration Center English target is condensed but preserves actionable semantics.
S017	DOCK/Home/70. Migration Center 사용자 가이드__19955861.md	816	816	S017-D070-U469	paragraph	위 표에 기록되지 않은 PostgreSQL의 객체(예, Exclusion 제약, Type, Enum 등)는 Altibase에 대응되는 객체가 없어 마이그레이션 대상에서 제외한다.	section semantics	arch/Home/Migration Center User Guide__19955861.md	621	covered	No English change required.	## PostgreSQL to Altibase	none	S017 direct inspection; Migration Center English target is condensed but preserves actionable semantics.
S017	DOCK/Home/70. Migration Center 사용자 가이드__19955861.md	818	818	S017-D070-U470	attachment_reference	[Migration_Center_사용자가이드.pdf](https://docs.altibase.com/download/attachments/19955861/Migration_Center_%EC%82%AC%EC%9A%A9%EC%9E%90%EA%B0%80%EC%9D%B4%EB%93%9C.pdf?version=2&modificationDate=1701652961000&api=v2)	https://docs.altibase.com/download/attachments/19955861/Migration_Center_%EC%82%AC%EC%9A%A9%EC%9E%90%EA%B0%80%EC%9D%B4%EB%93%9C.pdf?version=2&modificationDate=1701652961000&api=v2; Migration_Center_사용자가이드.pdf; 9C.pdf; 19955861; 82; 90; 80; 93	arch/Home/Migration Center User Guide__19955861.md	641	covered	No English change required.	Original downloadable document: [Migration_Center_사용자가이드.pdf](https://docs.altibase.com/download/attachments/19955861/Migration_Center_%EC%82%AC%EC%9A%A9%EC%9E%90%EA%B0%80%EC%9D%B4%EB%93%9C.pdf?version=2&modificationD...	none	S017 direct inspection; Migration Center English target is condensed but preserves actionable semantics.
