job_id	ko_path	ko_start_line	ko_end_line	ko_unit_id	unit_type	ko_excerpt	required_identifiers	en_target_paths	en_start_line	coverage_status	action	evidence_excerpt	risk	notes
S019	DOCK/Home/20. Altibase 설정 파일 가이드__13437165.md	28	28	S019-D020-U001	external_reference	URL : [https://docs.altibase.com/x/n4HW](https://docs.altibase.com/x/n4HW)	https://docs.altibase.com/x/n4HW; https://docs.altibase.com/x/n4HW	arch/Home/Altibase Configuration File Guide__22642991.md	27	covered	No English change required.	1. System Resource Capacity Planning Guide for Altibase: [https://docs.altibase.com/x/n4HW](https://docs.altibase.com/x/n4HW)	none	S019 direct link/attachment inspection across technical mapping inventory.
S019	DOCK/Home/20. Altibase 설정 파일 가이드__13437165.md	30	30	S019-D020-U002	external_reference	URL : [https://docs.altibase.com/x/AgDT](https://docs.altibase.com/x/AgDT)	https://docs.altibase.com/x/AgDT; https://docs.altibase.com/x/AgDT	arch/Home/Altibase Configuration File Guide__22642991.md	28	covered	No English change required.	2. Altibase Replication Configuration Guide: [https://docs.altibase.com/x/AgDT](https://docs.altibase.com/x/AgDT)	none	S019 direct link/attachment inspection across technical mapping inventory.
S019	DOCK/Home/20. Altibase 설정 파일 가이드__13437165.md	34	34	S019-D020-U003	external_reference	- 기술지원포털 : [http://support.altibase.com](http://support.altibase.com/) ▶ 기술 지식 ▶ Q&A	http://support.altibase.com; http://support.altibase.com/	arch/Home/Altibase Configuration File Guide__22642991.md	32	covered	No English change required.	- Technical support portal: [http://support.altibase.com](http://support.altibase.com/)	none	S019 direct link/attachment inspection across technical mapping inventory.
S019	DOCK/Home/20. Altibase 설정 파일 가이드__13437165.md	51	51	S019-D020-U004	external_reference	URL : [http://support.altibase.com/kr/manual](http://support.altibase.com/kr/manual)	http://support.altibase.com/kr/manual; http://support.altibase.com/kr/manual	arch/Home/Altibase Configuration File Guide__22642991.md	43	covered	No English change required; English target uses the corresponding English or normalized reference.	[https://github.com/ALTIBASE/Documents/tree/master/Manuals/Altibase_7.1/eng](https://github.com/ALTIBASE/Documents/tree/master/Manuals/Altibase_7.1/eng)	none	Exact Korean URL is represented by the corresponding English/source reference where appropriate.
S019	DOCK/Home/20. Altibase 설정 파일 가이드__13437165.md	149	149	S019-D020-U005	external_reference	참고 문서 『 Altibase 디스크I/O 병목을 고려한 볼륨구성 가이드 』URL : [https://docs.altibase.com/x/6ICy](https://docs.altibase.com/x/6ICy)	https://docs.altibase.com/x/6ICy; https://docs.altibase.com/x/6ICy	arch/Home/Altibase Configuration File Guide__22642991.md	139	covered	No English change required.	Reference: Configuration Guide For Minimizing Disk I/O Contention: [https://docs.altibase.com/x/6ICy](https://docs.altibase.com/x/6ICy)	none	S019 direct link/attachment inspection across technical mapping inventory.
S019	DOCK/Home/20. Altibase 설정 파일 가이드__13437165.md	167	167	S019-D020-U006	external_reference	| MAX_CLIENT | 1000 | 동시에 DB에 접속할 세션의 제한이기 때문에 만일 이 값보다 더 많이 세션이 접속할 것이 예상되면 이 값을 늘린 후 Altibase 서버를 재 구동 하도록 한다.<br>참고 문서 『 동시 접속 세션 수(MAX_CLIENT) 증가 시 고려사항 』URL : [https://docs.altibase.com/x/FARw](https://docs.altibase.com/x/FARw) |	https://docs.altibase.com/x/FARw; https://docs.altibase.com/x/FARw	arch/Home/Altibase Configuration File Guide__22642991.md	157	covered	No English change required.	| MAX_CLIENT | 1000 | Because this limits the number of sessions that can connect to the DB at the same time, increase this value and restart the Altibase server if more sessions are expected.<br>Reference: Considerations when increasing...	none	S019 direct link/attachment inspection across technical mapping inventory.
S019	DOCK/Home/20. Altibase 설정 파일 가이드__13437165.md	233	233	S019-D020-U007	document_attachment	2023.12 버전 : [202312_Altibase_설정_파일_가이드.pdf](https://docs.altibase.com/download/attachments/13437165/202312_Altibase_%EC%84%A4%EC%A0%95_%ED%8C%8C%EC%9D%BC_%EA%B0%80%EC%9D%B4%EB%93%9C.pdf?version=4&modificationDate=1702279114000&api=v2) (...	202312_Altibase_설정_파일_가이드.pdf; https://docs.altibase.com/download/attachments/13437165/202312_Altibase_%EC%84%A4%EC%A0%95_%ED%8C%8C%EC%9D%BC_%EA%B0%80%EC%9D%B4%EB%93%9C.pdf?version=4&modificationDate=1702279114000&api=v2	arch/Home/Altibase Configuration File Guide__22642991.md	227	covered	No English change required; URL-backed document-format link is preserved exactly in English target.	- [Korean source attachment 1 (PDF)](https://docs.altibase.com/download/attachments/13437165/202312_Altibase_%EC%84%A4%EC%A0%95_%ED%8C%8C%EC%9D%BC_%EA%B0%80%EC%9D%B4%EB%93%9C.pdf?version=4&modificationDate=1702279114000&api=v2)	none	Document-format extensions checked: .pdf .ppt .pptx .doc .docx .xls .xlsx .zip.
S019	DOCK/Home/20. Altibase 설정 파일 가이드__13437165.md	235	235	S019-D020-U008	document_attachment	2010.03 버전 : [201003_ALTIBASE_설정_파일_가이드.pdf](https://docs.altibase.com/download/attachments/13437165/201003_ALTIBASE_%EC%84%A4%EC%A0%95_%ED%8C%8C%EC%9D%BC_%EA%B0%80%EC%9D%B4%EB%93%9C.pdf?version=1&modificationDate=1701842255000&api=v2) (...	201003_ALTIBASE_설정_파일_가이드.pdf; https://docs.altibase.com/download/attachments/13437165/201003_ALTIBASE_%EC%84%A4%EC%A0%95_%ED%8C%8C%EC%9D%BC_%EA%B0%80%EC%9D%B4%EB%93%9C.pdf?version=1&modificationDate=1701842255000&api=v2	arch/Home/Altibase Configuration File Guide__22642991.md	228	covered	No English change required; URL-backed document-format link is preserved exactly in English target.	- [Korean source attachment 2 (PDF)](https://docs.altibase.com/download/attachments/13437165/201003_ALTIBASE_%EC%84%A4%EC%A0%95_%ED%8C%8C%EC%9D%BC_%EA%B0%80%EC%9D%B4%EB%93%9C.pdf?version=1&modificationDate=1701842255000&api=v2)	none	Document-format extensions checked: .pdf .ppt .pptx .doc .docx .xls .xlsx .zip.
S019	DOCK/Home/21. Altibase 디스크I_O 병목을 고려한 볼륨구성 가이드__11698408.md	35	35	S019-D021-U001	external_reference	- 기술지원포털 : [http://support.altibase.com](http://support.altibase.com/) ▶ 기술 지식 ▶ Q&A	http://support.altibase.com; http://support.altibase.com/	arch/Home/Configuration Guide For Minimizing Disk I_O Contention__22643018.md		not_applicable	No English change required; generic Korean support-portal boilerplate is not required in the English target.	Korean support portal boilerplate only; no technical procedure, attachment, or source URL content depends on this link.	nontechnical support portal boilerplate	Top-of-document technical-support boilerplate is nontechnical for KO->EN semantic coverage.
S019	DOCK/Home/21. Altibase 디스크I_O 병목을 고려한 볼륨구성 가이드__11698408.md	405	405	S019-D021-U002	document_attachment	2023.12 버전 : [202312_Altibase_디스크IO_병목을_고려한_볼륨구성_가이드.pdf](https://docs.altibase.com/download/attachments/11698408/202312_Altibase_%EB%94%94%EC%8A%A4%ED%81%ACIO_%EB%B3%91%EB%AA%A9%EC%9D%84_%EA%B3%A0%EB%A0%A4%ED%95%9C_%EB%B3%BC%EB%A5%A8%EA...	202312_Altibase_디스크IO_병목을_고려한_볼륨구성_가이드.pdf; https://docs.altibase.com/download/attachments/11698408/202312_Altibase_%EB%94%94%EC%8A%A4%ED%81%ACIO_%EB%B3%91%EB%AA%A9%EC%9D%84_%EA%B3%A0%EB%A0%A4%ED%95%9C_%EB%B3%BC%EB%A5%A8%EA%B5%AC%EC%84%B1_%EA%B0%80%EC%9D%B4%EB%93%9C.pdf?version=2&modificationDate=1702282370000&api=v2	arch/Home/Configuration Guide For Minimizing Disk I_O Contention__22643018.md	353	covered	No English change required; URL-backed document-format link is preserved exactly in English target.	- 2023.12 version: [202312_Altibase_디스크IO_병목을_고려한_볼륨구성_가이드.pdf](https://docs.altibase.com/download/attachments/11698408/202312_Altibase_%EB%94%94%EC%8A%A4%ED%81%ACIO_%EB%B3%91%EB%AA%A9%EC%9D%84_%EA%B3%A0%EB%A0%A4%ED%95%9C_%EB%B3%BC%EB%A5...	none	Document-format extensions checked: .pdf .ppt .pptx .doc .docx .xls .xlsx .zip.
S019	DOCK/Home/21. Altibase 디스크I_O 병목을 고려한 볼륨구성 가이드__11698408.md	407	407	S019-D021-U003	document_attachment	2015.11 버전 : [201511_ALTIBASE_디스크IO_병목을_고려한_볼륨구성_가이드.pdf](https://docs.altibase.com/download/attachments/11698408/201511_ALTIBASE_%EB%94%94%EC%8A%A4%ED%81%ACIO_%EB%B3%91%EB%AA%A9%EC%9D%84_%EA%B3%A0%EB%A0%A4%ED%95%9C_%EB%B3%BC%EB%A5%A8%EA...	201511_ALTIBASE_디스크IO_병목을_고려한_볼륨구성_가이드.pdf; https://docs.altibase.com/download/attachments/11698408/201511_ALTIBASE_%EB%94%94%EC%8A%A4%ED%81%ACIO_%EB%B3%91%EB%AA%A9%EC%9D%84_%EA%B3%A0%EB%A0%A4%ED%95%9C_%EB%B3%BC%EB%A5%A8%EA%B5%AC%EC%84%B1_%EA%B0%80%EC%9D%B4%EB%93%9C.pdf?version=1&modificationDate=1701925177000&api=v2	arch/Home/Configuration Guide For Minimizing Disk I_O Contention__22643018.md	354	covered	No English change required; URL-backed document-format link is preserved exactly in English target.	- 2015.11 version: [201511_ALTIBASE_디스크IO_병목을_고려한_볼륨구성_가이드.pdf](https://docs.altibase.com/download/attachments/11698408/201511_ALTIBASE_%EB%94%94%EC%8A%A4%ED%81%ACIO_%EB%B3%91%EB%AA%A9%EC%9D%84_%EA%B3%A0%EB%A0%A4%ED%95%9C_%EB%B3%BC%EB%A5...	none	Document-format extensions checked: .pdf .ppt .pptx .doc .docx .xls .xlsx .zip.
S019	DOCK/Home/21. Altibase 디스크I_O 병목을 고려한 볼륨구성 가이드__11698408.md	409	409	S019-D021-U004	document_attachment	2009.12 버전 : [200912_ALTIBASE_디스크IO_병목을_고려한_볼륨구성_가이드.pdf](https://docs.altibase.com/download/attachments/11698408/200912_ALTIBASE_%EB%94%94%EC%8A%A4%ED%81%ACIO_%EB%B3%91%EB%AA%A9%EC%9D%84_%EA%B3%A0%EB%A0%A4%ED%95%9C_%EB%B3%BC%EB%A5%A8%EA...	200912_ALTIBASE_디스크IO_병목을_고려한_볼륨구성_가이드.pdf; https://docs.altibase.com/download/attachments/11698408/200912_ALTIBASE_%EB%94%94%EC%8A%A4%ED%81%ACIO_%EB%B3%91%EB%AA%A9%EC%9D%84_%EA%B3%A0%EB%A0%A4%ED%95%9C_%EB%B3%BC%EB%A5%A8%EA%B5%AC%EC%84%B1_%EA%B0%80%EC%9D%B4%EB%93%9C.pdf?version=1&modificationDate=1701925145000&api=v2	arch/Home/Configuration Guide For Minimizing Disk I_O Contention__22643018.md	355	covered	No English change required; URL-backed document-format link is preserved exactly in English target.	- 2009.12 version: [200912_ALTIBASE_디스크IO_병목을_고려한_볼륨구성_가이드.pdf](https://docs.altibase.com/download/attachments/11698408/200912_ALTIBASE_%EB%94%94%EC%8A%A4%ED%81%ACIO_%EB%B3%91%EB%AA%A9%EC%9D%84_%EA%B3%A0%EB%A0%A4%ED%95%9C_%EB%B3%BC%EB%A5...	none	Document-format extensions checked: .pdf .ppt .pptx .doc .docx .xls .xlsx .zip.
S019	DOCK/Home/22. Altibase 운영을 위한 Solaris 설정 가이드__11698415.md	34	34	S019-D022-U001	external_reference	- 기술지원포털 : [http://support.altibase.com](http://support.altibase.com/) ▶ 기술 지식 ▶ Q&A	http://support.altibase.com; http://support.altibase.com/	arch/Home/Solaris Setup Guide for Altibase__14058290.md; arch/Home/Solaris Setup Guide for Altibase/1. Kernel Parameters__22643040.md; arch/Home/Solaris Setup Guide for Altibase/2. User Settings__14058294.md; arch/Home/Solaris Setup Guide for Altibase/3. Summary__14058296.md		not_applicable	No English change required; generic Korean support-portal boilerplate is not required in the English target.	Korean support portal boilerplate only; no technical procedure, attachment, or source URL content depends on this link.	nontechnical support portal boilerplate	Top-of-document technical-support boilerplate is nontechnical for KO->EN semantic coverage.
S019	DOCK/Home/23. Altibase 운영을 위한 HPUX 설정 가이드__14057733.md	29	29	S019-D023-U001	external_reference	- 기술지원포털 : [http://support.altibase.com](http://support.altibase.com/) ▶ 기술 지식 ▶ Q&A	http://support.altibase.com; http://support.altibase.com/	arch/Home/HPUX Setup Guide for Altibase__14058288.md		not_applicable	No English change required; generic Korean support-portal boilerplate is not required in the English target.	Korean support portal boilerplate only; no technical procedure, attachment, or source URL content depends on this link.	nontechnical support portal boilerplate	Top-of-document technical-support boilerplate is nontechnical for KO->EN semantic coverage.
S019	DOCK/Home/24. Altibase 운영을 위한 AIX 설정 가이드__13436846.md	31	31	S019-D024-U001	external_reference	- 기술지원포털 : [http://support.altibase.com](http://support.altibase.com/) ▶ 기술 지식 ▶ Q&A	http://support.altibase.com; http://support.altibase.com/	arch/Home/AIX Setup Guide for Altibase__14058298.md		not_applicable	No English change required; generic Korean support-portal boilerplate is not required in the English target.	Korean support portal boilerplate only; no technical procedure, attachment, or source URL content depends on this link.	nontechnical support portal boilerplate	Top-of-document technical-support boilerplate is nontechnical for KO->EN semantic coverage.
S019	DOCK/Home/24. Altibase 운영을 위한 AIX 설정 가이드__13436846.md	309	309	S019-D024-U002	external_reference	[http://www-01.ibm.com/support/docview.wss?uid=swg1IV28577](http://www-01.ibm.com/support/docview.wss?uid=swg1IV28577)	http://www-01.ibm.com/support/docview.wss?uid=swg1IV28577; http://www-01.ibm.com/support/docview.wss?uid=swg1IV28577	arch/Home/AIX Setup Guide for Altibase__14058298.md	261	covered	No English change required.	[http://www-01.ibm.com/support/docview.wss?uid=swg1IV28577](http://www-01.ibm.com/support/docview.wss?uid=swg1IV28577)	none	S019 direct link/attachment inspection across technical mapping inventory.
S019	DOCK/Home/25. Altibase 데이터베이스 생성 가이드__13436812.md	29	29	S019-D025-U001	external_reference	- 기술지원포털 : [http://support.altibase.com](http://support.altibase.com/) ▶ 기술 지식 ▶ Q&A	http://support.altibase.com; http://support.altibase.com/	arch/Home/Creating ALTIBASE Database__22643020.md	33	covered	No English change required.	- Technical support portal: [http://support.altibase.com](http://support.altibase.com/)	none	S019 direct link/attachment inspection across technical mapping inventory.
S019	DOCK/Home/25. Altibase 데이터베이스 생성 가이드__13436812.md	195	195	S019-D025-U002	document_attachment	[ALTIBASE_버전별_DB_생성_가이드.pdf](https://docs.altibase.com/download/attachments/13436812/ALTIBASE_%EB%B2%84%EC%A0%84%EB%B3%84_DB_%EC%83%9D%EC%84%B1_%EA%B0%80%EC%9D%B4%EB%93%9C.pdf?version=2&modificationDate=1758150003000&api=v2)	ALTIBASE_버전별_DB_생성_가이드.pdf; https://docs.altibase.com/download/attachments/13436812/ALTIBASE_%EB%B2%84%EC%A0%84%EB%B3%84_DB_%EC%83%9D%EC%84%B1_%EA%B0%80%EC%9D%B4%EB%93%9C.pdf?version=2&modificationDate=1758150003000&api=v2	arch/Home/Creating ALTIBASE Database__22643020.md	200	covered	No English change required; URL-backed document-format link is preserved exactly in English target.	- [Korean source attachment 1 (PDF)](https://docs.altibase.com/download/attachments/13436812/ALTIBASE_%EB%B2%84%EC%A0%84%EB%B3%84_DB_%EC%83%9D%EC%84%B1_%EA%B0%80%EC%9D%B4%EB%93%9C.pdf?version=2&modificationDate=1758150003000&api=v2)	none	Document-format extensions checked: .pdf .ppt .pptx .doc .docx .xls .xlsx .zip.
S019	DOCK/Home/26. Altibase 기본적인 장애대응 절차__13435879.md	31	31	S019-D026-U001	external_reference	- 기술지원포털 : [http://support.altibase.com](http://support.altibase.com/) ▶ 기술 지식 ▶ Q&A	http://support.altibase.com; http://support.altibase.com/	arch/Home/Responding to Failures Guide for Altibase__15138818.md; arch/Home/Responding to Failures Guide for Altibase/1. Classification by type of failure__15138822.md; arch/Home/Responding to Failures Guide for Altibase/2. Procedure by type of failure__15138835.md; arch/Home/Responding to Failures Guide for Altibase/3. References__15138869.md	31	covered	No English change required.	- Technical support portal: [http://support.altibase.com/en/](http://support.altibase.com/en/)	none	S019 direct link/attachment inspection across technical mapping inventory.
S019	DOCK/Home/26. Altibase 기본적인 장애대응 절차__13435879.md	78	78	S019-D026-U002	external_reference	위 정보를 Altibase 기술지원 홈페이지 [http://support.altibase.com](http://support.altibase.com)를 통해 Altibase에 전달할 경우 담당 엔지니어가 도착하기 전까지 Altibase 기술본부 내부에서 문제에 대한 원인 파악을 하는데 많은 정보로서 활용될 수 있다. ($ALTIBASE_HOME은 시스템에 설치된 Altibase 제품의 설치 경로를 의미한다.)	http://support.altibase.com; http://support.altibase.com	arch/Home/Responding to Failures Guide for Altibase__15138818.md; arch/Home/Responding to Failures Guide for Altibase/1. Classification by type of failure__15138822.md; arch/Home/Responding to Failures Guide for Altibase/2. Procedure by type of failure__15138835.md; arch/Home/Responding to Failures Guide for Altibase/3. References__15138869.md	31	covered	No English change required.	- Technical support portal: [http://support.altibase.com/en/](http://support.altibase.com/en/)	none	S019 direct link/attachment inspection across technical mapping inventory.
S019	DOCK/Home/26. Altibase 기본적인 장애대응 절차__13435879.md	101	101	S019-D026-U003	external_reference	1. 필요한 로그 및 정보를 취합하여 [http://support.altibase.com](http://support.altibase.com) 으로 로그 및 정보를 첨부하여 문의하도록 한다. (긴급 장애에 명시된 제공정보 참고)	http://support.altibase.com; http://support.altibase.com	arch/Home/Responding to Failures Guide for Altibase__15138818.md; arch/Home/Responding to Failures Guide for Altibase/1. Classification by type of failure__15138822.md; arch/Home/Responding to Failures Guide for Altibase/2. Procedure by type of failure__15138835.md; arch/Home/Responding to Failures Guide for Altibase/3. References__15138869.md	31	covered	No English change required.	- Technical support portal: [http://support.altibase.com/en/](http://support.altibase.com/en/)	none	S019 direct link/attachment inspection across technical mapping inventory.
S019	DOCK/Home/26. Altibase 기본적인 장애대응 절차__13435879.md	294	294	S019-D026-U004	external_reference	[http://support.altibase.com](http://support.altibase.com/) 사이트에서는 기술지원요청 접수 및 처리, 원격 지원, 최신 패치 버전 제공, 라이센스발급, 기타 Q&A 및 기술문서 등을 받아 볼 수 있다.	http://support.altibase.com; http://support.altibase.com/	arch/Home/Responding to Failures Guide for Altibase__15138818.md; arch/Home/Responding to Failures Guide for Altibase/1. Classification by type of failure__15138822.md; arch/Home/Responding to Failures Guide for Altibase/2. Procedure by type of failure__15138835.md; arch/Home/Responding to Failures Guide for Altibase/3. References__15138869.md	31	covered	No English change required.	- Technical support portal: [http://support.altibase.com/en/](http://support.altibase.com/en/)	none	S019 direct link/attachment inspection across technical mapping inventory.
S019	DOCK/Home/27. Altibase 이중화 구성 가이드__13828098.md	40	40	S019-D027-U001	external_reference	- 기술지원포털 : [http://support.altibase.com](http://support.altibase.com/) ▶ 기술 지식 ▶ Q&A	http://support.altibase.com; http://support.altibase.com/	arch/Home/Altibase Replication Configuration Guide__14647672.md	38	covered	No English change required.	- Technical support portal: [http://support.altibase.com](http://support.altibase.com/) > Technical Knowledge > Q&A	none	S019 direct link/attachment inspection across technical mapping inventory.
S019	DOCK/Home/28. Altibase TOMCAT 연동가이드__7341030.md	33	33	S019-D028-U001	external_reference	- 기술지원포털 : [http://support.altibase.com](http://support.altibase.com/) ▶ 기술 지식 ▶ Q&A	http://support.altibase.com; http://support.altibase.com/	arch/Home/TOMCAT Integration Guide for Altibase__14058489.md; arch/Home/TOMCAT Integration Guide for Altibase/1. TOMCAT Installation__14058491.md; arch/Home/TOMCAT Integration Guide for Altibase/2. JDBC Driver Configuration__14058500.md; arch/Home/TOMCAT Integration Guide for Altibase/3. Integrating ALTIBASE and TOMCAT__14058506.md; arch/Home/TOMCAT Integration Guide for Altibase/4. Fail-Over Configuration__14058508.md; arch/Home/TOMCAT Integration Guide for Altibase/5. Considerations when integrating TOMCAT__22643044.md; arch/Home/TOMCAT Integration Guide for Altibase/6. Errors when integrating TOMCAT__14058515.md	21	covered	No English change required.	- Technical support portal: [http://support.altibase.com](http://support.altibase.com/) > Technical Knowledge > Q&A	none	S019 direct link/attachment inspection across technical mapping inventory.
S019	DOCK/Home/28. Altibase TOMCAT 연동가이드__7341030.md	52	52	S019-D028-U002	external_reference	[http://tomcat.apache.org/download-70.cgi](http://tomcat.apache.org/download-70.cgi) 사이트에 방문하여 최근 release된 TOMCAT 바이너리 파일을 다운받는다.( apache-tomcat-7.0.56.tar.gz)	http://tomcat.apache.org/download-70.cgi; http://tomcat.apache.org/download-70.cgi	arch/Home/TOMCAT Integration Guide for Altibase__14058489.md; arch/Home/TOMCAT Integration Guide for Altibase/1. TOMCAT Installation__14058491.md; arch/Home/TOMCAT Integration Guide for Altibase/2. JDBC Driver Configuration__14058500.md; arch/Home/TOMCAT Integration Guide for Altibase/3. Integrating ALTIBASE and TOMCAT__14058506.md; arch/Home/TOMCAT Integration Guide for Altibase/4. Fail-Over Configuration__14058508.md; arch/Home/TOMCAT Integration Guide for Altibase/5. Considerations when integrating TOMCAT__22643044.md; arch/Home/TOMCAT Integration Guide for Altibase/6. Errors when integrating TOMCAT__14058515.md	27	covered	No English change required.	Go to [http://tomcat.apache.org/download-70.cgi](http://tomcat.apache.org/download-70.cgi) site and download the recently released TOMCAT binary file (apache-tomcat-7.0.56.tar.gz).	none	S019 direct link/attachment inspection across technical mapping inventory.
S019	DOCK/Home/28. Altibase TOMCAT 연동가이드__7341030.md	461	461	S019-D028-U003	external_reference	참고 : [http://tomcat.apache.org/tomcat-5.5-doc/config/valve.html](http://tomcat.apache.org/tomcat-5.5-doc/config/valve.html)	http://tomcat.apache.org/tomcat-5.5-doc/config/valve.html; http://tomcat.apache.org/tomcat-5.5-doc/config/valve.html	arch/Home/TOMCAT Integration Guide for Altibase__14058489.md; arch/Home/TOMCAT Integration Guide for Altibase/1. TOMCAT Installation__14058491.md; arch/Home/TOMCAT Integration Guide for Altibase/2. JDBC Driver Configuration__14058500.md; arch/Home/TOMCAT Integration Guide for Altibase/3. Integrating ALTIBASE and TOMCAT__14058506.md; arch/Home/TOMCAT Integration Guide for Altibase/4. Fail-Over Configuration__14058508.md; arch/Home/TOMCAT Integration Guide for Altibase/5. Considerations when integrating TOMCAT__22643044.md; arch/Home/TOMCAT Integration Guide for Altibase/6. Errors when integrating TOMCAT__14058515.md	72	covered	No English change required.	Reference: [http://tomcat.apache.org/tomcat-5.5-doc/config/valve.html](http://tomcat.apache.org/tomcat-5.5-doc/config/valve.html)	none	S019 direct link/attachment inspection across technical mapping inventory.
S019	DOCK/Home/28. Altibase TOMCAT 연동가이드__7341030.md	545	545	S019-D028-U004	document_attachment	[ALTIBASE_TOMCAT연동_가이드.pdf](https://docs.altibase.com/download/attachments/7341030/ALTIBASE_TOMCAT%EC%97%B0%EB%8F%99_%EA%B0%80%EC%9D%B4%EB%93%9C.pdf?version=1&modificationDate=1417566911000&api=v2)	ALTIBASE_TOMCAT연동_가이드.pdf; https://docs.altibase.com/download/attachments/7341030/ALTIBASE_TOMCAT%EC%97%B0%EB%8F%99_%EA%B0%80%EC%9D%B4%EB%93%9C.pdf?version=1&modificationDate=1417566911000&api=v2	arch/Home/TOMCAT Integration Guide for Altibase__14058489.md; arch/Home/TOMCAT Integration Guide for Altibase/1. TOMCAT Installation__14058491.md; arch/Home/TOMCAT Integration Guide for Altibase/2. JDBC Driver Configuration__14058500.md; arch/Home/TOMCAT Integration Guide for Altibase/3. Integrating ALTIBASE and TOMCAT__14058506.md; arch/Home/TOMCAT Integration Guide for Altibase/4. Fail-Over Configuration__14058508.md; arch/Home/TOMCAT Integration Guide for Altibase/5. Considerations when integrating TOMCAT__22643044.md; arch/Home/TOMCAT Integration Guide for Altibase/6. Errors when integrating TOMCAT__14058515.md	28	covered	No English change required; URL-backed document-format link is preserved exactly in English target.	- [Korean source attachment 1 (PDF)](https://docs.altibase.com/download/attachments/7341030/ALTIBASE_TOMCAT%EC%97%B0%EB%8F%99_%EA%B0%80%EC%9D%B4%EB%93%9C.pdf?version=1&modificationDate=1417566911000&api=v2)	none	Document-format extensions checked: .pdf .ppt .pptx .doc .docx .xls .xlsx .zip.
S019	DOCK/Home/28. Altibase TOMCAT 연동가이드__7341030.md	547	547	S019-D028-U005	document_attachment	구버전 : [ALTIBASE_TOMCAT_연동_가이드_5.5.pdf](https://docs.altibase.com/download/attachments/7341030/ALTIBASE_TOMCAT_%EC%97%B0%EB%8F%99_%EA%B0%80%EC%9D%B4%EB%93%9C_5.5.pdf?version=1&modificationDate=1417599249000&api=v2) (Tomcat v5.5 or v6.0)	ALTIBASE_TOMCAT_연동_가이드_5.5.pdf; https://docs.altibase.com/download/attachments/7341030/ALTIBASE_TOMCAT_%EC%97%B0%EB%8F%99_%EA%B0%80%EC%9D%B4%EB%93%9C_5.5.pdf?version=1&modificationDate=1417599249000&api=v2	arch/Home/TOMCAT Integration Guide for Altibase__14058489.md; arch/Home/TOMCAT Integration Guide for Altibase/1. TOMCAT Installation__14058491.md; arch/Home/TOMCAT Integration Guide for Altibase/2. JDBC Driver Configuration__14058500.md; arch/Home/TOMCAT Integration Guide for Altibase/3. Integrating ALTIBASE and TOMCAT__14058506.md; arch/Home/TOMCAT Integration Guide for Altibase/4. Fail-Over Configuration__14058508.md; arch/Home/TOMCAT Integration Guide for Altibase/5. Considerations when integrating TOMCAT__22643044.md; arch/Home/TOMCAT Integration Guide for Altibase/6. Errors when integrating TOMCAT__14058515.md	29	covered	No English change required; URL-backed document-format link is preserved exactly in English target.	- [Korean source attachment 2 (PDF)](https://docs.altibase.com/download/attachments/7341030/ALTIBASE_TOMCAT_%EC%97%B0%EB%8F%99_%EA%B0%80%EC%9D%B4%EB%93%9C_5.5.pdf?version=1&modificationDate=1417599249000&api=v2)	none	Document-format extensions checked: .pdf .ppt .pptx .doc .docx .xls .xlsx .zip.
S019	DOCK/Home/29. Altibase JEUS 연동가이드__7341028.md	27	27	S019-D029-U001	external_reference	- 기술지원포털 : [http://support.altibase.com](http://support.altibase.com/) ▶ 기술 지식 ▶ Q&A	http://support.altibase.com; http://support.altibase.com/	arch/Home/JEUS Integration Guide for Altibase__14058459.md; arch/Home/JEUS Integration Guide for Altibase/1. JEUS Installation__14058463.md; arch/Home/JEUS Integration Guide for Altibase/2. Integrating ALTIBASE and JEUS__14058474.md; arch/Home/JEUS Integration Guide for Altibase/3. Sample Examples__14058486.md	25	covered	No English change required.	- Technical support portal: [http://support.altibase.com](http://support.altibase.com/) > Technical Knowledge > Q&A	none	S019 direct link/attachment inspection across technical mapping inventory.
S019	DOCK/Home/29. Altibase JEUS 연동가이드__7341028.md	657	657	S019-D029-U002	legacy_hash_label	JEUSMain.xml 파일의 <database> ~ </database> 사이에 직접 추가해도 되며, WebAdmin을 사용하는 경우에는 Datasource를 생성하거나 수정 시에 [연결풀](legacy-hash-placeholder)  [고급 선택사항](legacy-hash-placeholder)을 클릭한 후에 해당 값을 설정하면 된다.	연결풀; #	arch/Home/JEUS Integration Guide for Altibase__14058459.md; arch/Home/JEUS Integration Guide for Altibase/1. JEUS Installation__14058463.md; arch/Home/JEUS Integration Guide for Altibase/2. Integrating ALTIBASE and JEUS__14058474.md; arch/Home/JEUS Integration Guide for Altibase/3. Sample Examples__14058486.md	17	source_limitation	Recorded source limitation; no URL invented.	- [JDBC Driver](#id-2.IntegratingALTIBASEandJEUS-JDBCDriver) - [JDBC Driver Setting](#id-2.IntegratingALTIBASEandJEUS-JDBCDriverSetting) - [Connection Pooling](#id-2.IntegratingALTIBASEandJEUS-ConnectionPooling) - [1. Better Performance]...	no resolvable URL in Korean source	Legacy # placeholder in Korean source; English must preserve text/filename without creating a fake URL.
S019	DOCK/Home/29. Altibase JEUS 연동가이드__7341028.md	657	657	S019-D029-U003	legacy_hash_label	JEUSMain.xml 파일의 <database> ~ </database> 사이에 직접 추가해도 되며, WebAdmin을 사용하는 경우에는 Datasource를 생성하거나 수정 시에 [연결풀](legacy-hash-placeholder)  [고급 선택사항](legacy-hash-placeholder)을 클릭한 후에 해당 값을 설정하면 된다.	고급 선택사항; #	arch/Home/JEUS Integration Guide for Altibase__14058459.md; arch/Home/JEUS Integration Guide for Altibase/1. JEUS Installation__14058463.md; arch/Home/JEUS Integration Guide for Altibase/2. Integrating ALTIBASE and JEUS__14058474.md; arch/Home/JEUS Integration Guide for Altibase/3. Sample Examples__14058486.md	17	source_limitation	Recorded source limitation; no URL invented.	- [JDBC Driver](#id-2.IntegratingALTIBASEandJEUS-JDBCDriver) - [JDBC Driver Setting](#id-2.IntegratingALTIBASEandJEUS-JDBCDriverSetting) - [Connection Pooling](#id-2.IntegratingALTIBASEandJEUS-ConnectionPooling) - [1. Better Performance]...	no resolvable URL in Korean source	Legacy # placeholder in Korean source; English must preserve text/filename without creating a fake URL.
S019	DOCK/Home/29. Altibase JEUS 연동가이드__7341028.md	859	859	S019-D029-U004	legacy_hash_label	1. 이클립스를 실행시켜서 [File](legacy-hash-placeholder)  [New](legacy-hash-placeholder)  [Project](legacy-hash-placeholder) 를 선택한 후에 다음의 Wizard 에서 [Web](legacy-hash-placeholder)  “Dynamic Web Project” 를 선택하여 프로젝트 이름을 설정한다.	File; #	arch/Home/JEUS Integration Guide for Altibase__14058459.md; arch/Home/JEUS Integration Guide for Altibase/1. JEUS Installation__14058463.md; arch/Home/JEUS Integration Guide for Altibase/2. Integrating ALTIBASE and JEUS__14058474.md; arch/Home/JEUS Integration Guide for Altibase/3. Sample Examples__14058486.md	128	source_limitation	Recorded source limitation; no URL invented.	1. Run Eclipse and select File  New  Project, then select Web  “Dynamic Web Project” in the following wizard to set the project name.	no resolvable URL in Korean source	Legacy # placeholder in Korean source; English must preserve text/filename without creating a fake URL.
S019	DOCK/Home/29. Altibase JEUS 연동가이드__7341028.md	859	859	S019-D029-U005	legacy_hash_label	1. 이클립스를 실행시켜서 [File](legacy-hash-placeholder)  [New](legacy-hash-placeholder)  [Project](legacy-hash-placeholder) 를 선택한 후에 다음의 Wizard 에서 [Web](legacy-hash-placeholder)  “Dynamic Web Project” 를 선택하여 프로젝트 이름을 설정한다.	New; #	arch/Home/JEUS Integration Guide for Altibase__14058459.md; arch/Home/JEUS Integration Guide for Altibase/1. JEUS Installation__14058463.md; arch/Home/JEUS Integration Guide for Altibase/2. Integrating ALTIBASE and JEUS__14058474.md; arch/Home/JEUS Integration Guide for Altibase/3. Sample Examples__14058486.md	128	source_limitation	Recorded source limitation; no URL invented.	1. Run Eclipse and select File  New  Project, then select Web  “Dynamic Web Project” in the following wizard to set the project name.	no resolvable URL in Korean source	Legacy # placeholder in Korean source; English must preserve text/filename without creating a fake URL.
S019	DOCK/Home/29. Altibase JEUS 연동가이드__7341028.md	859	859	S019-D029-U006	legacy_hash_label	1. 이클립스를 실행시켜서 [File](legacy-hash-placeholder)  [New](legacy-hash-placeholder)  [Project](legacy-hash-placeholder) 를 선택한 후에 다음의 Wizard 에서 [Web](legacy-hash-placeholder)  “Dynamic Web Project” 를 선택하여 프로젝트 이름을 설정한다.	Project; #	arch/Home/JEUS Integration Guide for Altibase__14058459.md; arch/Home/JEUS Integration Guide for Altibase/1. JEUS Installation__14058463.md; arch/Home/JEUS Integration Guide for Altibase/2. Integrating ALTIBASE and JEUS__14058474.md; arch/Home/JEUS Integration Guide for Altibase/3. Sample Examples__14058486.md	128	source_limitation	Recorded source limitation; no URL invented.	1. Run Eclipse and select File  New  Project, then select Web  “Dynamic Web Project” in the following wizard to set the project name.	no resolvable URL in Korean source	Legacy # placeholder in Korean source; English must preserve text/filename without creating a fake URL.
S019	DOCK/Home/29. Altibase JEUS 연동가이드__7341028.md	859	859	S019-D029-U007	legacy_hash_label	1. 이클립스를 실행시켜서 [File](legacy-hash-placeholder)  [New](legacy-hash-placeholder)  [Project](legacy-hash-placeholder) 를 선택한 후에 다음의 Wizard 에서 [Web](legacy-hash-placeholder)  “Dynamic Web Project” 를 선택하여 프로젝트 이름을 설정한다.	Web; #	arch/Home/JEUS Integration Guide for Altibase__14058459.md; arch/Home/JEUS Integration Guide for Altibase/1. JEUS Installation__14058463.md; arch/Home/JEUS Integration Guide for Altibase/2. Integrating ALTIBASE and JEUS__14058474.md; arch/Home/JEUS Integration Guide for Altibase/3. Sample Examples__14058486.md	128	source_limitation	Recorded source limitation; no URL invented.	1. Run Eclipse and select File  New  Project, then select Web  “Dynamic Web Project” in the following wizard to set the project name.	no resolvable URL in Korean source	Legacy # placeholder in Korean source; English must preserve text/filename without creating a fake URL.
S019	DOCK/Home/29. Altibase JEUS 연동가이드__7341028.md	871	871	S019-D029-U008	legacy_hash_label	3. JSP 파일과 Altibase.jar 파일을 추가했으면, [File](legacy-hash-placeholder)  [Export](legacy-hash-placeholder) 를 선택하고, [Web](legacy-hash-placeholder)  “War file” 를 선택하여 생성할 경로를 지정해주면 WAR 파일이 생성된다.	File; #	arch/Home/JEUS Integration Guide for Altibase__14058459.md; arch/Home/JEUS Integration Guide for Altibase/1. JEUS Installation__14058463.md; arch/Home/JEUS Integration Guide for Altibase/2. Integrating ALTIBASE and JEUS__14058474.md; arch/Home/JEUS Integration Guide for Altibase/3. Sample Examples__14058486.md	122	source_limitation	Recorded source limitation; no URL invented.	JEUS can upload and deploy EJB modules (.jar files), web application modules (.war files), resource adapter modules (.rar files), and the standalone module composed of one module can also be deployed as a type of Java EE application. In ...	no resolvable URL in Korean source	Legacy # placeholder in Korean source; English must preserve text/filename without creating a fake URL.
S019	DOCK/Home/29. Altibase JEUS 연동가이드__7341028.md	871	871	S019-D029-U009	legacy_hash_label	3. JSP 파일과 Altibase.jar 파일을 추가했으면, [File](legacy-hash-placeholder)  [Export](legacy-hash-placeholder) 를 선택하고, [Web](legacy-hash-placeholder)  “War file” 를 선택하여 생성할 경로를 지정해주면 WAR 파일이 생성된다.	Export; #	arch/Home/JEUS Integration Guide for Altibase__14058459.md; arch/Home/JEUS Integration Guide for Altibase/1. JEUS Installation__14058463.md; arch/Home/JEUS Integration Guide for Altibase/2. Integrating ALTIBASE and JEUS__14058474.md; arch/Home/JEUS Integration Guide for Altibase/3. Sample Examples__14058486.md	122	source_limitation	Recorded source limitation; no URL invented.	JEUS can upload and deploy EJB modules (.jar files), web application modules (.war files), resource adapter modules (.rar files), and the standalone module composed of one module can also be deployed as a type of Java EE application. In ...	no resolvable URL in Korean source	Legacy # placeholder in Korean source; English must preserve text/filename without creating a fake URL.
S019	DOCK/Home/29. Altibase JEUS 연동가이드__7341028.md	871	871	S019-D029-U010	legacy_hash_label	3. JSP 파일과 Altibase.jar 파일을 추가했으면, [File](legacy-hash-placeholder)  [Export](legacy-hash-placeholder) 를 선택하고, [Web](legacy-hash-placeholder)  “War file” 를 선택하여 생성할 경로를 지정해주면 WAR 파일이 생성된다.	Web; #	arch/Home/JEUS Integration Guide for Altibase__14058459.md; arch/Home/JEUS Integration Guide for Altibase/1. JEUS Installation__14058463.md; arch/Home/JEUS Integration Guide for Altibase/2. Integrating ALTIBASE and JEUS__14058474.md; arch/Home/JEUS Integration Guide for Altibase/3. Sample Examples__14058486.md	122	source_limitation	Recorded source limitation; no URL invented.	JEUS can upload and deploy EJB modules (.jar files), web application modules (.war files), resource adapter modules (.rar files), and the standalone module composed of one module can also be deployed as a type of Java EE application. In ...	no resolvable URL in Korean source	Legacy # placeholder in Korean source; English must preserve text/filename without creating a fake URL.
S019	DOCK/Home/29. Altibase JEUS 연동가이드__7341028.md	891	891	S019-D029-U011	document_attachment	[ALTIBASE_JEUS_연동_가이드.pdf](https://docs.altibase.com/download/attachments/7341028/ALTIBASE_JEUS_%EC%97%B0%EB%8F%99_%EA%B0%80%EC%9D%B4%EB%93%9C.pdf?version=1&modificationDate=1417566887000&api=v2)	ALTIBASE_JEUS_연동_가이드.pdf; https://docs.altibase.com/download/attachments/7341028/ALTIBASE_JEUS_%EC%97%B0%EB%8F%99_%EA%B0%80%EC%9D%B4%EB%93%9C.pdf?version=1&modificationDate=1417566887000&api=v2	arch/Home/JEUS Integration Guide for Altibase__14058459.md; arch/Home/JEUS Integration Guide for Altibase/1. JEUS Installation__14058463.md; arch/Home/JEUS Integration Guide for Altibase/2. Integrating ALTIBASE and JEUS__14058474.md; arch/Home/JEUS Integration Guide for Altibase/3. Sample Examples__14058486.md	32	covered	No English change required; URL-backed document-format link is preserved exactly in English target.	- [Korean source attachment 1 (PDF)](https://docs.altibase.com/download/attachments/7341028/ALTIBASE_JEUS_%EC%97%B0%EB%8F%99_%EA%B0%80%EC%9D%B4%EB%93%9C.pdf?version=1&modificationDate=1417566887000&api=v2)	none	Document-format extensions checked: .pdf .ppt .pptx .doc .docx .xls .xlsx .zip.
S019	DOCK/Home/29. Altibase JEUS 연동가이드__7341028.md	893	893	S019-D029-U012	document_attachment	구버전 : [ALTIBASE_JEUS_연동_가이드_6.0.pdf](https://docs.altibase.com/download/attachments/7341028/ALTIBASE_JEUS_%EC%97%B0%EB%8F%99_%EA%B0%80%EC%9D%B4%EB%93%9C_6.0.pdf?version=1&modificationDate=1417651669000&api=v2) (ALTIBASE 5.3, JEUS 6.0)	ALTIBASE_JEUS_연동_가이드_6.0.pdf; https://docs.altibase.com/download/attachments/7341028/ALTIBASE_JEUS_%EC%97%B0%EB%8F%99_%EA%B0%80%EC%9D%B4%EB%93%9C_6.0.pdf?version=1&modificationDate=1417651669000&api=v2	arch/Home/JEUS Integration Guide for Altibase__14058459.md; arch/Home/JEUS Integration Guide for Altibase/1. JEUS Installation__14058463.md; arch/Home/JEUS Integration Guide for Altibase/2. Integrating ALTIBASE and JEUS__14058474.md; arch/Home/JEUS Integration Guide for Altibase/3. Sample Examples__14058486.md	33	covered	No English change required; URL-backed document-format link is preserved exactly in English target.	- [Korean source attachment 2 (PDF)](https://docs.altibase.com/download/attachments/7341028/ALTIBASE_JEUS_%EC%97%B0%EB%8F%99_%EA%B0%80%EC%9D%B4%EB%93%9C_6.0.pdf?version=1&modificationDate=1417651669000&api=v2)	none	Document-format extensions checked: .pdf .ppt .pptx .doc .docx .xls .xlsx .zip.
S019	DOCK/Home/30. Altibase JBoss 연동가이드__13437492.md	27	27	S019-D030-U001	external_reference	- 기술지원포털 : [http://support.altibase.com](http://support.altibase.com/) ▶ 기술 지식 ▶ Q&A	http://support.altibase.com; http://support.altibase.com/	arch/Home/JBOSS Integration Guide for Altibase__14647358.md; arch/Home/JBOSS Integration Guide for Altibase/1. JBoss Installation__14647370.md; arch/Home/JBOSS Integration Guide for Altibase/2. Integrating Altibase and JBOSS__14647372.md; arch/Home/JBOSS Integration Guide for Altibase/3. Examples__14647382.md	27	covered	No English change required.	- Technical support portal: [http://support.altibase.com](http://support.altibase.com/) > Technical Knowledge > Q&A	none	S019 direct link/attachment inspection across technical mapping inventory.
S019	DOCK/Home/30. Altibase JBoss 연동가이드__13437492.md	54	54	S019-D030-U002	external_reference	JBoss를 설치하기 위해서 해당 버전의 패키지를 JBoss홈페이지에서 다운로드 받는다. ([http://www.jboss.org/jbossas/downloads](http://www.jboss.org/jbossas/downloads)) 패키지를 다운로드 받은 후, 윈도우 환경에서는 압축 도구를 이용하여 압축을 풀고, 유닉스 환경에서는 unzip 명령어를 통하여 압축을 푼다.	http://www.jboss.org/jbossas/downloads; http://www.jboss.org/jbossas/downloads	arch/Home/JBOSS Integration Guide for Altibase__14647358.md; arch/Home/JBOSS Integration Guide for Altibase/1. JBoss Installation__14647370.md; arch/Home/JBOSS Integration Guide for Altibase/2. Integrating Altibase and JBOSS__14647372.md; arch/Home/JBOSS Integration Guide for Altibase/3. Examples__14647382.md	37	covered	No English change required.	To install JBoss, download the package of the corresponding version from the JBoss homepage. ([http://www.jboss.org/jbossas/downloads](http://www.jboss.org/jbossas/downloads)) After downloading the package, unzip it using a compression t...	none	S019 direct link/attachment inspection across technical mapping inventory.
S019	DOCK/Home/31. Altibase 설치가이드__11698403.md	23	23	S019-D031-U001	external_reference	Altibase를 사용하는 고객 및 개발자가 기술지원 홈페이지([http://support.altibase.com](http://support.altibase.com/))를 통해 다운로드 받은 Altibase 패키지를 설치하는 방법을 설명한다.	http://support.altibase.com; http://support.altibase.com/	arch/Home/Altibase Installation Guide__14647632.md; arch/Home/Altibase Installation Guide/1. Altibase HDB package installer__14647639.md; arch/Home/Altibase Installation Guide/2. Product Installation using the Package Installer__14647653.md; arch/Home/Altibase Installation Guide/3. License Key Request__14647666.md	21	covered	No English change required.	This chapter describes how customers and developers can install the Altibase package downloaded from the technical support portal ([http://support.altibase.com](http://support.altibase.com/)).	none	S019 direct link/attachment inspection across technical mapping inventory.
S019	DOCK/Home/31. Altibase 설치가이드__11698403.md	34	34	S019-D031-U002	external_reference	- 기술지원포털 : [http://support.altibase.com](http://support.altibase.com/) ▶ 기술 지식 ▶ Q&A	http://support.altibase.com; http://support.altibase.com/	arch/Home/Altibase Installation Guide__14647632.md; arch/Home/Altibase Installation Guide/1. Altibase HDB package installer__14647639.md; arch/Home/Altibase Installation Guide/2. Product Installation using the Package Installer__14647653.md; arch/Home/Altibase Installation Guide/3. License Key Request__14647666.md	21	covered	No English change required.	This chapter describes how customers and developers can install the Altibase package downloaded from the technical support portal ([http://support.altibase.com](http://support.altibase.com/)).	none	S019 direct link/attachment inspection across technical mapping inventory.
S019	DOCK/Home/31. Altibase 설치가이드__11698403.md	183	183	S019-D031-U003	external_reference	따라서 사용자의 데이터베이스 시스템이나 용도에 따라서 달라질 수 있으므로, 시스템 요구사항에 대한 자세한 사항은 Altibase 고객서비스포털([http://support.altibase.com](http://support.altibase.com/))로 문의한다.	http://support.altibase.com; http://support.altibase.com/	arch/Home/Altibase Installation Guide__14647632.md; arch/Home/Altibase Installation Guide/1. Altibase HDB package installer__14647639.md; arch/Home/Altibase Installation Guide/2. Product Installation using the Package Installer__14647653.md; arch/Home/Altibase Installation Guide/3. License Key Request__14647666.md	21	covered	No English change required.	This chapter describes how customers and developers can install the Altibase package downloaded from the technical support portal ([http://support.altibase.com](http://support.altibase.com/)).	none	S019 direct link/attachment inspection across technical mapping inventory.
S019	DOCK/Home/31. Altibase 설치가이드__11698403.md	248	248	S019-D031-U004	external_reference	Altibase 고객지원서비스 포털 ([http://support.altibase.com/](http://support.altibase.com/))을 방문하여 본인의 운영 체제에 적합한 인스톨러를 다운로드 받는다.	http://support.altibase.com/; http://support.altibase.com/	arch/Home/Altibase Installation Guide__14647632.md; arch/Home/Altibase Installation Guide/1. Altibase HDB package installer__14647639.md; arch/Home/Altibase Installation Guide/2. Product Installation using the Package Installer__14647653.md; arch/Home/Altibase Installation Guide/3. License Key Request__14647666.md	21	covered	No English change required.	This chapter describes how customers and developers can install the Altibase package downloaded from the technical support portal ([http://support.altibase.com](http://support.altibase.com/)).	none	S019 direct link/attachment inspection across technical mapping inventory.
S019	DOCK/Home/32. Altibase와 unixODBC 연동 가이드__11698379.md	25	25	S019-D032-U001	external_reference	본 문서에서는 [http://www.unixodbc.org/](http://www.unixodbc.org/) 에서 제공하는 ODBC Driver Manager를 기준으로 설명한다.	http://www.unixodbc.org/; http://www.unixodbc.org/	arch/Home/Altibase and unixODBC Integration Guide__14647413.md; arch/Home/Altibase and unixODBC Integration Guide/1. unixODBC Manager Installation__14647417.md; arch/Home/Altibase and unixODBC Integration Guide/2. Integrating unixODBC Manager__14647432.md	21	covered	No English change required.	This document describes how to integrate the ODBC Driver Manager for Unix with the ODBC driver for Unix provided by Altibase. This document is based on the ODBC Driver Manager provided by [http://www.unixodbc.org/](http://www.unixodbc.or...	none	S019 direct link/attachment inspection across technical mapping inventory.
S019	DOCK/Home/32. Altibase와 unixODBC 연동 가이드__11698379.md	39	39	S019-D032-U002	external_reference	- 기술지원포털 : [http://support.altibase.com](http://support.altibase.com/) ▶ 기술 지식 ▶ Q&A	http://support.altibase.com; http://support.altibase.com/	arch/Home/Altibase and unixODBC Integration Guide__14647413.md; arch/Home/Altibase and unixODBC Integration Guide/1. unixODBC Manager Installation__14647417.md; arch/Home/Altibase and unixODBC Integration Guide/2. Integrating unixODBC Manager__14647432.md	33	covered	No English change required.	- Technical support portal: [http://support.altibase.com](http://support.altibase.com/) -> Technical Knowledge -> Q&A	none	S019 direct link/attachment inspection across technical mapping inventory.
S019	DOCK/Home/32. Altibase와 unixODBC 연동 가이드__11698379.md	64	64	S019-D032-U003	external_reference	- [http://www.unixodbc.org](http://www.unixodbc.org/) -> 화면 좌측의 Download 클릭 -> Download 버튼 클릭을 통해 소스를 다운 받도록 한다.	http://www.unixodbc.org; http://www.unixodbc.org/	arch/Home/Altibase and unixODBC Integration Guide__14647413.md; arch/Home/Altibase and unixODBC Integration Guide/1. unixODBC Manager Installation__14647417.md; arch/Home/Altibase and unixODBC Integration Guide/2. Integrating unixODBC Manager__14647432.md	21	covered	No English change required.	This document describes how to integrate the ODBC Driver Manager for Unix with the ODBC driver for Unix provided by Altibase. This document is based on the ODBC Driver Manager provided by [http://www.unixodbc.org/](http://www.unixodbc.or...	none	S019 direct link/attachment inspection across technical mapping inventory.
S019	DOCK/Home/32. Altibase와 unixODBC 연동 가이드__11698379.md	332	332	S019-D032-U004	legacy_hash_label	odbc.ini 파일이 위치한 경로와 동일 디렉토리 경로에 odbcinst.ini 에 위와 같이 설정한다. DSN 명은 반드시 [[ODBC](legacy-hash-placeholder)] 를 사용하여야 한다. TraceFIle 설정값은 로깅할 내용이 기록될 파일의 위치와 파일명이다. Trace = Yes/No 로깅 여부를 선택할 수 있다.	[ODBC; #	arch/Home/Altibase and unixODBC Integration Guide__14647413.md; arch/Home/Altibase and unixODBC Integration Guide/1. unixODBC Manager Installation__14647417.md; arch/Home/Altibase and unixODBC Integration Guide/2. Integrating unixODBC Manager__14647432.md	2	source_limitation	Recorded source limitation; no URL invented.	title: "Altibase and unixODBC Integration Guide"	no resolvable URL in Korean source	Legacy # placeholder in Korean source; English must preserve text/filename without creating a fake URL.
S019	DOCK/Home/33. Altibase 개발자교육__19333461.md	27	27	S019-D033-U001	external_reference	- 기술지원포털 : [http://support.altibase.com](http://support.altibase.com/) ▶ 기술 지식 ▶ Q&A	http://support.altibase.com; http://support.altibase.com/	arch/Home/Altibase Developer Training__22642996.md	27	covered	No English change required.	- Technical support portal: [http://support.altibase.com](http://support.altibase.com/) > Technical Knowledge > Q&A	none	S019 direct link/attachment inspection across technical mapping inventory.
S019	DOCK/Home/33. Altibase 개발자교육__19333461.md	44	44	S019-D033-U002	document_attachment	Altibase v7 이상 (교육문서 #1) : [Altibase_개발자교육_v1.pptx](https://docs.altibase.com/download/attachments/19333461/Altibase_%EA%B0%9C%EB%B0%9C%EC%9E%90%EA%B5%90%EC%9C%A1_v1.pptx?version=5&modificationDate=1759191535000&api=v2)	Altibase_개발자교육_v1.pptx; https://docs.altibase.com/download/attachments/19333461/Altibase_%EA%B0%9C%EB%B0%9C%EC%9E%90%EA%B5%90%EC%9C%A1_v1.pptx?version=5&modificationDate=1759191535000&api=v2	arch/Home/Altibase Developer Training__22642996.md	46	covered	No English change required; URL-backed document-format link is preserved exactly in English target.	- [Korean source attachment 1 (PPTX)](https://docs.altibase.com/download/attachments/19333461/Altibase_%EA%B0%9C%EB%B0%9C%EC%9E%90%EA%B5%90%EC%9C%A1_v1.pptx?version=5&modificationDate=1759191535000&api=v2)	none	Document-format extensions checked: .pdf .ppt .pptx .doc .docx .xls .xlsx .zip.
S019	DOCK/Home/33. Altibase 개발자교육__19333461.md	46	46	S019-D033-U003	document_attachment	Altibase v5 : [D33_ALTIBASE5_개발자교육.pdf](https://docs.altibase.com/download/attachments/19333461/D33_ALTIBASE5_%EA%B0%9C%EB%B0%9C%EC%9E%90%EA%B5%90%EC%9C%A1.pdf?version=2&modificationDate=1697612224000&api=v2)	D33_ALTIBASE5_개발자교육.pdf; https://docs.altibase.com/download/attachments/19333461/D33_ALTIBASE5_%EA%B0%9C%EB%B0%9C%EC%9E%90%EA%B5%90%EC%9C%A1.pdf?version=2&modificationDate=1697612224000&api=v2	arch/Home/Altibase Developer Training__22642996.md	40	covered	No English change required; URL-backed document-format link is preserved exactly in English target.	Legacy Altibase v5 training document : [D33_ALTIBASE5 Developer Training.pdf](https://docs.altibase.com/download/attachments/19333461/D33_ALTIBASE5_%EA%B0%9C%EB%B0%9C%EC%9E%90%EA%B5%90%EC%9C%A1.pdf?version=2&modificationDate=169761222400...	none	Document-format extensions checked: .pdf .ppt .pptx .doc .docx .xls .xlsx .zip.
S019	DOCK/Home/34. Altibase Precompiler 가이드__11698385.md	39	39	S019-D034-U001	external_reference	- 기술지원포털 : [http://support.altibase.com](http://support.altibase.com/) ▶ 기술 지식 ▶ Q&A	http://support.altibase.com; http://support.altibase.com/	arch/Home/Altibase Precompiler Guide__14647438.md; arch/Home/Altibase Precompiler Guide/1. Considerations for ALTIBASE Development__14647447.md; arch/Home/Altibase Precompiler Guide/2. How to use APRE__14647451.md; arch/Home/Altibase Precompiler Guide/3. APRE Sample Program__14647488.md; arch/Home/Altibase Precompiler Guide/4. Frequently Occurring Error Messages__22643006.md; arch/Home/Altibase Precompiler Guide/5. Considerations when converting from other DBMSs__14647506.md	37	covered	No English change required.	- Technical support portal: [http://support.altibase.com](http://support.altibase.com/) > Technical Knowledge > Q&A	none	S019 direct link/attachment inspection across technical mapping inventory.
S019	DOCK/Home/34. Altibase Precompiler 가이드__11698385.md	546	546	S019-D034-U002	external_reference	| Altibase 4.3.9 | ERR-4103C | Request of fetching data to an unprepared SQL statement. | [http://aid.altibase.com/x/6YKZ](http://aid.altibase.com/x/6YKZ) |	http://aid.altibase.com/x/6YKZ; http://aid.altibase.com/x/6YKZ	arch/Home/Altibase Precompiler Guide__14647438.md; arch/Home/Altibase Precompiler Guide/1. Considerations for ALTIBASE Development__14647447.md; arch/Home/Altibase Precompiler Guide/2. How to use APRE__14647451.md; arch/Home/Altibase Precompiler Guide/3. APRE Sample Program__14647488.md; arch/Home/Altibase Precompiler Guide/4. Frequently Occurring Error Messages__22643006.md; arch/Home/Altibase Precompiler Guide/5. Considerations when converting from other DBMSs__14647506.md	311	covered	No English change required.	| Altibase 4.3.9 | ERR-4103C | Request of fetching data to an unprepared SQL statement. | [http://aid.altibase.com/x/6YKZ](http://aid.altibase.com/x/6YKZ) |	none	S019 direct link/attachment inspection across technical mapping inventory.
S019	DOCK/Home/34. Altibase Precompiler 가이드__11698385.md	548	548	S019-D034-U003	external_reference	| Altibase 6.3.1 이상 | ERR-410D2 | Request of fetching data to an unprepared SQL statement. | [http://aid.altibase.com/x/9oKZ](http://aid.altibase.com/x/9oKZ) |	http://aid.altibase.com/x/9oKZ; http://aid.altibase.com/x/9oKZ	arch/Home/Altibase Precompiler Guide__14647438.md; arch/Home/Altibase Precompiler Guide/1. Considerations for ALTIBASE Development__14647447.md; arch/Home/Altibase Precompiler Guide/2. How to use APRE__14647451.md; arch/Home/Altibase Precompiler Guide/3. APRE Sample Program__14647488.md; arch/Home/Altibase Precompiler Guide/4. Frequently Occurring Error Messages__22643006.md; arch/Home/Altibase Precompiler Guide/5. Considerations when converting from other DBMSs__14647506.md	313	covered	No English change required.	| Altibase 6.3.1 or later | ERR-410D2 | Request of fetching data to an unprepared SQL statement. | [http://aid.altibase.com/x/9oKZ](http://aid.altibase.com/x/9oKZ) |	none	S019 direct link/attachment inspection across technical mapping inventory.
S019	DOCK/Home/35. Altibase APRE(SES) _C_C++ Makefile__11698493.md	40	40	S019-D035-U001	external_reference	- 기술지원포털 : [http://support.altibase.com](http://support.altibase.com/) ▶ 기술 지식 ▶ Q&A	http://support.altibase.com; http://support.altibase.com/	arch/Home/Altibase APRE(SES) _C_C++ Makefile__15630378.md; arch/Home/Altibase APRE(SES) _C_C++ Makefile/How to make a basic Makefile__15630382.md; arch/Home/Altibase APRE(SES) _C_C++ Makefile/Makefile for AIX xlc__16252935.md; arch/Home/Altibase APRE(SES) _C_C++ Makefile/Makefile for HP acc__16449546.md; arch/Home/Altibase APRE(SES) _C_C++ Makefile/Makefile for Linux gcc__15630400.md; arch/Home/Altibase APRE(SES) _C_C++ Makefile/Makefile for SUN(Solaris) cc__16678920.md; arch/Home/Altibase APRE(SES) _C_C++ Makefile/Notes_Considerations__16678933.md	38	covered	No English change required.	- Technical support portal: [http://support.altibase.com](http://support.altibase.com/) > Technical Knowledge > Q&A	none	S019 direct link/attachment inspection across technical mapping inventory.
S019	DOCK/Home/35. Altibase APRE(SES) _C_C++ Makefile__11698493.md	316	316	S019-D035-U002	external_reference	[http://support.altibase.com/kr/product](http://support.altibase.com/kr/product) 의 client selection 에서 설치하고자 하는 플랫폼에 맞는 32bit client install package를 다운로드 받아 설치한다.	http://support.altibase.com/kr/product; http://support.altibase.com/kr/product	arch/Home/Altibase APRE(SES) _C_C++ Makefile__15630378.md; arch/Home/Altibase APRE(SES) _C_C++ Makefile/How to make a basic Makefile__15630382.md; arch/Home/Altibase APRE(SES) _C_C++ Makefile/Makefile for AIX xlc__16252935.md; arch/Home/Altibase APRE(SES) _C_C++ Makefile/Makefile for HP acc__16449546.md; arch/Home/Altibase APRE(SES) _C_C++ Makefile/Makefile for Linux gcc__15630400.md; arch/Home/Altibase APRE(SES) _C_C++ Makefile/Makefile for SUN(Solaris) cc__16678920.md; arch/Home/Altibase APRE(SES) _C_C++ Makefile/Notes_Considerations__16678933.md	38	covered	No English change required; English target uses the corresponding English or normalized reference.	- Technical support portal: [http://support.altibase.com](http://support.altibase.com/) > Technical Knowledge > Q&A	none	Exact Korean URL is represented by the corresponding English/source reference where appropriate.
S019	DOCK/Home/35. Altibase APRE(SES) _C_C++ Makefile__11698493.md	319	319	S019-D035-U003	external_reference	64bit client 개발도구는 DB 서버 패키지가 64bit 인 경우 서버 패키지에 기본적으로 포함되어 있으므로 서버 인스톨시에 함께 설치된다. DB 서버와 다른 서버에 64bit 개발도구를 설치하려면 앞서 32bit client 패키지를 다운로드 받은 것처럼 [http://support.altibase.com/kr/product](http://support.altibase.com/kr/product) 의 client...	http://support.altibase.com/kr/product; http://support.altibase.com/kr/product	arch/Home/Altibase APRE(SES) _C_C++ Makefile__15630378.md; arch/Home/Altibase APRE(SES) _C_C++ Makefile/How to make a basic Makefile__15630382.md; arch/Home/Altibase APRE(SES) _C_C++ Makefile/Makefile for AIX xlc__16252935.md; arch/Home/Altibase APRE(SES) _C_C++ Makefile/Makefile for HP acc__16449546.md; arch/Home/Altibase APRE(SES) _C_C++ Makefile/Makefile for Linux gcc__15630400.md; arch/Home/Altibase APRE(SES) _C_C++ Makefile/Makefile for SUN(Solaris) cc__16678920.md; arch/Home/Altibase APRE(SES) _C_C++ Makefile/Notes_Considerations__16678933.md	38	covered	No English change required; English target uses the corresponding English or normalized reference.	- Technical support portal: [http://support.altibase.com](http://support.altibase.com/) > Technical Knowledge > Q&A	none	Exact Korean URL is represented by the corresponding English/source reference where appropriate.
S019	DOCK/Home/36. Altibase 개발가이드__7341274.md	31	31	S019-D036-U001	external_reference	1. 『[Altibase 디스크I/O 병목을 고려한 볼륨구성 가이드](https://docs.altibase.com/pages/viewpage.action?pageId=11698408)』	Altibase 디스크I/O 병목을 고려한 볼륨구성 가이드; https://docs.altibase.com/pages/viewpage.action?pageId=11698408	arch/Home/Altibase Development Guide__14058519.md; arch/Home/Altibase Development Guide/1. Considerations when Designing__22642998.md; arch/Home/Altibase Development Guide/2. Considerations when Developing__14058531.md; arch/Home/Altibase Development Guide/3. Altibase Trace Logs__22643000.md; arch/Home/Altibase Development Guide/4. CLIENT APPLICATION Error Messages__14058547.md	29	covered	No English change required.	1. [Altibase Disk I/O Bottleneck Volume Configuration Guide](https://docs.altibase.com/pages/viewpage.action?pageId=11698408)	none	S019 direct link/attachment inspection across technical mapping inventory.
S019	DOCK/Home/36. Altibase 개발가이드__7341274.md	33	33	S019-D036-U002	external_reference	2. 『[Altibase 백업정책 결정을 위한 고려사항](https://docs.altibase.com/pages/viewpage.action?pageId=14057586)』	Altibase 백업정책 결정을 위한 고려사항; https://docs.altibase.com/pages/viewpage.action?pageId=14057586	arch/Home/Altibase Development Guide__14058519.md; arch/Home/Altibase Development Guide/1. Considerations when Designing__22642998.md; arch/Home/Altibase Development Guide/2. Considerations when Developing__14058531.md; arch/Home/Altibase Development Guide/3. Altibase Trace Logs__22643000.md; arch/Home/Altibase Development Guide/4. CLIENT APPLICATION Error Messages__14058547.md	30	covered	No English change required.	2. [Considerations for Altibase Backup Policy](https://docs.altibase.com/pages/viewpage.action?pageId=14057586)	none	S019 direct link/attachment inspection across technical mapping inventory.
S019	DOCK/Home/36. Altibase 개발가이드__7341274.md	35	35	S019-D036-U003	external_reference	3. 『[Altibase 이중화 구성 가이드](https://docs.altibase.com/pages/viewpage.action?pageId=13828098)』	Altibase 이중화 구성 가이드; https://docs.altibase.com/pages/viewpage.action?pageId=13828098	arch/Home/Altibase Development Guide__14058519.md; arch/Home/Altibase Development Guide/1. Considerations when Designing__22642998.md; arch/Home/Altibase Development Guide/2. Considerations when Developing__14058531.md; arch/Home/Altibase Development Guide/3. Altibase Trace Logs__22643000.md; arch/Home/Altibase Development Guide/4. CLIENT APPLICATION Error Messages__14058547.md	31	covered	No English change required.	3. [Altibase Replication Configuration Guide](https://docs.altibase.com/pages/viewpage.action?pageId=13828098)	none	S019 direct link/attachment inspection across technical mapping inventory.
S019	DOCK/Home/36. Altibase 개발가이드__7341274.md	37	37	S019-D036-U004	external_reference	4. 『[Altibase 이중화 제약사항 가이드](https://docs.altibase.com/pages/viewpage.action?pageId=19333729)』	Altibase 이중화 제약사항 가이드; https://docs.altibase.com/pages/viewpage.action?pageId=19333729	arch/Home/Altibase Development Guide__14058519.md; arch/Home/Altibase Development Guide/1. Considerations when Designing__22642998.md; arch/Home/Altibase Development Guide/2. Considerations when Developing__14058531.md; arch/Home/Altibase Development Guide/3. Altibase Trace Logs__22643000.md; arch/Home/Altibase Development Guide/4. CLIENT APPLICATION Error Messages__14058547.md	32	covered	No English change required.	4. [Altibase Replication Constraints Guide](https://docs.altibase.com/pages/viewpage.action?pageId=19333729)	none	S019 direct link/attachment inspection across technical mapping inventory.
S019	DOCK/Home/36. Altibase 개발가이드__7341274.md	39	39	S019-D036-U005	external_reference	5. 『[Altibase 운영을 위한 시스템 리소스 용량산정 가이드](https://docs.altibase.com/pages/viewpage.action?pageId=14057887)』	Altibase 운영을 위한 시스템 리소스 용량산정 가이드; https://docs.altibase.com/pages/viewpage.action?pageId=14057887	arch/Home/Altibase Development Guide__14058519.md; arch/Home/Altibase Development Guide/1. Considerations when Designing__22642998.md; arch/Home/Altibase Development Guide/2. Considerations when Developing__14058531.md; arch/Home/Altibase Development Guide/3. Altibase Trace Logs__22643000.md; arch/Home/Altibase Development Guide/4. CLIENT APPLICATION Error Messages__14058547.md	33	covered	No English change required.	5. [System Data Capacity Estimation Guide for Altibase Operations](https://docs.altibase.com/pages/viewpage.action?pageId=14057887)	none	S019 direct link/attachment inspection across technical mapping inventory.
S019	DOCK/Home/36. Altibase 개발가이드__7341274.md	41	41	S019-D036-U006	external_reference	6. 『[Altibase Precompiler 가이드](https://docs.altibase.com/pages/viewpage.action?pageId=11698385)』	Altibase Precompiler 가이드; https://docs.altibase.com/pages/viewpage.action?pageId=11698385	arch/Home/Altibase Development Guide__14058519.md; arch/Home/Altibase Development Guide/1. Considerations when Designing__22642998.md; arch/Home/Altibase Development Guide/2. Considerations when Developing__14058531.md; arch/Home/Altibase Development Guide/3. Altibase Trace Logs__22643000.md; arch/Home/Altibase Development Guide/4. CLIENT APPLICATION Error Messages__14058547.md	34	covered	No English change required.	6. [Altibase Precompiler Guide](https://docs.altibase.com/pages/viewpage.action?pageId=11698385)	none	S019 direct link/attachment inspection across technical mapping inventory.
S019	DOCK/Home/36. Altibase 개발가이드__7341274.md	43	43	S019-D036-U007	external_reference	7. 『[Altibase SQL 튜닝 가이드](https://docs.altibase.com/pages/viewpage.action?pageId=19333563)』	Altibase SQL 튜닝 가이드; https://docs.altibase.com/pages/viewpage.action?pageId=19333563	arch/Home/Altibase Development Guide__14058519.md; arch/Home/Altibase Development Guide/1. Considerations when Designing__22642998.md; arch/Home/Altibase Development Guide/2. Considerations when Developing__14058531.md; arch/Home/Altibase Development Guide/3. Altibase Trace Logs__22643000.md; arch/Home/Altibase Development Guide/4. CLIENT APPLICATION Error Messages__14058547.md	35	covered	No English change required.	7. [Altibase SQL Tuning Guide](https://docs.altibase.com/pages/viewpage.action?pageId=19333563)	none	S019 direct link/attachment inspection across technical mapping inventory.
S019	DOCK/Home/36. Altibase 개발가이드__7341274.md	45	45	S019-D036-U008	external_reference	8. 『[JAVA 개발 가이드](https://docs.altibase.com/pages/viewpage.action?pageId=14057500)』	JAVA 개발 가이드; https://docs.altibase.com/pages/viewpage.action?pageId=14057500	arch/Home/Altibase Development Guide__14058519.md; arch/Home/Altibase Development Guide/1. Considerations when Designing__22642998.md; arch/Home/Altibase Development Guide/2. Considerations when Developing__14058531.md; arch/Home/Altibase Development Guide/3. Altibase Trace Logs__22643000.md; arch/Home/Altibase Development Guide/4. CLIENT APPLICATION Error Messages__14058547.md	36	covered	No English change required.	8. [JAVA Developer's Guide](https://docs.altibase.com/pages/viewpage.action?pageId=14057500)	none	S019 direct link/attachment inspection across technical mapping inventory.
S019	DOCK/Home/36. Altibase 개발가이드__7341274.md	47	47	S019-D036-U009	external_reference	9. 『[Altibase VC 2010 개발가이드](https://docs.altibase.com/pages/viewpage.action?pageId=19334121)』	Altibase VC 2010 개발가이드; https://docs.altibase.com/pages/viewpage.action?pageId=19334121	arch/Home/Altibase Development Guide__14058519.md; arch/Home/Altibase Development Guide/1. Considerations when Designing__22642998.md; arch/Home/Altibase Development Guide/2. Considerations when Developing__14058531.md; arch/Home/Altibase Development Guide/3. Altibase Trace Logs__22643000.md; arch/Home/Altibase Development Guide/4. CLIENT APPLICATION Error Messages__14058547.md	37	covered	No English change required.	9. [Altibase VC 2010 Development Guide](https://docs.altibase.com/pages/viewpage.action?pageId=19334121)	none	S019 direct link/attachment inspection across technical mapping inventory.
S019	DOCK/Home/36. Altibase 개발가이드__7341274.md	49	49	S019-D036-U010	external_reference	10. 『[Oracle to Altibase 변환가이드](https://docs.altibase.com/pages/viewpage.action?pageId=7341605)』	Oracle to Altibase 변환가이드; https://docs.altibase.com/pages/viewpage.action?pageId=7341605	arch/Home/Altibase Development Guide__14058519.md; arch/Home/Altibase Development Guide/1. Considerations when Designing__22642998.md; arch/Home/Altibase Development Guide/2. Considerations when Developing__14058531.md; arch/Home/Altibase Development Guide/3. Altibase Trace Logs__22643000.md; arch/Home/Altibase Development Guide/4. CLIENT APPLICATION Error Messages__14058547.md	38	covered	No English change required.	10. [ORACLE to ALTIBASE Conversion Guide](https://docs.altibase.com/pages/viewpage.action?pageId=7341605)	none	S019 direct link/attachment inspection across technical mapping inventory.
S019	DOCK/Home/36. Altibase 개발가이드__7341274.md	53	53	S019-D036-U011	external_reference	- 기술지원포털 : [http://support.altibase.com](http://support.altibase.com/) ▶ 기술 지식 ▶ Q&A	http://support.altibase.com; http://support.altibase.com/	arch/Home/Altibase Development Guide__14058519.md; arch/Home/Altibase Development Guide/1. Considerations when Designing__22642998.md; arch/Home/Altibase Development Guide/2. Considerations when Developing__14058531.md; arch/Home/Altibase Development Guide/3. Altibase Trace Logs__22643000.md; arch/Home/Altibase Development Guide/4. CLIENT APPLICATION Error Messages__14058547.md	42	covered	No English change required.	- Technical support portal: [http://support.altibase.com](http://support.altibase.com/) > Technical Knowledge > Q&A	none	S019 direct link/attachment inspection across technical mapping inventory.
S019	DOCK/Home/36. Altibase 개발가이드__7341274.md	96	96	S019-D036-U012	external_reference	이외도 이중화 환경의 주요 고려사항들은 ALTIBASE의 기술문서인『[Altibase 이중화 구성 가이드](https://docs.altibase.com/pages/viewpage.action?pageId=13828098)』, 『[Altibase 이중화 제약사항 가이드](https://docs.altibase.com/pages/viewpage.action?pageId=19333729)』문서를 반드시 참고하시기 바랍니다.	Altibase 이중화 구성 가이드; https://docs.altibase.com/pages/viewpage.action?pageId=13828098	arch/Home/Altibase Development Guide__14058519.md; arch/Home/Altibase Development Guide/1. Considerations when Designing__22642998.md; arch/Home/Altibase Development Guide/2. Considerations when Developing__14058531.md; arch/Home/Altibase Development Guide/3. Altibase Trace Logs__22643000.md; arch/Home/Altibase Development Guide/4. CLIENT APPLICATION Error Messages__14058547.md	31	covered	No English change required.	3. [Altibase Replication Configuration Guide](https://docs.altibase.com/pages/viewpage.action?pageId=13828098)	none	S019 direct link/attachment inspection across technical mapping inventory.
S019	DOCK/Home/36. Altibase 개발가이드__7341274.md	96	96	S019-D036-U013	external_reference	이외도 이중화 환경의 주요 고려사항들은 ALTIBASE의 기술문서인『[Altibase 이중화 구성 가이드](https://docs.altibase.com/pages/viewpage.action?pageId=13828098)』, 『[Altibase 이중화 제약사항 가이드](https://docs.altibase.com/pages/viewpage.action?pageId=19333729)』문서를 반드시 참고하시기 바랍니다.	Altibase 이중화 제약사항 가이드; https://docs.altibase.com/pages/viewpage.action?pageId=19333729	arch/Home/Altibase Development Guide__14058519.md; arch/Home/Altibase Development Guide/1. Considerations when Designing__22642998.md; arch/Home/Altibase Development Guide/2. Considerations when Developing__14058531.md; arch/Home/Altibase Development Guide/3. Altibase Trace Logs__22643000.md; arch/Home/Altibase Development Guide/4. CLIENT APPLICATION Error Messages__14058547.md	32	covered	No English change required.	4. [Altibase Replication Constraints Guide](https://docs.altibase.com/pages/viewpage.action?pageId=19333729)	none	S019 direct link/attachment inspection across technical mapping inventory.
S019	DOCK/Home/36. Altibase 개발가이드__7341274.md	121	121	S019-D036-U014	external_reference	백업과 관련하여 『[Altibase 백업정책 결정을 위한 고려사항](https://docs.altibase.com/pages/viewpage.action?pageId=14057586)』문서를 참고하시기 바랍니다.	Altibase 백업정책 결정을 위한 고려사항; https://docs.altibase.com/pages/viewpage.action?pageId=14057586	arch/Home/Altibase Development Guide__14058519.md; arch/Home/Altibase Development Guide/1. Considerations when Designing__22642998.md; arch/Home/Altibase Development Guide/2. Considerations when Developing__14058531.md; arch/Home/Altibase Development Guide/3. Altibase Trace Logs__22643000.md; arch/Home/Altibase Development Guide/4. CLIENT APPLICATION Error Messages__14058547.md	30	covered	No English change required.	2. [Considerations for Altibase Backup Policy](https://docs.altibase.com/pages/viewpage.action?pageId=14057586)	none	S019 direct link/attachment inspection across technical mapping inventory.
S019	DOCK/Home/36. Altibase 개발가이드__7341274.md	171	171	S019-D036-U015	external_reference	(Ex)『[MSSQL to Altibase 변환가이드](https://docs.altibase.com/pages/viewpage.action?pageId=7341431)』, 『[Oracle to Altibase 변환가이드](https://docs.altibase.com/pages/viewpage.action?pageId=7341605)』, 『[Altibase, Oracle 비교 자료](https://docs.altibas...	MSSQL to Altibase 변환가이드; https://docs.altibase.com/pages/viewpage.action?pageId=7341431	arch/Home/Altibase Development Guide__14058519.md; arch/Home/Altibase Development Guide/1. Considerations when Designing__22642998.md; arch/Home/Altibase Development Guide/2. Considerations when Developing__14058531.md; arch/Home/Altibase Development Guide/3. Altibase Trace Logs__22643000.md; arch/Home/Altibase Development Guide/4. CLIENT APPLICATION Error Messages__14058547.md	126	covered	No English change required.	For more detailed information, refer to the technical documents provided for each DBMS vendor. Examples: [MSSQL to ALTIBASE Conversion Guide](https://docs.altibase.com/pages/viewpage.action?pageId=7341431), [ORACLE to ALTIBASE Conversion...	none	S019 direct link/attachment inspection across technical mapping inventory.
S019	DOCK/Home/36. Altibase 개발가이드__7341274.md	171	171	S019-D036-U016	external_reference	(Ex)『[MSSQL to Altibase 변환가이드](https://docs.altibase.com/pages/viewpage.action?pageId=7341431)』, 『[Oracle to Altibase 변환가이드](https://docs.altibase.com/pages/viewpage.action?pageId=7341605)』, 『[Altibase, Oracle 비교 자료](https://docs.altibas...	Oracle to Altibase 변환가이드; https://docs.altibase.com/pages/viewpage.action?pageId=7341605	arch/Home/Altibase Development Guide__14058519.md; arch/Home/Altibase Development Guide/1. Considerations when Designing__22642998.md; arch/Home/Altibase Development Guide/2. Considerations when Developing__14058531.md; arch/Home/Altibase Development Guide/3. Altibase Trace Logs__22643000.md; arch/Home/Altibase Development Guide/4. CLIENT APPLICATION Error Messages__14058547.md	38	covered	No English change required.	10. [ORACLE to ALTIBASE Conversion Guide](https://docs.altibase.com/pages/viewpage.action?pageId=7341605)	none	S019 direct link/attachment inspection across technical mapping inventory.
S019	DOCK/Home/36. Altibase 개발가이드__7341274.md	171	171	S019-D036-U017	external_reference	(Ex)『[MSSQL to Altibase 변환가이드](https://docs.altibase.com/pages/viewpage.action?pageId=7341431)』, 『[Oracle to Altibase 변환가이드](https://docs.altibase.com/pages/viewpage.action?pageId=7341605)』, 『[Altibase, Oracle 비교 자료](https://docs.altibas...	Altibase, Oracle 비교 자료; https://docs.altibase.com/pages/viewpage.action?pageId=14058137	arch/Home/Altibase Development Guide__14058519.md; arch/Home/Altibase Development Guide/1. Considerations when Designing__22642998.md; arch/Home/Altibase Development Guide/2. Considerations when Developing__14058531.md; arch/Home/Altibase Development Guide/3. Altibase Trace Logs__22643000.md; arch/Home/Altibase Development Guide/4. CLIENT APPLICATION Error Messages__14058547.md	126	covered	No English change required.	For more detailed information, refer to the technical documents provided for each DBMS vendor. Examples: [MSSQL to ALTIBASE Conversion Guide](https://docs.altibase.com/pages/viewpage.action?pageId=7341431), [ORACLE to ALTIBASE Conversion...	none	S019 direct link/attachment inspection across technical mapping inventory.
S019	DOCK/Home/36. Altibase 개발가이드__7341274.md	641	641	S019-D036-U018	external_reference	위의 예제처럼 BYTE컬럼에 CLOB의 데이터를 넣을 경우 형 변환을 CLOB을 BYTE로 변환할 수 없음으로 에러를 발생시킨다. Altibase 변환 함수는 어떤 데이터 타입의 입력 값을 다른 데이터 타입으로 변환한다. 변환함수에 대한 내용은 [Altibase SQL Reference](https://github.com/ALTIBASE/Documents/blob/master/Manuals/Altibase_7.3/kor/...	Altibase SQL Reference; https://github.com/ALTIBASE/Documents/blob/master/Manuals/Altibase_7.3/kor/SQL%20Reference.md#%EB%B3%80%ED%99%98-%ED%95%A8%EC%88%98	arch/Home/Altibase Development Guide__14058519.md; arch/Home/Altibase Development Guide/1. Considerations when Designing__22642998.md; arch/Home/Altibase Development Guide/2. Considerations when Developing__14058531.md; arch/Home/Altibase Development Guide/3. Altibase Trace Logs__22643000.md; arch/Home/Altibase Development Guide/4. CLIENT APPLICATION Error Messages__14058547.md	61	covered	No English change required.	As in the example above, when CLOB data is inserted into a BYTE column, an error occurs because CLOB cannot be converted to BYTE. Altibase conversion functions convert an input value of one data type to another data type. For conversion ...	none	S019 direct link/attachment inspection across technical mapping inventory.
S019	DOCK/Home/36. Altibase 개발가이드__7341274.md	774	774	S019-D036-U019	external_reference	단, 이렇게 변경하여 처리할 경우 리두로그 파일의 생성이 많아져서 디스크 풀 장애와 같은 상황이 발생할 수 있으므로 주의가 필요하다. 또한, ALTIBASE는 대량 변경 작업 시 MVCC로 인한 리소스의 증가를 방지하기 위해 테이블에 X-Lock을 획득하려고 시도하기 때문에 X-Lock획득 이후 해당 테이블에 조회 및 변경이 X-Lock으로 인해 대기하게 됨으로 사용자의 주의가 필요하다. 보다 자세한 내용은 『[09-18...	09-18. ERR-11118; https://docs.altibase.com/pages/viewpage.action?pageId=8454818	arch/Home/Altibase Development Guide__14058519.md; arch/Home/Altibase Development Guide/1. Considerations when Designing__22642998.md; arch/Home/Altibase Development Guide/2. Considerations when Developing__14058531.md; arch/Home/Altibase Development Guide/3. Altibase Trace Logs__22643000.md; arch/Home/Altibase Development Guide/4. CLIENT APPLICATION Error Messages__14058547.md	189	covered	No English change required.	Please be cautious when processing such changes, as more redo log files are created and a situation such as a disk full failure may occur. Additionally, ALTIBASE attempts to acquire an X-Lock on the table to prevent resource growth cause...	none	S019 direct link/attachment inspection across technical mapping inventory.
S019	DOCK/Home/36. Altibase 개발가이드__7341274.md	774	774	S019-D036-U020	external_reference	단, 이렇게 변경하여 처리할 경우 리두로그 파일의 생성이 많아져서 디스크 풀 장애와 같은 상황이 발생할 수 있으므로 주의가 필요하다. 또한, ALTIBASE는 대량 변경 작업 시 MVCC로 인한 리소스의 증가를 방지하기 위해 테이블에 X-Lock을 획득하려고 시도하기 때문에 X-Lock획득 이후 해당 테이블에 조회 및 변경이 X-Lock으로 인해 대기하게 됨으로 사용자의 주의가 필요하다. 보다 자세한 내용은 『[09-18...	』를 참고하도록 한다.; https://docs.altibase.com/pages/viewpage.action?pageId=14058137	arch/Home/Altibase Development Guide__14058519.md; arch/Home/Altibase Development Guide/1. Considerations when Designing__22642998.md; arch/Home/Altibase Development Guide/2. Considerations when Developing__14058531.md; arch/Home/Altibase Development Guide/3. Altibase Trace Logs__22643000.md; arch/Home/Altibase Development Guide/4. CLIENT APPLICATION Error Messages__14058547.md	126	covered	No English change required.	For more detailed information, refer to the technical documents provided for each DBMS vendor. Examples: [MSSQL to ALTIBASE Conversion Guide](https://docs.altibase.com/pages/viewpage.action?pageId=7341431), [ORACLE to ALTIBASE Conversion...	none	S019 direct link/attachment inspection across technical mapping inventory.
S019	DOCK/Home/36. Altibase 개발가이드__7341274.md	800	800	S019-D036-U021	legacy_attachment_label	[ALTIBASE_개발가이드.pdf](legacy-hash-placeholder)	ALTIBASE_개발가이드.pdf; #	arch/Home/Altibase Development Guide__14058519.md; arch/Home/Altibase Development Guide/1. Considerations when Designing__22642998.md; arch/Home/Altibase Development Guide/2. Considerations when Developing__14058531.md; arch/Home/Altibase Development Guide/3. Altibase Trace Logs__22643000.md; arch/Home/Altibase Development Guide/4. CLIENT APPLICATION Error Messages__14058547.md	213	source_limitation	Recorded source limitation; no URL invented.	- `ALTIBASE_개발가이드.pdf`	no resolvable URL in Korean source	Legacy # placeholder in Korean source; English must preserve text/filename without creating a fake URL.
S019	DOCK/Home/36. Altibase 개발가이드__7341274.md	802	802	S019-D036-U022	legacy_attachment_label	구버전 : [ALTIBASE_개발가이드_5.3.pdf](legacy-hash-placeholder) (ALTIBASE v5.3)	ALTIBASE_개발가이드_5.3.pdf; #	arch/Home/Altibase Development Guide__14058519.md; arch/Home/Altibase Development Guide/1. Considerations when Designing__22642998.md; arch/Home/Altibase Development Guide/2. Considerations when Developing__14058531.md; arch/Home/Altibase Development Guide/3. Altibase Trace Logs__22643000.md; arch/Home/Altibase Development Guide/4. CLIENT APPLICATION Error Messages__14058547.md	214	source_limitation	Recorded source limitation; no URL invented.	- `ALTIBASE_개발가이드_5.3.pdf` (ALTIBASE v5.3)	no resolvable URL in Korean source	Legacy # placeholder in Korean source; English must preserve text/filename without creating a fake URL.
S019	DOCK/Home/37. Altibase SQL 튜닝 가이드__19333563.md	27	27	S019-D037-U001	external_reference	- 기술지원포털 : [http://support.altibase.com](http://support.altibase.com/) ▶ 기술 지식 ▶ Q&A	http://support.altibase.com; http://support.altibase.com/	arch/Home/Altibase SQL Tuning Guide__22643010.md	27	covered	No English change required.	- Technical support portal: [http://support.altibase.com](http://support.altibase.com/) > Technical Knowledge > Q&A	none	S019 direct link/attachment inspection across technical mapping inventory.
S019	DOCK/Home/37. Altibase SQL 튜닝 가이드__19333563.md	42	42	S019-D037-U002	document_attachment	다운로드 가능 문서 : [D68_Altibase_SQL_Tuning_Guide.pdf](https://docs.altibase.com/download/attachments/19333563/D68_Altibase_SQL_Tuning_Guide.pdf?version=1&modificationDate=1697696104000&api=v2)	D68_Altibase_SQL_Tuning_Guide.pdf; https://docs.altibase.com/download/attachments/19333563/D68_Altibase_SQL_Tuning_Guide.pdf?version=1&modificationDate=1697696104000&api=v2	arch/Home/Altibase SQL Tuning Guide__22643010.md	48	covered	No English change required; URL-backed document-format link is preserved exactly in English target.	- [D68_Altibase_SQL_Tuning_Guide.pdf](https://docs.altibase.com/download/attachments/19333563/D68_Altibase_SQL_Tuning_Guide.pdf?version=1&modificationDate=1697696104000&api=v2)	none	Document-format extensions checked: .pdf .ppt .pptx .doc .docx .xls .xlsx .zip.
S019	DOCK/Home/38. Altibase VC 2008 개발가이드__19333567.md	27	27	S019-D038-U001	external_reference	- 기술지원포털 : [http://support.altibase.com](http://support.altibase.com/) ▶ 기술 지식 ▶ Q&A	http://support.altibase.com; http://support.altibase.com/	arch/Home/Altibase VC 2008 Development Guide__19333567.md	28	covered	No English change required.	- Technical support portal: [http://support.altibase.com](http://support.altibase.com/) > Technical Knowledge > Q&A	none	S019 direct link/attachment inspection across technical mapping inventory.
S019	DOCK/Home/38. Altibase VC 2008 개발가이드__19333567.md	42	42	S019-D038-U002	document_attachment	다운로드 가능 문서 : [ALTIBASE_VC_2008_개발가이드.zip](https://docs.altibase.com/download/attachments/19333567/ALTIBASE_VC_2008_%EA%B0%9C%EB%B0%9C%EA%B0%80%EC%9D%B4%EB%93%9C.zip?version=1&modificationDate=1697696674000&api=v2)	ALTIBASE_VC_2008_개발가이드.zip; https://docs.altibase.com/download/attachments/19333567/ALTIBASE_VC_2008_%EA%B0%9C%EB%B0%9C%EA%B0%80%EC%9D%B4%EB%93%9C.zip?version=1&modificationDate=1697696674000&api=v2	arch/Home/Altibase VC 2008 Development Guide__19333567.md	43	covered	No English change required; URL-backed document-format link is preserved exactly in English target.	Downloadable document: [ALTIBASE_VC_2008_개발가이드.zip](https://docs.altibase.com/download/attachments/19333567/ALTIBASE_VC_2008_%EA%B0%9C%EB%B0%9C%EA%B0%80%EC%9D%B4%EB%93%9C.zip?version=1&modificationDate=1697696674000&api=v2)	none	Document-format extensions checked: .pdf .ppt .pptx .doc .docx .xls .xlsx .zip.
S019	DOCK/Home/39. Altibase, Oracle 비교 자료__14058137.md	27	27	S019-D039-U001	external_reference	- 기술지원포털 : [http://support.altibase.com](http://support.altibase.com/) ▶ 기술 지식 ▶ Q&A	http://support.altibase.com; http://support.altibase.com/	arch/Home/Altibase_Oracle Comparison__16875638.md	27	covered	No English change required.	- Technical support portal: [http://support.altibase.com](http://support.altibase.com/) > Technical Knowledge > Q&A	none	S019 direct link/attachment inspection across technical mapping inventory.
S019	DOCK/Home/39. Altibase, Oracle 비교 자료__14058137.md	605	605	S019-D039-U002	document_attachment	[ALTIBASE_ORACLE_비교자료.pdf](https://docs.altibase.com/download/attachments/14058137/ALTIBASE_ORACLE_%EB%B9%84%EA%B5%90%EC%9E%90%EB%A3%8C.pdf?version=1&modificationDate=1697697201000&api=v2)	ALTIBASE_ORACLE_비교자료.pdf; https://docs.altibase.com/download/attachments/14058137/ALTIBASE_ORACLE_%EB%B9%84%EA%B5%90%EC%9E%90%EB%A3%8C.pdf?version=1&modificationDate=1697697201000&api=v2	arch/Home/Altibase_Oracle Comparison__16875638.md	609	covered	No English change required; URL-backed document-format link is preserved exactly in English target.	- [ALTIBASE_ORACLE_비교자료.pdf](https://docs.altibase.com/download/attachments/14058137/ALTIBASE_ORACLE_%EB%B9%84%EA%B5%90%EC%9E%90%EB%A3%8C.pdf?version=1&modificationDate=1697697201000&api=v2)	none	Document-format extensions checked: .pdf .ppt .pptx .doc .docx .xls .xlsx .zip.
S019	DOCK/Home/40. Oracle to Altibase 변환가이드__7341605.md	27	27	S019-D040-U001	external_reference	- 기술지원포털 : [http://support.altibase.com](http://support.altibase.com/) ▶ 기술 지식 ▶ Q&A	http://support.altibase.com; http://support.altibase.com/	arch/Home/ORACLE to ALTIBASE Conversion Guide__22643038.md	27	covered	No English change required.	- Technical support portal: [http://support.altibase.com](http://support.altibase.com/) > Technical Knowledge > Q&A	none	S019 direct link/attachment inspection across technical mapping inventory.
S019	DOCK/Home/40. Oracle to Altibase 변환가이드__7341605.md	1148	1148	S019-D040-U002	external_reference	MigrationCenter는 [support.altibase.com](http://support.altibase.com/)의 다운로드 페이지를 통하여 다운로드 가능합니다.	support.altibase.com; http://support.altibase.com/	arch/Home/ORACLE to ALTIBASE Conversion Guide__22643038.md	27	covered	No English change required.	- Technical support portal: [http://support.altibase.com](http://support.altibase.com/) > Technical Knowledge > Q&A	none	S019 direct link/attachment inspection across technical mapping inventory.
S019	DOCK/Home/40. Oracle to Altibase 변환가이드__7341605.md	1150	1150	S019-D040-U003	external_reference	- [http://support.altibase.com/kr/product](http://support.altibase.com/kr/product)	http://support.altibase.com/kr/product; http://support.altibase.com/kr/product	arch/Home/ORACLE to ALTIBASE Conversion Guide__22643038.md	1167	covered	No English change required; English target uses the corresponding English or normalized reference.	- [http://support.altibase.com/en/product](http://support.altibase.com/en/product)	none	Exact Korean URL is represented by the corresponding English/source reference where appropriate.
S019	DOCK/Home/40. Oracle to Altibase 변환가이드__7341605.md	1154	1154	S019-D040-U004	external_reference	- [Migration Center User's Manual - Altibase 7.1 문서](https://manual.altibase.com/7.1/external-tools/migration-center/copyright/)	Migration Center User's Manual - Altibase 7.1 문서; https://manual.altibase.com/7.1/external-tools/migration-center/copyright/	arch/Home/ORACLE to ALTIBASE Conversion Guide__22643038.md	1171	covered	No English change required.	- [Migration Center User's Manual - Altibase 7.1 Documentation](https://manual.altibase.com/7.1/external-tools/migration-center/copyright/)	none	S019 direct link/attachment inspection across technical mapping inventory.
S019	DOCK/Home/40. Oracle to Altibase 변환가이드__7341605.md	1156	1156	S019-D040-U005	legacy_attachment_label	구 버전 (Altibase v6 & Oracle 11g) : [ALTIBASE_Oracle_변환_가이드.pdf](legacy-hash-placeholder)	ALTIBASE_Oracle_변환_가이드.pdf; #	arch/Home/ORACLE to ALTIBASE Conversion Guide__22643038.md	1175	source_limitation	Recorded source limitation; no URL invented.	- `ALTIBASE_Oracle_변환_가이드.pdf` (Altibase v6 & Oracle 11g)	no resolvable URL in Korean source	Legacy # placeholder in Korean source; English must preserve text/filename without creating a fake URL.
S019	DOCK/Home/40. Oracle to Altibase 변환가이드__7341605.md	1158	1158	S019-D040-U006	legacy_attachment_label	구 버전 (Altibase v5 & Oracle 10g) : [ORACLE_to_ALTIBASE_변환_가이드_5.5.pdf](legacy-hash-placeholder)	ORACLE_to_ALTIBASE_변환_가이드_5.5.pdf; #	arch/Home/ORACLE to ALTIBASE Conversion Guide__22643038.md	1176	source_limitation	Recorded source limitation; no URL invented.	- `ORACLE_to_ALTIBASE_변환_가이드_5.5.pdf` (Altibase v5 & Oracle 10g)	no resolvable URL in Korean source	Legacy # placeholder in Korean source; English must preserve text/filename without creating a fake URL.
S019	DOCK/Home/41. Altibase Quick Install & Start for UNIX__13436834.md	27	27	S019-D041-U001	external_reference	- 기술지원포털 : [http://support.altibase.com](http://support.altibase.com/) ▶ 기술 지식 ▶ Q&A	http://support.altibase.com; http://support.altibase.com/	arch/Home/Altibase Quick Install & Start for UNIX__16875604.md	29	covered	No English change required.	- Technical support portal: [http://support.altibase.com](http://support.altibase.com/)	none	S019 direct link/attachment inspection across technical mapping inventory.
S019	DOCK/Home/41. Altibase Quick Install & Start for UNIX__13436834.md	46	46	S019-D041-U002	external_reference	사용자는 [http://support.altibase.com](http://support.altibase.com) 또는 Altibase 로부터 패키지를 받을 수 있다. 해당 패키지에는 OS 정보 및 컴파일 비트, 제품의 버전 정보 등이 기술되어 있음으로 적합한 제품 패키지를 요청하거나 다운받도록 한다.	http://support.altibase.com; http://support.altibase.com	arch/Home/Altibase Quick Install & Start for UNIX__16875604.md	29	covered	No English change required.	- Technical support portal: [http://support.altibase.com](http://support.altibase.com/)	none	S019 direct link/attachment inspection across technical mapping inventory.
S019	DOCK/Home/41. Altibase Quick Install & Start for UNIX__13436834.md	529	529	S019-D041-U003	external_reference	[25. ALTIBASE 데이터베이스 생성 가이드](https://docs.altibase.com/pages/viewpage.action?pageId=13436812)	25. ALTIBASE 데이터베이스 생성 가이드; https://docs.altibase.com/pages/viewpage.action?pageId=13436812	arch/Home/Altibase Quick Install & Start for UNIX__16875604.md	531	covered	No English change required; English target uses the corresponding English or normalized reference.	[Creating ALTIBASE Database](https://docs.altibase.com/display/arch/Creating+ALTIBASE+Database)	none	Exact Korean URL is represented by the corresponding English/source reference where appropriate.
S019	DOCK/Home/41. Altibase Quick Install & Start for UNIX__13436834.md	733	733	S019-D041-U004	external_reference	[43. Altibase 구동/중지 과정의 이해](https://docs.altibase.com/pages/viewpage.action?pageId=13434993)	43. Altibase 구동/중지 과정의 이해; https://docs.altibase.com/pages/viewpage.action?pageId=13434993	arch/Home/Altibase Quick Install & Start for UNIX__16875604.md	729	covered	No English change required.	- [Understanding the Altibase Start/Shut down Process](https://docs.altibase.com/pages/viewpage.action?pageId=13434993)	none	S019 direct link/attachment inspection across technical mapping inventory.
S019	DOCK/Home/41. Altibase Quick Install & Start for UNIX__13436834.md	741	741	S019-D041-U005	external_reference	- 자세한 SQL문 사용법에 대해서는 Altibase가 제공하는 매뉴얼을 참조하도록 한다. (메뉴얼은 [support.altibase.com](http://support.altibase.com) 으로 접속 및 로그인하시어 문서 확인 및 다운로드가 가능하다.)	support.altibase.com; http://support.altibase.com	arch/Home/Altibase Quick Install & Start for UNIX__16875604.md	29	covered	No English change required.	- Technical support portal: [http://support.altibase.com](http://support.altibase.com/)	none	S019 direct link/attachment inspection across technical mapping inventory.
S019	DOCK/Home/41. Altibase Quick Install & Start for UNIX__13436834.md	984	984	S019-D041-U006	document_attachment	구버전 문서: [ALTIBASE_Quick_Install_Start_for_UNIX.pdf](https://docs.altibase.com/download/attachments/13436834/ALTIBASE_Quick_Install_Start_for_UNIX.pdf?version=1&modificationDate=1697762511000&api=v2) (Altibase v5)	ALTIBASE_Quick_Install_Start_for_UNIX.pdf; https://docs.altibase.com/download/attachments/13436834/ALTIBASE_Quick_Install_Start_for_UNIX.pdf?version=1&modificationDate=1697762511000&api=v2	arch/Home/Altibase Quick Install & Start for UNIX__16875604.md	981	covered	No English change required; URL-backed document-format link is preserved exactly in English target.	- [Korean source attachment 1 (PDF)](https://docs.altibase.com/download/attachments/13436834/ALTIBASE_Quick_Install_Start_for_UNIX.pdf?version=1&modificationDate=1697762511000&api=v2)	none	Document-format extensions checked: .pdf .ppt .pptx .doc .docx .xls .xlsx .zip.
S019	DOCK/Home/42. Altibase 설치 시 발생할 수 있는 문제상황과 조치__13437056.md	33	33	S019-D042-U001	external_reference	- 기술지원포털 : [http://support.altibase.com](http://support.altibase.com/) ▶ 기술 지식 ▶ Q&A	http://support.altibase.com; http://support.altibase.com/	arch/Home/Troubleshooting Altibase Installation Problems__15138879.md	35	covered	No English change required.	- Technical support portal: [http://support.altibase.com](http://support.altibase.com/)	none	S019 direct link/attachment inspection across technical mapping inventory.
S019	DOCK/Home/42. Altibase 설치 시 발생할 수 있는 문제상황과 조치__13437056.md	156	156	S019-D042-U002	external_reference	- ****해결방안 : Altibase 기술지원 포털([http://support.altibase.com)](http://support.altibase.com)) 에서 새로운 라이선스를 신청해서 발급받아 적용한다.****	http://support.altibase.com); http://support.altibase.com	arch/Home/Troubleshooting Altibase Installation Problems__15138879.md	35	covered	No English change required.	- Technical support portal: [http://support.altibase.com](http://support.altibase.com/)	none	S019 direct link/attachment inspection across technical mapping inventory.
S019	DOCK/Home/42. Altibase 설치 시 발생할 수 있는 문제상황과 조치__13437056.md	256	256	S019-D042-U003	document_attachment	구버전 : [ALTIBASE_설치_시_발생할_수_있는_문제상황과_조치.pdf](https://docs.altibase.com/download/attachments/13437056/ALTIBASE_%EC%84%A4%EC%B9%98_%EC%8B%9C_%EB%B0%9C%EC%83%9D%ED%95%A0_%EC%88%98_%EC%9E%88%EB%8A%94_%EB%AC%B8%EC%A0%9C%EC%83%81%ED%99%A9%EA%B3...	ALTIBASE_설치_시_발생할_수_있는_문제상황과_조치.pdf; https://docs.altibase.com/download/attachments/13437056/ALTIBASE_%EC%84%A4%EC%B9%98_%EC%8B%9C_%EB%B0%9C%EC%83%9D%ED%95%A0_%EC%88%98_%EC%9E%88%EB%8A%94_%EB%AC%B8%EC%A0%9C%EC%83%81%ED%99%A9%EA%B3%BC_%EC%A1%B0%EC%B9%98.pdf?version=1&modificationDate=1697764061000&api=v2	arch/Home/Troubleshooting Altibase Installation Problems__15138879.md	270	covered	No English change required; URL-backed document-format link is preserved exactly in English target.	- [Korean source attachment 1 (PDF)](https://docs.altibase.com/download/attachments/13437056/ALTIBASE_%EC%84%A4%EC%B9%98_%EC%8B%9C_%EB%B0%9C%EC%83%9D%ED%95%A0_%EC%88%98_%EC%9E%88%EB%8A%94_%EB%AC%B8%EC%A0%9C%EC%83%81%ED%99%A9%EA%B3%BC_%EC...	none	Document-format extensions checked: .pdf .ppt .pptx .doc .docx .xls .xlsx .zip.
S019	DOCK/Home/43. Altibase STARTUP _ STOP 과정의 이해__13434993.md	29	29	S019-D043-U001	external_reference	- 기술지원포털 : [http://support.altibase.com](http://support.altibase.com/) ▶ 기술 지식 ▶ Q&A	http://support.altibase.com; http://support.altibase.com/	arch/Home/Understanding the Altibase Start_Shut down Process__14909450.md; arch/Home/Understanding the Altibase Start_Shut down Process/1. Starting Altibase__14909452.md; arch/Home/Understanding the Altibase Start_Shut down Process/2. Shutting Altibase Down__14909483.md	29	covered	No English change required.	- Technical support portal: [http://support.altibase.com/en/](http://support.altibase.com/en/)	none	S019 direct link/attachment inspection across technical mapping inventory.
S019	DOCK/Home/43. Altibase STARTUP _ STOP 과정의 이해__13434993.md	228	228	S019-D043-U002	document_attachment	구버전 : [ALTIBASE_STARTUP_STOP_과정의이해.pdf](https://docs.altibase.com/download/attachments/13434993/ALTIBASE_STARTUP_STOP_%EA%B3%BC%EC%A0%95%EC%9D%98%EC%9D%B4%ED%95%B4.pdf?version=1&modificationDate=1697766276000&api=v2) (Altibase v5.3.3)	ALTIBASE_STARTUP_STOP_과정의이해.pdf; https://docs.altibase.com/download/attachments/13434993/ALTIBASE_STARTUP_STOP_%EA%B3%BC%EC%A0%95%EC%9D%98%EC%9D%B4%ED%95%B4.pdf?version=1&modificationDate=1697766276000&api=v2	arch/Home/Understanding the Altibase Start_Shut down Process__14909450.md; arch/Home/Understanding the Altibase Start_Shut down Process/1. Starting Altibase__14909452.md; arch/Home/Understanding the Altibase Start_Shut down Process/2. Shutting Altibase Down__14909483.md	36	covered	No English change required; URL-backed document-format link is preserved exactly in English target.	- [Korean source attachment 1 (PDF)](https://docs.altibase.com/download/attachments/13434993/ALTIBASE_STARTUP_STOP_%EA%B3%BC%EC%A0%95%EC%9D%98%EC%9D%B4%ED%95%B4.pdf?version=1&modificationDate=1697766276000&api=v2)	none	Document-format extensions checked: .pdf .ppt .pptx .doc .docx .xls .xlsx .zip.
S019	DOCK/Home/44. APRE_C_C++ New Features & 업그레이드 가이드__13435760.md	29	29	S019-D044-U001	external_reference	- [Altibase APRE(SES) *C/C++ Makefile](https://docs.altibase.com/pages/viewpage.action?pageId=11698493)	Altibase APRE(SES) *C/C++ Makefile; https://docs.altibase.com/pages/viewpage.action?pageId=11698493	arch/Home/APRE_C_C++ New Features & Upgrade Guide__22643052.md	29	covered	No English change required; English target uses the corresponding English or normalized reference.	- [Altibase APRE(SES) *C/C++ Makefile](https://docs.altibase.com/pages/viewpage.action?pageId=15630378)	none	Exact Korean URL is represented by the corresponding English/source reference where appropriate.
S019	DOCK/Home/44. APRE_C_C++ New Features & 업그레이드 가이드__13435760.md	30	30	S019-D044-U002	external_reference	- [Altibase Precompiler 가이드](https://docs.altibase.com/pages/viewpage.action?pageId=11698385)	Altibase Precompiler 가이드; https://docs.altibase.com/pages/viewpage.action?pageId=11698385	arch/Home/APRE_C_C++ New Features & Upgrade Guide__22643052.md	30	covered	No English change required; English target uses the corresponding English or normalized reference.	- [Altibase Precompiler Guide](https://docs.altibase.com/display/arch/Altibase+Precompiler+Guide)	none	Exact Korean URL is represented by the corresponding English/source reference where appropriate.
S019	DOCK/Home/44. APRE_C_C++ New Features & 업그레이드 가이드__13435760.md	34	34	S019-D044-U003	external_reference	- 기술지원포털 : [http://support.altibase.com](http://support.altibase.com/) ▶ 기술 지식 ▶ Q&A	http://support.altibase.com; http://support.altibase.com/	arch/Home/APRE_C_C++ New Features & Upgrade Guide__22643052.md	34	covered	No English change required.	- Technical support portal: [http://support.altibase.com](http://support.altibase.com/) > Technical Knowledge > Q&A	none	S019 direct link/attachment inspection across technical mapping inventory.
S019	DOCK/Home/44. APRE_C_C++ New Features & 업그레이드 가이드__13435760.md	47	47	S019-D044-U004	external_reference	Altibase 의 임베디드 SQL 전처리기에 대하여 설명한다. 요약 형태의 설명으로 기능에 대한 상세 사용법과 같은 구체적인 사항은 [[Altibase Precompiler 가이드](https://docs.altibase.com/pages/viewpage.action?pageId=11698385)] 를 참고하도록 한다.	[Altibase Precompiler 가이드; https://docs.altibase.com/pages/viewpage.action?pageId=11698385	arch/Home/APRE_C_C++ New Features & Upgrade Guide__22643052.md	30	covered	No English change required; English target uses the corresponding English or normalized reference.	- [Altibase Precompiler Guide](https://docs.altibase.com/display/arch/Altibase+Precompiler+Guide)	none	Exact Korean URL is represented by the corresponding English/source reference where appropriate.
S019	DOCK/Home/44. APRE_C_C++ New Features & 업그레이드 가이드__13435760.md	385	385	S019-D044-U005	legacy_attachment_label	구버전 문서: [APRE_New_Features_업그레이드_가이드.pdf](legacy-hash-placeholder) (Altibase v5 이후 변경)	APRE_New_Features_업그레이드_가이드.pdf; #	arch/Home/APRE_C_C++ New Features & Upgrade Guide__22643052.md	458	source_limitation	Recorded source limitation; no URL invented.	Legacy document placeholder: `APRE_New_Features_업그레이드_가이드.pdf` (`#`) (changes after Altibase v5).	no resolvable URL in Korean source	Legacy # placeholder in Korean source; English must preserve text/filename without creating a fake URL.
S019	DOCK/Home/45. Altibase 운영을 위한 시스템 리소스 용량산정 가이드__14057887.md	31	31	S019-D045-U001	external_reference	- 기술지원포털 : [http://support.altibase.com](http://support.altibase.com/) ▶ 기술 지식 ▶ Q&A	http://support.altibase.com; http://support.altibase.com/	arch/Home/System Data Capacity Estimation Guide for Altibase Operations__22643042.md		not_applicable	No English change required; generic Korean support-portal boilerplate is not required in the English target.	Korean support portal boilerplate only; no technical procedure, attachment, or source URL content depends on this link.	nontechnical support portal boilerplate	Top-of-document technical-support boilerplate is nontechnical for KO->EN semantic coverage.
S019	DOCK/Home/45. Altibase 운영을 위한 시스템 리소스 용량산정 가이드__14057887.md	404	404	S019-D045-U002	document_attachment	구버전 문서: [ALTIBASE_운영을_위한_시스템_리소스_용량산정_가이드.pdf](https://docs.altibase.com/download/attachments/14057887/ALTIBASE_%EC%9A%B4%EC%98%81%EC%9D%84_%EC%9C%84%ED%95%9C_%EC%8B%9C%EC%8A%A4%ED%85%9C_%EB%A6%AC%EC%86%8C%EC%8A%A4_%EC%9A%A9%EB%9F%89%EC%...	ALTIBASE_운영을_위한_시스템_리소스_용량산정_가이드.pdf; https://docs.altibase.com/download/attachments/14057887/ALTIBASE_%EC%9A%B4%EC%98%81%EC%9D%84_%EC%9C%84%ED%95%9C_%EC%8B%9C%EC%8A%A4%ED%85%9C_%EB%A6%AC%EC%86%8C%EC%8A%A4_%EC%9A%A9%EB%9F%89%EC%82%B0%EC%A0%95_%EA%B0%80%EC%9D%B4%EB%93%9C.pdf?version=1&modificationDate=1698048077000&api=v2	arch/Home/System Data Capacity Estimation Guide for Altibase Operations__22643042.md	386	covered	No English change required; URL-backed document-format link is preserved exactly in English target.	- [Korean source attachment 1 (PDF)](https://docs.altibase.com/download/attachments/14057887/ALTIBASE_%EC%9A%B4%EC%98%81%EC%9D%84_%EC%9C%84%ED%95%9C_%EC%8B%9C%EC%8A%A4%ED%85%9C_%EB%A6%AC%EC%86%8C%EC%8A%A4_%EC%9A%A9%EB%9F%89%EC%82%B0%EC%A...	none	Document-format extensions checked: .pdf .ppt .pptx .doc .docx .xls .xlsx .zip.
S019	DOCK/Home/46. Altibase 버전 간 마이그레이션 가이드__19333688.md	29	29	S019-D046-U001	external_reference	- 기술지원포털 : [http://support.altibase.com](http://support.altibase.com/) ▶ 기술 지식 ▶ Q&A	http://support.altibase.com; http://support.altibase.com/	arch/Home/Altibase Data Migration Process Guide__22642994.md	29	covered	No English change required.	- Technical support portal: [http://support.altibase.com](http://support.altibase.com/) > Technical Knowledge > Q&A	none	S019 direct link/attachment inspection across technical mapping inventory.
S019	DOCK/Home/46. Altibase 버전 간 마이그레이션 가이드__19333688.md	391	391	S019-D046-U002	external_reference	![(info)](https://docs.altibase.com/s/en_GB/5637/e1ef10868e8fe2f234a1a0b171b01cde1d9717c4.69/_/images/icons/emoticons/information.png) 데이터 적재 속도를 높이려면 ```run_il_in.sh``` 내부 `iloader` 명령에 [성능 옵션](https://manual.altibase.com/7.3/tools/iloa...	성능 옵션; https://manual.altibase.com/7.3/tools/iloader/2.-Using-iLoader/#%EC%84%B1%EB%8A%A5-%EC%98%B5%EC%85%98	arch/Home/Altibase Data Migration Process Guide__22642994.md	391	covered	No English change required.	![(info)](https://docs.altibase.com/s/en_GB/5637/e1ef10868e8fe2f234a1a0b171b01cde1d9717c4.69/_/images/icons/emoticons/information.png) To improve data loading speed, add the [performance options](https://manual.altibase.com/7.3/tools/ilo...	none	S019 direct link/attachment inspection across technical mapping inventory.
S019	DOCK/Home/46. Altibase 버전 간 마이그레이션 가이드__19333688.md	494	494	S019-D046-U003	external_reference	- [Utilities Manual](https://manual.altibase.com/7.3/tools/util/copyright/)	Utilities Manual; https://manual.altibase.com/7.3/tools/util/copyright/	arch/Home/Altibase Data Migration Process Guide__22642994.md	492	covered	No English change required; English target uses the corresponding English or normalized reference.	- [Utilities Manual](https://manual.altibase.com/7.3/en/tools/util/copyright/)	none	Exact Korean URL is represented by the corresponding English/source reference where appropriate.
S019	DOCK/Home/46. Altibase 버전 간 마이그레이션 가이드__19333688.md	495	495	S019-D046-U004	external_reference	- [iLoader User's Manual](https://manual.altibase.com/7.3/tools/iloader/copyright/)	iLoader User's Manual; https://manual.altibase.com/7.3/tools/iloader/copyright/	arch/Home/Altibase Data Migration Process Guide__22642994.md	493	covered	No English change required; English target uses the corresponding English or normalized reference.	- [iLoader User's Manual](https://manual.altibase.com/7.3/en/tools/iloader/copyright/)	none	Exact Korean URL is represented by the corresponding English/source reference where appropriate.
S019	DOCK/Home/47. 문제분석을 위한 OS별 유틸리티 사용 가이드__13436866.md	29	29	S019-D047-U001	external_reference	- 기술지원포털 : [http://support.altibase.com](http://support.altibase.com/) ▶ 기술 지식 ▶ Q&A	http://support.altibase.com; http://support.altibase.com/	arch/Home/Utility Guide for each OS for Problem Analysis__16875587.md	29	covered	No English change required.	- Technical support portal: [http://support.altibase.com/en/](http://support.altibase.com/en/)	none	S019 direct link/attachment inspection across technical mapping inventory.
S019	DOCK/Home/47. 문제분석을 위한 OS별 유틸리티 사용 가이드__13436866.md	442	442	S019-D047-U002	document_attachment	구버전 문서: [ALTIBASE_문제분석을_위한_OS별_유틸리티_사용_가이드.pdf](https://docs.altibase.com/download/attachments/13436866/ALTIBASE_%EB%AC%B8%EC%A0%9C%EB%B6%84%EC%84%9D%EC%9D%84_%EC%9C%84%ED%95%9C_OS%EB%B3%84_%EC%9C%A0%ED%8B%B8%EB%A6%AC%ED%8B%B0_%EC%82%AC%...	ALTIBASE_문제분석을_위한_OS별_유틸리티_사용_가이드.pdf; https://docs.altibase.com/download/attachments/13436866/ALTIBASE_%EB%AC%B8%EC%A0%9C%EB%B6%84%EC%84%9D%EC%9D%84_%EC%9C%84%ED%95%9C_OS%EB%B3%84_%EC%9C%A0%ED%8B%B8%EB%A6%AC%ED%8B%B0_%EC%82%AC%EC%9A%A9_%EA%B0%80%EC%9D%B4%EB%93%9C.pdf?version=1&modificationDate=1698050117000&api=v2	arch/Home/Utility Guide for each OS for Problem Analysis__16875587.md	438	covered	No English change required; URL-backed document-format link is preserved exactly in English target.	- [Korean source attachment 1 (PDF)](https://docs.altibase.com/download/attachments/13436866/ALTIBASE_%EB%AC%B8%EC%A0%9C%EB%B6%84%EC%84%9D%EC%9D%84_%EC%9C%84%ED%95%9C_OS%EB%B3%84_%EC%9C%A0%ED%8B%B8%EB%A6%AC%ED%8B%B0_%EC%82%AC%EC%9A%A9_%E...	none	Document-format extensions checked: .pdf .ppt .pptx .doc .docx .xls .xlsx .zip.
S019	DOCK/Home/48. UNIX Memory Management__13436842.md	29	29	S019-D048-U001	external_reference	- 기술지원포털 : [http://support.altibase.com](http://support.altibase.com/) ▶ 기술 지식 ▶ Q&A	http://support.altibase.com; http://support.altibase.com/	arch/Home/UNIX Memory Management__16875572.md	29	covered	No English change required.	- Technical support portal: [http://support.altibase.com/en/](http://support.altibase.com/en/)	none	S019 direct link/attachment inspection across technical mapping inventory.
S019	DOCK/Home/48. UNIX Memory Management__13436842.md	309	309	S019-D048-U002	document_attachment	구버전 : [UNIX_Memory_Management.pdf](https://docs.altibase.com/download/attachments/13436842/UNIX_Memory_Management.pdf?version=1&modificationDate=1698104488000&api=v2)	UNIX_Memory_Management.pdf; https://docs.altibase.com/download/attachments/13436842/UNIX_Memory_Management.pdf?version=1&modificationDate=1698104488000&api=v2	arch/Home/UNIX Memory Management__16875572.md	319	covered	No English change required; URL-backed document-format link is preserved exactly in English target.	- [Korean source attachment 1 (PDF)](https://docs.altibase.com/download/attachments/13436842/UNIX_Memory_Management.pdf?version=1&modificationDate=1698104488000&api=v2)	none	Document-format extensions checked: .pdf .ppt .pptx .doc .docx .xls .xlsx .zip.
S019	DOCK/Home/49. Altibase 이중화 제약사항 가이드__19333729.md	39	39	S019-D049-U001	external_reference	- 기술지원포털 : [http://support.altibase.com](http://support.altibase.com/) ▶ 기술 지식 ▶ Q&A	http://support.altibase.com; http://support.altibase.com/	arch/Home/Altibase Replication Constraints Guide__22643008.md	39	covered	No English change required.	- Technical support portal: [http://support.altibase.com](http://support.altibase.com/) > Technical Knowledge > Q&A	none	S019 direct link/attachment inspection across technical mapping inventory.
S019	DOCK/Home/49. Altibase 이중화 제약사항 가이드__19333729.md	271	271	S019-D049-U002	document_attachment	구 버전 문서: [ALTIBASE_이중화_제약사항_가이드.pdf](https://docs.altibase.com/download/attachments/19333729/ALTIBASE_%EC%9D%B4%EC%A4%91%ED%99%94_%EC%A0%9C%EC%95%BD%EC%82%AC%ED%95%AD_%EA%B0%80%EC%9D%B4%EB%93%9C.pdf?version=1&modificationDate=16981114150...	ALTIBASE_이중화_제약사항_가이드.pdf; https://docs.altibase.com/download/attachments/19333729/ALTIBASE_%EC%9D%B4%EC%A4%91%ED%99%94_%EC%A0%9C%EC%95%BD%EC%82%AC%ED%95%AD_%EA%B0%80%EC%9D%B4%EB%93%9C.pdf?version=1&modificationDate=1698111415000&api=v2	arch/Home/Altibase Replication Constraints Guide__22643008.md	267	covered	No English change required; URL-backed document-format link is preserved exactly in English target.	- [Korean source attachment 1 (PDF)](https://docs.altibase.com/download/attachments/19333729/ALTIBASE_%EC%9D%B4%EC%A4%91%ED%99%94_%EC%A0%9C%EC%95%BD%EC%82%AC%ED%95%AD_%EA%B0%80%EC%9D%B4%EB%93%9C.pdf?version=1&modificationDate=16981114150...	none	Document-format extensions checked: .pdf .ppt .pptx .doc .docx .xls .xlsx .zip.
S019	DOCK/Home/50. Altibase 백업정책 결정을 위한 고려사항__14057586.md	31	31	S019-D050-U001	external_reference	- 기술지원포털 : [http://support.altibase.com](http://support.altibase.com/) ▶ 기술 지식 ▶ Q&A	http://support.altibase.com; http://support.altibase.com/	arch/Home/Considerations for Altibase Backup Policy__14647709.md; arch/Home/Considerations for Altibase Backup Policy/1. Backup Types__14647714.md; arch/Home/Considerations for Altibase Backup Policy/2. Considerations for Determining Backup Policy__14647722.md; arch/Home/Considerations for Altibase Backup Policy/3. Summary (Considerations for Altibase Backup Policy)__14647728.md	27	covered	No English change required.	- Technical support portal: [http://support.altibase.com](http://support.altibase.com/) -> Technical Knowledge -> Q&A	none	S019 direct link/attachment inspection across technical mapping inventory.
S019	DOCK/Home/50. Altibase 백업정책 결정을 위한 고려사항__14057586.md	233	233	S019-D050-U002	external_reference	- 매뉴얼 다운로드 페이지 : [http://support.altibase.com/kr/manual](http://support.altibase.com/kr/manual)	http://support.altibase.com/kr/manual; http://support.altibase.com/kr/manual	arch/Home/Considerations for Altibase Backup Policy__14647709.md; arch/Home/Considerations for Altibase Backup Policy/1. Backup Types__14647714.md; arch/Home/Considerations for Altibase Backup Policy/2. Considerations for Determining Backup Policy__14647722.md; arch/Home/Considerations for Altibase Backup Policy/3. Summary (Considerations for Altibase Backup Policy)__14647728.md	52	covered	No English change required.	- Korean source manual download page: [http://support.altibase.com/kr/manual](http://support.altibase.com/kr/manual)	none	S019 direct link/attachment inspection across technical mapping inventory.
S019	DOCK/Home/50. Altibase 백업정책 결정을 위한 고려사항__14057586.md	235	235	S019-D050-U003	document_attachment	구버전 : [ALTIBASE_백업정책_결정을_위한_고려사항.pdf](https://docs.altibase.com/download/attachments/14057586/ALTIBASE_%EB%B0%B1%EC%97%85%EC%A0%95%EC%B1%85_%EA%B2%B0%EC%A0%95%EC%9D%84_%EC%9C%84%ED%95%9C_%EA%B3%A0%EB%A0%A4%EC%82%AC%ED%95%AD.pdf?version=1...	ALTIBASE_백업정책_결정을_위한_고려사항.pdf; https://docs.altibase.com/download/attachments/14057586/ALTIBASE_%EB%B0%B1%EC%97%85%EC%A0%95%EC%B1%85_%EA%B2%B0%EC%A0%95%EC%9D%84_%EC%9C%84%ED%95%9C_%EA%B3%A0%EB%A0%A4%EC%82%AC%ED%95%AD.pdf?version=1&modificationDate=1698113791000&api=v2	arch/Home/Considerations for Altibase Backup Policy__14647709.md; arch/Home/Considerations for Altibase Backup Policy/1. Backup Types__14647714.md; arch/Home/Considerations for Altibase Backup Policy/2. Considerations for Determining Backup Policy__14647722.md; arch/Home/Considerations for Altibase Backup Policy/3. Summary (Considerations for Altibase Backup Policy)__14647728.md	34	covered	No English change required; URL-backed document-format link is preserved exactly in English target.	- [Korean source attachment 1 (PDF)](https://docs.altibase.com/download/attachments/14057586/ALTIBASE_%EB%B0%B1%EC%97%85%EC%A0%95%EC%B1%85_%EA%B2%B0%EC%A0%95%EC%9D%84_%EC%9C%84%ED%95%9C_%EA%B3%A0%EB%A0%A4%EC%82%AC%ED%95%AD.pdf?version=1&...	none	Document-format extensions checked: .pdf .ppt .pptx .doc .docx .xls .xlsx .zip.
S019	DOCK/Home/51. Altibase window ADO.NET 개발 가이드__11698513.md	37	37	S019-D051-U001	external_reference	- 기술지원포털 : [http://support.altibase.com](http://support.altibase.com/) ▶ 기술 지식 ▶ Q&A	http://support.altibase.com; http://support.altibase.com/	arch/Home/Altibase Window ADO.NET Development Guide__14647565.md; arch/Home/Altibase Window ADO.NET Development Guide/1. ADO.NET Settings__14647569.md; arch/Home/Altibase Window ADO.NET Development Guide/2. ADO.NET Development Guide__14647573.md; arch/Home/Altibase Window ADO.NET Development Guide/3. Frequent Error Messages__14647579.md	35	covered	No English change required.	- Technical support portal: [http://support.altibase.com](http://support.altibase.com/) -> Technical Knowledge -> Q&A	none	S019 direct link/attachment inspection across technical mapping inventory.
S019	DOCK/Home/51. Altibase window ADO.NET 개발 가이드__11698513.md	99	99	S019-D051-U002	external_reference	[http://support.altibase.com](http://support.altibase.com/)에 접속하여 "다운로드" --> "제품" 부분으로 이동한후 LIBRARY Section 에서 altiadonetX.X.X_32/64bit.zip 파일을 받은 후 압축을 풀면 ADO.NET DLL 이 들이있다.	http://support.altibase.com; http://support.altibase.com/	arch/Home/Altibase Window ADO.NET Development Guide__14647565.md; arch/Home/Altibase Window ADO.NET Development Guide/1. ADO.NET Settings__14647569.md; arch/Home/Altibase Window ADO.NET Development Guide/2. ADO.NET Development Guide__14647573.md; arch/Home/Altibase Window ADO.NET Development Guide/3. Frequent Error Messages__14647579.md	35	covered	No English change required.	- Technical support portal: [http://support.altibase.com](http://support.altibase.com/) -> Technical Knowledge -> Q&A	none	S019 direct link/attachment inspection across technical mapping inventory.
S019	DOCK/Home/51. Altibase window ADO.NET 개발 가이드__11698513.md	103	103	S019-D051-U003	external_reference	(웹 사이트에 없는 이전 버전인 경우 [http://support.altibase.com](http://support.altibase.com/) 의 QnA 게시판으로 문의하도록 한다.)	http://support.altibase.com; http://support.altibase.com/	arch/Home/Altibase Window ADO.NET Development Guide__14647565.md; arch/Home/Altibase Window ADO.NET Development Guide/1. ADO.NET Settings__14647569.md; arch/Home/Altibase Window ADO.NET Development Guide/2. ADO.NET Development Guide__14647573.md; arch/Home/Altibase Window ADO.NET Development Guide/3. Frequent Error Messages__14647579.md	35	covered	No English change required.	- Technical support portal: [http://support.altibase.com](http://support.altibase.com/) -> Technical Knowledge -> Q&A	none	S019 direct link/attachment inspection across technical mapping inventory.
S019	DOCK/Home/51. Altibase window ADO.NET 개발 가이드__11698513.md	158	158	S019-D051-U004	external_reference	반드시 Visual Studio 의 컴파일 bit 타입에 맞는 Altibase ADO.NET library를 사용하여야 한다. Visual Studio 가 32bit 로 컴파일 되도록 설정되어 있은 경우 [support.altibase.com](http://support.altibase.com/) 에서 다운로드시 "altiadonetX.X.X.X_32bit.zip" 를 받아서 사용해야 하고 64bit 컴파일 모드로 설정된...	support.altibase.com; http://support.altibase.com/	arch/Home/Altibase Window ADO.NET Development Guide__14647565.md; arch/Home/Altibase Window ADO.NET Development Guide/1. ADO.NET Settings__14647569.md; arch/Home/Altibase Window ADO.NET Development Guide/2. ADO.NET Development Guide__14647573.md; arch/Home/Altibase Window ADO.NET Development Guide/3. Frequent Error Messages__14647579.md	35	covered	No English change required.	- Technical support portal: [http://support.altibase.com](http://support.altibase.com/) -> Technical Knowledge -> Q&A	none	S019 direct link/attachment inspection across technical mapping inventory.
S019	DOCK/Home/51. Altibase window ADO.NET 개발 가이드__11698513.md	345	345	S019-D051-U005	document_attachment	구버전 문서: [ALTIBASE_Windows_AOD.NET_개발가이드.pdf](https://docs.altibase.com/download/attachments/11698513/ALTIBASE_Windows_AOD.NET_%EA%B0%9C%EB%B0%9C%EA%B0%80%EC%9D%B4%EB%93%9C.pdf?version=1&modificationDate=1698127982000&api=v2)	ALTIBASE_Windows_AOD.NET_개발가이드.pdf; https://docs.altibase.com/download/attachments/11698513/ALTIBASE_Windows_AOD.NET_%EA%B0%9C%EB%B0%9C%EA%B0%80%EC%9D%B4%EB%93%9C.pdf?version=1&modificationDate=1698127982000&api=v2	arch/Home/Altibase Window ADO.NET Development Guide__14647565.md; arch/Home/Altibase Window ADO.NET Development Guide/1. ADO.NET Settings__14647569.md; arch/Home/Altibase Window ADO.NET Development Guide/2. ADO.NET Development Guide__14647573.md; arch/Home/Altibase Window ADO.NET Development Guide/3. Frequent Error Messages__14647579.md	42	covered	No English change required; URL-backed document-format link is preserved exactly in English target.	- [Korean source attachment 1 (PDF)](https://docs.altibase.com/download/attachments/11698513/ALTIBASE_Windows_AOD.NET_%EA%B0%9C%EB%B0%9C%EA%B0%80%EC%9D%B4%EB%93%9C.pdf?version=1&modificationDate=1698127982000&api=v2)	none	Document-format extensions checked: .pdf .ppt .pptx .doc .docx .xls .xlsx .zip.
S019	DOCK/Home/52. Altibase WebSphere 연동 가이드__13435602.md	29	29	S019-D052-U001	external_reference	- 기술지원포털 : [http://support.altibase.com](http://support.altibase.com/) ▶ 기술 지식 ▶ Q&A	http://support.altibase.com; http://support.altibase.com/	arch/Home/WebSphere Integration Guide for Altibase__14058343.md	27	covered	No English change required.	- Technical support portal: [http://support.altibase.com](http://support.altibase.com/) > Technical Knowledge > Q&A	none	S019 direct link/attachment inspection across technical mapping inventory.
S019	DOCK/Home/52. Altibase WebSphere 연동 가이드__13435602.md	56	56	S019-D052-U002	external_reference	[https://www-945.ibm.com/support/fixcentral/swg/downloadFixes?parent=ibm~Rational&product=ibm/Rational/IBM+Installation+Manager&release=1.8.5.0&platform=Windows&function=fixId&fixids=1.8.5.0-IBMIM-WIN64-20160506_1125&useReleaseAsTarget=t...	https://www-945.ibm.com/support/fixcentral/swg/downloadFixes?parent=ibm~Rational&product=ibm/Rational/IBM+Installation+Manager&release=1.8.5.0&platform=Windows&function=fixId&fixids=1.8.5.0-IBMIM-WIN64-20160506_1125&useReleaseAsTarget=true&includeRequisites=1&includeSupersedes=0&downloadMethod=ddp; https://www-945.ibm.com/support/fixcentral/swg/downloadFixes?parent=ibm~Rational&product=ibm/Rational/IBM+Installation+Manager&release=1.8.5.0&platform=Windows&function=fixId&fixids=1.8.5.0-IBMIM-WIN64-20160506_1125&useReleaseAsTarget=true&includeRequisites=1&includeSupersedes=0&downloadMethod=ddp	arch/Home/WebSphere Integration Guide for Altibase__14058343.md	44	covered	No English change required.	[https://www-945.ibm.com/support/fixcentral/swg/downloadFixes?parent=ibm~Rational&product=ibm/Rational/IBM+Installation+Manager&release=1.8.5.0&platform=Windows&function=fixId&fixids=1.8.5.0-IBMIM-WIN64-20160506_1125&useReleaseAsTarget=t...	none	S019 direct link/attachment inspection across technical mapping inventory.
S019	DOCK/Home/52. Altibase WebSphere 연동 가이드__13435602.md	88	88	S019-D052-U003	external_reference	- - WAS V9: [http://www.ibm.com/software/repositorymanager/V9WASBase](http://www.ibm.com/software/repositorymanager/V9WASBase)	http://www.ibm.com/software/repositorymanager/V9WASBase; http://www.ibm.com/software/repositorymanager/V9WASBase	arch/Home/WebSphere Integration Guide for Altibase__14058343.md	70	covered	No English change required.	- WAS V9: [http://www.ibm.com/software/repositorymanager/V9WASBase](http://www.ibm.com/software/repositorymanager/V9WASBase)	none	S019 direct link/attachment inspection across technical mapping inventory.
S019	DOCK/Home/52. Altibase WebSphere 연동 가이드__13435602.md	89	89	S019-D052-U004	external_reference	- WAS ND V9: [http://www.ibm.com/software/repositorymanager/V9WASND](http://www.ibm.com/software/repositorymanager/V9WASND)	http://www.ibm.com/software/repositorymanager/V9WASND; http://www.ibm.com/software/repositorymanager/V9WASND	arch/Home/WebSphere Integration Guide for Altibase__14058343.md	71	covered	No English change required.	- WAS ND V9: [http://www.ibm.com/software/repositorymanager/V9WASND](http://www.ibm.com/software/repositorymanager/V9WASND)	none	S019 direct link/attachment inspection across technical mapping inventory.
S019	DOCK/Home/52. Altibase WebSphere 연동 가이드__13435602.md	405	405	S019-D052-U005	document_attachment	구버전 문서 : [ALTIBASE_Websphere_연동가이드.pdf](https://docs.altibase.com/download/attachments/13435602/ALTIBASE_Websphere_%EC%97%B0%EB%8F%99%EA%B0%80%EC%9D%B4%EB%93%9C.pdf?version=1&modificationDate=1698197781000&api=v2)	ALTIBASE_Websphere_연동가이드.pdf; https://docs.altibase.com/download/attachments/13435602/ALTIBASE_Websphere_%EC%97%B0%EB%8F%99%EA%B0%80%EC%9D%B4%EB%93%9C.pdf?version=1&modificationDate=1698197781000&api=v2	arch/Home/WebSphere Integration Guide for Altibase__14058343.md	510	covered	No English change required; URL-backed document-format link is preserved exactly in English target.	- [Korean source attachment 1 (PDF)](https://docs.altibase.com/download/attachments/13435602/ALTIBASE_Websphere_%EC%97%B0%EB%8F%99%EA%B0%80%EC%9D%B4%EB%93%9C.pdf?version=1&modificationDate=1698197781000&api=v2)	none	Document-format extensions checked: .pdf .ppt .pptx .doc .docx .xls .xlsx .zip.
S019	DOCK/Home/53. Windows 환경의 Altibase ODBC 개발 가이드__13436856.md	31	31	S019-D053-U001	external_reference	- 기술지원포털 : [http://support.altibase.com](http://support.altibase.com/) ▶ 기술 지식 ▶ Q&A	http://support.altibase.com; http://support.altibase.com/	arch/Home/Altibase ODBC Development Guide in Windows Environment__15138911.md	33	covered	No English change required.	- Technical support portal: [http://support.altibase.com](http://support.altibase.com/) -> Technical Knowledge -> Q&A	none	S019 direct link/attachment inspection across technical mapping inventory.
S019	DOCK/Home/53. Windows 환경의 Altibase ODBC 개발 가이드__13436856.md	44	44	S019-D053-U002	external_reference	개발하기 전에 Altibase ODBC환경의 개발을 위해서 Altibase가 제공하는 ODBC Driver를 설치해야 한다. [http://support.altibase.com/kr/](http://support.altibase.com/kr/)[에서](http://atc.altibase.com에서) 다운로드 받을 수 있다.	http://support.altibase.com/kr/; http://support.altibase.com/kr/	arch/Home/Altibase ODBC Development Guide in Windows Environment__15138911.md	33	covered	No English change required; English target uses the corresponding English or normalized reference.	- Technical support portal: [http://support.altibase.com](http://support.altibase.com/) -> Technical Knowledge -> Q&A	none	Exact Korean URL is represented by the corresponding English/source reference where appropriate.
S019	DOCK/Home/53. Windows 환경의 Altibase ODBC 개발 가이드__13436856.md	44	44	S019-D053-U003	external_reference	개발하기 전에 Altibase ODBC환경의 개발을 위해서 Altibase가 제공하는 ODBC Driver를 설치해야 한다. [http://support.altibase.com/kr/](http://support.altibase.com/kr/)[에서](http://atc.altibase.com에서) 다운로드 받을 수 있다.	에서; http://atc.altibase.com에서	arch/Home/Altibase ODBC Development Guide in Windows Environment__15138911.md	33	source_limitation	Recorded malformed source export link; no URL invented.	- Technical support portal: [http://support.altibase.com](http://support.altibase.com/) -> Technical Knowledge -> Q&A	malformed_source_export_link	Korean export glued the Korean particle to the ATC URL; English keeps the usable support portal reference.
S019	DOCK/Home/53. Windows 환경의 Altibase ODBC 개발 가이드__13436856.md	50	50	S019-D053-U004	external_reference	[http://support.altibase.com/kr](http://support.altibase.com/kr) 에 접속하여 “다운로드” → “제품” 부분으로 이동하면 각 버전별 Windows ODBC 파일을 내려 받을 수 있다. (Altibase v6.5.1 버전까지 지원)	http://support.altibase.com/kr; http://support.altibase.com/kr	arch/Home/Altibase ODBC Development Guide in Windows Environment__15138911.md	33	covered	No English change required; English target uses the corresponding English or normalized reference.	- Technical support portal: [http://support.altibase.com](http://support.altibase.com/) -> Technical Knowledge -> Q&A	none	Exact Korean URL is represented by the corresponding English/source reference where appropriate.
S019	DOCK/Home/53. Windows 환경의 Altibase ODBC 개발 가이드__13436856.md	290	290	S019-D053-U005	document_attachment	구 버전 문서 : [ALTIBASE_Windows_ODBC_개발가이드.pdf](https://docs.altibase.com/download/attachments/13436856/ALTIBASE_Windows_ODBC_%EA%B0%9C%EB%B0%9C%EA%B0%80%EC%9D%B4%EB%93%9C.pdf?version=1&modificationDate=1698199482000&api=v2)	ALTIBASE_Windows_ODBC_개발가이드.pdf; https://docs.altibase.com/download/attachments/13436856/ALTIBASE_Windows_ODBC_%EA%B0%9C%EB%B0%9C%EA%B0%80%EC%9D%B4%EB%93%9C.pdf?version=1&modificationDate=1698199482000&api=v2	arch/Home/Altibase ODBC Development Guide in Windows Environment__15138911.md	295	covered	No English change required; URL-backed document-format link is preserved exactly in English target.	- [Korean source attachment 1 (PDF)](https://docs.altibase.com/download/attachments/13436856/ALTIBASE_Windows_ODBC_%EA%B0%9C%EB%B0%9C%EA%B0%80%EC%9D%B4%EB%93%9C.pdf?version=1&modificationDate=1698199482000&api=v2)	none	Document-format extensions checked: .pdf .ppt .pptx .doc .docx .xls .xlsx .zip.
S019	DOCK/Home/54. Altibase Spring 연동 가이드__7340945.md	49	49	S019-D054-U001	external_reference	- 기술지원포털 : [http://support.altibase.com](http://support.altibase.com/) ▶ 기술 지식 ▶ Q&A	http://support.altibase.com; http://support.altibase.com/	arch/Home/Spring Integration Guide for Altibase__14058410.md; arch/Home/Spring Integration Guide for Altibase/1. What is Spring__14058412.md; arch/Home/Spring Integration Guide for Altibase/2. Setting before Developing Spring__14058420.md; arch/Home/Spring Integration Guide for Altibase/3. Setting up JDBC Driver__14058424.md; arch/Home/Spring Integration Guide for Altibase/4. Configuring DataSource__14058429.md; arch/Home/Spring Integration Guide for Altibase/5. Additional Connection__14058433.md; arch/Home/Spring Integration Guide for Altibase/6. Transaction Manager__14058437.md; arch/Home/Spring Integration Guide for Altibase/7. Considerations_Notes for Spring Integration__14058445.md; arch/Home/Spring Integration Guide for Altibase/8. Appendix - HelloSpring__14058449.md	23	covered	No English change required.	- Technical support portal: [http://support.altibase.com](http://support.altibase.com/) > Technical Knowledge > Q&A	none	S019 direct link/attachment inspection across technical mapping inventory.
S019	DOCK/Home/54. Altibase Spring 연동 가이드__7340945.md	640	640	S019-D054-U002	external_reference	JOTM에 관련된 파일들은 [http://forge.ow2.org/projects/jotm/](http://forge.ow2.org/projects/jotm/) 사이트에서 다운로드 받을 수 있다.	http://forge.ow2.org/projects/jotm/; http://forge.ow2.org/projects/jotm/	arch/Home/Spring Integration Guide for Altibase__14058410.md; arch/Home/Spring Integration Guide for Altibase/1. What is Spring__14058412.md; arch/Home/Spring Integration Guide for Altibase/2. Setting before Developing Spring__14058420.md; arch/Home/Spring Integration Guide for Altibase/3. Setting up JDBC Driver__14058424.md; arch/Home/Spring Integration Guide for Altibase/4. Configuring DataSource__14058429.md; arch/Home/Spring Integration Guide for Altibase/5. Additional Connection__14058433.md; arch/Home/Spring Integration Guide for Altibase/6. Transaction Manager__14058437.md; arch/Home/Spring Integration Guide for Altibase/7. Considerations_Notes for Spring Integration__14058445.md; arch/Home/Spring Integration Guide for Altibase/8. Appendix - HelloSpring__14058449.md	198	covered	No English change required.	The files related to JOTM can be downloaded from [http://forge.ow2.org/projects/jotm/](http://forge.ow2.org/projects/jotm/).	none	S019 direct link/attachment inspection across technical mapping inventory.
S019	DOCK/Home/54. Altibase Spring 연동 가이드__7340945.md	866	866	S019-D054-U003	document_attachment	[ALTIBASE_Spring_연동가이드.pdf](https://docs.altibase.com/download/attachments/7340945/ALTIBASE_Spring_%EC%97%B0%EB%8F%99%EA%B0%80%EC%9D%B4%EB%93%9C.pdf?version=1&modificationDate=1417566993000&api=v2)	ALTIBASE_Spring_연동가이드.pdf; https://docs.altibase.com/download/attachments/7340945/ALTIBASE_Spring_%EC%97%B0%EB%8F%99%EA%B0%80%EC%9D%B4%EB%93%9C.pdf?version=1&modificationDate=1417566993000&api=v2	arch/Home/Spring Integration Guide for Altibase__14058410.md; arch/Home/Spring Integration Guide for Altibase/1. What is Spring__14058412.md; arch/Home/Spring Integration Guide for Altibase/2. Setting before Developing Spring__14058420.md; arch/Home/Spring Integration Guide for Altibase/3. Setting up JDBC Driver__14058424.md; arch/Home/Spring Integration Guide for Altibase/4. Configuring DataSource__14058429.md; arch/Home/Spring Integration Guide for Altibase/5. Additional Connection__14058433.md; arch/Home/Spring Integration Guide for Altibase/6. Transaction Manager__14058437.md; arch/Home/Spring Integration Guide for Altibase/7. Considerations_Notes for Spring Integration__14058445.md; arch/Home/Spring Integration Guide for Altibase/8. Appendix - HelloSpring__14058449.md	43	covered	No English change required; URL-backed document-format link is preserved exactly in English target.	- [Korean source attachment 1 (PDF)](https://docs.altibase.com/download/attachments/7340945/ALTIBASE_Spring_%EC%97%B0%EB%8F%99%EA%B0%80%EC%9D%B4%EB%93%9C.pdf?version=1&modificationDate=1417566993000&api=v2)	none	Document-format extensions checked: .pdf .ppt .pptx .doc .docx .xls .xlsx .zip.
S019	DOCK/Home/54. Altibase Spring 연동 가이드__7340945.md	868	868	S019-D054-U004	document_attachment	구 버전 문서 : [ALTIBASE_Spring_연동가이드_2.5.pdf](https://docs.altibase.com/download/attachments/7340945/ALTIBASE_Spring_%EC%97%B0%EB%8F%99%EA%B0%80%EC%9D%B4%EB%93%9C_2.5.pdf?version=1&modificationDate=1417598735000&api=v2) (spring v2.5)	ALTIBASE_Spring_연동가이드_2.5.pdf; https://docs.altibase.com/download/attachments/7340945/ALTIBASE_Spring_%EC%97%B0%EB%8F%99%EA%B0%80%EC%9D%B4%EB%93%9C_2.5.pdf?version=1&modificationDate=1417598735000&api=v2	arch/Home/Spring Integration Guide for Altibase__14058410.md; arch/Home/Spring Integration Guide for Altibase/1. What is Spring__14058412.md; arch/Home/Spring Integration Guide for Altibase/2. Setting before Developing Spring__14058420.md; arch/Home/Spring Integration Guide for Altibase/3. Setting up JDBC Driver__14058424.md; arch/Home/Spring Integration Guide for Altibase/4. Configuring DataSource__14058429.md; arch/Home/Spring Integration Guide for Altibase/5. Additional Connection__14058433.md; arch/Home/Spring Integration Guide for Altibase/6. Transaction Manager__14058437.md; arch/Home/Spring Integration Guide for Altibase/7. Considerations_Notes for Spring Integration__14058445.md; arch/Home/Spring Integration Guide for Altibase/8. Appendix - HelloSpring__14058449.md	44	covered	No English change required; URL-backed document-format link is preserved exactly in English target.	- [Korean source attachment 2 (PDF)](https://docs.altibase.com/download/attachments/7340945/ALTIBASE_Spring_%EC%97%B0%EB%8F%99%EA%B0%80%EC%9D%B4%EB%93%9C_2.5.pdf?version=1&modificationDate=1417598735000&api=v2)	none	Document-format extensions checked: .pdf .ppt .pptx .doc .docx .xls .xlsx .zip.
S019	DOCK/Home/55. Altibase iBATIS 연동가이드__7340053.md	51	51	S019-D055-U001	external_reference	- 기술지원포털 : [http://support.altibase.com](http://support.altibase.com/) ▶ 기술 지식 ▶ Q&A	http://support.altibase.com; http://support.altibase.com/	arch/Home/iBatis Integration Guide for Altibase__14058303.md; arch/Home/iBatis Integration Guide for Altibase/1. iBatis Overview__14058305.md; arch/Home/iBatis Integration Guide for Altibase/2. Sample Preparation using iBATIS__14058307.md; arch/Home/iBatis Integration Guide for Altibase/3. Altibase Integration__14058309.md; arch/Home/iBatis Integration Guide for Altibase/4. iBATIS, Spring, Altibase Integration__14058311.md; arch/Home/iBatis Integration Guide for Altibase/5. Spring Integration Guide for Altibase__14058315.md; arch/Home/iBatis Integration Guide for Altibase/Appendix__14058317.md	34	covered	No English change required.	- Technical support portal: [http://support.altibase.com](http://support.altibase.com/) > Technical Knowledge > Q&A	none	S019 direct link/attachment inspection across technical mapping inventory.
S019	DOCK/Home/55. Altibase iBATIS 연동가이드__7340053.md	82	82	S019-D055-U002	external_reference	[[http://ibatis.apache.org](http://ibatis.apache.org)]	[http://ibatis.apache.org; http://ibatis.apache.org	arch/Home/iBatis Integration Guide for Altibase__14058303.md; arch/Home/iBatis Integration Guide for Altibase/1. iBatis Overview__14058305.md; arch/Home/iBatis Integration Guide for Altibase/2. Sample Preparation using iBATIS__14058307.md; arch/Home/iBatis Integration Guide for Altibase/3. Altibase Integration__14058309.md; arch/Home/iBatis Integration Guide for Altibase/4. iBATIS, Spring, Altibase Integration__14058311.md; arch/Home/iBatis Integration Guide for Altibase/5. Spring Integration Guide for Altibase__14058315.md; arch/Home/iBatis Integration Guide for Altibase/Appendix__14058317.md	33	covered	No English change required.	For more detailed architecture of iBATIS, please refer to the following site: [http://ibatis.apache.org](http://ibatis.apache.org)	none	S019 direct link/attachment inspection across technical mapping inventory.
S019	DOCK/Home/55. Altibase iBATIS 연동가이드__7340053.md	88	88	S019-D055-U003	external_reference	iBATIS를 사용하기 위해서 iBATIS 관련 jar 파일이 필요하다. 이 jar 파일은 [http://ibatis.apache.org/java.cgi](http://ibatis.apache.org/java.cgi) 사이트에서 다운로드 받을 수 있다. 다운로드 받은 파일의 압축을 풀면 압축 푼 디렉토리 안의 lib 디렉토리에 jar 파일이 존재하는데 이 jar 파일을 이용하여 iBATIS와 연동하면 된다. 만약, iBA...	http://ibatis.apache.org/java.cgi; http://ibatis.apache.org/java.cgi	arch/Home/iBatis Integration Guide for Altibase__14058303.md; arch/Home/iBatis Integration Guide for Altibase/1. iBatis Overview__14058305.md; arch/Home/iBatis Integration Guide for Altibase/2. Sample Preparation using iBATIS__14058307.md; arch/Home/iBatis Integration Guide for Altibase/3. Altibase Integration__14058309.md; arch/Home/iBatis Integration Guide for Altibase/4. iBATIS, Spring, Altibase Integration__14058311.md; arch/Home/iBatis Integration Guide for Altibase/5. Spring Integration Guide for Altibase__14058315.md; arch/Home/iBatis Integration Guide for Altibase/Appendix__14058317.md	37	covered	No English change required.	To use iBATIS, iBATIS related jar files are required. This jar file can be downloaded from [http://ibatis.apache.org/java.cgi](http://ibatis.apache.org/java.cgi). When you unzip the downloaded file, a jar file exists in the lib directory...	none	S019 direct link/attachment inspection across technical mapping inventory.
S019	DOCK/Home/55. Altibase iBATIS 연동가이드__7340053.md	171	171	S019-D055-U004	external_reference	각각의 태그에 대한 보다 자세한 설명은 [http://ibatis.apache.org](http://ibatis.apache.org/) 사이트를 참고하거나 첨부된 문서 iBATIS-SqlMaps-2-ko.pdf 파일을 참고하면 된다.	http://ibatis.apache.org; http://ibatis.apache.org/	arch/Home/iBatis Integration Guide for Altibase__14058303.md; arch/Home/iBatis Integration Guide for Altibase/1. iBatis Overview__14058305.md; arch/Home/iBatis Integration Guide for Altibase/2. Sample Preparation using iBATIS__14058307.md; arch/Home/iBatis Integration Guide for Altibase/3. Altibase Integration__14058309.md; arch/Home/iBatis Integration Guide for Altibase/4. iBATIS, Spring, Altibase Integration__14058311.md; arch/Home/iBatis Integration Guide for Altibase/5. Spring Integration Guide for Altibase__14058315.md; arch/Home/iBatis Integration Guide for Altibase/Appendix__14058317.md	37	covered	No English change required.	To use iBATIS, iBATIS related jar files are required. This jar file can be downloaded from [http://ibatis.apache.org/java.cgi](http://ibatis.apache.org/java.cgi). When you unzip the downloaded file, a jar file exists in the lib directory...	none	S019 direct link/attachment inspection across technical mapping inventory.
S019	DOCK/Home/55. Altibase iBATIS 연동가이드__7340053.md	224	224	S019-D055-U005	external_reference	각각의 태그에 대한 보다 자세한 설명은 [http://ibatis.apache.org](http://ibatis.apache.org/) 사이트를 참고하거나 첨부된 문서 iBATIS-SqlMaps-2-ko.pdf 파일을 참고하면 된다.	http://ibatis.apache.org; http://ibatis.apache.org/	arch/Home/iBatis Integration Guide for Altibase__14058303.md; arch/Home/iBatis Integration Guide for Altibase/1. iBatis Overview__14058305.md; arch/Home/iBatis Integration Guide for Altibase/2. Sample Preparation using iBATIS__14058307.md; arch/Home/iBatis Integration Guide for Altibase/3. Altibase Integration__14058309.md; arch/Home/iBatis Integration Guide for Altibase/4. iBATIS, Spring, Altibase Integration__14058311.md; arch/Home/iBatis Integration Guide for Altibase/5. Spring Integration Guide for Altibase__14058315.md; arch/Home/iBatis Integration Guide for Altibase/Appendix__14058317.md	37	covered	No English change required.	To use iBATIS, iBATIS related jar files are required. This jar file can be downloaded from [http://ibatis.apache.org/java.cgi](http://ibatis.apache.org/java.cgi). When you unzip the downloaded file, a jar file exists in the lib directory...	none	S019 direct link/attachment inspection across technical mapping inventory.
S019	DOCK/Home/55. Altibase iBATIS 연동가이드__7340053.md	305	305	S019-D055-U006	external_reference	각 메소드의 자세한 설명은 [http://ibatis.apache.org](http://ibatis.apache.org/) 사이트를 참고하거나 첨부된 문서 iBATIS-SqlMaps-2-ko.pdf 파일을 참고하면 된다.	http://ibatis.apache.org; http://ibatis.apache.org/	arch/Home/iBatis Integration Guide for Altibase__14058303.md; arch/Home/iBatis Integration Guide for Altibase/1. iBatis Overview__14058305.md; arch/Home/iBatis Integration Guide for Altibase/2. Sample Preparation using iBATIS__14058307.md; arch/Home/iBatis Integration Guide for Altibase/3. Altibase Integration__14058309.md; arch/Home/iBatis Integration Guide for Altibase/4. iBATIS, Spring, Altibase Integration__14058311.md; arch/Home/iBatis Integration Guide for Altibase/5. Spring Integration Guide for Altibase__14058315.md; arch/Home/iBatis Integration Guide for Altibase/Appendix__14058317.md	37	covered	No English change required.	To use iBATIS, iBATIS related jar files are required. This jar file can be downloaded from [http://ibatis.apache.org/java.cgi](http://ibatis.apache.org/java.cgi). When you unzip the downloaded file, a jar file exists in the lib directory...	none	S019 direct link/attachment inspection across technical mapping inventory.
S019	DOCK/Home/55. Altibase iBATIS 연동가이드__7340053.md	1228	1228	S019-D055-U007	document_attachment	[ALTIBASE_iBATIS_연동가이드.pdf](https://docs.altibase.com/download/attachments/7340053/ALTIBASE_iBATIS_%EC%97%B0%EB%8F%99%EA%B0%80%EC%9D%B4%EB%93%9C.pdf?version=1&modificationDate=1417566939000&api=v2)	ALTIBASE_iBATIS_연동가이드.pdf; https://docs.altibase.com/download/attachments/7340053/ALTIBASE_iBATIS_%EC%97%B0%EB%8F%99%EA%B0%80%EC%9D%B4%EB%93%9C.pdf?version=1&modificationDate=1417566939000&api=v2	arch/Home/iBatis Integration Guide for Altibase__14058303.md; arch/Home/iBatis Integration Guide for Altibase/1. iBatis Overview__14058305.md; arch/Home/iBatis Integration Guide for Altibase/2. Sample Preparation using iBATIS__14058307.md; arch/Home/iBatis Integration Guide for Altibase/3. Altibase Integration__14058309.md; arch/Home/iBatis Integration Guide for Altibase/4. iBATIS, Spring, Altibase Integration__14058311.md; arch/Home/iBatis Integration Guide for Altibase/5. Spring Integration Guide for Altibase__14058315.md; arch/Home/iBatis Integration Guide for Altibase/Appendix__14058317.md	41	covered	No English change required; URL-backed document-format link is preserved exactly in English target.	- [Korean source attachment 1 (PDF)](https://docs.altibase.com/download/attachments/7340053/ALTIBASE_iBATIS_%EC%97%B0%EB%8F%99%EA%B0%80%EC%9D%B4%EB%93%9C.pdf?version=1&modificationDate=1417566939000&api=v2)	none	Document-format extensions checked: .pdf .ppt .pptx .doc .docx .xls .xlsx .zip.
S019	DOCK/Home/56. JAVA 개발 가이드__14057500.md	35	35	S019-D056-U001	external_reference	- 기술지원포털 : [http://support.altibase.com](http://support.altibase.com/) ▶ 기술 지식 ▶ Q&A	http://support.altibase.com; http://support.altibase.com/	arch/Home/JAVA Developer's Guide__16875544.md	32	covered	No English change required.	- Technical support portal: [http://support.altibase.com](http://support.altibase.com/) -> Technical Knowledge -> Q&A	none	S019 direct link/attachment inspection across technical mapping inventory.
S019	DOCK/Home/56. JAVA 개발 가이드__14057500.md	696	696	S019-D056-U002	document_attachment	구 버전 문서: [JAVA_개발가이드.pdf](https://docs.altibase.com/download/attachments/14057500/JAVA_%EA%B0%9C%EB%B0%9C%EA%B0%80%EC%9D%B4%EB%93%9C.pdf?version=1&modificationDate=1698304337000&api=v2) (Altibase v5)	JAVA_개발가이드.pdf; https://docs.altibase.com/download/attachments/14057500/JAVA_%EA%B0%9C%EB%B0%9C%EA%B0%80%EC%9D%B4%EB%93%9C.pdf?version=1&modificationDate=1698304337000&api=v2	arch/Home/JAVA Developer's Guide__16875544.md	672	covered	No English change required; URL-backed document-format link is preserved exactly in English target.	- [Korean source attachment 1 (PDF)](https://docs.altibase.com/download/attachments/14057500/JAVA_%EA%B0%9C%EB%B0%9C%EA%B0%80%EC%9D%B4%EB%93%9C.pdf?version=1&modificationDate=1698304337000&api=v2)	none	Document-format extensions checked: .pdf .ppt .pptx .doc .docx .xls .xlsx .zip.
S019	DOCK/Home/57. Altibase 운영을 위한 Linux 설정 가이드__13436485.md	32	32	S019-D057-U001	external_reference	- 기술지원포털 : [http://support.altibase.com](http://support.altibase.com/) ▶ 기술 지식 ▶ Q&A	http://support.altibase.com; http://support.altibase.com/	arch/Home/Linux Setup Guide for Altibase__22643022.md		not_applicable	No English change required; generic Korean support-portal boilerplate is not required in the English target.	Korean support portal boilerplate only; no technical procedure, attachment, or source URL content depends on this link.	nontechnical support portal boilerplate	Top-of-document technical-support boilerplate is nontechnical for KO->EN semantic coverage.
S019	DOCK/Home/57. Altibase 운영을 위한 Linux 설정 가이드__13436485.md	499	499	S019-D057-U002	external_reference	(참고 자료: [https://access.redhat.com/solutions/6785021](https://access.redhat.com/solutions/6785021))	https://access.redhat.com/solutions/6785021; https://access.redhat.com/solutions/6785021	arch/Home/Linux Setup Guide for Altibase__22643022.md	470	covered	No English change required.	(Reference: [https://access.redhat.com/solutions/6785021](https://access.redhat.com/solutions/6785021))	none	S019 direct link/attachment inspection across technical mapping inventory.
S019	DOCK/Home/57. Altibase 운영을 위한 Linux 설정 가이드__13436485.md	590	590	S019-D057-U003	external_reference	- [Red Hat Solution: 6785021](https://access.redhat.com/solutions/6785021)	Red Hat Solution: 6785021; https://access.redhat.com/solutions/6785021	arch/Home/Linux Setup Guide for Altibase__22643022.md	470	covered	No English change required.	(Reference: [https://access.redhat.com/solutions/6785021](https://access.redhat.com/solutions/6785021))	none	S019 direct link/attachment inspection across technical mapping inventory.
S019	DOCK/Home/57. Altibase 운영을 위한 Linux 설정 가이드__13436485.md	1292	1292	S019-D057-U004	external_reference	- [Red Hat Enterprise Linux 권장 swap 크기는 어떻게 되나요?](https://access.redhat.com/ko/solutions/744483)	Red Hat Enterprise Linux 권장 swap 크기는 어떻게 되나요?; https://access.redhat.com/ko/solutions/744483	arch/Home/Linux Setup Guide for Altibase__22643022.md	1229	covered	No English change required.	- [What is the recommended swap size for Red Hat Enterprise Linux?](https://access.redhat.com/ko/solutions/744483)	none	S019 direct link/attachment inspection across technical mapping inventory.
S019	DOCK/Home/57. Altibase 운영을 위한 Linux 설정 가이드__13436485.md	1342	1342	S019-D057-U005	external_reference	- [Altibase 7.1 Korean manuals - Installation Guide#OS-Patch](https://github.com/ALTIBASE/Documents/blob/master/Manuals/Altibase_7.1/kor/Installation.md#os-patch)	Altibase 7.1 Korean manuals - Installation Guide#OS-Patch; https://github.com/ALTIBASE/Documents/blob/master/Manuals/Altibase_7.1/kor/Installation.md#os-patch	arch/Home/Linux Setup Guide for Altibase__22643022.md	1274	covered	No English change required.	- [Altibase 7.1 Korean manuals - Installation Guide#OS-Patch](https://github.com/ALTIBASE/Documents/blob/master/Manuals/Altibase_7.1/kor/Installation.md#os-patch)	none	S019 direct link/attachment inspection across technical mapping inventory.
S019	DOCK/Home/57. Altibase 운영을 위한 Linux 설정 가이드__13436485.md	1343	1343	S019-D057-U006	external_reference	- [Bug 1244002 - NFS and Fuse mounts hang while running IO - Malloc/free deadlock](https://bugzilla.redhat.com/show_bug.cgi?id=1244002)	Bug 1244002 - NFS and Fuse mounts hang while running IO - Malloc/free deadlock; https://bugzilla.redhat.com/show_bug.cgi?id=1244002	arch/Home/Linux Setup Guide for Altibase__22643022.md	1275	covered	No English change required.	- [Bug 1244002 - NFS and Fuse mounts hang while running IO - Malloc/free deadlock](https://bugzilla.redhat.com/show_bug.cgi?id=1244002)	none	S019 direct link/attachment inspection across technical mapping inventory.
S019	DOCK/Home/57. Altibase 운영을 위한 Linux 설정 가이드__13436485.md	1344	1344	S019-D057-U007	external_reference	- [Altibase HDB가 지원하는 플랫폼(OS)은?](https://docs.altibase.com/pages/viewpage.action?pageId=9110736)	Altibase HDB가 지원하는 플랫폼(OS)은?; https://docs.altibase.com/pages/viewpage.action?pageId=9110736	arch/Home/Linux Setup Guide for Altibase__22643022.md	1276	covered	No English change required.	- [Which platforms (OS) does Altibase HDB support?](https://docs.altibase.com/pages/viewpage.action?pageId=9110736)	none	S019 direct link/attachment inspection across technical mapping inventory.
S019	DOCK/Home/57. Altibase 운영을 위한 Linux 설정 가이드__13436485.md	1348	1348	S019-D057-U008	external_reference	- [Red Hat Enterprise Linux - 6 - 전원 관리 가이드 - 3.2. CPUfreq 조정기 사용하기](https://access.redhat.com/documentation/ko-kr/red_hat_enterprise_linux/6/html/power_management_guide/cpufreq_governors)	Red Hat Enterprise Linux - 6 - 전원 관리 가이드 - 3.2. CPUfreq 조정기 사용하기; https://access.redhat.com/documentation/ko-kr/red_hat_enterprise_linux/6/html/power_management_guide/cpufreq_governors	arch/Home/Linux Setup Guide for Altibase__22643022.md	1280	covered	No English change required.	- [Red Hat Enterprise Linux 6 Power Management Guide - 3.2. Using CPUfreq Governors](https://access.redhat.com/documentation/ko-kr/red_hat_enterprise_linux/6/html/power_management_guide/cpufreq_governors)	none	S019 direct link/attachment inspection across technical mapping inventory.
S019	DOCK/Home/57. Altibase 운영을 위한 Linux 설정 가이드__13436485.md	1349	1349	S019-D057-U009	external_reference	- [Red Hat Enterprise Linux - 6 - 전원 관리 가이드 - 2.5.2. Tuned-adm](https://access.redhat.com/documentation/ko-kr/red_hat_enterprise_linux/6/html/power_management_guide/tuned-adm)	Red Hat Enterprise Linux - 6 - 전원 관리 가이드 - 2.5.2. Tuned-adm; https://access.redhat.com/documentation/ko-kr/red_hat_enterprise_linux/6/html/power_management_guide/tuned-adm	arch/Home/Linux Setup Guide for Altibase__22643022.md	1281	covered	No English change required.	- [Red Hat Enterprise Linux 6 Power Management Guide - 2.5.2. Tuned-adm](https://access.redhat.com/documentation/ko-kr/red_hat_enterprise_linux/6/html/power_management_guide/tuned-adm)	none	S019 direct link/attachment inspection across technical mapping inventory.
S019	DOCK/Home/57. Altibase 운영을 위한 Linux 설정 가이드__13436485.md	1350	1350	S019-D057-U010	external_reference	- [Red Hat Enterprise Linux - 6 - 성능 조정 가이드 - 7.2. 파일 시스템 성능 프로파일](https://access.redhat.com/documentation/ko-kr/red_hat_enterprise_linux/6/html/performance_tuning_guide/ch07s02)	Red Hat Enterprise Linux - 6 - 성능 조정 가이드 - 7.2. 파일 시스템 성능 프로파일; https://access.redhat.com/documentation/ko-kr/red_hat_enterprise_linux/6/html/performance_tuning_guide/ch07s02	arch/Home/Linux Setup Guide for Altibase__22643022.md	1282	covered	No English change required.	- [Red Hat Enterprise Linux 6 Performance Tuning Guide - 7.2. File System Performance Profiles](https://access.redhat.com/documentation/ko-kr/red_hat_enterprise_linux/6/html/performance_tuning_guide/ch07s02)	none	S019 direct link/attachment inspection across technical mapping inventory.
S019	DOCK/Home/57. Altibase 운영을 위한 Linux 설정 가이드__13436485.md	1351	1351	S019-D057-U011	external_reference	- [https://access.redhat.com/documentation/ko-kr/red_hat_enterprise_linux/6/html-single/power_management_guide/index#cpufreq_setup](https://access.redhat.com/documentation/ko-kr/red_hat_enterprise_linux/6/html-single/power_management_gui...	https://access.redhat.com/documentation/ko-kr/red_hat_enterprise_linux/6/html-single/power_management_guide/index#cpufreq_setup; https://access.redhat.com/documentation/ko-kr/red_hat_enterprise_linux/6/html-single/power_management_guide/index#cpufreq_setup	arch/Home/Linux Setup Guide for Altibase__22643022.md	1283	covered	No English change required.	- [Red Hat Enterprise Linux 6 Power Management Guide - CPUfreq Setup](https://access.redhat.com/documentation/ko-kr/red_hat_enterprise_linux/6/html-single/power_management_guide/index#cpufreq_setup)	none	S019 direct link/attachment inspection across technical mapping inventory.
S019	DOCK/Home/57. Altibase 운영을 위한 Linux 설정 가이드__13436485.md	1352	1352	S019-D057-U012	external_reference	- [https://access.redhat.com/documentation/en-us/red_hat_enterprise_linux/7/html-single/power_management_guide/index#cpufreq_drivers](https://access.redhat.com/documentation/en-us/red_hat_enterprise_linux/7/html-single/power_management_g...	https://access.redhat.com/documentation/en-us/red_hat_enterprise_linux/7/html-single/power_management_guide/index#cpufreq_drivers; https://access.redhat.com/documentation/en-us/red_hat_enterprise_linux/7/html-single/power_management_guide/index#cpufreq_drivers	arch/Home/Linux Setup Guide for Altibase__22643022.md	1284	covered	No English change required.	- [Red Hat Enterprise Linux 7 Power Management Guide - CPUfreq Drivers](https://access.redhat.com/documentation/en-us/red_hat_enterprise_linux/7/html-single/power_management_guide/index#cpufreq_drivers)	none	S019 direct link/attachment inspection across technical mapping inventory.
S019	DOCK/Home/57. Altibase 운영을 위한 Linux 설정 가이드__13436485.md	1353	1353	S019-D057-U013	external_reference	- [https://access.redhat.com/documentation/ko-kr/red_hat_enterprise_linux/6/html-single/power_management_guide/index](https://access.redhat.com/documentation/ko-kr/red_hat_enterprise_linux/6/html-single/power_management_guide/index)	https://access.redhat.com/documentation/ko-kr/red_hat_enterprise_linux/6/html-single/power_management_guide/index; https://access.redhat.com/documentation/ko-kr/red_hat_enterprise_linux/6/html-single/power_management_guide/index	arch/Home/Linux Setup Guide for Altibase__22643022.md	1283	covered	No English change required.	- [Red Hat Enterprise Linux 6 Power Management Guide - CPUfreq Setup](https://access.redhat.com/documentation/ko-kr/red_hat_enterprise_linux/6/html-single/power_management_guide/index#cpufreq_setup)	none	S019 direct link/attachment inspection across technical mapping inventory.
S019	DOCK/Home/57. Altibase 운영을 위한 Linux 설정 가이드__13436485.md	1354	1354	S019-D057-U014	external_reference	- [https://access.redhat.com/documentation/ko-kr/red_hat_enterprise_linux/7/html-single/performance_tuning_guide/index](https://access.redhat.com/documentation/ko-kr/red_hat_enterprise_linux/7/html-single/performance_tuning_guide/index)	https://access.redhat.com/documentation/ko-kr/red_hat_enterprise_linux/7/html-single/performance_tuning_guide/index; https://access.redhat.com/documentation/ko-kr/red_hat_enterprise_linux/7/html-single/performance_tuning_guide/index	arch/Home/Linux Setup Guide for Altibase__22643022.md	1286	covered	No English change required.	- [Red Hat Enterprise Linux 7 Performance Tuning Guide](https://access.redhat.com/documentation/ko-kr/red_hat_enterprise_linux/7/html-single/performance_tuning_guide/index)	none	S019 direct link/attachment inspection across technical mapping inventory.
S019	DOCK/Home/57. Altibase 운영을 위한 Linux 설정 가이드__13436485.md	1355	1355	S019-D057-U015	external_reference	- [RHEL7: How to get started with CPU governor.](https://www.certdepot.net/rhel7-get-started-cpu-governor/)	RHEL7: How to get started with CPU governor.; https://www.certdepot.net/rhel7-get-started-cpu-governor/	arch/Home/Linux Setup Guide for Altibase__22643022.md	1287	covered	No English change required.	- [RHEL7: How to get started with CPU governor](https://www.certdepot.net/rhel7-get-started-cpu-governor/)	none	S019 direct link/attachment inspection across technical mapping inventory.
S019	DOCK/Home/57. Altibase 운영을 위한 Linux 설정 가이드__13436485.md	1359	1359	S019-D057-U016	external_reference	- [logind.conf(5) - Linux manual page - man7.org](http://man7.org/linux/man-pages/man5/logind.conf.5.html)	logind.conf(5) - Linux manual page - man7.org; http://man7.org/linux/man-pages/man5/logind.conf.5.html	arch/Home/Linux Setup Guide for Altibase__22643022.md	1291	covered	No English change required.	- [logind.conf(5) - Linux manual page - man7.org](http://man7.org/linux/man-pages/man5/logind.conf.5.html)	none	S019 direct link/attachment inspection across technical mapping inventory.
S019	DOCK/Home/57. Altibase 운영을 위한 Linux 설정 가이드__13436485.md	1360	1360	S019-D057-U017	external_reference	- [Daemons using IPC terminate unexpectedly after update to Red Hat Enterprise Linux 7.2](https://access.redhat.com/documentation/en-us/red_hat_enterprise_linux/7/html/7.2_release_notes/known-issues-installation_and_booting)	Daemons using IPC terminate unexpectedly after update to Red Hat Enterprise Linux 7.2; https://access.redhat.com/documentation/en-us/red_hat_enterprise_linux/7/html/7.2_release_notes/known-issues-installation_and_booting	arch/Home/Linux Setup Guide for Altibase__22643022.md	1292	covered	No English change required.	- [Daemons using IPC terminate unexpectedly after update to Red Hat Enterprise Linux 7.2](https://access.redhat.com/documentation/en-us/red_hat_enterprise_linux/7/html/7.2_release_notes/known-issues-installation_and_booting)	none	S019 direct link/attachment inspection across technical mapping inventory.
S019	DOCK/Home/57. Altibase 운영을 위한 Linux 설정 가이드__13436485.md	1361	1361	S019-D057-U018	external_reference	- [Database Installation and Operation Fails if RemoveIPC=yes Is Configured for systemd-Oracle docs](https://docs.oracle.com/cd/E52668_01/E67200/html/section-t51_kcn_f5.html)	Database Installation and Operation Fails if RemoveIPC=yes Is Configured for systemd-Oracle docs; https://docs.oracle.com/cd/E52668_01/E67200/html/section-t51_kcn_f5.html	arch/Home/Linux Setup Guide for Altibase__22643022.md	1293	covered	No English change required.	- [Database Installation and Operation Fails if RemoveIPC=yes Is Configured for systemd - Oracle Docs](https://docs.oracle.com/cd/E52668_01/E67200/html/section-t51_kcn_f5.html)	none	S019 direct link/attachment inspection across technical mapping inventory.
S019	DOCK/Home/57. Altibase 운영을 위한 Linux 설정 가이드__13436485.md	1362	1362	S019-D057-U019	external_reference	- [IBM® Db2® servers might crash when the RemoveIPC option for Red Hat Enterprise Linux Version 7.2 is set to yes.](https://www.ibm.com/support/knowledgecenter/en/SS5R93_5.3.2/com.ibm.spectrum.sc.doc/fqz0_r_tbs_db2_rhel72.html)	IBM® Db2® servers might crash when the RemoveIPC option for Red Hat Enterprise Linux Version 7.2 is set to yes.; https://www.ibm.com/support/knowledgecenter/en/SS5R93_5.3.2/com.ibm.spectrum.sc.doc/fqz0_r_tbs_db2_rhel72.html	arch/Home/Linux Setup Guide for Altibase__22643022.md	1294	covered	No English change required.	- [IBM Db2 servers might crash when RemoveIPC for Red Hat Enterprise Linux 7.2 is set to yes](https://www.ibm.com/support/knowledgecenter/en/SS5R93_5.3.2/com.ibm.spectrum.sc.doc/fqz0_r_tbs_db2_rhel72.html)	none	S019 direct link/attachment inspection across technical mapping inventory.
S019	DOCK/Home/57. Altibase 운영을 위한 Linux 설정 가이드__13436485.md	1366	1366	S019-D057-U020	external_reference	- [Wikipedia-Paging#Swappiness](https://en.wikipedia.org/wiki/Paging#Swappiness)	Wikipedia-Paging#Swappiness; https://en.wikipedia.org/wiki/Paging#Swappiness	arch/Home/Linux Setup Guide for Altibase__22643022.md	1298	covered	No English change required.	- [Wikipedia - Paging#Swappiness](https://en.wikipedia.org/wiki/Paging#Swappiness)	none	S019 direct link/attachment inspection across technical mapping inventory.
S019	DOCK/Home/57. Altibase 운영을 위한 Linux 설정 가이드__13436485.md	1367	1367	S019-D057-U021	external_reference	- [Wikipedia-Page_cache](https://en.wikipedia.org/wiki/Page_cache)	Wikipedia-Page_cache; https://en.wikipedia.org/wiki/Page_cache	arch/Home/Linux Setup Guide for Altibase__22643022.md	1299	covered	No English change required.	- [Wikipedia - Page cache](https://en.wikipedia.org/wiki/Page_cache)	none	S019 direct link/attachment inspection across technical mapping inventory.
S019	DOCK/Home/57. Altibase 운영을 위한 Linux 설정 가이드__13436485.md	1368	1368	S019-D057-U022	external_reference	- [Wikipedia-Talk:Swappiness](https://en.wikipedia.org/wiki/Talk%3ASwappiness)	Wikipedia-Talk:Swappiness; https://en.wikipedia.org/wiki/Talk%3ASwappiness	arch/Home/Linux Setup Guide for Altibase__22643022.md	1300	covered	No English change required.	- [Wikipedia - Talk:Swappiness](https://en.wikipedia.org/wiki/Talk%3ASwappiness)	none	S019 direct link/attachment inspection across technical mapping inventory.
S019	DOCK/Home/57. Altibase 운영을 위한 Linux 설정 가이드__13436485.md	1369	1369	S019-D057-U023	external_reference	- [Red Hat Enterprise Linux 권장 swap 크기는 어떻게 되나요?](https://access.redhat.com/ko/solutions/744483)	Red Hat Enterprise Linux 권장 swap 크기는 어떻게 되나요?; https://access.redhat.com/ko/solutions/744483	arch/Home/Linux Setup Guide for Altibase__22643022.md	1229	covered	No English change required.	- [What is the recommended swap size for Red Hat Enterprise Linux?](https://access.redhat.com/ko/solutions/744483)	none	S019 direct link/attachment inspection across technical mapping inventory.
S019	DOCK/Home/57. Altibase 운영을 위한 Linux 설정 가이드__13436485.md	1370	1370	S019-D057-U024	external_reference	- [Red Hat Enterprise Linux 7 - 성능 조정 가이드 - 4.3. 설정 도구](https://access.redhat.com/documentation/ko-kr/red_hat_enterprise_linux/7/html/performance_tuning_guide/sect-red_hat_enterprise_linux-performance_tuning_guide-memory-configuration_to...	Red Hat Enterprise Linux 7 - 성능 조정 가이드 - 4.3. 설정 도구; https://access.redhat.com/documentation/ko-kr/red_hat_enterprise_linux/7/html/performance_tuning_guide/sect-red_hat_enterprise_linux-performance_tuning_guide-memory-configuration_tools	arch/Home/Linux Setup Guide for Altibase__22643022.md	1302	covered	No English change required.	- [Red Hat Enterprise Linux 7 Performance Tuning Guide - 4.3. Configuration Tools](https://access.redhat.com/documentation/ko-kr/red_hat_enterprise_linux/7/html/performance_tuning_guide/sect-red_hat_enterprise_linux-performance_tuning_gu...	none	S019 direct link/attachment inspection across technical mapping inventory.
S019	DOCK/Home/57. Altibase 운영을 위한 Linux 설정 가이드__13436485.md	1374	1374	S019-D057-U025	external_reference	- [Red Hat Enterprise Linux-Huge Pages 및 Transparent Huge Pages](https://access.redhat.com/documentation/ko-kr/red_hat_enterprise_linux/6/html/performance_tuning_guide/s-memory-transhuge)	Red Hat Enterprise Linux-Huge Pages 및 Transparent Huge Pages; https://access.redhat.com/documentation/ko-kr/red_hat_enterprise_linux/6/html/performance_tuning_guide/s-memory-transhuge	arch/Home/Linux Setup Guide for Altibase__22643022.md	1306	covered	No English change required.	- [Red Hat Enterprise Linux - Huge Pages and Transparent Huge Pages](https://access.redhat.com/documentation/ko-kr/red_hat_enterprise_linux/6/html/performance_tuning_guide/s-memory-transhuge)	none	S019 direct link/attachment inspection across technical mapping inventory.
S019	DOCK/Home/57. Altibase 운영을 위한 Linux 설정 가이드__13436485.md	1375	1375	S019-D057-U026	external_reference	- [THP(Transparent Huge Page)때문에 System Hang](https://support.hpe.com/hpsc/doc/public/display?docId=mmr_kc-0111835)	THP(Transparent Huge Page)때문에 System Hang; https://support.hpe.com/hpsc/doc/public/display?docId=mmr_kc-0111835	arch/Home/Linux Setup Guide for Altibase__22643022.md	1307	covered	No English change required.	- [System hang due to THP (Transparent Huge Page)](https://support.hpe.com/hpsc/doc/public/display?docId=mmr_kc-0111835)	none	S019 direct link/attachment inspection across technical mapping inventory.
S019	DOCK/Home/57. Altibase 운영을 위한 Linux 설정 가이드__13436485.md	1376	1376	S019-D057-U027	external_reference	- [How to use, monitor, and disable transparent hugepages in Red Hat Enterprise Linux 6 and 7?](https://access.redhat.com/solutions/46111)	How to use, monitor, and disable transparent hugepages in Red Hat Enterprise Linux 6 and 7?; https://access.redhat.com/solutions/46111	arch/Home/Linux Setup Guide for Altibase__22643022.md	1308	covered	No English change required.	- [How to use, monitor, and disable transparent hugepages in Red Hat Enterprise Linux 6 and 7?](https://access.redhat.com/solutions/46111)	none	S019 direct link/attachment inspection across technical mapping inventory.
S019	DOCK/Home/57. Altibase 운영을 위한 Linux 설정 가이드__13436485.md	1377	1377	S019-D057-U028	external_reference	- [Disabling Transparent HugePages - Oracle Docs](https://docs.oracle.com/en/database/oracle/oracle-database/18/ladbi/disabling-transparent-hugepages.html#GUID-02E9147D-D565-4AF8-B12A-8E6E9F74BEEA)	Disabling Transparent HugePages - Oracle Docs; https://docs.oracle.com/en/database/oracle/oracle-database/18/ladbi/disabling-transparent-hugepages.html#GUID-02E9147D-D565-4AF8-B12A-8E6E9F74BEEA	arch/Home/Linux Setup Guide for Altibase__22643022.md	1309	covered	No English change required.	- [Disabling Transparent HugePages - Oracle Docs](https://docs.oracle.com/en/database/oracle/oracle-database/18/ladbi/disabling-transparent-hugepages.html#GUID-02E9147D-D565-4AF8-B12A-8E6E9F74BEEA)	none	S019 direct link/attachment inspection across technical mapping inventory.
S019	DOCK/Home/57. Altibase 운영을 위한 Linux 설정 가이드__13436485.md	1378	1378	S019-D057-U029	external_reference	- [Transparent Huge Pages on Linux - SAP Help Portal](https://help.sap.com/viewer/bed8c14f9f024763b0777aa72b5436f6/2.0.04/en-US/8049ba0c8df2454dbbf8dc7caf636021.html)	Transparent Huge Pages on Linux - SAP Help Portal; https://help.sap.com/viewer/bed8c14f9f024763b0777aa72b5436f6/2.0.04/en-US/8049ba0c8df2454dbbf8dc7caf636021.html	arch/Home/Linux Setup Guide for Altibase__22643022.md	1310	covered	No English change required.	- [Transparent Huge Pages on Linux - SAP Help Portal](https://help.sap.com/viewer/bed8c14f9f024763b0777aa72b5436f6/2.0.04/en-US/8049ba0c8df2454dbbf8dc7caf636021.html)	none	S019 direct link/attachment inspection across technical mapping inventory.
S019	DOCK/Home/57. Altibase 운영을 위한 Linux 설정 가이드__13436485.md	1379	1379	S019-D057-U030	external_reference	- [Red Hat Enterprise Linux 6 で THP (transparent hugepages) を無効にしても反映されない](https://access.redhat.com/ja/solutions/1315213)	Red Hat Enterprise Linux 6 で THP (transparent hugepages) を無効にしても反映されない; https://access.redhat.com/ja/solutions/1315213	arch/Home/Linux Setup Guide for Altibase__22643022.md	1311	covered	No English change required.	- [Transparent hugepages are not disabled on Red Hat Enterprise Linux 6](https://access.redhat.com/ja/solutions/1315213)	none	S019 direct link/attachment inspection across technical mapping inventory.
S019	DOCK/Home/57. Altibase 운영을 위한 Linux 설정 가이드__13436485.md	1380	1380	S019-D057-U031	external_reference	- [Red Hat Enterprise Linux 7 で transparent hugepages (THP) を無効にする](https://access.redhat.com/ja/solutions/1565043)	Red Hat Enterprise Linux 7 で transparent hugepages (THP) を無効にする; https://access.redhat.com/ja/solutions/1565043	arch/Home/Linux Setup Guide for Altibase__22643022.md	1312	covered	No English change required.	- [Disable transparent hugepages (THP) on Red Hat Enterprise Linux 7](https://access.redhat.com/ja/solutions/1565043)	none	S019 direct link/attachment inspection across technical mapping inventory.
S019	DOCK/Home/57. Altibase 운영을 위한 Linux 설정 가이드__13436485.md	1381	1381	S019-D057-U032	external_reference	- [CentOS / RHEL 6 : How to disable Transparent Huge pages (THP)](https://www.thegeekdiary.com/centos-rhel-6-how-to-disable-transparent-huge-pages-thp/)	CentOS / RHEL 6 : How to disable Transparent Huge pages (THP); https://www.thegeekdiary.com/centos-rhel-6-how-to-disable-transparent-huge-pages-thp/	arch/Home/Linux Setup Guide for Altibase__22643022.md	1313	covered	No English change required.	- [CentOS / RHEL 6: How to disable Transparent Huge Pages (THP)](https://www.thegeekdiary.com/centos-rhel-6-how-to-disable-transparent-huge-pages-thp/)	none	S019 direct link/attachment inspection across technical mapping inventory.
S019	DOCK/Home/57. Altibase 운영을 위한 Linux 설정 가이드__13436485.md	1382	1382	S019-D057-U033	external_reference	- [CentOS / RHEL 7 : How to disable Transparent Huge pages (THP)](https://www.thegeekdiary.com/centos-rhel-7-how-to-disable-transparent-huge-pages-thp/)	CentOS / RHEL 7 : How to disable Transparent Huge pages (THP); https://www.thegeekdiary.com/centos-rhel-7-how-to-disable-transparent-huge-pages-thp/	arch/Home/Linux Setup Guide for Altibase__22643022.md	1314	covered	No English change required.	- [CentOS / RHEL 7: How to disable Transparent Huge Pages (THP)](https://www.thegeekdiary.com/centos-rhel-7-how-to-disable-transparent-huge-pages-thp/)	none	S019 direct link/attachment inspection across technical mapping inventory.
S019	DOCK/Home/57. Altibase 운영을 위한 Linux 설정 가이드__13436485.md	1386	1386	S019-D057-U034	external_reference	- [https://www.kernel.org/doc/Documentation/sysctl/vm.txt](https://www.kernel.org/doc/Documentation/sysctl/vm.txt)	https://www.kernel.org/doc/Documentation/sysctl/vm.txt; https://www.kernel.org/doc/Documentation/sysctl/vm.txt	arch/Home/Linux Setup Guide for Altibase__22643022.md	1318	covered	No English change required.	- [Linux kernel sysctl vm documentation](https://www.kernel.org/doc/Documentation/sysctl/vm.txt)	none	S019 direct link/attachment inspection across technical mapping inventory.
S019	DOCK/Home/57. Altibase 운영을 위한 Linux 설정 가이드__13436485.md	1387	1387	S019-D057-U035	external_reference	- [Red Hat Enterprise Linux 7 - Performance Tuning Guide - 7.5. Configuring System Memory Capacity](https://access.redhat.com/documentation/en-us/red_hat_enterprise_linux/7/html/performance_tuning_guide/sect-red_hat_enterprise_linux-perf...	Red Hat Enterprise Linux 7 - Performance Tuning Guide - 7.5. Configuring System Memory Capacity; https://access.redhat.com/documentation/en-us/red_hat_enterprise_linux/7/html/performance_tuning_guide/sect-red_hat_enterprise_linux-performance_tuning_guide-configuration_tools-configuring_system_memory_capacity	arch/Home/Linux Setup Guide for Altibase__22643022.md	1319	covered	No English change required.	- [Red Hat Enterprise Linux 7 Performance Tuning Guide - 7.5. Configuring System Memory Capacity](https://access.redhat.com/documentation/en-us/red_hat_enterprise_linux/7/html/performance_tuning_guide/sect-red_hat_enterprise_linux-perfor...	none	S019 direct link/attachment inspection across technical mapping inventory.
S019	DOCK/Home/57. Altibase 운영을 위한 Linux 설정 가이드__13436485.md	1388	1388	S019-D057-U036	external_reference	- [Additional OS validations required for SAP Applications on RHEL 7.++](https://blogs.sap.com/2018/11/29/additional-os-validations-required-for-sap-applications-on-rhel-7./)	Additional OS validations required for SAP Applications on RHEL 7.++; https://blogs.sap.com/2018/11/29/additional-os-validations-required-for-sap-applications-on-rhel-7./	arch/Home/Linux Setup Guide for Altibase__22643022.md	1320	covered	No English change required.	- [Additional OS validations required for SAP Applications on RHEL 7](https://blogs.sap.com/2018/11/29/additional-os-validations-required-for-sap-applications-on-rhel-7./)	none	S019 direct link/attachment inspection across technical mapping inventory.
S019	DOCK/Home/57. Altibase 운영을 위한 Linux 설정 가이드__13436485.md	1393	1393	S019-D057-U037	external_reference	- [Altibase 7.1 Korean manuals - Administrator's Manual 2#12서버클라이언트-통신](https://github.com/ALTIBASE/Documents/blob/master/Manuals/Altibase_7.1/kor/Admin_2.md#%ED%86%B5%EC%8B%A0-%EB%B0%A9%EB%B2%95)	Altibase 7.1 Korean manuals - Administrator's Manual 2#12서버클라이언트-통신; https://github.com/ALTIBASE/Documents/blob/master/Manuals/Altibase_7.1/kor/Admin_2.md#%ED%86%B5%EC%8B%A0-%EB%B0%A9%EB%B2%95	arch/Home/Linux Setup Guide for Altibase__22643022.md	1325	covered	No English change required.	- [Altibase 7.1 Korean manuals - Administrator's Manual 2#Server-client communication](https://github.com/ALTIBASE/Documents/blob/master/Manuals/Altibase_7.1/kor/Admin_2.md#%ED%86%B5%EC%8B%A0-%EB%B0%A9%EB%B2%95)	none	S019 direct link/attachment inspection across technical mapping inventory.
S019	DOCK/Home/57. Altibase 운영을 위한 Linux 설정 가이드__13436485.md	1394	1394	S019-D057-U038	external_reference	- [Altibase 7.1 Korean manuals - Installation Guide#OS별-커널-파라미터-설정](https://github.com/ALTIBASE/Documents/blob/master/Manuals/Altibase_7.1/kor/Installation.md#os%EB%B3%84-%EC%BB%A4%EB%84%90-%ED%8C%8C%EB%9D%BC%EB%AF%B8%ED%84%B0-%EC%84%A4%...	Altibase 7.1 Korean manuals - Installation Guide#OS별-커널-파라미터-설정; https://github.com/ALTIBASE/Documents/blob/master/Manuals/Altibase_7.1/kor/Installation.md#os%EB%B3%84-%EC%BB%A4%EB%84%90-%ED%8C%8C%EB%9D%BC%EB%AF%B8%ED%84%B0-%EC%84%A4%EC%A0%95	arch/Home/Linux Setup Guide for Altibase__22643022.md	1326	covered	No English change required.	- [Altibase 7.1 Korean manuals - Installation Guide#OS-specific kernel parameter settings](https://github.com/ALTIBASE/Documents/blob/master/Manuals/Altibase_7.1/kor/Installation.md#os%EB%B3%84-%EC%BB%A4%EB%84%90-%ED%8C%8C%EB%9D%BC%EB%AF...	none	S019 direct link/attachment inspection across technical mapping inventory.
S019	DOCK/Home/57. Altibase 운영을 위한 Linux 설정 가이드__13436485.md	1398	1398	S019-D057-U039	external_reference	- [https://wiki.archlinux.org/index.php/Locale_(한국어)](https://wiki.archlinux.org/index.php/Locale_(%ED%95%9C%EA%B5%AD%EC%96%B4))	https://wiki.archlinux.org/index.php/Locale_(한국어); https://wiki.archlinux.org/index.php/Locale_(%ED%95%9C%EA%B5%AD%EC%96%B4	arch/Home/Linux Setup Guide for Altibase__22643022.md	1330	covered	No English change required.	- [ArchWiki - Locale](https://wiki.archlinux.org/index.php/Locale_(%ED%95%9C%EA%B5%AD%EC%96%B4))	none	S019 direct link/attachment inspection across technical mapping inventory.
S019	DOCK/Home/57. Altibase 운영을 위한 Linux 설정 가이드__13436485.md	1402	1402	S019-D057-U040	external_reference	- [https://access.redhat.com/documentation/en-us/red_hat_enterprise_linux/6/html/6.0_release_notes/compiler](https://access.redhat.com/documentation/en-us/red_hat_enterprise_linux/6/html/6.0_release_notes/compiler)	https://access.redhat.com/documentation/en-us/red_hat_enterprise_linux/6/html/6.0_release_notes/compiler; https://access.redhat.com/documentation/en-us/red_hat_enterprise_linux/6/html/6.0_release_notes/compiler	arch/Home/Linux Setup Guide for Altibase__22643022.md	1334	covered	No English change required.	- [Red Hat Enterprise Linux 6.0 Release Notes - Compiler and Tools](https://access.redhat.com/documentation/en-us/red_hat_enterprise_linux/6/html/6.0_release_notes/compiler)	none	S019 direct link/attachment inspection across technical mapping inventory.
S019	DOCK/Home/57. Altibase 운영을 위한 Linux 설정 가이드__13436485.md	1403	1403	S019-D057-U041	external_reference	- [https://www.ibm.com/developerworks/community/blogs/kevgrig/entry/linux_glibc_2_10_rhel_6_malloc_may_show_excessive_virtual_memory_usage?lang=en](https://www.ibm.com/developerworks/community/blogs/kevgrig/entry/linux_glibc_2_10_rhel_6_...	https://www.ibm.com/developerworks/community/blogs/kevgrig/entry/linux_glibc_2_10_rhel_6_malloc_may_show_excessive_virtual_memory_usage?lang=en; https://www.ibm.com/developerworks/community/blogs/kevgrig/entry/linux_glibc_2_10_rhel_6_malloc_may_show_excessive_virtual_memory_usage?lang=en	arch/Home/Linux Setup Guide for Altibase__22643022.md	1335	covered	No English change required.	- [Linux glibc 2.10 / RHEL 6 malloc may show excessive virtual memory usage](https://www.ibm.com/developerworks/community/blogs/kevgrig/entry/linux_glibc_2_10_rhel_6_malloc_may_show_excessive_virtual_memory_usage?lang=en)	none	S019 direct link/attachment inspection across technical mapping inventory.
S019	DOCK/Home/57. Altibase 운영을 위한 Linux 설정 가이드__13436485.md	1404	1404	S019-D057-U042	external_reference	- [https://github.com/prestodb/presto/issues/8993](https://github.com/prestodb/presto/issues/8993)	https://github.com/prestodb/presto/issues/8993; https://github.com/prestodb/presto/issues/8993	arch/Home/Linux Setup Guide for Altibase__22643022.md	1336	covered	No English change required.	- [Presto issue 8993](https://github.com/prestodb/presto/issues/8993)	none	S019 direct link/attachment inspection across technical mapping inventory.
S019	DOCK/Home/57. Altibase 운영을 위한 Linux 설정 가이드__13436485.md	1406	1406	S019-D057-U043	document_attachment	[Altibase_운영을_위한_Linux_설정_가이드_2019.pdf](https://docs.altibase.com/download/attachments/13436485/Altibase_%EC%9A%B4%EC%98%81%EC%9D%84_%EC%9C%84%ED%95%9C_Linux_%EC%84%A4%EC%A0%95_%EA%B0%80%EC%9D%B4%EB%93%9C_2019.pdf?version=1&modificationD...	Altibase_운영을_위한_Linux_설정_가이드_2019.pdf; https://docs.altibase.com/download/attachments/13436485/Altibase_%EC%9A%B4%EC%98%81%EC%9D%84_%EC%9C%84%ED%95%9C_Linux_%EC%84%A4%EC%A0%95_%EA%B0%80%EC%9D%B4%EB%93%9C_2019.pdf?version=1&modificationDate=1584944731000&api=v2	arch/Home/Linux Setup Guide for Altibase__22643022.md	1342	covered	No English change required; URL-backed document-format link is preserved exactly in English target.	- [Altibase_운영을_위한_Linux_설정_가이드_2019.pdf](https://docs.altibase.com/download/attachments/13436485/Altibase_%EC%9A%B4%EC%98%81%EC%9D%84_%EC%9C%84%ED%95%9C_Linux_%EC%84%A4%EC%A0%95_%EA%B0%80%EC%9D%B4%EB%93%9C_2019.pdf?version=1&modificatio...	none	Document-format extensions checked: .pdf .ppt .pptx .doc .docx .xls .xlsx .zip.
S019	DOCK/Home/57. Altibase 운영을 위한 Linux 설정 가이드__13436485.md	1408	1408	S019-D057-U044	document_attachment	구 버전 문서: [ALTIBASE_운영을_위한_Linux_설정_가이드.pdf](https://docs.altibase.com/download/attachments/13436485/ALTIBASE_%EC%9A%B4%EC%98%81%EC%9D%84_%EC%9C%84%ED%95%9C_Linux_%EC%84%A4%EC%A0%95_%EA%B0%80%EC%9D%B4%EB%93%9C.pdf?version=1&modificationDa...	ALTIBASE_운영을_위한_Linux_설정_가이드.pdf; https://docs.altibase.com/download/attachments/13436485/ALTIBASE_%EC%9A%B4%EC%98%81%EC%9D%84_%EC%9C%84%ED%95%9C_Linux_%EC%84%A4%EC%A0%95_%EA%B0%80%EC%9D%B4%EB%93%9C.pdf?version=1&modificationDate=1698366100000&api=v2	arch/Home/Linux Setup Guide for Altibase__22643022.md	1343	covered	No English change required; URL-backed document-format link is preserved exactly in English target.	- Legacy document: [ALTIBASE_운영을_위한_Linux_설정_가이드.pdf](https://docs.altibase.com/download/attachments/13436485/ALTIBASE_%EC%9A%B4%EC%98%81%EC%9D%84_%EC%9C%84%ED%95%9C_Linux_%EC%84%A4%EC%A0%95_%EA%B0%80%EC%9D%B4%EB%93%9C.pdf?version=1&modi...	none	Document-format extensions checked: .pdf .ppt .pptx .doc .docx .xls .xlsx .zip.
S019	DOCK/Home/58. Altibase Hibernate 연동가이드__14057878.md	29	29	S019-D058-U001	external_reference	- 기술지원포털 : [http://support.altibase.com](http://support.altibase.com/) ▶ 기술 지식 ▶ Q&A	http://support.altibase.com; http://support.altibase.com/	arch/Home/Hibernate Integration Guide for Altibase__14058388.md	27	covered	No English change required.	- Technical support portal: [http://support.altibase.com](http://support.altibase.com/) > Technical Knowledge > Q&A	none	S019 direct link/attachment inspection across technical mapping inventory.
S019	DOCK/Home/58. Altibase Hibernate 연동가이드__14057878.md	56	56	S019-D058-U002	external_reference	[http://www.hibernate.org](http://www.hibernate.org/)	http://www.hibernate.org; http://www.hibernate.org/	arch/Home/Hibernate Integration Guide for Altibase__14058388.md	42	covered	No English change required.	[http://www.hibernate.org](http://www.hibernate.org/)	none	S019 direct link/attachment inspection across technical mapping inventory.
S019	DOCK/Home/58. Altibase Hibernate 연동가이드__14057878.md	62	62	S019-D058-U003	external_reference	Hibernate를 사용하기 위해서 Hibernate 관련 jar 파일이 필요하다. 이 jar 파일은 [http://hibernate.org/orm/releases/5.4/](http://hibernate.org/orm/releases/5.4/) 사이트에서 다운로드 받을 수 있다. 다운로드 한 파일을 압축 해제하면 여러 디렉토리가 있으며, 특히 lib 디렉토리의 하위 디렉토리 내에 여러 가지 jar 파일들이 존재하는데 이...	http://hibernate.org/orm/releases/5.4/; http://hibernate.org/orm/releases/5.4/	arch/Home/Hibernate Integration Guide for Altibase__14058388.md	46	covered	No English change required.	In order to use Hibernate, the jar file related to Hibernate is required, and this jar file can be downloaded from [http://hibernate.org/orm/releases/5.4](http://hibernate.org/orm/releases/5.4). When the downloaded file is unzipped, ther...	none	S019 direct link/attachment inspection across technical mapping inventory.
S019	DOCK/Home/58. Altibase Hibernate 연동가이드__14057878.md	114	114	S019-D058-U004	external_reference	각각의 태그에 대한 보다 자세한 설명은 [http://www.hibernate.org](http://www.hibernate.org/) 사이트를 참고한다.	http://www.hibernate.org; http://www.hibernate.org/	arch/Home/Hibernate Integration Guide for Altibase__14058388.md	42	covered	No English change required.	[http://www.hibernate.org](http://www.hibernate.org/)	none	S019 direct link/attachment inspection across technical mapping inventory.
S019	DOCK/Home/58. Altibase Hibernate 연동가이드__14057878.md	155	155	S019-D058-U005	external_reference	각각의 태그에 대한 보다 자세한 설명은 [http://www.hibernate.org](http://www.hibernate.org/) 사이트를 참고한다.	http://www.hibernate.org; http://www.hibernate.org/	arch/Home/Hibernate Integration Guide for Altibase__14058388.md	42	covered	No English change required.	[http://www.hibernate.org](http://www.hibernate.org/)	none	S019 direct link/attachment inspection across technical mapping inventory.
S019	DOCK/Home/58. Altibase Hibernate 연동가이드__14057878.md	218	218	S019-D058-U006	external_reference	각각의 태그에 대한 보다 자세한 설명은 [http://www.hibernate.org](http://www.hibernate.org/) 사이트를 참고한다.	http://www.hibernate.org; http://www.hibernate.org/	arch/Home/Hibernate Integration Guide for Altibase__14058388.md	42	covered	No English change required.	[http://www.hibernate.org](http://www.hibernate.org/)	none	S019 direct link/attachment inspection across technical mapping inventory.
S019	DOCK/Home/58. Altibase Hibernate 연동가이드__14057878.md	240	240	S019-D058-U007	external_reference	[https://github.com/ALTIBASE/hibernate-orm/blob/master/ALTIBASE_DIALECT_PORTING.md](https://github.com/ALTIBASE/hibernate-orm/blob/master/ALTIBASE_DIALECT_PORTING.md)https://github.com/ALTIBASE/hibernate-orm/blob/master/ALTIBASE_DIALECT_...	https://github.com/ALTIBASE/hibernate-orm/blob/master/ALTIBASE_DIALECT_PORTING.md; https://github.com/ALTIBASE/hibernate-orm/blob/master/ALTIBASE_DIALECT_PORTING.md	arch/Home/Hibernate Integration Guide for Altibase__14058388.md	224	covered	No English change required.	[https://github.com/ALTIBASE/hibernate-orm/blob/master/ALTIBASE_DIALECT_PORTING.md](https://github.com/ALTIBASE/hibernate-orm/blob/master/ALTIBASE_DIALECT_PORTING.md)	none	S019 direct link/attachment inspection across technical mapping inventory.
S019	DOCK/Home/58. Altibase Hibernate 연동가이드__14057878.md	584	584	S019-D058-U008	external_reference	Altibase의 ConnectionPool을 이용하는 자세한 내용은 『 [ALTIBASE_Spring_연동가이드](https://docs.altibase.com/pages/viewpage.action?pageId=7340945) 』문서를 참고하여 설정한다.	ALTIBASE_Spring_연동가이드; https://docs.altibase.com/pages/viewpage.action?pageId=7340945	arch/Home/Hibernate Integration Guide for Altibase__14058388.md	1115	covered	No English change required; English target uses the corresponding English or normalized reference.	6. [Spring Integration Guide for Altibase](https://aid.altibase.com/display/arch/Spring+Integration+Guide+for+Altibase)	none	Exact Korean URL is represented by the corresponding English/source reference where appropriate.
S019	DOCK/Home/58. Altibase Hibernate 연동가이드__14057878.md	1138	1138	S019-D058-U009	external_reference	1. 『 [ALTIBASE 개발가이드](https://docs.altibase.com/pages/viewpage.action?pageId=7341274) 』	ALTIBASE 개발가이드; https://docs.altibase.com/pages/viewpage.action?pageId=7341274	arch/Home/Hibernate Integration Guide for Altibase__14058388.md	1110	covered	No English change required; English target uses the corresponding English or normalized reference.	1. [Altibase Development Guide](https://aid.altibase.com/display/arch/Altibase+Development+Guide)	none	Exact Korean URL is represented by the corresponding English/source reference where appropriate.
S019	DOCK/Home/58. Altibase Hibernate 연동가이드__14057878.md	1140	1140	S019-D058-U010	legacy_hash_label	2. 『 [JAVA 개발 가이드](legacy-hash-placeholder) 』	JAVA 개발 가이드; #	arch/Home/Hibernate Integration Guide for Altibase__14058388.md		source_limitation	Recorded source limitation; no URL invented.	English target preserves the surrounding UI/error semantics without a fake # link.	no resolvable URL in Korean source	Legacy # placeholder in Korean source; English must preserve text/filename without creating a fake URL.
S019	DOCK/Home/58. Altibase Hibernate 연동가이드__14057878.md	1142	1142	S019-D058-U011	external_reference	3. 『 [Altibase JBoss 연동가이드](https://docs.altibase.com/pages/viewpage.action?pageId=13437492) 』	Altibase JBoss 연동가이드; https://docs.altibase.com/pages/viewpage.action?pageId=13437492	arch/Home/Hibernate Integration Guide for Altibase__14058388.md	1111	covered	No English change required; English target uses the corresponding English or normalized reference.	2. [JBoss Integration Guide for Altibase](https://aid.altibase.com/display/arch/JBOSS+Integration+Guide+for+Altibase)	none	Exact Korean URL is represented by the corresponding English/source reference where appropriate.
S019	DOCK/Home/58. Altibase Hibernate 연동가이드__14057878.md	1144	1144	S019-D058-U012	external_reference	4. 『 [Altibase TOMCAT 연동가이드](https://docs.altibase.com/pages/viewpage.action?pageId=7341030) 』	Altibase TOMCAT 연동가이드; https://docs.altibase.com/pages/viewpage.action?pageId=7341030	arch/Home/Hibernate Integration Guide for Altibase__14058388.md	1112	covered	No English change required; English target uses the corresponding English or normalized reference.	3. [TOMCAT Integration Guide for Altibase](https://aid.altibase.com/display/arch/TOMCAT+Integration+Guide+for+Altibase)	none	Exact Korean URL is represented by the corresponding English/source reference where appropriate.
S019	DOCK/Home/58. Altibase Hibernate 연동가이드__14057878.md	1146	1146	S019-D058-U013	external_reference	5. 『 [Altibase WebSphere 연동 가이드](https://docs.altibase.com/pages/viewpage.action?pageId=13435602) 』	Altibase WebSphere 연동 가이드; https://docs.altibase.com/pages/viewpage.action?pageId=13435602	arch/Home/Hibernate Integration Guide for Altibase__14058388.md	1114	covered	No English change required; English target uses the corresponding English or normalized reference.	5. [WebSphere Integration Guide for Altibase](https://aid.altibase.com/display/arch/WebSphere+Integration+Guide+for+Altibase)	none	Exact Korean URL is represented by the corresponding English/source reference where appropriate.
S019	DOCK/Home/58. Altibase Hibernate 연동가이드__14057878.md	1148	1148	S019-D058-U014	external_reference	6. 『 [Altibase WEBLOGIC 연동가이드](https://docs.altibase.com/pages/viewpage.action?pageId=7340101) 』	Altibase WEBLOGIC 연동가이드; https://docs.altibase.com/pages/viewpage.action?pageId=7340101	arch/Home/Hibernate Integration Guide for Altibase__14058388.md	1113	covered	No English change required; English target uses the corresponding English or normalized reference.	4. [WEBLOGIC Integration Guide for Altibase](https://aid.altibase.com/display/arch/WEBLOGIC+Integration+Guide+for+Altibase)	none	Exact Korean URL is represented by the corresponding English/source reference where appropriate.
S019	DOCK/Home/58. Altibase Hibernate 연동가이드__14057878.md	1150	1150	S019-D058-U015	external_reference	7. 『 [ALTIBASE Spring 연동가이드](https://docs.altibase.com/pages/viewpage.action?pageId=7340945) 』	ALTIBASE Spring 연동가이드; https://docs.altibase.com/pages/viewpage.action?pageId=7340945	arch/Home/Hibernate Integration Guide for Altibase__14058388.md	1115	covered	No English change required; English target uses the corresponding English or normalized reference.	6. [Spring Integration Guide for Altibase](https://aid.altibase.com/display/arch/Spring+Integration+Guide+for+Altibase)	none	Exact Korean URL is represented by the corresponding English/source reference where appropriate.
S019	DOCK/Home/58. Altibase Hibernate 연동가이드__14057878.md	1152	1152	S019-D058-U016	external_reference	8. 『 [Altibase iBatis 연동가이드](https://docs.altibase.com/pages/viewpage.action?pageId=7340053) 』	Altibase iBatis 연동가이드; https://docs.altibase.com/pages/viewpage.action?pageId=7340053	arch/Home/Hibernate Integration Guide for Altibase__14058388.md	1116	covered	No English change required; English target uses the corresponding English or normalized reference.	7. [iBatis Integration Guide for Altibase](https://aid.altibase.com/display/arch/iBatis+Integration+Guide+for+Altibase)	none	Exact Korean URL is represented by the corresponding English/source reference where appropriate.
S019	DOCK/Home/58. Altibase Hibernate 연동가이드__14057878.md	1154	1154	S019-D058-U017	document_attachment	구 버전 문서: [ALTIBASE_Hibernate_연동가이드.pdf](https://docs.altibase.com/download/attachments/14057878/ALTIBASE_Hibernate_%EC%97%B0%EB%8F%99%EA%B0%80%EC%9D%B4%EB%93%9C.pdf?version=1&modificationDate=1698369532000&api=v2)	ALTIBASE_Hibernate_연동가이드.pdf; https://docs.altibase.com/download/attachments/14057878/ALTIBASE_Hibernate_%EC%97%B0%EB%8F%99%EA%B0%80%EC%9D%B4%EB%93%9C.pdf?version=1&modificationDate=1698369532000&api=v2	arch/Home/Hibernate Integration Guide for Altibase__14058388.md	1122	covered	No English change required; URL-backed document-format link is preserved exactly in English target.	- [Korean source attachment 1 (PDF)](https://docs.altibase.com/download/attachments/14057878/ALTIBASE_Hibernate_%EC%97%B0%EB%8F%99%EA%B0%80%EC%9D%B4%EB%93%9C.pdf?version=1&modificationDate=1698369532000&api=v2)	none	Document-format extensions checked: .pdf .ppt .pptx .doc .docx .xls .xlsx .zip.
S019	DOCK/Home/59. Altibase 모니터링 쿼리 가이드__10060431.md	35	35	S019-D059-U001	external_reference	- 매뉴얼 다운로드 페이지 : [http://support.altibase.com/kr/manual](http://support.altibase.com/kr/manual)	http://support.altibase.com/kr/manual; http://support.altibase.com/kr/manual	arch/Home/Altibase Monitoring Queries Guide__14058229.md; arch/Home/Altibase Monitoring Queries Guide/1. Altibase Server Monitoring Overview__14058232.md; arch/Home/Altibase Monitoring Queries Guide/2. Altibase Meta Table and Performance View Overview__14058238.md; arch/Home/Altibase Monitoring Queries Guide/2. Altibase Meta Table and Performance View Overview/1. Main meta table and performance views related to session, query, transaction, lock, service thread, and memory DB GC__14058240.md; arch/Home/Altibase Monitoring Queries Guide/2. Altibase Meta Table and Performance View Overview/2. Major Meta Tables and Performance Views related to tablespace, table, column, index, and constraint__14058242.md; arch/Home/Altibase Monitoring Queries Guide/2. Altibase Meta Table and Performance View Overview/3. Main Performance View related to Statistical Information__14058244.md; arch/Home/Altibase Monitoring Queries Guide/2. Altibase Meta Table and Performance View Overview/4. Main Metal Tables and Performance Views Related to Replication__14058248.md; arch/Home/Altibase Monitoring Queries Guide/2. Altibase Meta Table and Performance View Overview/5. Whether Users can Access the Tablespace, System_Object Privileges, PSM, View related Meta Tables and Peformance Views__14058250.md; arch/Home/Altibase Monitoring Queries Guide/3. Monitoring Elements and Corresponding Monitoring Queries__14058252.md; arch/Home/Altibase Monitoring Queries Guide/3. Monitoring Elements and Corresponding Monitoring Queries/1. Session__14058254.md; arch/Home/Altibase Monitoring Queries Guide/3. Monitoring Elements and Corresponding Monitoring Queries/2. Statement__14058256.md; arch/Home/Altibase Monitoring Queries Guide/3. Monitoring Elements and Corresponding Monitoring Queries/3. Service Thread__14058260.md; arch/Home/Altibase Monitoring Queries Guide/3. Monitoring Elements and Corresponding Monitoring Queries/4. Transaction & Lock__14058264.md; arch/Home/Altibase Monitoring Queries Guide/3. Monitoring Elements and Corresponding Monitoring Queries/5. Redo Logfile__14058266.md; arch/Home/Altibase Monitoring Queries Guide/3. Monitoring Elements and Corresponding Monitoring Queries/6. GC (Garbage Collector)__14058268.md; arch/Home/Altibase Monitoring Queries Guide/3. Monitoring Elements and Corresponding Monitoring Queries/7. Memory__14058270.md; arch/Home/Altibase Monitoring Queries Guide/3. Monitoring Elements and Corresponding Monitoring Queries/8. Tablespace (TBS)__14058272.md; arch/Home/Altibase Monitoring Queries Guide/3. Monitoring Elements and Corresponding Monitoring Queries/9. Disk Buffer__14058274.md; arch/Home/Altibase Monitoring Queries Guide/3. Monitoring Elements and Corresponding Monitoring Queries/10. Object__14058276.md; arch/Home/Altibase Monitoring Queries Guide/3. Monitoring Elements and Corresponding Monitoring Queries/11. Privileges__14058278.md; arch/Home/Altibase Monitoring Queries Guide/3. Monitoring Elements and Corresponding Monitoring Queries/12. Constraints__14058280.md; arch/Home/Altibase Monitoring Queries Guide/3. Monitoring Elements and Corresponding Monitoring Queries/13. Replication__14058282.md	29	covered	No English change required; English target uses the corresponding English or normalized reference.	Therefore, it is recommended to refer to the *General Reference* manual for more detailed information and understanding of meta tables and performance views.	none	Exact Korean URL is represented by the corresponding English/source reference where appropriate.
S019	DOCK/Home/59. Altibase 모니터링 쿼리 가이드__10060431.md	37	37	S019-D059-U002	external_reference	모니터링 쿼리 예시만 참조하려면 '[모니터링 요소와 모니터링 쿼리](https://aid.altibase.com/pages/viewpage.action?pageId=10060431#id-59.Altibase%EB%AA%A8%EB%8B%88%ED%84%B0%EB%A7%81%EC%BF%BC%EB%A6%AC%EA%B0%80%EC%9D%B4%EB%93%9C-%EB%AA%A8%EB%8B%88%ED%84%B0%EB%A7%81%EC%...	모니터링 요소와 모니터링 쿼리; https://aid.altibase.com/pages/viewpage.action?pageId=10060431#id-59.Altibase%EB%AA%A8%EB%8B%88%ED%84%B0%EB%A7%81%EC%BF%BC%EB%A6%AC%EA%B0%80%EC%9D%B4%EB%93%9C-%EB%AA%A8%EB%8B%88%ED%84%B0%EB%A7%81%EC%9A%94%EC%86%8C%EC%99%80%EB%AA%A8%EB%8B%88%ED%84%B0%EB%A7%81%EC%BF%BC%EB%A6%AC	arch/Home/Altibase Monitoring Queries Guide__14058229.md; arch/Home/Altibase Monitoring Queries Guide/1. Altibase Server Monitoring Overview__14058232.md; arch/Home/Altibase Monitoring Queries Guide/2. Altibase Meta Table and Performance View Overview__14058238.md; arch/Home/Altibase Monitoring Queries Guide/2. Altibase Meta Table and Performance View Overview/1. Main meta table and performance views related to session, query, transaction, lock, service thread, and memory DB GC__14058240.md; arch/Home/Altibase Monitoring Queries Guide/2. Altibase Meta Table and Performance View Overview/2. Major Meta Tables and Performance Views related to tablespace, table, column, index, and constraint__14058242.md; arch/Home/Altibase Monitoring Queries Guide/2. Altibase Meta Table and Performance View Overview/3. Main Performance View related to Statistical Information__14058244.md; arch/Home/Altibase Monitoring Queries Guide/2. Altibase Meta Table and Performance View Overview/4. Main Metal Tables and Performance Views Related to Replication__14058248.md; arch/Home/Altibase Monitoring Queries Guide/2. Altibase Meta Table and Performance View Overview/5. Whether Users can Access the Tablespace, System_Object Privileges, PSM, View related Meta Tables and Peformance Views__14058250.md; arch/Home/Altibase Monitoring Queries Guide/3. Monitoring Elements and Corresponding Monitoring Queries__14058252.md; arch/Home/Altibase Monitoring Queries Guide/3. Monitoring Elements and Corresponding Monitoring Queries/1. Session__14058254.md; arch/Home/Altibase Monitoring Queries Guide/3. Monitoring Elements and Corresponding Monitoring Queries/2. Statement__14058256.md; arch/Home/Altibase Monitoring Queries Guide/3. Monitoring Elements and Corresponding Monitoring Queries/3. Service Thread__14058260.md; arch/Home/Altibase Monitoring Queries Guide/3. Monitoring Elements and Corresponding Monitoring Queries/4. Transaction & Lock__14058264.md; arch/Home/Altibase Monitoring Queries Guide/3. Monitoring Elements and Corresponding Monitoring Queries/5. Redo Logfile__14058266.md; arch/Home/Altibase Monitoring Queries Guide/3. Monitoring Elements and Corresponding Monitoring Queries/6. GC (Garbage Collector)__14058268.md; arch/Home/Altibase Monitoring Queries Guide/3. Monitoring Elements and Corresponding Monitoring Queries/7. Memory__14058270.md; arch/Home/Altibase Monitoring Queries Guide/3. Monitoring Elements and Corresponding Monitoring Queries/8. Tablespace (TBS)__14058272.md; arch/Home/Altibase Monitoring Queries Guide/3. Monitoring Elements and Corresponding Monitoring Queries/9. Disk Buffer__14058274.md; arch/Home/Altibase Monitoring Queries Guide/3. Monitoring Elements and Corresponding Monitoring Queries/10. Object__14058276.md; arch/Home/Altibase Monitoring Queries Guide/3. Monitoring Elements and Corresponding Monitoring Queries/11. Privileges__14058278.md; arch/Home/Altibase Monitoring Queries Guide/3. Monitoring Elements and Corresponding Monitoring Queries/12. Constraints__14058280.md; arch/Home/Altibase Monitoring Queries Guide/3. Monitoring Elements and Corresponding Monitoring Queries/13. Replication__14058282.md	2	covered	No English change required; English target uses the corresponding English or normalized reference.	title: "2. Statement"	none	Exact Korean URL is represented by the corresponding English/source reference where appropriate.
S019	DOCK/Home/59. Altibase 모니터링 쿼리 가이드__10060431.md	43	43	S019-D059-U003	external_reference	- 기술지원포털 : [http://support.altibase.com](http://support.altibase.com/) ▶ 기술 지식 ▶ Q&A	http://support.altibase.com; http://support.altibase.com/	arch/Home/Altibase Monitoring Queries Guide__14058229.md; arch/Home/Altibase Monitoring Queries Guide/1. Altibase Server Monitoring Overview__14058232.md; arch/Home/Altibase Monitoring Queries Guide/2. Altibase Meta Table and Performance View Overview__14058238.md; arch/Home/Altibase Monitoring Queries Guide/2. Altibase Meta Table and Performance View Overview/1. Main meta table and performance views related to session, query, transaction, lock, service thread, and memory DB GC__14058240.md; arch/Home/Altibase Monitoring Queries Guide/2. Altibase Meta Table and Performance View Overview/2. Major Meta Tables and Performance Views related to tablespace, table, column, index, and constraint__14058242.md; arch/Home/Altibase Monitoring Queries Guide/2. Altibase Meta Table and Performance View Overview/3. Main Performance View related to Statistical Information__14058244.md; arch/Home/Altibase Monitoring Queries Guide/2. Altibase Meta Table and Performance View Overview/4. Main Metal Tables and Performance Views Related to Replication__14058248.md; arch/Home/Altibase Monitoring Queries Guide/2. Altibase Meta Table and Performance View Overview/5. Whether Users can Access the Tablespace, System_Object Privileges, PSM, View related Meta Tables and Peformance Views__14058250.md; arch/Home/Altibase Monitoring Queries Guide/3. Monitoring Elements and Corresponding Monitoring Queries__14058252.md; arch/Home/Altibase Monitoring Queries Guide/3. Monitoring Elements and Corresponding Monitoring Queries/1. Session__14058254.md; arch/Home/Altibase Monitoring Queries Guide/3. Monitoring Elements and Corresponding Monitoring Queries/2. Statement__14058256.md; arch/Home/Altibase Monitoring Queries Guide/3. Monitoring Elements and Corresponding Monitoring Queries/3. Service Thread__14058260.md; arch/Home/Altibase Monitoring Queries Guide/3. Monitoring Elements and Corresponding Monitoring Queries/4. Transaction & Lock__14058264.md; arch/Home/Altibase Monitoring Queries Guide/3. Monitoring Elements and Corresponding Monitoring Queries/5. Redo Logfile__14058266.md; arch/Home/Altibase Monitoring Queries Guide/3. Monitoring Elements and Corresponding Monitoring Queries/6. GC (Garbage Collector)__14058268.md; arch/Home/Altibase Monitoring Queries Guide/3. Monitoring Elements and Corresponding Monitoring Queries/7. Memory__14058270.md; arch/Home/Altibase Monitoring Queries Guide/3. Monitoring Elements and Corresponding Monitoring Queries/8. Tablespace (TBS)__14058272.md; arch/Home/Altibase Monitoring Queries Guide/3. Monitoring Elements and Corresponding Monitoring Queries/9. Disk Buffer__14058274.md; arch/Home/Altibase Monitoring Queries Guide/3. Monitoring Elements and Corresponding Monitoring Queries/10. Object__14058276.md; arch/Home/Altibase Monitoring Queries Guide/3. Monitoring Elements and Corresponding Monitoring Queries/11. Privileges__14058278.md; arch/Home/Altibase Monitoring Queries Guide/3. Monitoring Elements and Corresponding Monitoring Queries/12. Constraints__14058280.md; arch/Home/Altibase Monitoring Queries Guide/3. Monitoring Elements and Corresponding Monitoring Queries/13. Replication__14058282.md		not_applicable	No English change required; generic Korean support-portal boilerplate is not required in the English target.	Korean support portal boilerplate only; no technical procedure, attachment, or source URL content depends on this link.	nontechnical support portal boilerplate	Top-of-document technical-support boilerplate is nontechnical for KO->EN semantic coverage.
S019	DOCK/Home/59. Altibase 모니터링 쿼리 가이드__10060431.md	437	437	S019-D059-U004	external_reference	매뉴얼 다운로드 페이지 : [http://support.altibase.com/kr/manual](http://support.altibase.com/kr/manual)	http://support.altibase.com/kr/manual; http://support.altibase.com/kr/manual	arch/Home/Altibase Monitoring Queries Guide__14058229.md; arch/Home/Altibase Monitoring Queries Guide/1. Altibase Server Monitoring Overview__14058232.md; arch/Home/Altibase Monitoring Queries Guide/2. Altibase Meta Table and Performance View Overview__14058238.md; arch/Home/Altibase Monitoring Queries Guide/2. Altibase Meta Table and Performance View Overview/1. Main meta table and performance views related to session, query, transaction, lock, service thread, and memory DB GC__14058240.md; arch/Home/Altibase Monitoring Queries Guide/2. Altibase Meta Table and Performance View Overview/2. Major Meta Tables and Performance Views related to tablespace, table, column, index, and constraint__14058242.md; arch/Home/Altibase Monitoring Queries Guide/2. Altibase Meta Table and Performance View Overview/3. Main Performance View related to Statistical Information__14058244.md; arch/Home/Altibase Monitoring Queries Guide/2. Altibase Meta Table and Performance View Overview/4. Main Metal Tables and Performance Views Related to Replication__14058248.md; arch/Home/Altibase Monitoring Queries Guide/2. Altibase Meta Table and Performance View Overview/5. Whether Users can Access the Tablespace, System_Object Privileges, PSM, View related Meta Tables and Peformance Views__14058250.md; arch/Home/Altibase Monitoring Queries Guide/3. Monitoring Elements and Corresponding Monitoring Queries__14058252.md; arch/Home/Altibase Monitoring Queries Guide/3. Monitoring Elements and Corresponding Monitoring Queries/1. Session__14058254.md; arch/Home/Altibase Monitoring Queries Guide/3. Monitoring Elements and Corresponding Monitoring Queries/2. Statement__14058256.md; arch/Home/Altibase Monitoring Queries Guide/3. Monitoring Elements and Corresponding Monitoring Queries/3. Service Thread__14058260.md; arch/Home/Altibase Monitoring Queries Guide/3. Monitoring Elements and Corresponding Monitoring Queries/4. Transaction & Lock__14058264.md; arch/Home/Altibase Monitoring Queries Guide/3. Monitoring Elements and Corresponding Monitoring Queries/5. Redo Logfile__14058266.md; arch/Home/Altibase Monitoring Queries Guide/3. Monitoring Elements and Corresponding Monitoring Queries/6. GC (Garbage Collector)__14058268.md; arch/Home/Altibase Monitoring Queries Guide/3. Monitoring Elements and Corresponding Monitoring Queries/7. Memory__14058270.md; arch/Home/Altibase Monitoring Queries Guide/3. Monitoring Elements and Corresponding Monitoring Queries/8. Tablespace (TBS)__14058272.md; arch/Home/Altibase Monitoring Queries Guide/3. Monitoring Elements and Corresponding Monitoring Queries/9. Disk Buffer__14058274.md; arch/Home/Altibase Monitoring Queries Guide/3. Monitoring Elements and Corresponding Monitoring Queries/10. Object__14058276.md; arch/Home/Altibase Monitoring Queries Guide/3. Monitoring Elements and Corresponding Monitoring Queries/11. Privileges__14058278.md; arch/Home/Altibase Monitoring Queries Guide/3. Monitoring Elements and Corresponding Monitoring Queries/12. Constraints__14058280.md; arch/Home/Altibase Monitoring Queries Guide/3. Monitoring Elements and Corresponding Monitoring Queries/13. Replication__14058282.md	29	covered	No English change required; English target uses the corresponding English or normalized reference.	Therefore, it is recommended to refer to the *General Reference* manual for more detailed information and understanding of meta tables and performance views.	none	Exact Korean URL is represented by the corresponding English/source reference where appropriate.
S019	DOCK/Home/59. Altibase 모니터링 쿼리 가이드__10060431.md	3066	3066	S019-D059-U005	document_attachment	구버전 문서: [ALTIBASE_모니터링_쿼리_가이드.pdf](https://docs.altibase.com/download/attachments/10060431/ALTIBASE_%EB%AA%A8%EB%8B%88%ED%84%B0%EB%A7%81_%EC%BF%BC%EB%A6%AC_%EA%B0%80%EC%9D%B4%EB%93%9C.pdf?version=1&modificationDate=1698627365000&api=v2)	ALTIBASE_모니터링_쿼리_가이드.pdf; https://docs.altibase.com/download/attachments/10060431/ALTIBASE_%EB%AA%A8%EB%8B%88%ED%84%B0%EB%A7%81_%EC%BF%BC%EB%A6%AC_%EA%B0%80%EC%9D%B4%EB%93%9C.pdf?version=1&modificationDate=1698627365000&api=v2	arch/Home/Altibase Monitoring Queries Guide__14058229.md; arch/Home/Altibase Monitoring Queries Guide/1. Altibase Server Monitoring Overview__14058232.md; arch/Home/Altibase Monitoring Queries Guide/2. Altibase Meta Table and Performance View Overview__14058238.md; arch/Home/Altibase Monitoring Queries Guide/2. Altibase Meta Table and Performance View Overview/1. Main meta table and performance views related to session, query, transaction, lock, service thread, and memory DB GC__14058240.md; arch/Home/Altibase Monitoring Queries Guide/2. Altibase Meta Table and Performance View Overview/2. Major Meta Tables and Performance Views related to tablespace, table, column, index, and constraint__14058242.md; arch/Home/Altibase Monitoring Queries Guide/2. Altibase Meta Table and Performance View Overview/3. Main Performance View related to Statistical Information__14058244.md; arch/Home/Altibase Monitoring Queries Guide/2. Altibase Meta Table and Performance View Overview/4. Main Metal Tables and Performance Views Related to Replication__14058248.md; arch/Home/Altibase Monitoring Queries Guide/2. Altibase Meta Table and Performance View Overview/5. Whether Users can Access the Tablespace, System_Object Privileges, PSM, View related Meta Tables and Peformance Views__14058250.md; arch/Home/Altibase Monitoring Queries Guide/3. Monitoring Elements and Corresponding Monitoring Queries__14058252.md; arch/Home/Altibase Monitoring Queries Guide/3. Monitoring Elements and Corresponding Monitoring Queries/1. Session__14058254.md; arch/Home/Altibase Monitoring Queries Guide/3. Monitoring Elements and Corresponding Monitoring Queries/2. Statement__14058256.md; arch/Home/Altibase Monitoring Queries Guide/3. Monitoring Elements and Corresponding Monitoring Queries/3. Service Thread__14058260.md; arch/Home/Altibase Monitoring Queries Guide/3. Monitoring Elements and Corresponding Monitoring Queries/4. Transaction & Lock__14058264.md; arch/Home/Altibase Monitoring Queries Guide/3. Monitoring Elements and Corresponding Monitoring Queries/5. Redo Logfile__14058266.md; arch/Home/Altibase Monitoring Queries Guide/3. Monitoring Elements and Corresponding Monitoring Queries/6. GC (Garbage Collector)__14058268.md; arch/Home/Altibase Monitoring Queries Guide/3. Monitoring Elements and Corresponding Monitoring Queries/7. Memory__14058270.md; arch/Home/Altibase Monitoring Queries Guide/3. Monitoring Elements and Corresponding Monitoring Queries/8. Tablespace (TBS)__14058272.md; arch/Home/Altibase Monitoring Queries Guide/3. Monitoring Elements and Corresponding Monitoring Queries/9. Disk Buffer__14058274.md; arch/Home/Altibase Monitoring Queries Guide/3. Monitoring Elements and Corresponding Monitoring Queries/10. Object__14058276.md; arch/Home/Altibase Monitoring Queries Guide/3. Monitoring Elements and Corresponding Monitoring Queries/11. Privileges__14058278.md; arch/Home/Altibase Monitoring Queries Guide/3. Monitoring Elements and Corresponding Monitoring Queries/12. Constraints__14058280.md; arch/Home/Altibase Monitoring Queries Guide/3. Monitoring Elements and Corresponding Monitoring Queries/13. Replication__14058282.md	57	covered	No English change required; URL-backed document-format link is preserved exactly in English target.	- [Korean source attachment 1 (PDF)](https://docs.altibase.com/download/attachments/10060431/ALTIBASE_%EB%AA%A8%EB%8B%88%ED%84%B0%EB%A7%81_%EC%BF%BC%EB%A6%AC_%EA%B0%80%EC%9D%B4%EB%93%9C.pdf?version=1&modificationDate=1698627365000&api=v2)	none	Document-format extensions checked: .pdf .ppt .pptx .doc .docx .xls .xlsx .zip.
S019	DOCK/Home/60. Altibase WebLogic 연동가이드__7340101.md	27	27	S019-D060-U001	external_reference	- [Oracle Documentation Library](http://docs.oracle.com/middleware/1213/wls/index.html)	Oracle Documentation Library; http://docs.oracle.com/middleware/1213/wls/index.html	arch/Home/WEBLOGIC Integration Guide for Altibase__14058319.md; arch/Home/WEBLOGIC Integration Guide for Altibase/WebLogic Glossary__14058321.md; arch/Home/WEBLOGIC Integration Guide for Altibase/0. Prerequisites__14058324.md; arch/Home/WEBLOGIC Integration Guide for Altibase/1. WebLogic Setup__14058327.md; arch/Home/WEBLOGIC Integration Guide for Altibase/2. Starting and Shutdown the WebLogic Server Instance__14058329.md; arch/Home/WEBLOGIC Integration Guide for Altibase/3. ALTIBASE and WebLogic Integration__14058331.md; arch/Home/WEBLOGIC Integration Guide for Altibase/4. Fail-Over & Load-Balancing Settings__14058337.md; arch/Home/WEBLOGIC Integration Guide for Altibase/Integration Error__14058339.md	23	covered	No English change required.	[Oracle Documentation Library](http://docs.oracle.com/middleware/1213/wls/index.html)	none	S019 direct link/attachment inspection across technical mapping inventory.
S019	DOCK/Home/60. Altibase WebLogic 연동가이드__7340101.md	49	49	S019-D060-U002	external_reference	- 기술지원포털 : [http://support.altibase.com](http://support.altibase.com/) ▶ 기술 지식 ▶ Q&A	http://support.altibase.com; http://support.altibase.com/	arch/Home/WEBLOGIC Integration Guide for Altibase__14058319.md; arch/Home/WEBLOGIC Integration Guide for Altibase/WebLogic Glossary__14058321.md; arch/Home/WEBLOGIC Integration Guide for Altibase/0. Prerequisites__14058324.md; arch/Home/WEBLOGIC Integration Guide for Altibase/1. WebLogic Setup__14058327.md; arch/Home/WEBLOGIC Integration Guide for Altibase/2. Starting and Shutdown the WebLogic Server Instance__14058329.md; arch/Home/WEBLOGIC Integration Guide for Altibase/3. ALTIBASE and WebLogic Integration__14058331.md; arch/Home/WEBLOGIC Integration Guide for Altibase/4. Fail-Over & Load-Balancing Settings__14058337.md; arch/Home/WEBLOGIC Integration Guide for Altibase/Integration Error__14058339.md	38	covered	No English change required.	- Technical support portal: [http://support.altibase.com](http://support.altibase.com/) > Technical Knowledge > Q&A	none	S019 direct link/attachment inspection across technical mapping inventory.
S019	DOCK/Home/60. Altibase WebLogic 연동가이드__7340101.md	150	150	S019-D060-U003	external_reference	[http://www.oracle.com/technetwork/middleware/downloads/index.html](http://www.oracle.com/technetwork/middleware/downloads/index.html)	http://www.oracle.com/technetwork/middleware/downloads/index.html; http://www.oracle.com/technetwork/middleware/downloads/index.html	arch/Home/WEBLOGIC Integration Guide for Altibase__14058319.md; arch/Home/WEBLOGIC Integration Guide for Altibase/WebLogic Glossary__14058321.md; arch/Home/WEBLOGIC Integration Guide for Altibase/0. Prerequisites__14058324.md; arch/Home/WEBLOGIC Integration Guide for Altibase/1. WebLogic Setup__14058327.md; arch/Home/WEBLOGIC Integration Guide for Altibase/2. Starting and Shutdown the WebLogic Server Instance__14058329.md; arch/Home/WEBLOGIC Integration Guide for Altibase/3. ALTIBASE and WebLogic Integration__14058331.md; arch/Home/WEBLOGIC Integration Guide for Altibase/4. Fail-Over & Load-Balancing Settings__14058337.md; arch/Home/WEBLOGIC Integration Guide for Altibase/Integration Error__14058339.md	25	covered	No English change required.	[http://www.oracle.com/technetwork/middleware/downloads/index.html](http://www.oracle.com/technetwork/middleware/downloads/index.html)	none	S019 direct link/attachment inspection across technical mapping inventory.
S019	DOCK/Home/60. Altibase WebLogic 연동가이드__7340101.md	306	306	S019-D060-U004	external_reference	최신 Altibase JDBC 드라이버는 [http://support.altibase.com](http://support.altibase.com/kr/)을 통하여 얻을 수 있다.	http://support.altibase.com; http://support.altibase.com/kr/	arch/Home/WEBLOGIC Integration Guide for Altibase__14058319.md; arch/Home/WEBLOGIC Integration Guide for Altibase/WebLogic Glossary__14058321.md; arch/Home/WEBLOGIC Integration Guide for Altibase/0. Prerequisites__14058324.md; arch/Home/WEBLOGIC Integration Guide for Altibase/1. WebLogic Setup__14058327.md; arch/Home/WEBLOGIC Integration Guide for Altibase/2. Starting and Shutdown the WebLogic Server Instance__14058329.md; arch/Home/WEBLOGIC Integration Guide for Altibase/3. ALTIBASE and WebLogic Integration__14058331.md; arch/Home/WEBLOGIC Integration Guide for Altibase/4. Fail-Over & Load-Balancing Settings__14058337.md; arch/Home/WEBLOGIC Integration Guide for Altibase/Integration Error__14058339.md	38	covered	No English change required; English target uses the corresponding English or normalized reference.	- Technical support portal: [http://support.altibase.com](http://support.altibase.com/) > Technical Knowledge > Q&A	none	Exact Korean URL is represented by the corresponding English/source reference where appropriate.
S019	DOCK/Home/60. Altibase WebLogic 연동가이드__7340101.md	788	788	S019-D060-U005	document_attachment	[ALTIBASE_WebLogic_연동_가이드_12c.pdf](https://docs.altibase.com/download/attachments/7340101/ALTIBASE_WebLogic_%EC%97%B0%EB%8F%99_%EA%B0%80%EC%9D%B4%EB%93%9C_12c.pdf?version=1&modificationDate=1417567027000&api=v2)	ALTIBASE_WebLogic_연동_가이드_12c.pdf; https://docs.altibase.com/download/attachments/7340101/ALTIBASE_WebLogic_%EC%97%B0%EB%8F%99_%EA%B0%80%EC%9D%B4%EB%93%9C_12c.pdf?version=1&modificationDate=1417567027000&api=v2	arch/Home/WEBLOGIC Integration Guide for Altibase__14058319.md; arch/Home/WEBLOGIC Integration Guide for Altibase/WebLogic Glossary__14058321.md; arch/Home/WEBLOGIC Integration Guide for Altibase/0. Prerequisites__14058324.md; arch/Home/WEBLOGIC Integration Guide for Altibase/1. WebLogic Setup__14058327.md; arch/Home/WEBLOGIC Integration Guide for Altibase/2. Starting and Shutdown the WebLogic Server Instance__14058329.md; arch/Home/WEBLOGIC Integration Guide for Altibase/3. ALTIBASE and WebLogic Integration__14058331.md; arch/Home/WEBLOGIC Integration Guide for Altibase/4. Fail-Over & Load-Balancing Settings__14058337.md; arch/Home/WEBLOGIC Integration Guide for Altibase/Integration Error__14058339.md	45	covered	No English change required; URL-backed document-format link is preserved exactly in English target.	- [Korean source attachment 1 (PDF)](https://docs.altibase.com/download/attachments/7340101/ALTIBASE_WebLogic_%EC%97%B0%EB%8F%99_%EA%B0%80%EC%9D%B4%EB%93%9C_12c.pdf?version=1&modificationDate=1417567027000&api=v2)	none	Document-format extensions checked: .pdf .ppt .pptx .doc .docx .xls .xlsx .zip.
S019	DOCK/Home/60. Altibase WebLogic 연동가이드__7340101.md	790	790	S019-D060-U006	document_attachment	구 버전 문서 : [ALTIBASE_WebLogic_연동_가이드_10.3.pdf](https://docs.altibase.com/download/attachments/7340101/ALTIBASE_WebLogic_%EC%97%B0%EB%8F%99_%EA%B0%80%EC%9D%B4%EB%93%9C_10.3.pdf?version=1&modificationDate=1417591117000&api=v2)	ALTIBASE_WebLogic_연동_가이드_10.3.pdf; https://docs.altibase.com/download/attachments/7340101/ALTIBASE_WebLogic_%EC%97%B0%EB%8F%99_%EA%B0%80%EC%9D%B4%EB%93%9C_10.3.pdf?version=1&modificationDate=1417591117000&api=v2	arch/Home/WEBLOGIC Integration Guide for Altibase__14058319.md; arch/Home/WEBLOGIC Integration Guide for Altibase/WebLogic Glossary__14058321.md; arch/Home/WEBLOGIC Integration Guide for Altibase/0. Prerequisites__14058324.md; arch/Home/WEBLOGIC Integration Guide for Altibase/1. WebLogic Setup__14058327.md; arch/Home/WEBLOGIC Integration Guide for Altibase/2. Starting and Shutdown the WebLogic Server Instance__14058329.md; arch/Home/WEBLOGIC Integration Guide for Altibase/3. ALTIBASE and WebLogic Integration__14058331.md; arch/Home/WEBLOGIC Integration Guide for Altibase/4. Fail-Over & Load-Balancing Settings__14058337.md; arch/Home/WEBLOGIC Integration Guide for Altibase/Integration Error__14058339.md	46	covered	No English change required; URL-backed document-format link is preserved exactly in English target.	- [Korean source attachment 2 (PDF)](https://docs.altibase.com/download/attachments/7340101/ALTIBASE_WebLogic_%EC%97%B0%EB%8F%99_%EA%B0%80%EC%9D%B4%EB%93%9C_10.3.pdf?version=1&modificationDate=1417591117000&api=v2)	none	Document-format extensions checked: .pdf .ppt .pptx .doc .docx .xls .xlsx .zip.
S019	DOCK/Home/61. Altibase VC 2010 개발가이드__19334121.md	27	27	S019-D061-U001	external_reference	- 기술지원포털 : [http://support.altibase.com](http://support.altibase.com/) ▶ 기술 지식 ▶ Q&A	http://support.altibase.com; http://support.altibase.com/	arch/Home/Altibase VC 2010 Development Guide__19334121.md	28	covered	No English change required.	- Technical support portal: [http://support.altibase.com](http://support.altibase.com/) > Technical Knowledge > Q&A	none	S019 direct link/attachment inspection across technical mapping inventory.
S019	DOCK/Home/61. Altibase VC 2010 개발가이드__19334121.md	42	42	S019-D061-U002	document_attachment	다운로드 가능 문서 : [ALTIBASE_VC_2010_개발가이드.pdf](https://docs.altibase.com/download/attachments/19334121/ALTIBASE_VC_2010_%EA%B0%9C%EB%B0%9C%EA%B0%80%EC%9D%B4%EB%93%9C.pdf?version=1&modificationDate=1698738784000&api=v2)	ALTIBASE_VC_2010_개발가이드.pdf; https://docs.altibase.com/download/attachments/19334121/ALTIBASE_VC_2010_%EA%B0%9C%EB%B0%9C%EA%B0%80%EC%9D%B4%EB%93%9C.pdf?version=1&modificationDate=1698738784000&api=v2	arch/Home/Altibase VC 2010 Development Guide__19334121.md	43	covered	No English change required; URL-backed document-format link is preserved exactly in English target.	Downloadable document: [ALTIBASE_VC_2010_개발가이드.pdf](https://docs.altibase.com/download/attachments/19334121/ALTIBASE_VC_2010_%EA%B0%9C%EB%B0%9C%EA%B0%80%EC%9D%B4%EB%93%9C.pdf?version=1&modificationDate=1698738784000&api=v2)	none	Document-format extensions checked: .pdf .ppt .pptx .doc .docx .xls .xlsx .zip.
S019	DOCK/Home/62. Altibase CPU 과부하 현상에 대한 분석가이드__11698396.md	36	36	S019-D062-U001	external_reference	- 기술지원포털 : [http://support.altibase.com](http://support.altibase.com/) ▶ 기술 지식 ▶ Q&A	http://support.altibase.com; http://support.altibase.com/	arch/Home/Altibase CPU Overload Analysis Guide__14647581.md; arch/Home/Altibase CPU Overload Analysis Guide/1. Routine Checklist__14647587.md; arch/Home/Altibase CPU Overload Analysis Guide/2. General Analysis Procedure__14647591.md; arch/Home/Altibase CPU Overload Analysis Guide/3. CPU Cost of Query Processing__14647598.md; arch/Home/Altibase CPU Overload Analysis Guide/4. CPU problems with other cases__14647606.md; arch/Home/Altibase CPU Overload Analysis Guide/5. Summary__14647615.md	38	covered	No English change required.	- Technical support portal: [http://support.altibase.com](http://support.altibase.com/) > Technical Knowledge > Q&A	none	S019 direct link/attachment inspection across technical mapping inventory.
S019	DOCK/Home/62. Altibase CPU 과부하 현상에 대한 분석가이드__11698396.md	184	184	S019-D062-U002	external_reference	Altibase 모니터링 가이드 문서 >> 3. 모니터링 요소와 모니터링 쿼리 >> 2.Statement ( 바로가기 : [http://aid.altibase.com/x/o4KZ](http://aid.altibase.com/x/o4KZ) )	http://aid.altibase.com/x/o4KZ; http://aid.altibase.com/x/o4KZ	arch/Home/Altibase CPU Overload Analysis Guide__14647581.md; arch/Home/Altibase CPU Overload Analysis Guide/1. Routine Checklist__14647587.md; arch/Home/Altibase CPU Overload Analysis Guide/2. General Analysis Procedure__14647591.md; arch/Home/Altibase CPU Overload Analysis Guide/3. CPU Cost of Query Processing__14647598.md; arch/Home/Altibase CPU Overload Analysis Guide/4. CPU problems with other cases__14647606.md; arch/Home/Altibase CPU Overload Analysis Guide/5. Summary__14647615.md	74	covered	No English change required; English target uses the corresponding English or normalized reference.	Altibase Monitoring Guide Document >> 3. Monitoring Elements and Monitoring Query >> 2.Statement (Shortcut: [2. Statement](https://docs.altibase.com/display/arch/2.+Statement))	none	Exact Korean URL is represented by the corresponding English/source reference where appropriate.
S019	DOCK/Home/62. Altibase CPU 과부하 현상에 대한 분석가이드__11698396.md	340	340	S019-D062-U003	external_reference	altiProfile 의 자세한 사용법은 AID의 FAQ 에서 참조할 수 있다. ( Altibase에서 수행된 쿼리 로그로 남기는 법에 관한 AID 설명 페이지 : [http://aid.altibase.com/x/ygSL](http://aid.altibase.com/x/ygSL) )	http://aid.altibase.com/x/ygSL; http://aid.altibase.com/x/ygSL	arch/Home/Altibase CPU Overload Analysis Guide__14647581.md; arch/Home/Altibase CPU Overload Analysis Guide/1. Routine Checklist__14647587.md; arch/Home/Altibase CPU Overload Analysis Guide/2. General Analysis Procedure__14647591.md; arch/Home/Altibase CPU Overload Analysis Guide/3. CPU Cost of Query Processing__14647598.md; arch/Home/Altibase CPU Overload Analysis Guide/4. CPU problems with other cases__14647606.md; arch/Home/Altibase CPU Overload Analysis Guide/5. Summary__14647615.md	107	covered	No English change required.	For detailed usage of altiProfile, refer to AID's FAQ. (AID description page on how to log queries performed in Altibase: [http://aid.altibase.com/x/ygSL](http://aid.altibase.com/x/ygSL))	none	S019 direct link/attachment inspection across technical mapping inventory.
S019	DOCK/Home/62. Altibase CPU 과부하 현상에 대한 분석가이드__11698396.md	385	385	S019-D062-U004	document_attachment	구 버전 문서 : [ALTIBASE_CPU_PBT절차.pdf](https://docs.altibase.com/download/attachments/11698396/ALTIBASE_CPU_PBT%EC%A0%88%EC%B0%A8.pdf?version=1&modificationDate=1698801484000&api=v2)	ALTIBASE_CPU_PBT절차.pdf; https://docs.altibase.com/download/attachments/11698396/ALTIBASE_CPU_PBT%EC%A0%88%EC%B0%A8.pdf?version=1&modificationDate=1698801484000&api=v2	arch/Home/Altibase CPU Overload Analysis Guide__14647581.md; arch/Home/Altibase CPU Overload Analysis Guide/1. Routine Checklist__14647587.md; arch/Home/Altibase CPU Overload Analysis Guide/2. General Analysis Procedure__14647591.md; arch/Home/Altibase CPU Overload Analysis Guide/3. CPU Cost of Query Processing__14647598.md; arch/Home/Altibase CPU Overload Analysis Guide/4. CPU problems with other cases__14647606.md; arch/Home/Altibase CPU Overload Analysis Guide/5. Summary__14647615.md	45	covered	No English change required; URL-backed document-format link is preserved exactly in English target.	- [Korean source attachment 1 (PDF)](https://docs.altibase.com/download/attachments/11698396/ALTIBASE_CPU_PBT%EC%A0%88%EC%B0%A8.pdf?version=1&modificationDate=1698801484000&api=v2)	none	Document-format extensions checked: .pdf .ppt .pptx .doc .docx .xls .xlsx .zip.
S019	DOCK/Home/63. Altibase Memory 사용량 증가 분석가이드__11698518.md	27	27	S019-D063-U001	external_reference	아래의 문서들을 미리 참고할 것을 권장한다. 1. 『[Altibase 개발자 가이드](http://aid.altibase.com/x/2gRw)』 2. 『[Altibase SQL Tuning Guide](http://aid.altibase.com/x/owGr)』 3. 『[Altibase 모니터링 쿼리가이드](http://aid.altibase.com/x/j4KZ)』 4. 『Altibase 메모리테이블스페이스 관리』 5. 『...	Altibase 개발자 가이드; http://aid.altibase.com/x/2gRw	arch/Home/Altibase Memory Usage Increase Analysis Guide__14647388.md; arch/Home/Altibase Memory Usage Increase Analysis Guide/1. Routine Check of Memory Usage__14647392.md; arch/Home/Altibase Memory Usage Increase Analysis Guide/2. Causes and resolution for increase of Altibase process memory usage__14647396.md	29	covered	No English change required.	1. [Altibase Developer Guide](http://aid.altibase.com/x/2gRw)	none	S019 direct link/attachment inspection across technical mapping inventory.
S019	DOCK/Home/63. Altibase Memory 사용량 증가 분석가이드__11698518.md	27	27	S019-D063-U002	external_reference	아래의 문서들을 미리 참고할 것을 권장한다. 1. 『[Altibase 개발자 가이드](http://aid.altibase.com/x/2gRw)』 2. 『[Altibase SQL Tuning Guide](http://aid.altibase.com/x/owGr)』 3. 『[Altibase 모니터링 쿼리가이드](http://aid.altibase.com/x/j4KZ)』 4. 『Altibase 메모리테이블스페이스 관리』 5. 『...	Altibase SQL Tuning Guide; http://aid.altibase.com/x/owGr	arch/Home/Altibase Memory Usage Increase Analysis Guide__14647388.md; arch/Home/Altibase Memory Usage Increase Analysis Guide/1. Routine Check of Memory Usage__14647392.md; arch/Home/Altibase Memory Usage Increase Analysis Guide/2. Causes and resolution for increase of Altibase process memory usage__14647396.md	30	covered	No English change required.	2. [Altibase SQL Tuning Guide](http://aid.altibase.com/x/owGr)	none	S019 direct link/attachment inspection across technical mapping inventory.
S019	DOCK/Home/63. Altibase Memory 사용량 증가 분석가이드__11698518.md	27	27	S019-D063-U003	external_reference	아래의 문서들을 미리 참고할 것을 권장한다. 1. 『[Altibase 개발자 가이드](http://aid.altibase.com/x/2gRw)』 2. 『[Altibase SQL Tuning Guide](http://aid.altibase.com/x/owGr)』 3. 『[Altibase 모니터링 쿼리가이드](http://aid.altibase.com/x/j4KZ)』 4. 『Altibase 메모리테이블스페이스 관리』 5. 『...	Altibase 모니터링 쿼리가이드; http://aid.altibase.com/x/j4KZ	arch/Home/Altibase Memory Usage Increase Analysis Guide__14647388.md; arch/Home/Altibase Memory Usage Increase Analysis Guide/1. Routine Check of Memory Usage__14647392.md; arch/Home/Altibase Memory Usage Increase Analysis Guide/2. Causes and resolution for increase of Altibase process memory usage__14647396.md	31	covered	No English change required.	3. [Altibase Monitoring Query Guide](http://aid.altibase.com/x/j4KZ)	none	S019 direct link/attachment inspection across technical mapping inventory.
S019	DOCK/Home/63. Altibase Memory 사용량 증가 분석가이드__11698518.md	36	36	S019-D063-U004	external_reference	- 기술지원포털 : [http://support.altibase.com](http://support.altibase.com/) ▶ 기술 지식 ▶ Q&A	http://support.altibase.com; http://support.altibase.com/	arch/Home/Altibase Memory Usage Increase Analysis Guide__14647388.md; arch/Home/Altibase Memory Usage Increase Analysis Guide/1. Routine Check of Memory Usage__14647392.md; arch/Home/Altibase Memory Usage Increase Analysis Guide/2. Causes and resolution for increase of Altibase process memory usage__14647396.md	42	covered	No English change required.	- Technical support portal: [http://support.altibase.com](http://support.altibase.com/) > Technical Knowledge > Q&A	none	S019 direct link/attachment inspection across technical mapping inventory.
S019	DOCK/Home/63. Altibase Memory 사용량 증가 분석가이드__11698518.md	310	310	S019-D063-U005	document_attachment	구 버전 문서 : [ALTIBASE_MEM_PBT절차.pdf](https://docs.altibase.com/download/attachments/11698518/ALTIBASE_MEM_PBT%EC%A0%88%EC%B0%A8.pdf?version=1&modificationDate=1698815576000&api=v2)	ALTIBASE_MEM_PBT절차.pdf; https://docs.altibase.com/download/attachments/11698518/ALTIBASE_MEM_PBT%EC%A0%88%EC%B0%A8.pdf?version=1&modificationDate=1698815576000&api=v2	arch/Home/Altibase Memory Usage Increase Analysis Guide__14647388.md; arch/Home/Altibase Memory Usage Increase Analysis Guide/1. Routine Check of Memory Usage__14647392.md; arch/Home/Altibase Memory Usage Increase Analysis Guide/2. Causes and resolution for increase of Altibase process memory usage__14647396.md	49	covered	No English change required; URL-backed document-format link is preserved exactly in English target.	- [Korean source attachment 1 (PDF)](https://docs.altibase.com/download/attachments/11698518/ALTIBASE_MEM_PBT%EC%A0%88%EC%B0%A8.pdf?version=1&modificationDate=1698815576000&api=v2)	none	Document-format extensions checked: .pdf .ppt .pptx .doc .docx .xls .xlsx .zip.
S019	DOCK/Home/64. Altibase MyBatis 연동 가이드__7340818.md	47	47	S019-D064-U001	external_reference	- 기술지원포털 : [http://support.altibase.com](http://support.altibase.com/) ▶ 기술 지식 ▶ Q&A	http://support.altibase.com; http://support.altibase.com/	arch/Home/MyBatis Integration Guide for Altibase__14058349.md; arch/Home/MyBatis Integration Guide for Altibase/1. MyBatis Overview__14058351.md; arch/Home/MyBatis Integration Guide for Altibase/2. Differences Between MyBatis, and iBatis__14058354.md; arch/Home/MyBatis Integration Guide for Altibase/3. Sample Preparation using MyBatis__14058356.md; arch/Home/MyBatis Integration Guide for Altibase/4. Altibase Integration__22643026.md; arch/Home/MyBatis Integration Guide for Altibase/5. MyBatis, Spring, Altibase Integration__22643028.md; arch/Home/MyBatis Integration Guide for Altibase/6. Transaction Management__22643030.md; arch/Home/MyBatis Integration Guide for Altibase/7. Considerations for MyBatis Integration__22643032.md; arch/Home/MyBatis Integration Guide for Altibase/8. Appendix 1 (MyBatis-Altibase Integration)__22643034.md; arch/Home/MyBatis Integration Guide for Altibase/9. Appendix 2(Spring-MyBatis-Altibase Integration)__22643036.md	39	covered	No English change required.	- Technical support portal: [http://support.altibase.com](http://support.altibase.com/) > Technical Knowledge > Q&A	none	S019 direct link/attachment inspection across technical mapping inventory.
S019	DOCK/Home/64. Altibase MyBatis 연동 가이드__7340818.md	72	72	S019-D064-U002	external_reference	사용자는 CRUD에 대한 각각의 SQL문은 SqlMap XML 파일에 작성하고 이 파일들을 SqlMapConfig XML 파일에 작성하면 MyBatis API를 통해 자동으로 Mapping된 Statement 객체들을 생성하여 이를 통해 DB에 SQL문을 실행하게 된다. MyBatis는 현재 구글이 인수하였으며 홈페이지 주소는 다음과 같다. [http://blog.mybatis.org/](http://blog.mybati...	http://blog.mybatis.org/; http://blog.mybatis.org/	arch/Home/MyBatis Integration Guide for Altibase__14058349.md; arch/Home/MyBatis Integration Guide for Altibase/1. MyBatis Overview__14058351.md; arch/Home/MyBatis Integration Guide for Altibase/2. Differences Between MyBatis, and iBatis__14058354.md; arch/Home/MyBatis Integration Guide for Altibase/3. Sample Preparation using MyBatis__14058356.md; arch/Home/MyBatis Integration Guide for Altibase/4. Altibase Integration__22643026.md; arch/Home/MyBatis Integration Guide for Altibase/5. MyBatis, Spring, Altibase Integration__22643028.md; arch/Home/MyBatis Integration Guide for Altibase/6. Transaction Management__22643030.md; arch/Home/MyBatis Integration Guide for Altibase/7. Considerations for MyBatis Integration__22643032.md; arch/Home/MyBatis Integration Guide for Altibase/8. Appendix 1 (MyBatis-Altibase Integration)__22643034.md; arch/Home/MyBatis Integration Guide for Altibase/9. Appendix 2(Spring-MyBatis-Altibase Integration)__22643036.md	43	covered	No English change required.	When the user writes each SQL statement for CRUD in the SqlMap XML file and writes these files in the SqlMapConfig XML file, it creates statement mapped objects automatically through MyBatis API and executes SQL statement in DB through i...	none	S019 direct link/attachment inspection across technical mapping inventory.
S019	DOCK/Home/64. Altibase MyBatis 연동 가이드__7340818.md	72	72	S019-D064-U003	external_reference	사용자는 CRUD에 대한 각각의 SQL문은 SqlMap XML 파일에 작성하고 이 파일들을 SqlMapConfig XML 파일에 작성하면 MyBatis API를 통해 자동으로 Mapping된 Statement 객체들을 생성하여 이를 통해 DB에 SQL문을 실행하게 된다. MyBatis는 현재 구글이 인수하였으며 홈페이지 주소는 다음과 같다. [http://blog.mybatis.org/](http://blog.mybati...	http://mybatis.github.io/mybatis-3/; http://mybatis.github.io/mybatis-3/	arch/Home/MyBatis Integration Guide for Altibase__14058349.md; arch/Home/MyBatis Integration Guide for Altibase/1. MyBatis Overview__14058351.md; arch/Home/MyBatis Integration Guide for Altibase/2. Differences Between MyBatis, and iBatis__14058354.md; arch/Home/MyBatis Integration Guide for Altibase/3. Sample Preparation using MyBatis__14058356.md; arch/Home/MyBatis Integration Guide for Altibase/4. Altibase Integration__22643026.md; arch/Home/MyBatis Integration Guide for Altibase/5. MyBatis, Spring, Altibase Integration__22643028.md; arch/Home/MyBatis Integration Guide for Altibase/6. Transaction Management__22643030.md; arch/Home/MyBatis Integration Guide for Altibase/7. Considerations for MyBatis Integration__22643032.md; arch/Home/MyBatis Integration Guide for Altibase/8. Appendix 1 (MyBatis-Altibase Integration)__22643034.md; arch/Home/MyBatis Integration Guide for Altibase/9. Appendix 2(Spring-MyBatis-Altibase Integration)__22643036.md	43	covered	No English change required.	When the user writes each SQL statement for CRUD in the SqlMap XML file and writes these files in the SqlMapConfig XML file, it creates statement mapped objects automatically through MyBatis API and executes SQL statement in DB through i...	none	S019 direct link/attachment inspection across technical mapping inventory.
S019	DOCK/Home/64. Altibase MyBatis 연동 가이드__7340818.md	74	74	S019-D064-U004	external_reference	MyBatis에 대한 다양한 레퍼런스를 제공하며 한글 번역 페이지도 존재하고 있다.( [http://mybatis.github.io/mybatis-3/ko/](http://mybatis.github.io/mybatis-3/ko/))	http://mybatis.github.io/mybatis-3/ko/; http://mybatis.github.io/mybatis-3/ko/	arch/Home/MyBatis Integration Guide for Altibase__14058349.md; arch/Home/MyBatis Integration Guide for Altibase/1. MyBatis Overview__14058351.md; arch/Home/MyBatis Integration Guide for Altibase/2. Differences Between MyBatis, and iBatis__14058354.md; arch/Home/MyBatis Integration Guide for Altibase/3. Sample Preparation using MyBatis__14058356.md; arch/Home/MyBatis Integration Guide for Altibase/4. Altibase Integration__22643026.md; arch/Home/MyBatis Integration Guide for Altibase/5. MyBatis, Spring, Altibase Integration__22643028.md; arch/Home/MyBatis Integration Guide for Altibase/6. Transaction Management__22643030.md; arch/Home/MyBatis Integration Guide for Altibase/7. Considerations for MyBatis Integration__22643032.md; arch/Home/MyBatis Integration Guide for Altibase/8. Appendix 1 (MyBatis-Altibase Integration)__22643034.md; arch/Home/MyBatis Integration Guide for Altibase/9. Appendix 2(Spring-MyBatis-Altibase Integration)__22643036.md	45	covered	No English change required.	The Korean source also references the Korean MyBatis documentation page at [http://mybatis.github.io/mybatis-3/ko/](http://mybatis.github.io/mybatis-3/ko/).	none	S019 direct link/attachment inspection across technical mapping inventory.
S019	DOCK/Home/64. Altibase MyBatis 연동 가이드__7340818.md	80	80	S019-D064-U005	external_reference	MyBatis를 사용하기 위해서 Mybatis 관련 jar 파일이 필요하다. 이 jar 파일은 [http://repo1.maven.org/maven2/org/mybatis/mybatis/3.2.8/](http://repo1.maven.org/maven2/org/mybatis/mybatis/3.2.8/) 페이지에서 다운로드 받을 수 있다. mybatis-3.2.8.jar를 받아 eclipse에서 추가 해주면 되며 Maven...	http://repo1.maven.org/maven2/org/mybatis/mybatis/3.2.8/; http://repo1.maven.org/maven2/org/mybatis/mybatis/3.2.8/	arch/Home/MyBatis Integration Guide for Altibase__14058349.md; arch/Home/MyBatis Integration Guide for Altibase/1. MyBatis Overview__14058351.md; arch/Home/MyBatis Integration Guide for Altibase/2. Differences Between MyBatis, and iBatis__14058354.md; arch/Home/MyBatis Integration Guide for Altibase/3. Sample Preparation using MyBatis__14058356.md; arch/Home/MyBatis Integration Guide for Altibase/4. Altibase Integration__22643026.md; arch/Home/MyBatis Integration Guide for Altibase/5. MyBatis, Spring, Altibase Integration__22643028.md; arch/Home/MyBatis Integration Guide for Altibase/6. Transaction Management__22643030.md; arch/Home/MyBatis Integration Guide for Altibase/7. Considerations for MyBatis Integration__22643032.md; arch/Home/MyBatis Integration Guide for Altibase/8. Appendix 1 (MyBatis-Altibase Integration)__22643034.md; arch/Home/MyBatis Integration Guide for Altibase/9. Appendix 2(Spring-MyBatis-Altibase Integration)__22643036.md	49	covered	No English change required.	To use MyBatis, MyBatis related jar files are required. This jar file can be downloaded from [http://repo1.maven.org/maven2/org/mybatis/mybatis/3.2.8/](http://repo1.maven.org/maven2/org/mybatis/mybatis/3.2.8/).	none	S019 direct link/attachment inspection across technical mapping inventory.
S019	DOCK/Home/64. Altibase MyBatis 연동 가이드__7340818.md	204	204	S019-D064-U006	external_reference	<insert>, <update>, <delete>, <select> 태그에는 CRUD의 작업에 대한 각각의 SQL문을 정의한다. 각각의 태그에 대한 보다 자세한 설명은 [http://mybatis.github.io/mybatis-3/ko/](http://mybatis.github.io/mybatis-3/ko/) 사이트를 참고하거나 첨부된 문서 MyBatis-3-User-Guide_ko.pdf 파일을 참고하면 된다.	http://mybatis.github.io/mybatis-3/ko/; http://mybatis.github.io/mybatis-3/ko/	arch/Home/MyBatis Integration Guide for Altibase__14058349.md; arch/Home/MyBatis Integration Guide for Altibase/1. MyBatis Overview__14058351.md; arch/Home/MyBatis Integration Guide for Altibase/2. Differences Between MyBatis, and iBatis__14058354.md; arch/Home/MyBatis Integration Guide for Altibase/3. Sample Preparation using MyBatis__14058356.md; arch/Home/MyBatis Integration Guide for Altibase/4. Altibase Integration__22643026.md; arch/Home/MyBatis Integration Guide for Altibase/5. MyBatis, Spring, Altibase Integration__22643028.md; arch/Home/MyBatis Integration Guide for Altibase/6. Transaction Management__22643030.md; arch/Home/MyBatis Integration Guide for Altibase/7. Considerations for MyBatis Integration__22643032.md; arch/Home/MyBatis Integration Guide for Altibase/8. Appendix 1 (MyBatis-Altibase Integration)__22643034.md; arch/Home/MyBatis Integration Guide for Altibase/9. Appendix 2(Spring-MyBatis-Altibase Integration)__22643036.md	45	covered	No English change required.	The Korean source also references the Korean MyBatis documentation page at [http://mybatis.github.io/mybatis-3/ko/](http://mybatis.github.io/mybatis-3/ko/).	none	S019 direct link/attachment inspection across technical mapping inventory.
S019	DOCK/Home/64. Altibase MyBatis 연동 가이드__7340818.md	249	249	S019-D064-U007	external_reference	<properties> 태그에는 name=value 형태로 정의된 property들을 작성한 properties 파일의 경로 및 이름을 명시해주고, <settings> 태그에는 Configuration을 제어할 property들을, <transactionManager> 와<dataSource>에는 연결할 DB정보를 작성한다. 또, <mappers> 태그에는 미리 작성한 Mapper 파일들의 경로 및 이름을 작성한다. 다만...	http://mybatis.github.io/mybatis-3/ko/; http://mybatis.github.io/mybatis-3/ko/	arch/Home/MyBatis Integration Guide for Altibase__14058349.md; arch/Home/MyBatis Integration Guide for Altibase/1. MyBatis Overview__14058351.md; arch/Home/MyBatis Integration Guide for Altibase/2. Differences Between MyBatis, and iBatis__14058354.md; arch/Home/MyBatis Integration Guide for Altibase/3. Sample Preparation using MyBatis__14058356.md; arch/Home/MyBatis Integration Guide for Altibase/4. Altibase Integration__22643026.md; arch/Home/MyBatis Integration Guide for Altibase/5. MyBatis, Spring, Altibase Integration__22643028.md; arch/Home/MyBatis Integration Guide for Altibase/6. Transaction Management__22643030.md; arch/Home/MyBatis Integration Guide for Altibase/7. Considerations for MyBatis Integration__22643032.md; arch/Home/MyBatis Integration Guide for Altibase/8. Appendix 1 (MyBatis-Altibase Integration)__22643034.md; arch/Home/MyBatis Integration Guide for Altibase/9. Appendix 2(Spring-MyBatis-Altibase Integration)__22643036.md	45	covered	No English change required.	The Korean source also references the Korean MyBatis documentation page at [http://mybatis.github.io/mybatis-3/ko/](http://mybatis.github.io/mybatis-3/ko/).	none	S019 direct link/attachment inspection across technical mapping inventory.
S019	DOCK/Home/64. Altibase MyBatis 연동 가이드__7340818.md	304	304	S019-D064-U008	external_reference	각각의 태그에 대한 보다 자세한 설명은 [http://mybatis.github.io/mybatis-3/ko/](http://mybatis.github.io/mybatis-3/ko/) 사이트를 참고하거나 첨부된 문서 MyBatis-3-User-Guide_ko.pdf 파일을 참고하면 된다.	http://mybatis.github.io/mybatis-3/ko/; http://mybatis.github.io/mybatis-3/ko/	arch/Home/MyBatis Integration Guide for Altibase__14058349.md; arch/Home/MyBatis Integration Guide for Altibase/1. MyBatis Overview__14058351.md; arch/Home/MyBatis Integration Guide for Altibase/2. Differences Between MyBatis, and iBatis__14058354.md; arch/Home/MyBatis Integration Guide for Altibase/3. Sample Preparation using MyBatis__14058356.md; arch/Home/MyBatis Integration Guide for Altibase/4. Altibase Integration__22643026.md; arch/Home/MyBatis Integration Guide for Altibase/5. MyBatis, Spring, Altibase Integration__22643028.md; arch/Home/MyBatis Integration Guide for Altibase/6. Transaction Management__22643030.md; arch/Home/MyBatis Integration Guide for Altibase/7. Considerations for MyBatis Integration__22643032.md; arch/Home/MyBatis Integration Guide for Altibase/8. Appendix 1 (MyBatis-Altibase Integration)__22643034.md; arch/Home/MyBatis Integration Guide for Altibase/9. Appendix 2(Spring-MyBatis-Altibase Integration)__22643036.md	45	covered	No English change required.	The Korean source also references the Korean MyBatis documentation page at [http://mybatis.github.io/mybatis-3/ko/](http://mybatis.github.io/mybatis-3/ko/).	none	S019 direct link/attachment inspection across technical mapping inventory.
S019	DOCK/Home/64. Altibase MyBatis 연동 가이드__7340818.md	857	857	S019-D064-U009	legacy_hash_label	만약 autocommit 모드를 false로 변경해주지 않으면, “java.sql.SQLException: [0](legacy-hash-placeholder):LobLocator can not span the transaction 101858625.” 과 같은 에러가 발생한다.	0; #	arch/Home/MyBatis Integration Guide for Altibase__14058349.md; arch/Home/MyBatis Integration Guide for Altibase/1. MyBatis Overview__14058351.md; arch/Home/MyBatis Integration Guide for Altibase/2. Differences Between MyBatis, and iBatis__14058354.md; arch/Home/MyBatis Integration Guide for Altibase/3. Sample Preparation using MyBatis__14058356.md; arch/Home/MyBatis Integration Guide for Altibase/4. Altibase Integration__22643026.md; arch/Home/MyBatis Integration Guide for Altibase/5. MyBatis, Spring, Altibase Integration__22643028.md; arch/Home/MyBatis Integration Guide for Altibase/6. Transaction Management__22643030.md; arch/Home/MyBatis Integration Guide for Altibase/7. Considerations for MyBatis Integration__22643032.md; arch/Home/MyBatis Integration Guide for Altibase/8. Appendix 1 (MyBatis-Altibase Integration)__22643034.md; arch/Home/MyBatis Integration Guide for Altibase/9. Appendix 2(Spring-MyBatis-Altibase Integration)__22643036.md	63	source_limitation	Recorded source limitation; no URL invented.	If autocommit mode is not set to false, an error like “java.sql.SQLException: [0]:LobLocator can not span the transaction 101858625.” will occur.	no resolvable URL in Korean source	Legacy # placeholder in Korean source; English must preserve text/filename without creating a fake URL.
S019	DOCK/Home/64. Altibase MyBatis 연동 가이드__7340818.md	859	859	S019-D064-U010	legacy_hash_label	그리고 LOB 데이터를 입력 시에도 “java.sql.SQLException: [0](legacy-hash-placeholder):LobLocator can not span the transaction 101858625.” 에러가 발생하게 된다.	0; #	arch/Home/MyBatis Integration Guide for Altibase__14058349.md; arch/Home/MyBatis Integration Guide for Altibase/1. MyBatis Overview__14058351.md; arch/Home/MyBatis Integration Guide for Altibase/2. Differences Between MyBatis, and iBatis__14058354.md; arch/Home/MyBatis Integration Guide for Altibase/3. Sample Preparation using MyBatis__14058356.md; arch/Home/MyBatis Integration Guide for Altibase/4. Altibase Integration__22643026.md; arch/Home/MyBatis Integration Guide for Altibase/5. MyBatis, Spring, Altibase Integration__22643028.md; arch/Home/MyBatis Integration Guide for Altibase/6. Transaction Management__22643030.md; arch/Home/MyBatis Integration Guide for Altibase/7. Considerations for MyBatis Integration__22643032.md; arch/Home/MyBatis Integration Guide for Altibase/8. Appendix 1 (MyBatis-Altibase Integration)__22643034.md; arch/Home/MyBatis Integration Guide for Altibase/9. Appendix 2(Spring-MyBatis-Altibase Integration)__22643036.md	63	source_limitation	Recorded source limitation; no URL invented.	If autocommit mode is not set to false, an error like “java.sql.SQLException: [0]:LobLocator can not span the transaction 101858625.” will occur.	no resolvable URL in Korean source	Legacy # placeholder in Korean source; English must preserve text/filename without creating a fake URL.
S019	DOCK/Home/64. Altibase MyBatis 연동 가이드__7340818.md	926	926	S019-D064-U011	external_reference	- 위 설정은 아래와 같이 정의되어 있음 ([http://mybatis.github.io/mybatis-3/ko/sqlmap-xml.html](http://mybatis.github.io/mybatis-3/ko/sqlmap-xml.html))	http://mybatis.github.io/mybatis-3/ko/sqlmap-xml.html; http://mybatis.github.io/mybatis-3/ko/sqlmap-xml.html	arch/Home/MyBatis Integration Guide for Altibase__14058349.md; arch/Home/MyBatis Integration Guide for Altibase/1. MyBatis Overview__14058351.md; arch/Home/MyBatis Integration Guide for Altibase/2. Differences Between MyBatis, and iBatis__14058354.md; arch/Home/MyBatis Integration Guide for Altibase/3. Sample Preparation using MyBatis__14058356.md; arch/Home/MyBatis Integration Guide for Altibase/4. Altibase Integration__22643026.md; arch/Home/MyBatis Integration Guide for Altibase/5. MyBatis, Spring, Altibase Integration__22643028.md; arch/Home/MyBatis Integration Guide for Altibase/6. Transaction Management__22643030.md; arch/Home/MyBatis Integration Guide for Altibase/7. Considerations for MyBatis Integration__22643032.md; arch/Home/MyBatis Integration Guide for Altibase/8. Appendix 1 (MyBatis-Altibase Integration)__22643034.md; arch/Home/MyBatis Integration Guide for Altibase/9. Appendix 2(Spring-MyBatis-Altibase Integration)__22643036.md	133	covered	No English change required.	- This setting is defined as follows ([http://mybatis.github.io/mybatis-3/ko/sqlmap-xml.html](http://mybatis.github.io/mybatis-3/ko/sqlmap-xml.html)):	none	S019 direct link/attachment inspection across technical mapping inventory.
S019	DOCK/Home/64. Altibase MyBatis 연동 가이드__7340818.md	1395	1395	S019-D064-U012	external_reference	- [http://maven.apache.org/download.html](http://maven.apache.org/download.html) 에서 binary zip 파일을 다운 받는다.	http://maven.apache.org/download.html; http://maven.apache.org/download.html	arch/Home/MyBatis Integration Guide for Altibase__14058349.md; arch/Home/MyBatis Integration Guide for Altibase/1. MyBatis Overview__14058351.md; arch/Home/MyBatis Integration Guide for Altibase/2. Differences Between MyBatis, and iBatis__14058354.md; arch/Home/MyBatis Integration Guide for Altibase/3. Sample Preparation using MyBatis__14058356.md; arch/Home/MyBatis Integration Guide for Altibase/4. Altibase Integration__22643026.md; arch/Home/MyBatis Integration Guide for Altibase/5. MyBatis, Spring, Altibase Integration__22643028.md; arch/Home/MyBatis Integration Guide for Altibase/6. Transaction Management__22643030.md; arch/Home/MyBatis Integration Guide for Altibase/7. Considerations for MyBatis Integration__22643032.md; arch/Home/MyBatis Integration Guide for Altibase/8. Appendix 1 (MyBatis-Altibase Integration)__22643034.md; arch/Home/MyBatis Integration Guide for Altibase/9. Appendix 2(Spring-MyBatis-Altibase Integration)__22643036.md	50	covered	No English change required.	1. Download Maven Files Download the binary zip file from [http://maven.apache.org/download.html](http://maven.apache.org/download.html). (As of October 2014, the latest version is apache-maven-3.2.8-bin.zip.)	none	S019 direct link/attachment inspection across technical mapping inventory.
S019	DOCK/Home/64. Altibase MyBatis 연동 가이드__7340818.md	1849	1849	S019-D064-U013	document_attachment	구 버전 문서 : [ALTIBASE_MyBatis_연동가이드.pdf](https://docs.altibase.com/download/attachments/7340818/ALTIBASE_MyBatis_%EC%97%B0%EB%8F%99%EA%B0%80%EC%9D%B4%EB%93%9C.pdf?version=1&modificationDate=1417566977000&api=v2)	ALTIBASE_MyBatis_연동가이드.pdf; https://docs.altibase.com/download/attachments/7340818/ALTIBASE_MyBatis_%EC%97%B0%EB%8F%99%EA%B0%80%EC%9D%B4%EB%93%9C.pdf?version=1&modificationDate=1417566977000&api=v2	arch/Home/MyBatis Integration Guide for Altibase__14058349.md; arch/Home/MyBatis Integration Guide for Altibase/1. MyBatis Overview__14058351.md; arch/Home/MyBatis Integration Guide for Altibase/2. Differences Between MyBatis, and iBatis__14058354.md; arch/Home/MyBatis Integration Guide for Altibase/3. Sample Preparation using MyBatis__14058356.md; arch/Home/MyBatis Integration Guide for Altibase/4. Altibase Integration__22643026.md; arch/Home/MyBatis Integration Guide for Altibase/5. MyBatis, Spring, Altibase Integration__22643028.md; arch/Home/MyBatis Integration Guide for Altibase/6. Transaction Management__22643030.md; arch/Home/MyBatis Integration Guide for Altibase/7. Considerations for MyBatis Integration__22643032.md; arch/Home/MyBatis Integration Guide for Altibase/8. Appendix 1 (MyBatis-Altibase Integration)__22643034.md; arch/Home/MyBatis Integration Guide for Altibase/9. Appendix 2(Spring-MyBatis-Altibase Integration)__22643036.md	46	covered	No English change required; URL-backed document-format link is preserved exactly in English target.	- [Korean source attachment 1 (PDF)](https://docs.altibase.com/download/attachments/7340818/ALTIBASE_MyBatis_%EC%97%B0%EB%8F%99%EA%B0%80%EC%9D%B4%EB%93%9C.pdf?version=1&modificationDate=1417566977000&api=v2)	none	Document-format extensions checked: .pdf .ppt .pptx .doc .docx .xls .xlsx .zip.
S019	DOCK/Home/65. MSSQL to Altibase 변환가이드__7341431.md	29	29	S019-D065-U001	external_reference	- 기술지원포털 : [http://support.altibase.com](http://support.altibase.com/) ▶ 기술 지식 ▶ Q&A	http://support.altibase.com; http://support.altibase.com/	arch/Home/MSSQL to ALTIBASE Conversion Guide__22643024.md	29	covered	No English change required.	- Technical support portal: [http://support.altibase.com](http://support.altibase.com/) > Technical Knowledge > Q&A	none	S019 direct link/attachment inspection across technical mapping inventory.
S019	DOCK/Home/65. MSSQL to Altibase 변환가이드__7341431.md	552	552	S019-D065-U002	external_reference	[Error Message Reference](https://github.com/ALTIBASE/Documents/blob/master/Manuals/Altibase_7.3/kor/Error%20Message%20Reference.md) 매뉴얼 참조	Error Message Reference; https://github.com/ALTIBASE/Documents/blob/master/Manuals/Altibase_7.3/kor/Error%20Message%20Reference.md	arch/Home/MSSQL to ALTIBASE Conversion Guide__22643024.md	554	covered	No English change required; English target uses the corresponding English or normalized reference.	Refer to the [Error Message Reference](https://manual.altibase.com/7.3/en/ref/error/copyright/) manual.	none	Exact Korean URL is represented by the corresponding English/source reference where appropriate.
S019	DOCK/Home/65. MSSQL to Altibase 변환가이드__7341431.md	577	577	S019-D065-U003	legacy_attachment_label	구 버전 문서 : [ALTIBASE_MSSQL_변환가이드.pdf](legacy-hash-placeholder)	ALTIBASE_MSSQL_변환가이드.pdf; #	arch/Home/MSSQL to ALTIBASE Conversion Guide__22643024.md	579	source_limitation	Recorded source limitation; no URL invented.	The Korean source lists the legacy document placeholder `ALTIBASE_MSSQL_변환가이드.pdf` without a downloadable URL.	no resolvable URL in Korean source	Legacy # placeholder in Korean source; English must preserve text/filename without creating a fake URL.
S019	DOCK/Home/66. Altibase PHP 연동가이드__7341461.md	27	27	S019-D066-U001	external_reference	- 기술지원포털 : [http://support.altibase.com](http://support.altibase.com/) ▶ 기술 지식 ▶ Q&A	http://support.altibase.com; http://support.altibase.com/	arch/Home/PHP Integration Guide for Altibase__14647305.md; arch/Home/PHP Integration Guide for Altibase/1. ALTIBASE HDB PHP Module Reference__14647310.md; arch/Home/PHP Integration Guide for Altibase/2. ODBC Manger Installation for PHP Integration__14647312.md; arch/Home/PHP Integration Guide for Altibase/3. PHP Functions for ODBC Connection__14647314.md	25	covered	No English change required.	- Technical support portal: [http://support.altibase.com](http://support.altibase.com/) -> Technical Knowledge -> Q&A	none	S019 direct link/attachment inspection across technical mapping inventory.
S019	DOCK/Home/66. Altibase PHP 연동가이드__7341461.md	58	58	S019-D066-U002	external_reference	unixODBC 홈페이지 ([http://www.unixodbc.org](http://www.unixodbc.org/))에서 다운로드 할 수 있다.	http://www.unixodbc.org; http://www.unixodbc.org/	arch/Home/PHP Integration Guide for Altibase__14647305.md; arch/Home/PHP Integration Guide for Altibase/1. ALTIBASE HDB PHP Module Reference__14647310.md; arch/Home/PHP Integration Guide for Altibase/2. ODBC Manger Installation for PHP Integration__14647312.md; arch/Home/PHP Integration Guide for Altibase/3. PHP Functions for ODBC Connection__14647314.md	29	covered	No English change required.	This can be downloaded from the unixODBC website ([http://www.unixodbc.org](http://www.unixodbc.org)).	none	S019 direct link/attachment inspection across technical mapping inventory.
S019	DOCK/Home/66. Altibase PHP 연동가이드__7341461.md	117	117	S019-D066-U003	external_reference	[http://php.morva.net/manual/kr/index.php](http://php.morva.net/manual/kr/index.php)	http://php.morva.net/manual/kr/index.php; http://php.morva.net/manual/kr/index.php	arch/Home/PHP Integration Guide for Altibase__14647305.md; arch/Home/PHP Integration Guide for Altibase/1. ALTIBASE HDB PHP Module Reference__14647310.md; arch/Home/PHP Integration Guide for Altibase/2. ODBC Manger Installation for PHP Integration__14647312.md; arch/Home/PHP Integration Guide for Altibase/3. PHP Functions for ODBC Connection__14647314.md	23	covered	No English change required.	[http://php.morva.net/manual/kr/index.php](http://php.morva.net/manual/kr/index.php)	none	S019 direct link/attachment inspection across technical mapping inventory.
S019	DOCK/Home/67. Altibase 도커 가이드__14057660.md	32	32	S019-D067-U001	external_reference	- 기술지원포털 : [http://support.altibase.com](http://support.altibase.com/) ▶ 기술 지식 ▶ Q&A	http://support.altibase.com; http://support.altibase.com/	arch/Home/Altibase Docker Guide__14647741.md; arch/Home/Altibase Docker Guide/1. Overview of Docker__14647745.md; arch/Home/Altibase Docker Guide/2. Docker Installation__14647748.md; arch/Home/Altibase Docker Guide/3. Altibase Docker Image__14647754.md; arch/Home/Altibase Docker Guide/4. Creating Altibase Service Container__14647760.md; arch/Home/Altibase Docker Guide/5. Stopping_Deleting Altibase Service Container__14909445.md	32	covered	No English change required.	- Technical support portal: [http://support.altibase.com](http://support.altibase.com/) > Technical Knowledge > Q&A	none	S019 direct link/attachment inspection across technical mapping inventory.
S019	DOCK/Home/67. Altibase 도커 가이드__14057660.md	49	49	S019-D067-U002	external_reference	자료출처 : [https://www.docker.com/resources/what-container](https://www.docker.com/resources/what-container)	https://www.docker.com/resources/what-container; https://www.docker.com/resources/what-container	arch/Home/Altibase Docker Guide__14647741.md; arch/Home/Altibase Docker Guide/1. Overview of Docker__14647745.md; arch/Home/Altibase Docker Guide/2. Docker Installation__14647748.md; arch/Home/Altibase Docker Guide/3. Altibase Docker Image__14647754.md; arch/Home/Altibase Docker Guide/4. Creating Altibase Service Container__14647760.md; arch/Home/Altibase Docker Guide/5. Stopping_Deleting Altibase Service Container__14909445.md	29	covered	No English change required.	Reference source: [https://www.docker.com/resources/what-container](https://www.docker.com/resources/what-container)	none	S019 direct link/attachment inspection across technical mapping inventory.
S019	DOCK/Home/67. Altibase 도커 가이드__14057660.md	52	52	S019-D067-U003	external_reference	•**이미지와 컨테이너의 관계****![%EC%9D%B4%EB%AF%B8%EC%A7%80%EC%99%80%20%EC%BB%A8%ED%85%8C%EC%9D%B4%EB%84%88.jpg](https://docs.altibase.com/download/attachments/embedded-page/DOCK/67.%20Altibase%20%EB%8F%84%EC%BB%A4%20%EA%B0%80%EC%9D%B4%EB%93%9C/%E...	https://docs.docker.com; https://docs.docker.com/v17.09/engine/userguide/storagedriver/imagesandcontainers/#container-and-layers	arch/Home/Altibase Docker Guide__14647741.md; arch/Home/Altibase Docker Guide/1. Overview of Docker__14647745.md; arch/Home/Altibase Docker Guide/2. Docker Installation__14647748.md; arch/Home/Altibase Docker Guide/3. Altibase Docker Image__14647754.md; arch/Home/Altibase Docker Guide/4. Creating Altibase Service Container__14647760.md; arch/Home/Altibase Docker Guide/5. Stopping_Deleting Altibase Service Container__14909445.md	42	covered	No English change required.	Reference source: [https://docs.docker.com](https://docs.docker.com/v17.09/engine/userguide/storagedriver/imagesandcontainers/#container-and-layers)	none	S019 direct link/attachment inspection across technical mapping inventory.
S019	DOCK/Home/67. Altibase 도커 가이드__14057660.md	59	59	S019-D067-U004	external_reference	ubuntu나 centos가 아닌 경우는 [도커 설치페이지](https://docs.docker.com/install/)를 참고로 하여 설치하도록 한다.	도커 설치페이지; https://docs.docker.com/install/	arch/Home/Altibase Docker Guide__14647741.md; arch/Home/Altibase Docker Guide/1. Overview of Docker__14647745.md; arch/Home/Altibase Docker Guide/2. Docker Installation__14647748.md; arch/Home/Altibase Docker Guide/3. Altibase Docker Image__14647754.md; arch/Home/Altibase Docker Guide/4. Creating Altibase Service Container__14647760.md; arch/Home/Altibase Docker Guide/5. Stopping_Deleting Altibase Service Container__14909445.md	21	covered	No English change required.	If the platform is not Ubuntu or CentOS, install Docker by referring to the [Docker installation page](https://docs.docker.com/install/).	none	S019 direct link/attachment inspection across technical mapping inventory.
S019	DOCK/Home/67. Altibase 도커 가이드__14057660.md	118	118	S019-D067-U005	external_reference	- Altibase에서 제공하는 도커 이미지는 [도커허브](https://hub.docker.com/r/altibase/altibase)에서 다운로드 할 수도 있고 docker pull 명령어를 사용하여 다운로드 할 수 있다.	도커허브; https://hub.docker.com/r/altibase/altibase	arch/Home/Altibase Docker Guide__14647741.md; arch/Home/Altibase Docker Guide/1. Overview of Docker__14647745.md; arch/Home/Altibase Docker Guide/2. Docker Installation__14647748.md; arch/Home/Altibase Docker Guide/3. Altibase Docker Image__14647754.md; arch/Home/Altibase Docker Guide/4. Creating Altibase Service Container__14647760.md; arch/Home/Altibase Docker Guide/5. Stopping_Deleting Altibase Service Container__14909445.md	25	covered	No English change required.	Docker images provided by Altibase can be downloaded from [Docker Hub](https://hub.docker.com/r/altibase/altibase) or by using the docker pull command.	none	S019 direct link/attachment inspection across technical mapping inventory.
S019	DOCK/Home/67. Altibase 도커 가이드__14057660.md	149	149	S019-D067-U006	external_reference	- Altibase 설치에 대한 가이드는 [Altibase 설치 매뉴얼](https://github.com/ALTIBASE/Documents/blob/master/Manuals/Altibase_7.1/kor/Installation.md)을 참조한다.	Altibase 설치 매뉴얼; https://github.com/ALTIBASE/Documents/blob/master/Manuals/Altibase_7.1/kor/Installation.md	arch/Home/Altibase Docker Guide__14647741.md; arch/Home/Altibase Docker Guide/1. Overview of Docker__14647745.md; arch/Home/Altibase Docker Guide/2. Docker Installation__14647748.md; arch/Home/Altibase Docker Guide/3. Altibase Docker Image__14647754.md; arch/Home/Altibase Docker Guide/4. Creating Altibase Service Container__14647760.md; arch/Home/Altibase Docker Guide/5. Stopping_Deleting Altibase Service Container__14909445.md	58	covered	No English change required; English target uses the corresponding English or normalized reference.	For a guide on installing Altibase, refer to the [Altibase Installation Manual](https://aid.altibase.com/display/arch/Altibase+Installation+Guide).	none	Exact Korean URL is represented by the corresponding English/source reference where appropriate.
S019	DOCK/Home/67. Altibase 도커 가이드__14057660.md	409	409	S019-D067-U007	external_reference	OPTIONS에 대한 좀 더 자세한 내용은 [여기](https://docs.docker.com/engine/reference/commandline/build/)에서 확인할 수 있다.	여기; https://docs.docker.com/engine/reference/commandline/build/	arch/Home/Altibase Docker Guide__14647741.md; arch/Home/Altibase Docker Guide/1. Overview of Docker__14647745.md; arch/Home/Altibase Docker Guide/2. Docker Installation__14647748.md; arch/Home/Altibase Docker Guide/3. Altibase Docker Image__14647754.md; arch/Home/Altibase Docker Guide/4. Creating Altibase Service Container__14647760.md; arch/Home/Altibase Docker Guide/5. Stopping_Deleting Altibase Service Container__14909445.md	321	covered	No English change required.	More information about OPTIONS can be found [here](https://docs.docker.com/engine/reference/commandline/build/).	none	S019 direct link/attachment inspection across technical mapping inventory.
S019	DOCK/Home/67. Altibase 도커 가이드__14057660.md	485	485	S019-D067-U008	external_reference	OPTION에 대한 좀 더 자세한 내용은 [여기](https://docs.docker.com/engine/reference/run/)에서 확인할 수 있다.	여기; https://docs.docker.com/engine/reference/run/	arch/Home/Altibase Docker Guide__14647741.md; arch/Home/Altibase Docker Guide/1. Overview of Docker__14647745.md; arch/Home/Altibase Docker Guide/2. Docker Installation__14647748.md; arch/Home/Altibase Docker Guide/3. Altibase Docker Image__14647754.md; arch/Home/Altibase Docker Guide/4. Creating Altibase Service Container__14647760.md; arch/Home/Altibase Docker Guide/5. Stopping_Deleting Altibase Service Container__14909445.md	42	covered	No English change required.	More information about OPTION can be found [here](https://docs.docker.com/engine/reference/run/).	none	S019 direct link/attachment inspection across technical mapping inventory.
S019	DOCK/Home/67. Altibase 도커 가이드__14057660.md	561	561	S019-D067-U009	external_reference	이중화에 대한 매뉴얼은 [여기](https://github.com/ALTIBASE/Documents/blob/master/Manuals/Altibase_7.1/kor/Replication.md)에서 확인할 수 있다.	여기; https://github.com/ALTIBASE/Documents/blob/master/Manuals/Altibase_7.1/kor/Replication.md	arch/Home/Altibase Docker Guide__14647741.md; arch/Home/Altibase Docker Guide/1. Overview of Docker__14647745.md; arch/Home/Altibase Docker Guide/2. Docker Installation__14647748.md; arch/Home/Altibase Docker Guide/3. Altibase Docker Image__14647754.md; arch/Home/Altibase Docker Guide/4. Creating Altibase Service Container__14647760.md; arch/Home/Altibase Docker Guide/5. Stopping_Deleting Altibase Service Container__14909445.md	121	covered	No English change required; English target uses the corresponding English or normalized reference.	A function that provides a non-stop operating environment in which the service can be resumed using an alternate server when unexpected shutdown of the server occurs by keeping the same data in both databases by transferring the log of t...	none	Exact Korean URL is represented by the corresponding English/source reference where appropriate.
S019	DOCK/Home/67. Altibase 도커 가이드__14057660.md	730	730	S019-D067-U010	external_reference	- Altibase 데이터베이스를 효과적으로 사용하기 위한 프로퍼티들에 대한 설명 및 설정은 [Altibase 설정 가이드](http://support.altibase.com/fileDownload.do?gubun=wp&no=20)를 참조한다.	Altibase 설정 가이드; http://support.altibase.com/fileDownload.do?gubun=wp&no=20	arch/Home/Altibase Docker Guide__14647741.md; arch/Home/Altibase Docker Guide/1. Overview of Docker__14647745.md; arch/Home/Altibase Docker Guide/2. Docker Installation__14647748.md; arch/Home/Altibase Docker Guide/3. Altibase Docker Image__14647754.md; arch/Home/Altibase Docker Guide/4. Creating Altibase Service Container__14647760.md; arch/Home/Altibase Docker Guide/5. Stopping_Deleting Altibase Service Container__14909445.md	292	covered	No English change required.	- For descriptions and settings of properties used to operate Altibase effectively, refer to the [Altibase Configuration Guide](http://support.altibase.com/fileDownload.do?gubun=wp&no=20).	none	S019 direct link/attachment inspection across technical mapping inventory.
S019	DOCK/Home/67. Altibase 도커 가이드__14057660.md	731	731	S019-D067-U011	external_reference	- Altibase 데이터베이스 구성과 운영을 위한 설명 및 설정은 [Altibase 매뉴얼](https://github.com/ALTIBASE/Documents/blob/master/Manuals/Altibase_7.1/kor/README.md)에서 확인할 수 있다.	Altibase 매뉴얼; https://github.com/ALTIBASE/Documents/blob/master/Manuals/Altibase_7.1/kor/README.md	arch/Home/Altibase Docker Guide__14647741.md; arch/Home/Altibase Docker Guide/1. Overview of Docker__14647745.md; arch/Home/Altibase Docker Guide/2. Docker Installation__14647748.md; arch/Home/Altibase Docker Guide/3. Altibase Docker Image__14647754.md; arch/Home/Altibase Docker Guide/4. Creating Altibase Service Container__14647760.md; arch/Home/Altibase Docker Guide/5. Stopping_Deleting Altibase Service Container__14909445.md	293	covered	No English change required; English target uses the corresponding English or normalized reference.	- Altibase database configuration and operation instructions are available in the [Altibase Manual](https://github.com/ALTIBASE/Documents/blob/master/Manuals/Altibase_7.1/eng/README.md).	none	Exact Korean URL is represented by the corresponding English/source reference where appropriate.
S019	DOCK/Home/67. Altibase 도커 가이드__14057660.md	901	901	S019-D067-U012	external_reference	Docker Documentation : [https://docs.docker.com/](https://docs.docker.com/)	https://docs.docker.com/; https://docs.docker.com/	arch/Home/Altibase Docker Guide__14647741.md; arch/Home/Altibase Docker Guide/1. Overview of Docker__14647745.md; arch/Home/Altibase Docker Guide/2. Docker Installation__14647748.md; arch/Home/Altibase Docker Guide/3. Altibase Docker Image__14647754.md; arch/Home/Altibase Docker Guide/4. Creating Altibase Service Container__14647760.md; arch/Home/Altibase Docker Guide/5. Stopping_Deleting Altibase Service Container__14909445.md	42	covered	No English change required.	Reference source: [https://docs.docker.com](https://docs.docker.com/v17.09/engine/userguide/storagedriver/imagesandcontainers/#container-and-layers)	none	S019 direct link/attachment inspection across technical mapping inventory.
S019	DOCK/Home/68. Altibase GeoServer 연동가이드__14058194.md	32	32	S019-D068-U001	external_reference	- 기술지원포털 : [http://support.altibase.com](http://support.altibase.com/) ▶ 기술 지식 ▶ Q&A	http://support.altibase.com; http://support.altibase.com/	arch/Home/Altibase GeoServer Integration Guide__22643004.md	32	covered	No English change required.	- Technical support portal: [http://support.altibase.com](http://support.altibase.com/) > Technical Knowledge > Q&A	none	S019 direct link/attachment inspection across technical mapping inventory.
S019	DOCK/Home/68. Altibase GeoServer 연동가이드__14058194.md	61	61	S019-D068-U002	external_reference	- [OpenJDK](https://adoptopenjdk.net/)또는 [Oracle JRE](https://www.oracle.com/java/technologies/javase-downloads.html)에서 다운로드하여 설치한다.	OpenJDK; https://adoptopenjdk.net/	arch/Home/Altibase GeoServer Integration Guide__22643004.md	62	covered	No English change required.	- You can download and install it from [OpenJDK](https://adoptopenjdk.net/) or [Oracle JRE](https://www.oracle.com/java/technologies/javase-downloads.html).	none	S019 direct link/attachment inspection across technical mapping inventory.
S019	DOCK/Home/68. Altibase GeoServer 연동가이드__14058194.md	61	61	S019-D068-U003	external_reference	- [OpenJDK](https://adoptopenjdk.net/)또는 [Oracle JRE](https://www.oracle.com/java/technologies/javase-downloads.html)에서 다운로드하여 설치한다.	Oracle JRE; https://www.oracle.com/java/technologies/javase-downloads.html	arch/Home/Altibase GeoServer Integration Guide__22643004.md	62	covered	No English change required.	- You can download and install it from [OpenJDK](https://adoptopenjdk.net/) or [Oracle JRE](https://www.oracle.com/java/technologies/javase-downloads.html).	none	S019 direct link/attachment inspection across technical mapping inventory.
S019	DOCK/Home/68. Altibase GeoServer 연동가이드__14058194.md	64	64	S019-D068-U004	external_reference	- [GeoServer 다운로드 사이트](http://geoserver.org/download/)에서 Stable한 버전을 다운로드 한다.	GeoServer 다운로드 사이트; http://geoserver.org/download/	arch/Home/Altibase GeoServer Integration Guide__22643004.md	67	covered	No English change required.	- Download a stable version from the [GeoServer download site](http://geoserver.org/download/). This document uses version 2.16.2 as the reference.	none	S019 direct link/attachment inspection across technical mapping inventory.
S019	DOCK/Home/68. Altibase GeoServer 연동가이드__14058194.md	74	74	S019-D068-U005	external_reference	[gt-jdbc-altibase-21-SNAPSHOT.jar](https://sourceforge.net/projects/gt-jdbc-korean/files/Altibase/)	gt-jdbc-altibase-21-SNAPSHOT.jar; https://sourceforge.net/projects/gt-jdbc-korean/files/Altibase/	arch/Home/Altibase GeoServer Integration Guide__22643004.md	75	covered	No English change required.	- Altibase-specific spatial DBMS driver: [`gt-jdbc-altibase-21-SNAPSHOT.jar`](https://sourceforge.net/projects/gt-jdbc-korean/files/Altibase/)	none	S019 direct link/attachment inspection across technical mapping inventory.
S019	DOCK/Home/68. Altibase GeoServer 연동가이드__14058194.md	76	76	S019-D068-U006	external_reference	[jts-1.14.jar](https://sourceforge.net/projects/jts-topo-suite/files/jts/)	jts-1.14.jar; https://sourceforge.net/projects/jts-topo-suite/files/jts/	arch/Home/Altibase GeoServer Integration Guide__22643004.md	76	covered	No English change required.	- JTS Topology Suite: [`jts-1.14.jar`](https://sourceforge.net/projects/jts-topo-suite/files/jts/)	none	S019 direct link/attachment inspection across technical mapping inventory.
S019	DOCK/Home/68. Altibase GeoServer 연동가이드__14058194.md	92	92	S019-D068-U007	external_reference	* 더 많은 좌표계 정보는 [여기](https://github.com/mangosystem/geotools-jdbc-korean/blob/master/jdbc-altibase/altibase_spatial_ref_sys.sql)에서 확인 가능하다.	여기; https://github.com/mangosystem/geotools-jdbc-korean/blob/master/jdbc-altibase/altibase_spatial_ref_sys.sql	arch/Home/Altibase GeoServer Integration Guide__22643004.md	94	covered	No English change required.	* More coordinate system information is available in the [`altibase_spatial_ref_sys.sql`](https://github.com/mangosystem/geotools-jdbc-korean/blob/master/jdbc-altibase/altibase_spatial_ref_sys.sql) reference script.	none	S019 direct link/attachment inspection across technical mapping inventory.
S019	DOCK/Home/68. Altibase GeoServer 연동가이드__14058194.md	153	153	S019-D068-U008	document_attachment	[importer 플러그인을 다운로드](https://sourceforge.net/projects/geoserver/files/GeoServer/2.16.2/extensions/geoserver-2.16.2-importer-plugin.zip/download)하여 압축을 푼 뒤 C:\Program Files\GeoServer\webapps\geoserver\WEB-INF\lib에 복사한다	importer 플러그인을 다운로드; https://sourceforge.net/projects/geoserver/files/GeoServer/2.16.2/extensions/geoserver-2.16.2-importer-plugin.zip/download	arch/Home/Altibase GeoServer Integration Guide__22643004.md	175	covered	No English change required; URL-backed document-format link is preserved exactly in English target.	1. Install the extension plug-in. [Download the importer plug-in](https://sourceforge.net/projects/geoserver/files/GeoServer/2.16.2/extensions/geoserver-2.16.2-importer-plugin.zip/download), unzip it, and copy it to `C:\Program Files\Geo...	none	Document-format extensions checked: .pdf .ppt .pptx .doc .docx .xls .xlsx .zip.
S019	DOCK/Home/68. Altibase GeoServer 연동가이드__14058194.md	209	209	S019-D068-U009	external_reference	- [Altibase 7.1 Getting Started Guide manuals](https://github.com/ALTIBASE/Documents/blob/master/Manuals/Altibase_7.1/kor/GettingStarted.md)	Altibase 7.1 Getting Started Guide manuals; https://github.com/ALTIBASE/Documents/blob/master/Manuals/Altibase_7.1/kor/GettingStarted.md	arch/Home/Altibase GeoServer Integration Guide__22643004.md	237	covered	No English change required; English target uses the corresponding English or normalized reference.	- [Altibase 7.3 Getting Started Guide manuals](https://manual.altibase.com/7.3/en/start-here/getting-started/copyright/)	none	Exact Korean URL is represented by the corresponding English/source reference where appropriate.
S019	DOCK/Home/68. Altibase GeoServer 연동가이드__14058194.md	210	210	S019-D068-U010	external_reference	- [Altibase 7.1 Spatial SQL manuals](https://github.com/ALTIBASE/Documents/blob/master/Manuals/Altibase_7.1/kor/SpatialSQL.md)	Altibase 7.1 Spatial SQL manuals; https://github.com/ALTIBASE/Documents/blob/master/Manuals/Altibase_7.1/kor/SpatialSQL.md	arch/Home/Altibase GeoServer Integration Guide__22643004.md	238	covered	No English change required; English target uses the corresponding English or normalized reference.	- [Altibase 7.3 Spatial SQL manuals](https://manual.altibase.com/7.3/en/ref/spatial-sql/copyright/)	none	Exact Korean URL is represented by the corresponding English/source reference where appropriate.
S019	DOCK/Home/68. Altibase GeoServer 연동가이드__14058194.md	214	214	S019-D068-U011	external_reference	- [GeoServer Documentation](https://access.redhat.com/documentation/ko-kr/red_hat_enterprise_linux/6/html/power_management_guide/cpufreq_governors)	GeoServer Documentation; https://access.redhat.com/documentation/ko-kr/red_hat_enterprise_linux/6/html/power_management_guide/cpufreq_governors	arch/Home/Altibase GeoServer Integration Guide__22643004.md	67	source_limitation	Recorded source link limitation; mismatched source URL was not propagated.	- Download a stable version from the [GeoServer download site](http://geoserver.org/download/). This document uses version 2.16.2 as the reference.	source_link_label_url_mismatch	Korean label says GeoServer Documentation but URL points to a Red Hat CPU governor page; prior reports recorded this risk.
S019	DOCK/Home/68. Altibase GeoServer 연동가이드__14058194.md	218	218	S019-D068-U012	external_reference	- [Open Geospatial Consortium (OGC)](https://www.ogc.org/)	Open Geospatial Consortium (OGC); https://www.ogc.org/	arch/Home/Altibase GeoServer Integration Guide__22643004.md	246	covered	No English change required.	- [Open Geospatial Consortium (OGC)](https://www.ogc.org/)	none	S019 direct link/attachment inspection across technical mapping inventory.
S019	DOCK/Home/68. Altibase GeoServer 연동가이드__14058194.md	219	219	S019-D068-U013	external_reference	- [Open Source Geospatial Foundation (OSGeo)](https://www.osgeo.org/)	Open Source Geospatial Foundation (OSGeo); https://www.osgeo.org/	arch/Home/Altibase GeoServer Integration Guide__22643004.md	247	covered	No English change required.	- [Open Source Geospatial Foundation (OSGeo)](https://www.osgeo.org/)	none	S019 direct link/attachment inspection across technical mapping inventory.
S019	DOCK/Home/68. Altibase GeoServer 연동가이드__14058194.md	220	220	S019-D068-U014	external_reference	- [Open Source Geospatial Foundation Korean chapter](https://www.osgeo.kr/)	Open Source Geospatial Foundation Korean chapter; https://www.osgeo.kr/	arch/Home/Altibase GeoServer Integration Guide__22643004.md	248	covered	No English change required.	- [Open Source Geospatial Foundation Korean chapter](https://www.osgeo.kr/)	none	S019 direct link/attachment inspection across technical mapping inventory.
S019	DOCK/Home/69. Altibase를 위한 SQuirrel SQL Client Quick 가이드__12255259.md	33	33	S019-D069-U001	external_reference	- 기술지원포털 : [http://support.altibase.com](http://support.altibase.com/) ▶ 기술 지식 ▶ Q&A	http://support.altibase.com; http://support.altibase.com/	arch/Home/SQuirrel SQL Client Quick Guide for Altibase__14647622.md; arch/Home/SQuirrel SQL Client Quick Guide for Altibase/1. SQuirrel SQL Client Installation__14647626.md; arch/Home/SQuirrel SQL Client Quick Guide for Altibase/2. Altibase JDBC Driver Registeration__14647628.md; arch/Home/SQuirrel SQL Client Quick Guide for Altibase/3. Integration with Altibase__14647630.md	31	covered	No English change required.	- Technical support portal: [http://support.altibase.com](http://support.altibase.com/) > Technical Knowledge > Q&A	none	S019 direct link/attachment inspection across technical mapping inventory.
S019	DOCK/Home/69. Altibase를 위한 SQuirrel SQL Client Quick 가이드__12255259.md	53	53	S019-D069-U002	external_reference	[http://squirrel-sql.sourceforge.net/#installation](http://squirrel-sql.sourceforge.net/#installation)	http://squirrel-sql.sourceforge.net/#installation; http://squirrel-sql.sourceforge.net/#installation	arch/Home/SQuirrel SQL Client Quick Guide for Altibase__14647622.md; arch/Home/SQuirrel SQL Client Quick Guide for Altibase/1. SQuirrel SQL Client Installation__14647626.md; arch/Home/SQuirrel SQL Client Quick Guide for Altibase/2. Altibase JDBC Driver Registeration__14647628.md; arch/Home/SQuirrel SQL Client Quick Guide for Altibase/3. Integration with Altibase__14647630.md	24	covered	No English change required.	[http://squirrel-sql.sourceforge.net/#installation](http://squirrel-sql.sourceforge.net/#installation)	none	S019 direct link/attachment inspection across technical mapping inventory.
S019	DOCK/Home/69. Altibase를 위한 SQuirrel SQL Client Quick 가이드__12255259.md	58	58	S019-D069-U003	external_reference	[https://jaist.dl.sourceforge.net/project/squirrel-sql/1-stable/3.7.1/squirrel-sql-3.7.1-standard.jar](https://jaist.dl.sourceforge.net/project/squirrel-sql/1-stable/3.7.1/squirrel-sql-3.7.1-standard.jar)	https://jaist.dl.sourceforge.net/project/squirrel-sql/1-stable/3.7.1/squirrel-sql-3.7.1-standard.jar; https://jaist.dl.sourceforge.net/project/squirrel-sql/1-stable/3.7.1/squirrel-sql-3.7.1-standard.jar	arch/Home/SQuirrel SQL Client Quick Guide for Altibase__14647622.md; arch/Home/SQuirrel SQL Client Quick Guide for Altibase/1. SQuirrel SQL Client Installation__14647626.md; arch/Home/SQuirrel SQL Client Quick Guide for Altibase/2. Altibase JDBC Driver Registeration__14647628.md; arch/Home/SQuirrel SQL Client Quick Guide for Altibase/3. Integration with Altibase__14647630.md	29	covered	No English change required.	[https://jaist.dl.sourceforge.net/project/squirrel-sql/1-stable/3.7.1/squirrel-sql-3.7.1-standard.jar](https://jaist.dl.sourceforge.net/project/squirrel-sql/1-stable/3.7.1/squirrel-sql-3.7.1-standard.jar)	none	S019 direct link/attachment inspection across technical mapping inventory.
S019	DOCK/Home/70. Migration Center 사용자 가이드__19955861.md	35	35	S019-D070-U001	external_reference	- 기술지원포털 : [http://support.altibase.com](http://support.altibase.com/) ▶ 기술 지식 ▶ Q&A	http://support.altibase.com; http://support.altibase.com/	arch/Home/Migration Center User Guide__19955861.md	34	covered	No English change required.	- Technical support portal: [http://support.altibase.com](http://support.altibase.com/) > Technical Knowledge > Q&A	none	S019 direct link/attachment inspection across technical mapping inventory.
S019	DOCK/Home/70. Migration Center 사용자 가이드__19955861.md	102	102	S019-D070-U002	external_reference	| Tibero | [https://technet.tmaxsoft.com/](https://technet.tmaxsoft.com/) | |	https://technet.tmaxsoft.com/; https://technet.tmaxsoft.com/	arch/Home/Migration Center User Guide__19955861.md	97	covered	No English change required.	| Tibero | [https://technet.tmaxsoft.com/](https://technet.tmaxsoft.com/) | |	none	S019 direct link/attachment inspection across technical mapping inventory.
S019	DOCK/Home/70. Migration Center 사용자 가이드__19955861.md	103	103	S019-D070-U003	external_reference	| CUBRID | [http://www.cubrid.org/?mid=downloads&item=jdbc_driver](http://www.cubrid.org/?mid=downloads&item=jdbc_driver) | |	http://www.cubrid.org/?mid=downloads&item=jdbc_driver; http://www.cubrid.org/?mid=downloads&item=jdbc_driver	arch/Home/Migration Center User Guide__19955861.md	98	covered	No English change required.	| CUBRID | [http://www.cubrid.org/?mid=downloads&item=jdbc_driver](http://www.cubrid.org/?mid=downloads&item=jdbc_driver) | |	none	S019 direct link/attachment inspection across technical mapping inventory.
S019	DOCK/Home/70. Migration Center 사용자 가이드__19955861.md	104	104	S019-D070-U004	external_reference	| TimesTen | [http://www.oracle.com/technetwork/database/database-technologies/timesten/downloads/index.html](http://www.oracle.com/technetwork/database/database-technologies/timesten/downloads/index.html) | |	http://www.oracle.com/technetwork/database/database-technologies/timesten/downloads/index.html; http://www.oracle.com/technetwork/database/database-technologies/timesten/downloads/index.html	arch/Home/Migration Center User Guide__19955861.md	99	covered	No English change required.	| TimesTen | [http://www.oracle.com/technetwork/database/database-technologies/timesten/downloads/index.html](http://www.oracle.com/technetwork/database/database-technologies/timesten/downloads/index.html) | |	none	S019 direct link/attachment inspection across technical mapping inventory.
S019	DOCK/Home/70. Migration Center 사용자 가이드__19955861.md	105	105	S019-D070-U005	external_reference	| Infoemix | [http://www14.software.ibm.com/webapp/download/search.jsp?go=y&rs=ifxjdbc](http://www14.software.ibm.com/webapp/download/search.jsp?go=y&rs=ifxjdbc) | |	http://www14.software.ibm.com/webapp/download/search.jsp?go=y&rs=ifxjdbc; http://www14.software.ibm.com/webapp/download/search.jsp?go=y&rs=ifxjdbc	arch/Home/Migration Center User Guide__19955861.md	100	covered	No English change required.	| Informix | [http://www14.software.ibm.com/webapp/download/search.jsp?go=y&rs=ifxjdbc](http://www14.software.ibm.com/webapp/download/search.jsp?go=y&rs=ifxjdbc) | |	none	S019 direct link/attachment inspection across technical mapping inventory.
S019	DOCK/Home/70. Migration Center 사용자 가이드__19955861.md	106	106	S019-D070-U006	external_reference	| MySQL | [http://dev.mysql.com/downloads/connector/j/](http://dev.mysql.com/downloads/connector/j/) | |	http://dev.mysql.com/downloads/connector/j/; http://dev.mysql.com/downloads/connector/j/	arch/Home/Migration Center User Guide__19955861.md	101	covered	No English change required.	| MySQL | [http://dev.mysql.com/downloads/connector/j/](http://dev.mysql.com/downloads/connector/j/) | |	none	S019 direct link/attachment inspection across technical mapping inventory.
S019	DOCK/Home/70. Migration Center 사용자 가이드__19955861.md	107	107	S019-D070-U007	external_reference	| MS-SQL | Download Microsoft JDBC Driver for SQL Server:<br>[https://docs.microsoft.com/en-us/sql/connect/jdbc/download-microsoft-jdbc-driver-for-sql-server?view=sql-server-2017](https://docs.microsoft.com/en-us/sql/connect/jdbc/downloa...	https://docs.microsoft.com/en-us/sql/connect/jdbc/download-microsoft-jdbc-driver-for-sql-server?view=sql-server-2017; https://docs.microsoft.com/en-us/sql/connect/jdbc/download-microsoft-jdbc-driver-for-sql-server?view=sql-server-2017	arch/Home/Migration Center User Guide__19955861.md	102	covered	No English change required.	| MS-SQL | [Download Microsoft JDBC Driver for SQL Server](https://docs.microsoft.com/en-us/sql/connect/jdbc/download-microsoft-jdbc-driver-for-sql-server?view=sql-server-2017)<br>[Microsoft JDBC Driver for SQL Server Support Matrix](htt...	none	S019 direct link/attachment inspection across technical mapping inventory.
S019	DOCK/Home/70. Migration Center 사용자 가이드__19955861.md	107	107	S019-D070-U008	external_reference	| MS-SQL | Download Microsoft JDBC Driver for SQL Server:<br>[https://docs.microsoft.com/en-us/sql/connect/jdbc/download-microsoft-jdbc-driver-for-sql-server?view=sql-server-2017](https://docs.microsoft.com/en-us/sql/connect/jdbc/downloa...	https://docs.microsoft.com/en-us/sql/connect/jdbc/microsoft-jdbc-driver-for-sql-server-support-matrix?view=sql-server-2017; https://docs.microsoft.com/en-us/sql/connect/jdbc/microsoft-jdbc-driver-for-sql-server-support-matrix?view=sql-server-2017	arch/Home/Migration Center User Guide__19955861.md	102	covered	No English change required.	| MS-SQL | [Download Microsoft JDBC Driver for SQL Server](https://docs.microsoft.com/en-us/sql/connect/jdbc/download-microsoft-jdbc-driver-for-sql-server?view=sql-server-2017)<br>[Microsoft JDBC Driver for SQL Server Support Matrix](htt...	none	S019 direct link/attachment inspection across technical mapping inventory.
S019	DOCK/Home/70. Migration Center 사용자 가이드__19955861.md	108	108	S019-D070-U009	external_reference	| PostgreSQL | [https://jdbc.postgresql.org/download/](https://jdbc.postgresql.org/download/) | |	https://jdbc.postgresql.org/download/; https://jdbc.postgresql.org/download/	arch/Home/Migration Center User Guide__19955861.md	103	covered	No English change required.	| PostgreSQL | [https://jdbc.postgresql.org/download/](https://jdbc.postgresql.org/download/) | |	none	S019 direct link/attachment inspection across technical mapping inventory.
S019	DOCK/Home/70. Migration Center 사용자 가이드__19955861.md	149	149	S019-D070-U010	external_reference	다운로드 URL : [http://](http://support.altibase.com/kr/product)[support.altibase.com/kr/product](http://support.altibase.com/kr/product)	http://; http://support.altibase.com/kr/product	arch/Home/Migration Center User Guide__19955861.md	132	covered	No English change required; English target uses the corresponding English or normalized reference.	1. Download Migration Center from [http://support.altibase.com/en/product](http://support.altibase.com/en/product).	none	Exact Korean URL is represented by the corresponding English/source reference where appropriate.
S019	DOCK/Home/70. Migration Center 사용자 가이드__19955861.md	149	149	S019-D070-U011	external_reference	다운로드 URL : [http://](http://support.altibase.com/kr/product)[support.altibase.com/kr/product](http://support.altibase.com/kr/product)	support.altibase.com/kr/product; http://support.altibase.com/kr/product	arch/Home/Migration Center User Guide__19955861.md	132	covered	No English change required; English target uses the corresponding English or normalized reference.	1. Download Migration Center from [http://support.altibase.com/en/product](http://support.altibase.com/en/product).	none	Exact Korean URL is represented by the corresponding English/source reference where appropriate.
S019	DOCK/Home/70. Migration Center 사용자 가이드__19955861.md	818	818	S019-D070-U012	document_attachment	[Migration_Center_사용자가이드.pdf](https://docs.altibase.com/download/attachments/19955861/Migration_Center_%EC%82%AC%EC%9A%A9%EC%9E%90%EA%B0%80%EC%9D%B4%EB%93%9C.pdf?version=2&modificationDate=1701652961000&api=v2)	Migration_Center_사용자가이드.pdf; https://docs.altibase.com/download/attachments/19955861/Migration_Center_%EC%82%AC%EC%9A%A9%EC%9E%90%EA%B0%80%EC%9D%B4%EB%93%9C.pdf?version=2&modificationDate=1701652961000&api=v2	arch/Home/Migration Center User Guide__19955861.md	641	covered	No English change required; URL-backed document-format link is preserved exactly in English target.	Original downloadable document: [Migration_Center_사용자가이드.pdf](https://docs.altibase.com/download/attachments/19955861/Migration_Center_%EC%82%AC%EC%9A%A9%EC%9E%90%EA%B0%80%EC%9D%B4%EB%93%9C.pdf?version=2&modificationDate=1701652961000&ap...	none	Document-format extensions checked: .pdf .ppt .pptx .doc .docx .xls .xlsx .zip.
