path	manifest_entry_id	checked_fields	status	action	body_chars_manifest	body_chars_actual	word_count_manifest	word_count_actual	risk	notes
manifest.json	E008-summary	json_validity; page_count; path_resolution; body_chars; word_count; source_counts	matched	Checked 588 page entries; path mismatches 0; metadata mismatches 0; manifest fixes applied 0; remaining risks 0.	n/a	n/a	n/a	n/a	none	Phase 1 path-normalization assumption reused: manifest paths are export-root paths under altibase_docs_md/, while repository paths are resolved after removing that prefix. Actual word_count uses len(text.split()). Source counts verified by standard checks: DOCK/Home=51, faq/Home=115, arch/Home=181, FAQE/Home=241.
DOCK/Home/20. Altibase 설정 파일 가이드__13437165.md	13437165	path; body_chars; word_count	matched	No manifest edit required; metadata already matches current Markdown.	11241	11241	2063	2063	none	Path normalized by stripping manifest export prefix altibase_docs_md/; source path resolves.
DOCK/Home/21. Altibase 디스크I_O 병목을 고려한 볼륨구성 가이드__11698408.md	11698408	path; body_chars; word_count	matched	No manifest edit required; metadata already matches current Markdown.	15154	15154	2645	2645	none	Path normalized by stripping manifest export prefix altibase_docs_md/; source path resolves.
DOCK/Home/22. Altibase 운영을 위한 Solaris 설정 가이드__11698415.md	11698415	path; body_chars; word_count	matched	No manifest edit required; metadata already matches current Markdown.	10074	10074	1828	1828	none	Path normalized by stripping manifest export prefix altibase_docs_md/; source path resolves.
DOCK/Home/23. Altibase 운영을 위한 HPUX 설정 가이드__14057733.md	14057733	path; body_chars; word_count	matched	No manifest edit required; metadata already matches current Markdown.	13971	13971	2671	2671	none	Path normalized by stripping manifest export prefix altibase_docs_md/; source path resolves.
DOCK/Home/24. Altibase 운영을 위한 AIX 설정 가이드__13436846.md	13436846	path; body_chars; word_count	matched	No manifest edit required; metadata already matches current Markdown.	11420	11420	2121	2121	none	Path normalized by stripping manifest export prefix altibase_docs_md/; source path resolves.
DOCK/Home/25. Altibase 데이터베이스 생성 가이드__13436812.md	13436812	path; body_chars; word_count	matched	No manifest edit required; metadata already matches current Markdown.	5428	5428	747	747	none	Path normalized by stripping manifest export prefix altibase_docs_md/; source path resolves.
DOCK/Home/26. Altibase 기본적인 장애대응 절차__13435879.md	13435879	path; body_chars; word_count	matched	No manifest edit required; metadata already matches current Markdown.	18139	18139	3316	3316	none	Path normalized by stripping manifest export prefix altibase_docs_md/; source path resolves.
DOCK/Home/27. Altibase 이중화 구성 가이드__13828098.md	13828098	path; body_chars; word_count	matched	No manifest edit required; metadata already matches current Markdown.	19957	19957	3931	3931	none	Path normalized by stripping manifest export prefix altibase_docs_md/; source path resolves.
DOCK/Home/28. Altibase TOMCAT 연동가이드__7341030.md	7341030	path; body_chars; word_count	matched	No manifest edit required; metadata already matches current Markdown.	19435	19435	2350	2350	none	Path normalized by stripping manifest export prefix altibase_docs_md/; source path resolves.
DOCK/Home/29. Altibase JEUS 연동가이드__7341028.md	7341028	path; body_chars; word_count	matched	No manifest edit required; metadata already matches current Markdown.	34859	34859	4178	4178	none	Path normalized by stripping manifest export prefix altibase_docs_md/; source path resolves.
DOCK/Home/30. Altibase JBoss 연동가이드__13437492.md	13437492	path; body_chars; word_count	matched	No manifest edit required; metadata already matches current Markdown.	16875	16875	1886	1886	none	Path normalized by stripping manifest export prefix altibase_docs_md/; source path resolves.
DOCK/Home/31. Altibase 설치가이드__11698403.md	11698403	path; body_chars; word_count	matched	No manifest edit required; metadata already matches current Markdown.	20510	20510	2867	2867	none	Path normalized by stripping manifest export prefix altibase_docs_md/; source path resolves.
DOCK/Home/32. Altibase와 unixODBC 연동 가이드__11698379.md	11698379	path; body_chars; word_count	matched	No manifest edit required; metadata already matches current Markdown.	12567	12567	1736	1736	none	Path normalized by stripping manifest export prefix altibase_docs_md/; source path resolves.
DOCK/Home/33. Altibase 개발자교육__19333461.md	19333461	path; body_chars; word_count	matched	No manifest edit required; metadata already matches current Markdown.	1447	1447	158	158	none	Path normalized by stripping manifest export prefix altibase_docs_md/; source path resolves.
DOCK/Home/34. Altibase Precompiler 가이드__11698385.md	11698385	path; body_chars; word_count	matched	No manifest edit required; metadata already matches current Markdown.	39352	39352	6290	6290	none	Path normalized by stripping manifest export prefix altibase_docs_md/; source path resolves.
DOCK/Home/35. Altibase APRE(SES) _C_C++ Makefile__11698493.md	11698493	path; body_chars; word_count	matched	No manifest edit required; metadata already matches current Markdown.	32955	32955	4603	4603	none	Path normalized by stripping manifest export prefix altibase_docs_md/; source path resolves.
DOCK/Home/36. Altibase 개발가이드__7341274.md	7341274	path; body_chars; word_count	matched	No manifest edit required; metadata already matches current Markdown.	39028	39028	6821	6821	none	Path normalized by stripping manifest export prefix altibase_docs_md/; source path resolves.
DOCK/Home/37. Altibase SQL 튜닝 가이드__19333563.md	19333563	path; body_chars; word_count	matched	No manifest edit required; metadata already matches current Markdown.	1214	1214	154	154	none	Path normalized by stripping manifest export prefix altibase_docs_md/; source path resolves.
DOCK/Home/38. Altibase VC 2008 개발가이드__19333567.md	19333567	path; body_chars; word_count	matched	No manifest edit required; metadata already matches current Markdown.	1276	1276	156	156	none	Path normalized by stripping manifest export prefix altibase_docs_md/; source path resolves.
DOCK/Home/39. Altibase, Oracle 비교 자료__14058137.md	14058137	path; body_chars; word_count	matched	No manifest edit required; metadata already matches current Markdown.	31080	31080	6757	6757	none	Path normalized by stripping manifest export prefix altibase_docs_md/; source path resolves.
DOCK/Home/40. Oracle to Altibase 변환가이드__7341605.md	7341605	path; body_chars; word_count	matched	No manifest edit required; metadata already matches current Markdown.	48806	48806	8970	8970	none	Path normalized by stripping manifest export prefix altibase_docs_md/; source path resolves.
DOCK/Home/41. Altibase Quick Install & Start for UNIX__13436834.md	13436834	path; body_chars; word_count	matched	No manifest edit required; metadata already matches current Markdown.	38752	38752	5028	5028	none	Path normalized by stripping manifest export prefix altibase_docs_md/; source path resolves.
DOCK/Home/42. Altibase 설치 시 발생할 수 있는 문제상황과 조치__13437056.md	13437056	path; body_chars; word_count	matched	No manifest edit required; metadata already matches current Markdown.	8405	8405	1200	1200	none	Path normalized by stripping manifest export prefix altibase_docs_md/; source path resolves.
DOCK/Home/43. Altibase STARTUP _ STOP 과정의 이해__13434993.md	13434993	path; body_chars; word_count	matched	No manifest edit required; metadata already matches current Markdown.	8322	8322	1193	1193	none	Path normalized by stripping manifest export prefix altibase_docs_md/; source path resolves.
DOCK/Home/44. APRE_C_C++ New Features & 업그레이드 가이드__13435760.md	13435760	path; body_chars; word_count	matched	No manifest edit required; metadata already matches current Markdown.	11703	11703	1873	1873	none	Path normalized by stripping manifest export prefix altibase_docs_md/; source path resolves.
DOCK/Home/45. Altibase 운영을 위한 시스템 리소스 용량산정 가이드__14057887.md	14057887	path; body_chars; word_count	matched	No manifest edit required; metadata already matches current Markdown.	13168	13168	2906	2906	none	Path normalized by stripping manifest export prefix altibase_docs_md/; source path resolves.
DOCK/Home/46. Altibase 버전 간 마이그레이션 가이드__19333688.md	19333688	path; body_chars; word_count	matched	No manifest edit required; metadata already matches current Markdown.	14264	14264	2114	2114	none	Path normalized by stripping manifest export prefix altibase_docs_md/; source path resolves.
DOCK/Home/47. 문제분석을 위한 OS별 유틸리티 사용 가이드__13436866.md	13436866	path; body_chars; word_count	matched	No manifest edit required; metadata already matches current Markdown.	18806	18806	2397	2397	none	Path normalized by stripping manifest export prefix altibase_docs_md/; source path resolves.
DOCK/Home/48. UNIX Memory Management__13436842.md	13436842	path; body_chars; word_count	matched	No manifest edit required; metadata already matches current Markdown.	10317	10317	1843	1843	none	Path normalized by stripping manifest export prefix altibase_docs_md/; source path resolves.
DOCK/Home/49. Altibase 이중화 제약사항 가이드__19333729.md	19333729	path; body_chars; word_count	matched	No manifest edit required; metadata already matches current Markdown.	10059	10059	1754	1754	none	Path normalized by stripping manifest export prefix altibase_docs_md/; source path resolves.
DOCK/Home/50. Altibase 백업정책 결정을 위한 고려사항__14057586.md	14057586	path; body_chars; word_count	matched	No manifest edit required; metadata already matches current Markdown.	13743	13743	2528	2528	none	Path normalized by stripping manifest export prefix altibase_docs_md/; source path resolves.
DOCK/Home/51. Altibase window ADO.NET 개발 가이드__11698513.md	11698513	path; body_chars; word_count	matched	No manifest edit required; metadata already matches current Markdown.	12945	12945	1403	1403	none	Path normalized by stripping manifest export prefix altibase_docs_md/; source path resolves.
DOCK/Home/52. Altibase WebSphere 연동 가이드__13435602.md	13435602	path; body_chars; word_count	matched	No manifest edit required; metadata already matches current Markdown.	28519	28519	2490	2490	none	Path normalized by stripping manifest export prefix altibase_docs_md/; source path resolves.
DOCK/Home/53. Windows 환경의 Altibase ODBC 개발 가이드__13436856.md	13436856	path; body_chars; word_count	matched	No manifest edit required; metadata already matches current Markdown.	8951	8951	1074	1074	none	Path normalized by stripping manifest export prefix altibase_docs_md/; source path resolves.
DOCK/Home/54. Altibase Spring 연동 가이드__7340945.md	7340945	path; body_chars; word_count	matched	No manifest edit required; metadata already matches current Markdown.	32555	32555	3480	3480	none	Path normalized by stripping manifest export prefix altibase_docs_md/; source path resolves.
DOCK/Home/55. Altibase iBATIS 연동가이드__7340053.md	7340053	path; body_chars; word_count	matched	No manifest edit required; metadata already matches current Markdown.	42331	42331	4427	4427	none	Path normalized by stripping manifest export prefix altibase_docs_md/; source path resolves.
DOCK/Home/56. JAVA 개발 가이드__14057500.md	14057500	path; body_chars; word_count	matched	No manifest edit required; metadata already matches current Markdown.	21406	21406	2776	2776	none	Path normalized by stripping manifest export prefix altibase_docs_md/; source path resolves.
DOCK/Home/57. Altibase 운영을 위한 Linux 설정 가이드__13436485.md	13436485	path; body_chars; word_count	matched	No manifest edit required; metadata already matches current Markdown.	40173	40173	5930	5930	none	Path normalized by stripping manifest export prefix altibase_docs_md/; source path resolves.
DOCK/Home/58. Altibase Hibernate 연동가이드__14057878.md	14057878	path; body_chars; word_count	matched	No manifest edit required; metadata already matches current Markdown.	41879	41879	4080	4080	none	Path normalized by stripping manifest export prefix altibase_docs_md/; source path resolves.
DOCK/Home/59. Altibase 모니터링 쿼리 가이드__10060431.md	10060431	path; body_chars; word_count	matched	No manifest edit required; metadata already matches current Markdown.	122904	122904	15804	15804	none	Path normalized by stripping manifest export prefix altibase_docs_md/; source path resolves.
DOCK/Home/60. Altibase WebLogic 연동가이드__7340101.md	7340101	path; body_chars; word_count	matched	No manifest edit required; metadata already matches current Markdown.	30211	30211	3260	3260	none	Path normalized by stripping manifest export prefix altibase_docs_md/; source path resolves.
DOCK/Home/61. Altibase VC 2010 개발가이드__19334121.md	19334121	path; body_chars; word_count	matched	No manifest edit required; metadata already matches current Markdown.	1276	1276	156	156	none	Path normalized by stripping manifest export prefix altibase_docs_md/; source path resolves.
DOCK/Home/62. Altibase CPU 과부하 현상에 대한 분석가이드__11698396.md	11698396	path; body_chars; word_count	matched	No manifest edit required; metadata already matches current Markdown.	15733	15733	2807	2807	none	Path normalized by stripping manifest export prefix altibase_docs_md/; source path resolves.
DOCK/Home/63. Altibase Memory 사용량 증가 분석가이드__11698518.md	11698518	path; body_chars; word_count	matched	No manifest edit required; metadata already matches current Markdown.	14091	14091	2383	2383	none	Path normalized by stripping manifest export prefix altibase_docs_md/; source path resolves.
DOCK/Home/64. Altibase MyBatis 연동 가이드__7340818.md	7340818	path; body_chars; word_count	matched	No manifest edit required; metadata already matches current Markdown.	68839	68839	7293	7293	none	Path normalized by stripping manifest export prefix altibase_docs_md/; source path resolves.
DOCK/Home/65. MSSQL to Altibase 변환가이드__7341431.md	7341431	path; body_chars; word_count	matched	No manifest edit required; metadata already matches current Markdown.	25435	25435	4474	4474	none	Path normalized by stripping manifest export prefix altibase_docs_md/; source path resolves.
DOCK/Home/66. Altibase PHP 연동가이드__7341461.md	7341461	path; body_chars; word_count	matched	No manifest edit required; metadata already matches current Markdown.	4096	4096	590	590	none	Path normalized by stripping manifest export prefix altibase_docs_md/; source path resolves.
DOCK/Home/67. Altibase 도커 가이드__14057660.md	14057660	path; body_chars; word_count	matched	No manifest edit required; metadata already matches current Markdown.	33635	33635	3377	3377	none	Path normalized by stripping manifest export prefix altibase_docs_md/; source path resolves.
DOCK/Home/68. Altibase GeoServer 연동가이드__14058194.md	14058194	path; body_chars; word_count	matched	No manifest edit required; metadata already matches current Markdown.	11034	11034	936	936	none	Path normalized by stripping manifest export prefix altibase_docs_md/; source path resolves.
DOCK/Home/69. Altibase를 위한 SQuirrel SQL Client Quick 가이드__12255259.md	12255259	path; body_chars; word_count	matched	No manifest edit required; metadata already matches current Markdown.	5245	5245	512	512	none	Path normalized by stripping manifest export prefix altibase_docs_md/; source path resolves.
DOCK/Home/70. Migration Center 사용자 가이드__19955861.md	19955861	path; body_chars; word_count	matched	No manifest edit required; metadata already matches current Markdown.	50633	50633	7876	7876	none	Path normalized by stripping manifest export prefix altibase_docs_md/; source path resolves.
FAQE/Home/01. Installation, Patch, Upgrade/Altibase Client Installation/Starting from ALTIBASE HDB 5.5.1__16875941.md	16875941	path; body_chars; word_count	matched	No manifest edit required; metadata already matches current Markdown.	8054	8054	821	821	none	Path normalized by stripping manifest export prefix altibase_docs_md/; source path resolves.
FAQE/Home/01. Installation, Patch, Upgrade/Altibase Server Patch Procedure on Unix and Linux__16875922.md	16875922	path; body_chars; word_count	matched	No manifest edit required; metadata already matches current Markdown.	13054	13054	1677	1677	none	Path normalized by stripping manifest export prefix altibase_docs_md/; source path resolves.
FAQE/Home/01. Installation, Patch, Upgrade/What Platforms (OS) Altibase HDB supports__16875920.md	16875920	path; body_chars; word_count	matched	No manifest edit required; metadata already matches current Markdown.	2916	2916	515	515	none	Path normalized by stripping manifest export prefix altibase_docs_md/; source path resolves.
FAQE/Home/01. Installation, Patch, Upgrade/What to do when installing Altibase on Windows, and it says _It has already been installed__16875943.md	16875943	path; body_chars; word_count	matched	No manifest edit required; metadata already matches current Markdown.	1668	1668	202	202	none	Path normalized by stripping manifest export prefix altibase_docs_md/; source path resolves.
FAQE/Home/02. Operation and Management/Altibase Server Configuration for IPC Communication__22642933.md	22642933	path; body_chars; word_count	matched	No manifest edit required; metadata already matches current Markdown.	6232	6232	755	755	none	Path normalized by stripping manifest export prefix altibase_docs_md/; source path resolves.
FAQE/Home/02. Operation and Management/Automatic altibase startup during OS booting in Solaris__16875996.md	16875996	path; body_chars; word_count	matched	No manifest edit required; metadata already matches current Markdown.	5060	5060	630	630	none	Path normalized by stripping manifest export prefix altibase_docs_md/; source path resolves.
FAQE/Home/02. Operation and Management/Can PUBLIC SYNONYM be dropped__16875993.md	16875993	path; body_chars; word_count	matched	No manifest edit required; metadata already matches current Markdown.	1744	1744	213	213	none	Path normalized by stripping manifest export prefix altibase_docs_md/; source path resolves.
FAQE/Home/02. Operation and Management/Can table data be saved on disk and only indexes can be created in memory__16876008.md	16876008	path; body_chars; word_count	matched	No manifest edit required; metadata already matches current Markdown.	1624	1624	241	241	none	Path normalized by stripping manifest export prefix altibase_docs_md/; source path resolves.
FAQE/Home/02. Operation and Management/Database Security Checklist__22642935.md	22642935	path; body_chars; word_count	matched	No manifest edit required; metadata already matches current Markdown.	24810	24810	3111	3111	none	Path normalized by stripping manifest export prefix altibase_docs_md/; source path resolves.
FAQE/Home/02. Operation and Management/Detailed procedure for changing character set__16876045.md	16876045	path; body_chars; word_count	matched	No manifest edit required; metadata already matches current Markdown.	6925	6925	911	911	none	Path normalized by stripping manifest export prefix altibase_docs_md/; source path resolves.
FAQE/Home/02. Operation and Management/How to change sys user password__16876004.md	16876004	path; body_chars; word_count	matched	No manifest edit required; metadata already matches current Markdown.	3743	3743	472	472	none	Path normalized by stripping manifest export prefix altibase_docs_md/; source path resolves.
FAQE/Home/02. Operation and Management/How to change the database's db name__16875966.md	16875966	path; body_chars; word_count	matched	No manifest edit required; metadata already matches current Markdown.	6085	6085	682	682	none	Path normalized by stripping manifest export prefix altibase_docs_md/; source path resolves.
FAQE/Home/02. Operation and Management/How to change the path of log anchor, online log file, archive log file, and double write file__16876052.md	16876052	path; body_chars; word_count	matched	No manifest edit required; metadata already matches current Markdown.	6500	6500	668	668	none	Path normalized by stripping manifest export prefix altibase_docs_md/; source path resolves.
FAQE/Home/02. Operation and Management/How to change the tablespace data file path__16876049.md	16876049	path; body_chars; word_count	matched	No manifest edit required; metadata already matches current Markdown.	12611	12611	1670	1670	none	Path normalized by stripping manifest export prefix altibase_docs_md/; source path resolves.
FAQE/Home/02. Operation and Management/How to check the history of adding datafiles__16875969.md	16875969	path; body_chars; word_count	matched	No manifest edit required; metadata already matches current Markdown.	3449	3449	439	439	none	Path normalized by stripping manifest export prefix altibase_docs_md/; source path resolves.
FAQE/Home/02. Operation and Management/How to create a user (CREATE USER) and change a password (ALTER USER)__16876036.md	16876036	path; body_chars; word_count	matched	No manifest edit required; metadata already matches current Markdown.	2148	2148	236	236	none	Path normalized by stripping manifest export prefix altibase_docs_md/; source path resolves.
FAQE/Home/02. Operation and Management/How to create and execute Job objects__16876042.md	16876042	path; body_chars; word_count	matched	No manifest edit required; metadata already matches current Markdown.	12142	12142	1587	1587	none	Path normalized by stripping manifest export prefix altibase_docs_md/; source path resolves.
FAQE/Home/02. Operation and Management/How to forcefully close a session that is being locked__16875986.md	16875986	path; body_chars; word_count	matched	No manifest edit required; metadata already matches current Markdown.	2095	2095	243	243	none	Path normalized by stripping manifest export prefix altibase_docs_md/; source path resolves.
FAQE/Home/02. Operation and Management/How to modify column__16875952.md	16875952	path; body_chars; word_count	matched	No manifest edit required; metadata already matches current Markdown.	4519	4519	604	604	none	Path normalized by stripping manifest export prefix altibase_docs_md/; source path resolves.
FAQE/Home/02. Operation and Management/How to resolve when LOCK TIMEOUT occurs__16875984.md	16875984	path; body_chars; word_count	matched	No manifest edit required; metadata already matches current Markdown.	3956	3956	499	499	none	Path normalized by stripping manifest export prefix altibase_docs_md/; source path resolves.
FAQE/Home/02. Operation and Management/How to start and stop the database__22642937.md	22642937	path; body_chars; word_count	matched	No manifest edit required; metadata already matches current Markdown.	13808	13808	1591	1591	none	Path normalized by stripping manifest export prefix altibase_docs_md/; source path resolves.
FAQE/Home/02. Operation and Management/How to startup Altibase automatically when booting from HP-UX__16875976.md	16875976	path; body_chars; word_count	matched	No manifest edit required; metadata already matches current Markdown.	7266	7266	923	923	none	Path normalized by stripping manifest export prefix altibase_docs_md/; source path resolves.
FAQE/Home/02. Operation and Management/Maximum Capacity Specifications for Altibase__16875989.md	16875989	path; body_chars; word_count	matched	No manifest edit required; metadata already matches current Markdown.	1247	1247	176	176	none	Path normalized by stripping manifest export prefix altibase_docs_md/; source path resolves.
FAQE/Home/02. Operation and Management/Notes on using floating point data type (double, float)__16875974.md	16875974	path; body_chars; word_count	matched	No manifest edit required; metadata already matches current Markdown.	6646	6646	778	778	none	Path normalized by stripping manifest export prefix altibase_docs_md/; source path resolves.
FAQE/Home/02. Operation and Management/Notes_Considerations when changing TRANSACTION_TABLE_SIZE__16876013.md	16876013	path; body_chars; word_count	matched	No manifest edit required; metadata already matches current Markdown.	11021	11021	1569	1569	none	Path normalized by stripping manifest export prefix altibase_docs_md/; source path resolves.
FAQE/Home/02. Operation and Management/Notes_Considerations when increasing the number of concurrent connection sessions (MAX_CLIENT)__16876028.md	16876028	path; body_chars; word_count	matched	No manifest edit required; metadata already matches current Markdown.	7600	7600	860	860	none	Path normalized by stripping manifest export prefix altibase_docs_md/; source path resolves.
FAQE/Home/02. Operation and Management/The OS time and the DB time do not match__22642939.md	22642939	path; body_chars; word_count	matched	No manifest edit required; metadata already matches current Markdown.	5473	5473	574	574	none	Path normalized by stripping manifest export prefix altibase_docs_md/; source path resolves.
FAQE/Home/02. Operation and Management/User password length limitation - Differences by version__22642941.md	22642941	path; body_chars; word_count	matched	No manifest edit required; metadata already matches current Markdown.	3710	3710	487	487	none	Path normalized by stripping manifest export prefix altibase_docs_md/; source path resolves.
FAQE/Home/02. Operation and Management/What is MEM_MAX_DB_SIZE__16875991.md	16875991	path; body_chars; word_count	matched	No manifest edit required; metadata already matches current Markdown.	9560	9560	1197	1197	none	Path normalized by stripping manifest export prefix altibase_docs_md/; source path resolves.
FAQE/Home/02. Operation and Management/When log disk is FULL and its countermeasures__16876034.md	16876034	path; body_chars; word_count	matched	No manifest edit required; metadata already matches current Markdown.	10952	10952	1301	1301	none	Path normalized by stripping manifest export prefix altibase_docs_md/; source path resolves.
FAQE/Home/02. Operation and Management/When server create errors occur after DB name change__16875972.md	16875972	path; body_chars; word_count	matched	No manifest edit required; metadata already matches current Markdown.	2294	2294	301	301	none	Path normalized by stripping manifest export prefix altibase_docs_md/; source path resolves.
FAQE/Home/02. Operation and Management/[Linux] How to register Altibase server process auto start script__16875947.md	16875947	path; body_chars; word_count	matched	No manifest edit required; metadata already matches current Markdown.	9120	9120	1165	1165	none	Path normalized by stripping manifest export prefix altibase_docs_md/; source path resolves.
FAQE/Home/03. Replication/Causes and Solutions of Replication Conflicts__16876059.md	16876059	path; body_chars; word_count	matched	No manifest edit required; metadata already matches current Markdown.	5917	5917	812	812	none	Path normalized by stripping manifest export prefix altibase_docs_md/; source path resolves.
FAQE/Home/03. Replication/DDL operation on the table for Altibase replication__22642943.md	22642943	path; body_chars; word_count	matched	No manifest edit required; metadata already matches current Markdown.	4683	4683	619	619	none	Path normalized by stripping manifest export prefix altibase_docs_md/; source path resolves.
FAQE/Home/03. Replication/How to add_delete replication target table__16876094.md	16876094	path; body_chars; word_count	matched	No manifest edit required; metadata already matches current Markdown.	4557	4557	512	512	none	Path normalized by stripping manifest export prefix altibase_docs_md/; source path resolves.
FAQE/Home/03. Replication/How to change replication object IP__16876079.md	16876079	path; body_chars; word_count	matched	No manifest edit required; metadata already matches current Markdown.	1295	1295	136	136	none	Path normalized by stripping manifest export prefix altibase_docs_md/; source path resolves.
FAQE/Home/03. Replication/How to create multiple replication objects with the same IP__16876063.md	16876063	path; body_chars; word_count	matched	No manifest edit required; metadata already matches current Markdown.	4025	4025	407	407	none	Path normalized by stripping manifest export prefix altibase_docs_md/; source path resolves.
FAQE/Home/03. Replication/How to create_delete replication objects__16876082.md	16876082	path; body_chars; word_count	matched	No manifest edit required; metadata already matches current Markdown.	19784	19784	1952	1952	none	Path normalized by stripping manifest export prefix altibase_docs_md/; source path resolves.
FAQE/Home/03. Replication/Replication give-up__22642945.md	22642945	path; body_chars; word_count	matched	No manifest edit required; metadata already matches current Markdown.	6505	6505	865	865	none	Path normalized by stripping manifest export prefix altibase_docs_md/; source path resolves.
FAQE/Home/03. Replication/Replication monitoring query__22642947.md	22642947	path; body_chars; word_count	matched	No manifest edit required; metadata already matches current Markdown.	7422	7422	902	902	none	Path normalized by stripping manifest export prefix altibase_docs_md/; source path resolves.
FAQE/Home/04. Backup and Recovery/How to recover cold backup by changing directory path__16876133.md	16876133	path; body_chars; word_count	matched	No manifest edit required; metadata already matches current Markdown.	5543	5543	545	545	none	Path normalized by stripping manifest export prefix altibase_docs_md/; source path resolves.
FAQE/Home/04. Backup and Recovery/Online Backup and Time Based Recovery__16876135.md	16876135	path; body_chars; word_count	matched	No manifest edit required; metadata already matches current Markdown.	6594	6594	872	872	none	Path normalized by stripping manifest export prefix altibase_docs_md/; source path resolves.
FAQE/Home/04. Backup and Recovery/Using aexport and iloader/Create database object and upload data__16876145.md	16876145	path; body_chars; word_count	matched	No manifest edit required; metadata already matches current Markdown.	6937	6937	930	930	none	Path normalized by stripping manifest export prefix altibase_docs_md/; source path resolves.
FAQE/Home/04. Backup and Recovery/Using aexport and iloader/Data download using iloader__16876147.md	16876147	path; body_chars; word_count	matched	No manifest edit required; metadata already matches current Markdown.	10091	10091	1222	1222	none	Path normalized by stripping manifest export prefix altibase_docs_md/; source path resolves.
FAQE/Home/04. Backup and Recovery/Using aexport and iloader/Database object backup using aexport__22642949.md	22642949	path; body_chars; word_count	matched	No manifest edit required; metadata already matches current Markdown.	6109	6109	776	776	none	Path normalized by stripping manifest export prefix altibase_docs_md/; source path resolves.
FAQE/Home/04. Backup and Recovery/Using aexport and iloader/What is aexport, iloader__16876105.md	16876105	path; body_chars; word_count	matched	No manifest edit required; metadata already matches current Markdown.	1363	1363	193	193	none	Path normalized by stripping manifest export prefix altibase_docs_md/; source path resolves.
FAQE/Home/04. Backup and Recovery/Using aexport and iloader__16876103.md	16876103	path; body_chars; word_count	matched	No manifest edit required; metadata already matches current Markdown.	1106	1106	111	111	none	Path normalized by stripping manifest export prefix altibase_docs_md/; source path resolves.
FAQE/Home/05. SQL/Comparison between VARCHAR and CHAR types__16876151.md	16876151	path; body_chars; word_count	matched	No manifest edit required; metadata already matches current Markdown.	1952	1952	257	257	none	Path normalized by stripping manifest export prefix altibase_docs_md/; source path resolves.
FAQE/Home/05. SQL/How to check the privileges granted to an object__16876153.md	16876153	path; body_chars; word_count	matched	No manifest edit required; metadata already matches current Markdown.	2770	2770	277	277	none	Path normalized by stripping manifest export prefix altibase_docs_md/; source path resolves.
FAQE/Home/06. Stored Procedure/How to check the contents of stored procedure__16876159.md	16876159	path; body_chars; word_count	matched	No manifest edit required; metadata already matches current Markdown.	7845	7845	846	846	none	Path normalized by stripping manifest export prefix altibase_docs_md/; source path resolves.
FAQE/Home/06. Stored Procedure/How to check the number of records affected by DML within the stored procedure__16876157.md	16876157	path; body_chars; word_count	matched	No manifest edit required; metadata already matches current Markdown.	1190	1190	118	118	none	Path normalized by stripping manifest export prefix altibase_docs_md/; source path resolves.
FAQE/Home/07. Development and API/Connection disconnection, error codes, and error messages in each case (APRE_C_C++, SQLCLI)__16876167.md	16876167	path; body_chars; word_count	matched	No manifest edit required; metadata already matches current Markdown.	8358	8358	789	789	none	Path normalized by stripping manifest export prefix altibase_docs_md/; source path resolves.
FAQE/Home/07. Development and API/How to manage Spring+iBatis transaction__16876194.md	16876194	path; body_chars; word_count	matched	No manifest edit required; metadata already matches current Markdown.	7810	7810	566	566	none	Path normalized by stripping manifest export prefix altibase_docs_md/; source path resolves.
FAQE/Home/07. Development and API/JDBC/How to change the jdbc.trc file creation location__16876175.md	16876175	path; body_chars; word_count	matched	No manifest edit required; metadata already matches current Markdown.	2974	2974	378	378	none	Path normalized by stripping manifest export prefix altibase_docs_md/; source path resolves.
FAQE/Home/07. Development and API/JDBC/How to use Fail-Over in Altibase JDBC__16876173.md	16876173	path; body_chars; word_count	matched	No manifest edit required; metadata already matches current Markdown.	8008	8008	939	939	none	Path normalized by stripping manifest export prefix altibase_docs_md/; source path resolves.
FAQE/Home/07. Development and API/JDBC/Simultaneous connections to different Altibase versions via JDBC__22642951.md	22642951	path; body_chars; word_count	matched	No manifest edit required; metadata already matches current Markdown.	2810	2810	294	294	none	Path normalized by stripping manifest export prefix altibase_docs_md/; source path resolves.
FAQE/Home/07. Development and API/ODBC/32-bit ODBC installation on 64-bit Windows__22642957.md	22642957	path; body_chars; word_count	matched	No manifest edit required; metadata already matches current Markdown.	4073	4073	366	366	none	Path normalized by stripping manifest export prefix altibase_docs_md/; source path resolves.
FAQE/Home/07. Development and API/ODBC/Integrating with unix_odbc__16876187.md	16876187	path; body_chars; word_count	matched	No manifest edit required; metadata already matches current Markdown.	5522	5522	592	592	none	Path normalized by stripping manifest export prefix altibase_docs_md/; source path resolves.
FAQE/Home/07. Development and API/ODBC/ODBC function, SQLFreeStmt__16876183.md	16876183	path; body_chars; word_count	matched	No manifest edit required; metadata already matches current Markdown.	2422	2422	316	316	none	Path normalized by stripping manifest export prefix altibase_docs_md/; source path resolves.
FAQE/Home/07. Development and API/PHP/Hangul is broken when using php__16876191.md	16876191	path; body_chars; word_count	matched	No manifest edit required; metadata already matches current Markdown.	5355	5355	642	642	none	Path normalized by stripping manifest export prefix altibase_docs_md/; source path resolves.
FAQE/Home/08. Monitoring/Disk table and index usage/ALTIBASE HDB 4.3.9.x__16876229.md	16876229	path; body_chars; word_count	matched	No manifest edit required; metadata already matches current Markdown.	7071	7071	631	631	none	Path normalized by stripping manifest export prefix altibase_docs_md/; source path resolves.
FAQE/Home/08. Monitoring/Disk table and index usage/ALTIBASE HDB 5.1.5.x__16876234.md	16876234	path; body_chars; word_count	matched	No manifest edit required; metadata already matches current Markdown.	14364	14364	1094	1094	none	Path normalized by stripping manifest export prefix altibase_docs_md/; source path resolves.
FAQE/Home/08. Monitoring/Disk table and index usage/ALTIBASE HDB 5.3.x, 5.5.1, 6.1.1, 6.3.1__16876240.md	16876240	path; body_chars; word_count	matched	No manifest edit required; metadata already matches current Markdown.	16578	16578	1400	1400	none	Path normalized by stripping manifest export prefix altibase_docs_md/; source path resolves.
FAQE/Home/08. Monitoring/Disk table and index usage__16876226.md	16876226	path; body_chars; word_count	matched	No manifest edit required; metadata already matches current Markdown.	904	904	95	95	none	Path normalized by stripping manifest export prefix altibase_docs_md/; source path resolves.
FAQE/Home/08. Monitoring/Disk tablespace usage/ALTIBASE HDB 4.3.9__16876249.md	16876249	path; body_chars; word_count	matched	No manifest edit required; metadata already matches current Markdown.	3956	3956	343	343	none	Path normalized by stripping manifest export prefix altibase_docs_md/; source path resolves.
FAQE/Home/08. Monitoring/Disk tablespace usage/ALTIBASE HDB 5.1.5__16876251.md	16876251	path; body_chars; word_count	matched	No manifest edit required; metadata already matches current Markdown.	3192	3192	315	315	none	Path normalized by stripping manifest export prefix altibase_docs_md/; source path resolves.
FAQE/Home/08. Monitoring/Disk tablespace usage/ALTIBASE HDB 5.3.3, 5.3.5__16876253.md	16876253	path; body_chars; word_count	matched	No manifest edit required; metadata already matches current Markdown.	5629	5629	477	477	none	Path normalized by stripping manifest export prefix altibase_docs_md/; source path resolves.
FAQE/Home/08. Monitoring/Disk tablespace usage/ALTIBASE HDB 5.5.1, 6.1.1, 6.3.1__16876255.md	16876255	path; body_chars; word_count	matched	No manifest edit required; metadata already matches current Markdown.	5880	5880	487	487	none	Path normalized by stripping manifest export prefix altibase_docs_md/; source path resolves.
FAQE/Home/08. Monitoring/How to determine which queries are being rolled back__16876296.md	16876296	path; body_chars; word_count	matched	No manifest edit required; metadata already matches current Markdown.	3497	3497	421	421	none	Path normalized by stripping manifest export prefix altibase_docs_md/; source path resolves.
FAQE/Home/08. Monitoring/How to log queries performed in Altibase (altiProfile)__22642959.md	22642959	path; body_chars; word_count	matched	No manifest edit required; metadata already matches current Markdown.	36659	36659	4491	4491	none	Path normalized by stripping manifest export prefix altibase_docs_md/; source path resolves.
FAQE/Home/08. Monitoring/How to set up and execute altimon__16876266.md	16876266	path; body_chars; word_count	matched	No manifest edit required; metadata already matches current Markdown.	9214	9214	970	970	none	Path normalized by stripping manifest export prefix altibase_docs_md/; source path resolves.
FAQE/Home/08. Monitoring/Lock related properties__16876204.md	16876204	path; body_chars; word_count	matched	No manifest edit required; metadata already matches current Markdown.	3292	3292	432	432	none	Path normalized by stripping manifest export prefix altibase_docs_md/; source path resolves.
FAQE/Home/08. Monitoring/Memory table and index usage__16876259.md	16876259	path; body_chars; word_count	matched	No manifest edit required; metadata already matches current Markdown.	10951	10951	1049	1049	none	Path normalized by stripping manifest export prefix altibase_docs_md/; source path resolves.
FAQE/Home/08. Monitoring/Memory tablespace usage/ALTIBASE HDB 5.5.1, 6.1.1, 6.3.1__16876263.md	16876263	path; body_chars; word_count	matched	No manifest edit required; metadata already matches current Markdown.	6277	6277	646	646	none	Path normalized by stripping manifest export prefix altibase_docs_md/; source path resolves.
FAQE/Home/08. Monitoring/Monitoring Tools for Windows__16876220.md	16876220	path; body_chars; word_count	matched	No manifest edit required; metadata already matches current Markdown.	6530	6530	786	786	none	Path normalized by stripping manifest export prefix altibase_docs_md/; source path resolves.
FAQE/Home/08. Monitoring/System information by OS__16876206.md	16876206	path; body_chars; word_count	matched	No manifest edit required; metadata already matches current Markdown.	34932	34932	5091	5091	none	Path normalized by stripping manifest export prefix altibase_docs_md/; source path resolves.
FAQE/Home/08. Monitoring/Table_Column Definition__22642961.md	22642961	path; body_chars; word_count	matched	No manifest edit required; metadata already matches current Markdown.	6422	6422	809	809	none	Path normalized by stripping manifest export prefix altibase_docs_md/; source path resolves.
FAQE/Home/08. Monitoring/Undo Tablespace/Monitoring method when undo tablespace usage increases__22642963.md	22642963	path; body_chars; word_count	matched	No manifest edit required; metadata already matches current Markdown.	28322	28322	3413	3413	none	Path normalized by stripping manifest export prefix altibase_docs_md/; source path resolves.
FAQE/Home/08. Monitoring/Undo Tablespace/Undo tablespace usage__22642965.md	22642965	path; body_chars; word_count	matched	No manifest edit required; metadata already matches current Markdown.	6284	6284	834	834	none	Path normalized by stripping manifest export prefix altibase_docs_md/; source path resolves.
FAQE/Home/09. Error Messages/Closed Socket by client is Detected__16876319.md	16876319	path; body_chars; word_count	matched	No manifest edit required; metadata already matches current Markdown.	1841	1841	231	231	none	Path normalized by stripping manifest export prefix altibase_docs_md/; source path resolves.
FAQE/Home/09. Error Messages/ERR-0109D Insufficient memory__16876324.md	16876324	path; body_chars; word_count	matched	No manifest edit required; metadata already matches current Markdown.	4434	4434	633	633	none	Path normalized by stripping manifest export prefix altibase_docs_md/; source path resolves.
FAQE/Home/09. Error Messages/ERR-11030 ( 69680) The data file cannot be extended because the requested size is bigger than the maximum size (FID_0%d__16876378.md	16876378	path; body_chars; word_count	matched	No manifest edit required; metadata already matches current Markdown.	5522	5522	613	613	none	Path normalized by stripping manifest export prefix altibase_docs_md/; source path resolves.
FAQE/Home/09. Error Messages/ERR-11036 The data file is in use__16876380.md	16876380	path; body_chars; word_count	matched	No manifest edit required; metadata already matches current Markdown.	1951	1951	269	269	none	Path normalized by stripping manifest export prefix altibase_docs_md/; source path resolves.
FAQE/Home/09. Error Messages/ERR-11049 ( 69705) Too many pages are allocated ( Maximum Number of Pages= #)__16876385.md	16876385	path; body_chars; word_count	matched	No manifest edit required; metadata already matches current Markdown.	6223	6223	707	707	none	Path normalized by stripping manifest export prefix altibase_docs_md/; source path resolves.
FAQE/Home/09. Error Messages/ERR-1105D Unable to begin a new update statement__22642969.md	22642969	path; body_chars; word_count	matched	No manifest edit required; metadata already matches current Markdown.	4470	4470	622	622	none	Path normalized by stripping manifest export prefix altibase_docs_md/; source path resolves.
FAQE/Home/09. Error Messages/ERR-11075 The transaction has exceeded the lock timeout specified by the user__16876388.md	16876388	path; body_chars; word_count	matched	No manifest edit required; metadata already matches current Markdown.	9733	9733	1266	1266	none	Path normalized by stripping manifest export prefix altibase_docs_md/; source path resolves.
FAQE/Home/09. Error Messages/ERR-11118 ( 69912) The update log size '_' is bigger than TRX_UPDATE_MAX_LOGSIZE '_'__16876399.md	16876399	path; body_chars; word_count	matched	No manifest edit required; metadata already matches current Markdown.	9938	9938	1309	1309	none	Path normalized by stripping manifest export prefix altibase_docs_md/; source path resolves.
FAQE/Home/09. Error Messages/ERR-11183 ( 70019) Insufficient page descriptor area in the temp table__16876409.md	16876409	path; body_chars; word_count	matched	No manifest edit required; metadata already matches current Markdown.	10539	10539	1335	1335	none	Path normalized by stripping manifest export prefix altibase_docs_md/; source path resolves.
FAQE/Home/09. Error Messages/ERR-11184 ( 70020) Insufficient free space in work area__16876418.md	16876418	path; body_chars; word_count	matched	No manifest edit required; metadata already matches current Markdown.	4419	4419	585	585	none	Path normalized by stripping manifest export prefix altibase_docs_md/; source path resolves.
FAQE/Home/09. Error Messages/ERR-21010 Value overflow__16876422.md	16876422	path; body_chars; word_count	matched	No manifest edit required; metadata already matches current Markdown.	2207	2207	271	271	none	Path normalized by stripping manifest export prefix altibase_docs_md/; source path resolves.
FAQE/Home/09. Error Messages/ERR-21011 _ Invalid literal__16876425.md	16876425	path; body_chars; word_count	matched	No manifest edit required; metadata already matches current Markdown.	3121	3121	462	462	none	Path normalized by stripping manifest export prefix altibase_docs_md/; source path resolves.
FAQE/Home/09. Error Messages/ERR-311E0 The estimated size of the index key exceeds the maximum limit__16876328.md	16876328	path; body_chars; word_count	matched	No manifest edit required; metadata already matches current Markdown.	3089	3089	444	444	none	Path normalized by stripping manifest export prefix altibase_docs_md/; source path resolves.
FAQE/Home/09. Error Messages/ERR-31283 Unable to create a primary key or a unique key constraint in the local non-prefixed index__16876430.md	16876430	path; body_chars; word_count	matched	No manifest edit required; metadata already matches current Markdown.	9251	9251	970	970	none	Path normalized by stripping manifest export prefix altibase_docs_md/; source path resolves.
FAQE/Home/09. Error Messages/ERR-4103C (266300) Request of fetching data to an unprepared SQL statement__16876347.md	16876347	path; body_chars; word_count	matched	No manifest edit required; metadata already matches current Markdown.	10610	10610	1386	1386	none	Path normalized by stripping manifest export prefix altibase_docs_md/; source path resolves.
FAQE/Home/09. Error Messages/ERR-41059 ( 266329) Task pool overflow. Check properties__16876433.md	16876433	path; body_chars; word_count	matched	No manifest edit required; metadata already matches current Markdown.	12830	12830	1687	1687	none	Path normalized by stripping manifest export prefix altibase_docs_md/; source path resolves.
FAQE/Home/09. Error Messages/ERR-4109C Invalid session property__22642975.md	22642975	path; body_chars; word_count	matched	No manifest edit required; metadata already matches current Markdown.	7339	7339	812	812	none	Path normalized by stripping manifest export prefix altibase_docs_md/; source path resolves.
FAQE/Home/09. Error Messages/ERR-410D2 (266450) Fetch out of sequence__16876332.md	16876332	path; body_chars; word_count	matched	No manifest edit required; metadata already matches current Markdown.	11183	11183	1505	1505	none	Path normalized by stripping manifest export prefix altibase_docs_md/; source path resolves.
FAQE/Home/09. Error Messages/ERR-5102E ( 331822) Invalid cursor state__16876356.md	16876356	path; body_chars; word_count	matched	No manifest edit required; metadata already matches current Markdown.	4761	4761	664	664	none	Path normalized by stripping manifest export prefix altibase_docs_md/; source path resolves.
FAQE/Home/09. Error Messages/ERR-71018 ( 462872) Failed to invoke a system function, read() or Failed to invoke the read() system function__16876441.md	16876441	path; body_chars; word_count	matched	No manifest edit required; metadata already matches current Markdown.	5879	5879	676	676	none	Path normalized by stripping manifest export prefix altibase_docs_md/; source path resolves.
FAQE/Home/09. Error Messages/ERR-71019(errno=104) Failed to invoke a system function, write()__16876443.md	16876443	path; body_chars; word_count	matched	No manifest edit required; metadata already matches current Markdown.	973	973	92	92	none	Path normalized by stripping manifest export prefix altibase_docs_md/; source path resolves.
FAQE/Home/09. Error Messages/ERR-7101D ( 462877) Protocol header error__16876373.md	16876373	path; body_chars; word_count	matched	No manifest edit required; metadata already matches current Markdown.	4765	4765	629	629	none	Path normalized by stripping manifest export prefix altibase_docs_md/; source path resolves.
FAQE/Home/09. Error Messages/ERR-91015 ( 593941) Communication failure__22642976.md	22642976	path; body_chars; word_count	matched	No manifest edit required; metadata already matches current Markdown.	8158	8158	910	910	none	Path normalized by stripping manifest export prefix altibase_docs_md/; source path resolves.
FAQE/Home/09. Error Messages/How to check the 8-digit errorcode of altibase_qp.log__16876313.md	16876313	path; body_chars; word_count	matched	No manifest edit required; metadata already matches current Markdown.	2767	2767	376	376	none	Path normalized by stripping manifest export prefix altibase_docs_md/; source path resolves.
FAQE/Home/09. Error Messages/Not found data__16876451.md	16876451	path; body_chars; word_count	matched	No manifest edit required; metadata already matches current Markdown.	9784	9784	1360	1360	none	Path normalized by stripping manifest export prefix altibase_docs_md/; source path resolves.
FAQE/Home/09. Error Messages/[Notify _ Fetch Timeout] Session Closed by Server__16876301.md	16876301	path; body_chars; word_count	matched	No manifest edit required; metadata already matches current Markdown.	17790	17790	1882	1882	none	Path normalized by stripping manifest export prefix altibase_docs_md/; source path resolves.
FAQE/Home/09. Error Messages/[Warning] Memory allocation failed__16876308.md	16876308	path; body_chars; word_count	matched	No manifest edit required; metadata already matches current Markdown.	3487	3487	415	415	none	Path normalized by stripping manifest export prefix altibase_docs_md/; source path resolves.
FAQE/Home/09. Error Messages/altibase_boot.log - TRY_COUNT, LOCK_COUNT, MISS_COUNT__22642967.md	22642967	path; body_chars; word_count	matched	No manifest edit required; metadata already matches current Markdown.	4679	4679	393	393	none	Path normalized by stripping manifest export prefix altibase_docs_md/; source path resolves.
FAQE/Home/09. Error Messages/tablespace does not have enough free space error__16876454.md	16876454	path; body_chars; word_count	matched	No manifest edit required; metadata already matches current Markdown.	1848	1848	207	207	none	Path normalized by stripping manifest export prefix altibase_docs_md/; source path resolves.
FAQE/Home/11. Utilities/AdminCenter2 execution file__16876465.md	16876465	path; body_chars; word_count	matched	No manifest edit required; metadata already matches current Markdown.	1569	1569	159	159	none	Path normalized by stripping manifest export prefix altibase_docs_md/; source path resolves.
FAQE/Home/11. Utilities/iLoader/An error occurs when uploading a DOS format data file to iloader__16876469.md	16876469	path; body_chars; word_count	matched	No manifest edit required; metadata already matches current Markdown.	3717	3717	447	447	none	Path normalized by stripping manifest export prefix altibase_docs_md/; source path resolves.
FAQE/Home/12. Others/Building a Large-Scale DRDB Index__22642978.md	22642978	path; body_chars; word_count	matched	No manifest edit required; metadata already matches current Markdown.	3392	3392	448	448	none	Path normalized by stripping manifest export prefix altibase_docs_md/; source path resolves.
FAQE/Home/12. Others/Thread process debugging method__16876474.md	16876474	path; body_chars; word_count	matched	No manifest edit required; metadata already matches current Markdown.	6093	6093	837	837	none	Path normalized by stripping manifest export prefix altibase_docs_md/; source path resolves.
FAQE/Home/13. General/The entire database exists in memory. Is there any problem with the safety of the data__22642980.md	22642980	path; body_chars; word_count	matched	No manifest edit required; metadata already matches current Markdown.	3356	3356	446	446	none	Path normalized by stripping manifest export prefix altibase_docs_md/; source path resolves.
FAQE/Home/13. General/What interface does Altibase provide__22642982.md	22642982	path; body_chars; word_count	matched	No manifest edit required; metadata already matches current Markdown.	3860	3860	528	528	none	Path normalized by stripping manifest export prefix altibase_docs_md/; source path resolves.
FAQE/Home/13. General/What is the biggest difference between Altibase and disk-based DBMS__16876485.md	16876485	path; body_chars; word_count	matched	No manifest edit required; metadata already matches current Markdown.	2572	2572	251	251	none	Path normalized by stripping manifest export prefix altibase_docs_md/; source path resolves.
FAQE/Home/ALTIBASE HDB Administration/How to terminate a session__1802689.md	1802689	path; body_chars; word_count	matched	No manifest edit required; metadata already matches current Markdown.	2562	2562	307	307	none	Path normalized by stripping manifest export prefix altibase_docs_md/; source path resolves.
FAQE/Home/ALTIBASE HDB Administration/Useful SQL/Miscellaneous queries__1802687.md	1802687	path; body_chars; word_count	matched	No manifest edit required; metadata already matches current Markdown.	7573	7573	962	962	none	Path normalized by stripping manifest export prefix altibase_docs_md/; source path resolves.
FAQE/Home/ALTIBASE HDB Administration/Useful SQL/SQL about Objects__1802681.md	1802681	path; body_chars; word_count	matched	No manifest edit required; metadata already matches current Markdown.	19986	19986	2381	2381	none	Path normalized by stripping manifest export prefix altibase_docs_md/; source path resolves.
FAQE/Home/ALTIBASE HDB Administration/Useful SQL/SQL about Replication__1802683.md	1802683	path; body_chars; word_count	matched	No manifest edit required; metadata already matches current Markdown.	5020	5020	664	664	none	Path normalized by stripping manifest export prefix altibase_docs_md/; source path resolves.
FAQE/Home/ALTIBASE HDB Administration/Useful SQL/SQL about Sessions__1802677.md	1802677	path; body_chars; word_count	matched	No manifest edit required; metadata already matches current Markdown.	5228	5228	618	618	none	Path normalized by stripping manifest export prefix altibase_docs_md/; source path resolves.
FAQE/Home/ALTIBASE HDB Administration/Useful SQL/SQL about Statements__1802679.md	1802679	path; body_chars; word_count	matched	No manifest edit required; metadata already matches current Markdown.	8225	8225	1070	1070	none	Path normalized by stripping manifest export prefix altibase_docs_md/; source path resolves.
FAQE/Home/ALTIBASE HDB Administration/Useful SQL/SQL about Tablespaces__1802685.md	1802685	path; body_chars; word_count	matched	No manifest edit required; metadata already matches current Markdown.	8546	8546	953	953	none	Path normalized by stripping manifest export prefix altibase_docs_md/; source path resolves.
FAQE/Home/ALTIBASE HDB Architecture/ALTIBASE HDB Architecture Overview__2983417.md	2983417	path; body_chars; word_count	matched	No manifest edit required; metadata already matches current Markdown.	661	661	36	36	none	Path normalized by stripping manifest export prefix altibase_docs_md/; source path resolves.
FAQE/Home/ALTIBASE HDB Architecture/How a query is executed in ALTIBASE HDB__1802795.md	1802795	path; body_chars; word_count	matched	No manifest edit required; metadata already matches current Markdown.	1783	1783	245	245	none	Path normalized by stripping manifest export prefix altibase_docs_md/; source path resolves.
FAQE/Home/ALTIBASE HDB Architecture/Transaction Durability in ALTIBASE HDB__2558087.md	2558087	path; body_chars; word_count	matched	No manifest edit required; metadata already matches current Markdown.	8403	8403	1302	1302	none	Path normalized by stripping manifest export prefix altibase_docs_md/; source path resolves.
FAQE/Home/ALTIBASE HDB Performance Tuning/Performance diagnostics for ALTIBASE HDB/1. Application side diagnostics__1802808.md	1802808	path; body_chars; word_count	matched	No manifest edit required; metadata already matches current Markdown.	5185	5185	724	724	none	Path normalized by stripping manifest export prefix altibase_docs_md/; source path resolves.
FAQE/Home/ALTIBASE HDB Performance Tuning/Performance diagnostics for ALTIBASE HDB/2. Database side diagnostics__1802812.md	1802812	path; body_chars; word_count	matched	No manifest edit required; metadata already matches current Markdown.	11802	11802	1763	1763	none	Path normalized by stripping manifest export prefix altibase_docs_md/; source path resolves.
FAQE/Home/ALTIBASE HDB Performance Tuning/Performance diagnostics for ALTIBASE HDB/3. System side diagnostics__1802815.md	1802815	path; body_chars; word_count	matched	No manifest edit required; metadata already matches current Markdown.	4926	4926	768	768	none	Path normalized by stripping manifest export prefix altibase_docs_md/; source path resolves.
FAQE/Home/ALTIBASE HDB Performance Tuning/Performance diagnostics for ALTIBASE HDB__1802804.md	1802804	path; body_chars; word_count	matched	No manifest edit required; metadata already matches current Markdown.	1344	1344	115	115	none	Path normalized by stripping manifest export prefix altibase_docs_md/; source path resolves.
FAQE/Home/ALTIBASE HDB Replication/How to resolve a replication conflict__1802562.md	1802562	path; body_chars; word_count	matched	No manifest edit required; metadata already matches current Markdown.	6460	6460	853	853	none	Path normalized by stripping manifest export prefix altibase_docs_md/; source path resolves.
FAQE/Home/ALTIBASE HDB Replication/Replication Overview__1802501.md	1802501	path; body_chars; word_count	matched	No manifest edit required; metadata already matches current Markdown.	7848	7848	1197	1197	none	Path normalized by stripping manifest export prefix altibase_docs_md/; source path resolves.
FAQE/Home/ALTIBASE HDB Replication/What is Offline Replicator__1803108.md	1803108	path; body_chars; word_count	matched	No manifest edit required; metadata already matches current Markdown.	2012	2012	262	262	none	Path normalized by stripping manifest export prefix altibase_docs_md/; source path resolves.
FAQE/Home/ALTIBASE HDB Replication/What is a Replication Conflict__1802533.md	1802533	path; body_chars; word_count	matched	No manifest edit required; metadata already matches current Markdown.	3147	3147	414	414	none	Path normalized by stripping manifest export prefix altibase_docs_md/; source path resolves.
FAQE/Home/ALTIBASE HDB Troubleshooting/A transaction exceeds lock timeout value specified by user__2130190.md	2130190	path; body_chars; word_count	matched	No manifest edit required; metadata already matches current Markdown.	2138	2138	252	252	none	Path normalized by stripping manifest export prefix altibase_docs_md/; source path resolves.
FAQE/Home/ALTIBASE HDB Troubleshooting/A user tablespace does not have enough free space__2130199.md	2130199	path; body_chars; word_count	matched	No manifest edit required; metadata already matches current Markdown.	2107	2107	271	271	none	Path normalized by stripping manifest export prefix altibase_docs_md/; source path resolves.
FAQE/Home/ALTIBASE HDB Troubleshooting/Cannot insert new records after deleting bulk records/1. Test case with ALTIBASE HDB 5.3.3__2558084.md	2558084	path; body_chars; word_count	matched	No manifest edit required; metadata already matches current Markdown.	4463	4463	499	499	none	Path normalized by stripping manifest export prefix altibase_docs_md/; source path resolves.
FAQE/Home/ALTIBASE HDB Troubleshooting/Cannot insert new records after deleting bulk records/2. How did we determine that the cause of the problem is the Index Segment__2558186.md	2558186	path; body_chars; word_count	matched	No manifest edit required; metadata already matches current Markdown.	3011	3011	288	288	none	Path normalized by stripping manifest export prefix altibase_docs_md/; source path resolves.
FAQE/Home/ALTIBASE HDB Troubleshooting/Cannot insert new records after deleting bulk records/3. How to avoid the problem by seperating Tablespaces__2558192.md	2558192	path; body_chars; word_count	matched	No manifest edit required; metadata already matches current Markdown.	11779	11779	1298	1298	none	Path normalized by stripping manifest export prefix altibase_docs_md/; source path resolves.
FAQE/Home/ALTIBASE HDB Troubleshooting/Cannot insert new records after deleting bulk records__2557870.md	2557870	path; body_chars; word_count	matched	No manifest edit required; metadata already matches current Markdown.	5800	5800	928	928	none	Path normalized by stripping manifest export prefix altibase_docs_md/; source path resolves.
FAQE/Home/ALTIBASE HDB Troubleshooting/Information required to diagnose ALTIBASE HDB problems__1802800.md	1802800	path; body_chars; word_count	matched	No manifest edit required; metadata already matches current Markdown.	5757	5757	767	767	none	Path normalized by stripping manifest export prefix altibase_docs_md/; source path resolves.
FAQE/Home/ALTIBASE HDB Troubleshooting/Performance degradation issue when upgrading AIX OS to 6.1__2984400.md	2984400	path; body_chars; word_count	matched	No manifest edit required; metadata already matches current Markdown.	2871	2871	281	281	none	Path normalized by stripping manifest export prefix altibase_docs_md/; source path resolves.
FAQE/Home/ALTIBASE HDB Troubleshooting/The number of logfiles grows rapidly__1802691.md	1802691	path; body_chars; word_count	matched	No manifest edit required; metadata already matches current Markdown.	9649	9649	1199	1199	none	Path normalized by stripping manifest export prefix altibase_docs_md/; source path resolves.
FAQE/Home/Altibase Error Messages/ERR-0001c Unable to shutdown the communication channel__7340235.md	7340235	path; body_chars; word_count	matched	No manifest edit required; metadata already matches current Markdown.	1397	1397	127	127	none	Path normalized by stripping manifest export prefix altibase_docs_md/; source path resolves.
FAQE/Home/Altibase Error Messages/ERR-01002 Invalid character in use__7340276.md	7340276	path; body_chars; word_count	matched	No manifest edit required; metadata already matches current Markdown.	1441	1441	159	159	none	Path normalized by stripping manifest export prefix altibase_docs_md/; source path resolves.
FAQE/Home/Altibase Error Messages/ERR-01027 No more IPC channel__7340237.md	7340237	path; body_chars; word_count	matched	No manifest edit required; metadata already matches current Markdown.	951	951	82	82	none	Path normalized by stripping manifest export prefix altibase_docs_md/; source path resolves.
FAQE/Home/Altibase Error Messages/ERR-01044 Client's query exceeded in the execution time limitation__6979720.md	6979720	path; body_chars; word_count	matched	No manifest edit required; metadata already matches current Markdown.	2268	2268	248	248	none	Path normalized by stripping manifest export prefix altibase_docs_md/; source path resolves.
FAQE/Home/Altibase Error Messages/ERR-0104E The property XXX is read-only__7340662.md	7340662	path; body_chars; word_count	matched	No manifest edit required; metadata already matches current Markdown.	1170	1170	103	103	none	Path normalized by stripping manifest export prefix altibase_docs_md/; source path resolves.
FAQE/Home/Altibase Error Messages/ERR-01050 License File does not exist__6979815.md	6979815	path; body_chars; word_count	matched	No manifest edit required; metadata already matches current Markdown.	992	992	82	82	none	Path normalized by stripping manifest export prefix altibase_docs_md/; source path resolves.
FAQE/Home/Altibase Error Messages/ERR-01067 The memory size allocated for the statement has exceeded the maximum limit__6979765.md	6979765	path; body_chars; word_count	matched	No manifest edit required; metadata already matches current Markdown.	2445	2445	208	208	none	Path normalized by stripping manifest export prefix altibase_docs_md/; source path resolves.
FAQE/Home/Altibase Error Messages/ERR-0106B The session has been disconnected by the client__6979739.md	6979739	path; body_chars; word_count	matched	No manifest edit required; metadata already matches current Markdown.	1151	1151	87	87	none	Path normalized by stripping manifest export prefix altibase_docs_md/; source path resolves.
FAQE/Home/Altibase Error Messages/ERR-0108D License invalid or expired__6979817.md	6979817	path; body_chars; word_count	matched	No manifest edit required; metadata already matches current Markdown.	971	971	82	82	none	Path normalized by stripping manifest export prefix altibase_docs_md/; source path resolves.
FAQE/Home/Altibase Error Messages/ERR-0109D Insufficient memory__6979800.md	6979800	path; body_chars; word_count	matched	No manifest edit required; metadata already matches current Markdown.	4635	4635	598	598	none	Path normalized by stripping manifest export prefix altibase_docs_md/; source path resolves.
FAQE/Home/Altibase Error Messages/ERR-0109F Library file for external procedure(function) not found__6980119.md	6980119	path; body_chars; word_count	matched	No manifest edit required; metadata already matches current Markdown.	1289	1289	95	95	none	Path normalized by stripping manifest export prefix altibase_docs_md/; source path resolves.
FAQE/Home/Altibase Error Messages/ERR-1051 Memory allocation failed__6980122.md	6980122	path; body_chars; word_count	matched	No manifest edit required; metadata already matches current Markdown.	945	945	74	74	none	Path normalized by stripping manifest export prefix altibase_docs_md/; source path resolves.
FAQE/Home/Altibase Error Messages/ERR-11009 Failed to invoke a system function, shmat()__7340315.md	7340315	path; body_chars; word_count	matched	No manifest edit required; metadata already matches current Markdown.	1392	1392	147	147	none	Path normalized by stripping manifest export prefix altibase_docs_md/; source path resolves.
FAQE/Home/Altibase Error Messages/ERR-11025 The data file already exists__6980129.md	6980129	path; body_chars; word_count	matched	No manifest edit required; metadata already matches current Markdown.	1165	1165	111	111	none	Path normalized by stripping manifest export prefix altibase_docs_md/; source path resolves.
FAQE/Home/Altibase Error Messages/ERR-11027 The data file does not exist__7340037.md	7340037	path; body_chars; word_count	matched	No manifest edit required; metadata already matches current Markdown.	1118	1118	110	110	none	Path normalized by stripping manifest export prefix altibase_docs_md/; source path resolves.
FAQE/Home/Altibase Error Messages/ERR-1102A Tablespace node not found__11207177.md	11207177	path; body_chars; word_count	matched	No manifest edit required; metadata already matches current Markdown.	1014	1014	94	94	none	Path normalized by stripping manifest export prefix altibase_docs_md/; source path resolves.
FAQE/Home/Altibase Error Messages/ERR-11030 The data file cannot be extended because the requested size is bigger than the maximum size (262144 pages)__6979787.md	6979787	path; body_chars; word_count	matched	No manifest edit required; metadata already matches current Markdown.	2958	2958	272	272	none	Path normalized by stripping manifest export prefix altibase_docs_md/; source path resolves.
FAQE/Home/Altibase Error Messages/ERR-11035 The tablespace does not have enough free space__7340049.md	7340049	path; body_chars; word_count	matched	No manifest edit required; metadata already matches current Markdown.	1170	1170	94	94	none	Path normalized by stripping manifest export prefix altibase_docs_md/; source path resolves.
FAQE/Home/Altibase Error Messages/ERR-11036 The data file is in use__6979796.md	6979796	path; body_chars; word_count	matched	No manifest edit required; metadata already matches current Markdown.	1916	1916	244	244	none	Path normalized by stripping manifest export prefix altibase_docs_md/; source path resolves.
FAQE/Home/Altibase Error Messages/ERR-11041 A deadlock situation has been detected__6979819.md	6979819	path; body_chars; word_count	matched	No manifest edit required; metadata already matches current Markdown.	1354	1354	132	132	none	Path normalized by stripping manifest export prefix altibase_docs_md/; source path resolves.
FAQE/Home/Altibase Error Messages/ERR-11049 Too many pages were allocated__6979809.md	6979809	path; body_chars; word_count	matched	No manifest edit required; metadata already matches current Markdown.	1465	1465	159	159	none	Path normalized by stripping manifest export prefix altibase_docs_md/; source path resolves.
FAQE/Home/Altibase Error Messages/ERR-11058 The row already exists in a unique index__6979811.md	6979811	path; body_chars; word_count	matched	No manifest edit required; metadata already matches current Markdown.	1085	1085	90	90	none	Path normalized by stripping manifest export prefix altibase_docs_md/; source path resolves.
FAQE/Home/Altibase Error Messages/ERR-1105D Unable to begin a new update statement__6979825.md	6979825	path; body_chars; word_count	matched	No manifest edit required; metadata already matches current Markdown.	3817	3817	523	523	none	Path normalized by stripping manifest export prefix altibase_docs_md/; source path resolves.
FAQE/Home/Altibase Error Messages/ERR-11075 The transaction has exceeded the lock timeout specified by the user__6979715.md	6979715	path; body_chars; word_count	matched	No manifest edit required; metadata already matches current Markdown.	10291	10291	1457	1457	none	Path normalized by stripping manifest export prefix altibase_docs_md/; source path resolves.
FAQE/Home/Altibase Error Messages/ERR-11098 smERR_ABORT_BackupLogMode cannot be executed in no archive log mode__6980107.md	6980107	path; body_chars; word_count	matched	No manifest edit required; metadata already matches current Markdown.	2123	2123	203	203	none	Path normalized by stripping manifest export prefix altibase_docs_md/; source path resolves.
FAQE/Home/Altibase Error Messages/ERR-110AA Duplicate tablespace names__6980117.md	6980117	path; body_chars; word_count	matched	No manifest edit required; metadata already matches current Markdown.	1291	1291	112	112	none	Path normalized by stripping manifest export prefix altibase_docs_md/; source path resolves.
FAQE/Home/Altibase Error Messages/ERR-110F0 Unable to extend the tablespace (SYS_TBS_MEM_DIC) because the database would be larger than MEM_MAX_DB_SIZE(12__7340747.md	7340747	path; body_chars; word_count	matched	No manifest edit required; metadata already matches current Markdown.	4965	4965	583	583	none	Path normalized by stripping manifest export prefix altibase_docs_md/; source path resolves.
FAQE/Home/Altibase Error Messages/ERR-11107 smERR_ABORT_UNABLE_TO_CREATE_CUZ_VOL_MAX_DB_SIZE Unable to create the tablespace because the database would be__7340317.md	7340317	path; body_chars; word_count	matched	No manifest edit required; metadata already matches current Markdown.	2053	2053	142	142	none	Path normalized by stripping manifest export prefix altibase_docs_md/; source path resolves.
FAQE/Home/Altibase Error Messages/ERR-11118 The update log size '...' is bigger than TRX_UPDATE_MAX_LOGSIZE '...'__7340281.md	7340281	path; body_chars; word_count	matched	No manifest edit required; metadata already matches current Markdown.	2019	2019	229	229	none	Path normalized by stripping manifest export prefix altibase_docs_md/; source path resolves.
FAQE/Home/Altibase Error Messages/ERR-11118 The update log size '10485760' is bigger than TRX_UPDATE_MAX_LOGSIZE__6979741.md	6979741	path; body_chars; word_count	matched	No manifest edit required; metadata already matches current Markdown.	2493	2493	270	270	none	Path normalized by stripping manifest export prefix altibase_docs_md/; source path resolves.
FAQE/Home/Altibase Error Messages/ERR-11123 The tablespace does not have enough free space__6979770.md	6979770	path; body_chars; word_count	matched	No manifest edit required; metadata already matches current Markdown.	1579	1579	157	157	none	Path normalized by stripping manifest export prefix altibase_docs_md/; source path resolves.
FAQE/Home/Altibase Error Messages/ERR-11136 The LogAnchor file already exists__7340099.md	7340099	path; body_chars; word_count	matched	No manifest edit required; metadata already matches current Markdown.	1370	1370	136	136	none	Path normalized by stripping manifest export prefix altibase_docs_md/; source path resolves.
FAQE/Home/Altibase Error Messages/ERR-135181 Invalid data type length__7340105.md	7340105	path; body_chars; word_count	matched	No manifest edit required; metadata already matches current Markdown.	1067	1067	98	98	none	Path normalized by stripping manifest export prefix altibase_docs_md/; source path resolves.
FAQE/Home/Altibase Error Messages/ERR-201436 The number of host variables exceed the maximum limit (1024)__6979839.md	6979839	path; body_chars; word_count	matched	No manifest edit required; metadata already matches current Markdown.	1677	1677	184	184	none	Path normalized by stripping manifest export prefix altibase_docs_md/; source path resolves.
FAQE/Home/Altibase Error Messages/ERR-2100D Invalid length of the data type__6979821.md	6979821	path; body_chars; word_count	matched	No manifest edit required; metadata already matches current Markdown.	1385	1385	152	152	none	Path normalized by stripping manifest export prefix altibase_docs_md/; source path resolves.
FAQE/Home/Altibase Error Messages/ERR-21010 Value overflow__6979763.md	6979763	path; body_chars; word_count	matched	No manifest edit required; metadata already matches current Markdown.	1959	1959	241	241	none	Path normalized by stripping manifest export prefix altibase_docs_md/; source path resolves.
FAQE/Home/Altibase Error Messages/ERR-21011 Invalid literal__6979802.md	6979802	path; body_chars; word_count	matched	No manifest edit required; metadata already matches current Markdown.	924	924	87	87	none	Path normalized by stripping manifest export prefix altibase_docs_md/; source path resolves.
FAQE/Home/Altibase Error Messages/ERR-21013 Calculation stack overflow__6979710.md	6979710	path; body_chars; word_count	matched	No manifest edit required; metadata already matches current Markdown.	1737	1737	202	202	none	Path normalized by stripping manifest export prefix altibase_docs_md/; source path resolves.
FAQE/Home/Altibase Error Messages/ERR-266300 Request of fetching data to an unprepared SQL statement__7340131.md	7340131	path; body_chars; word_count	matched	No manifest edit required; metadata already matches current Markdown.	1688	1688	162	162	none	Path normalized by stripping manifest export prefix altibase_docs_md/; source path resolves.
FAQE/Home/Altibase Error Messages/ERR-266447 mmERR_ABORT_TOO_MANY_STATEMENTS_IN_THE_SESSION__7340133.md	7340133	path; body_chars; word_count	matched	No manifest edit required; metadata already matches current Markdown.	1278	1278	86	86	none	Path normalized by stripping manifest export prefix altibase_docs_md/; source path resolves.
FAQE/Home/Altibase Error Messages/ERR-31020 You cannot execute DDL on a replicated table__7340135.md	7340135	path; body_chars; word_count	matched	No manifest edit required; metadata already matches current Markdown.	1424	1424	140	140	none	Path normalized by stripping manifest export prefix altibase_docs_md/; source path resolves.
FAQE/Home/Altibase Error Messages/ERR-3103F No DDL statement is allowed to be executed on a replicated table__7340137.md	7340137	path; body_chars; word_count	matched	No manifest edit required; metadata already matches current Markdown.	2938	2938	367	367	none	Path normalized by stripping manifest export prefix altibase_docs_md/; source path resolves.
FAQE/Home/Altibase Error Messages/ERR-31088 A replicated table must have a primary key__6979805.md	6979805	path; body_chars; word_count	matched	No manifest edit required; metadata already matches current Markdown.	1350	1350	133	133	none	Path normalized by stripping manifest export prefix altibase_docs_md/; source path resolves.
FAQE/Home/Altibase Error Messages/ERR-3109F REPL sender failure to handshake with peer server__6979813.md	6979813	path; body_chars; word_count	matched	No manifest edit required; metadata already matches current Markdown.	1301	1301	108	108	none	Path normalized by stripping manifest export prefix altibase_docs_md/; source path resolves.
FAQE/Home/Altibase Error Messages/ERR-311B1 The user must have SYSDBA privilege(s) to execute this statement__7340144.md	7340144	path; body_chars; word_count	matched	No manifest edit required; metadata already matches current Markdown.	1393	1393	106	106	none	Path normalized by stripping manifest export prefix altibase_docs_md/; source path resolves.
FAQE/Home/Altibase Error Messages/ERR-311E0 The estimated size of the index key exceeds the maximum limit__6979717.md	6979717	path; body_chars; word_count	matched	No manifest edit required; metadata already matches current Markdown.	3275	3275	447	447	none	Path normalized by stripping manifest export prefix altibase_docs_md/; source path resolves.
FAQE/Home/Altibase Error Messages/ERR-31233 The fixed record size exceeds the page size__7340252.md	7340252	path; body_chars; word_count	matched	No manifest edit required; metadata already matches current Markdown.	1696	1696	183	183	none	Path normalized by stripping manifest export prefix altibase_docs_md/; source path resolves.
FAQE/Home/Altibase Error Messages/ERR-31240 Invalid request to process SQL statement__7340268.md	7340268	path; body_chars; word_count	matched	No manifest edit required; metadata already matches current Markdown.	1483	1483	147	147	none	Path normalized by stripping manifest export prefix altibase_docs_md/; source path resolves.
FAQE/Home/Altibase Error Messages/ERR-31283 Unable to create a primary key or a unique key constraint in the local non-prefixed index__6979844.md	6979844	path; body_chars; word_count	matched	No manifest edit required; metadata already matches current Markdown.	9342	9342	958	958	none	Path normalized by stripping manifest export prefix altibase_docs_md/; source path resolves.
FAQE/Home/Altibase Error Messages/ERR-312C4 Cannot execute this DDL on a replicated table when the system property REPLICATION_DDL_ENABLE is 0__7340146.md	7340146	path; body_chars; word_count	matched	No manifest edit required; metadata already matches current Markdown.	3220	3220	372	372	none	Path normalized by stripping manifest export prefix altibase_docs_md/; source path resolves.
FAQE/Home/Altibase Error Messages/ERR-40029 Failed to invoke a system function, flock_trywrlock()__6979846.md	6979846	path; body_chars; word_count	matched	No manifest edit required; metadata already matches current Markdown.	1287	1287	107	107	none	Path normalized by stripping manifest export prefix altibase_docs_md/; source path resolves.
FAQE/Home/Altibase Error Messages/ERR-4102C Incompatible NLS between the client and the server__6979729.md	6979729	path; body_chars; word_count	matched	No manifest edit required; metadata already matches current Markdown.	2100	2100	181	181	none	Path normalized by stripping manifest export prefix altibase_docs_md/; source path resolves.
FAQE/Home/Altibase Error Messages/ERR-41041 Another SYSDBA session is already running__7340761.md	7340761	path; body_chars; word_count	matched	No manifest edit required; metadata already matches current Markdown.	1302	1302	119	119	none	Path normalized by stripping manifest export prefix altibase_docs_md/; source path resolves.
FAQE/Home/Altibase Error Messages/ERR-41047 The transaction is already active__6979774.md	6979774	path; body_chars; word_count	matched	No manifest edit required; metadata already matches current Markdown.	1309	1309	125	125	none	Path normalized by stripping manifest export prefix altibase_docs_md/; source path resolves.
FAQE/Home/Altibase Error Messages/ERR-41059 Task pool overflow__6979777.md	6979777	path; body_chars; word_count	matched	No manifest edit required; metadata already matches current Markdown.	1832	1832	220	220	none	Path normalized by stripping manifest export prefix altibase_docs_md/; source path resolves.
FAQE/Home/Altibase Error Messages/ERR-4105A Several statements still open__7340285.md	7340285	path; body_chars; word_count	matched	No manifest edit required; metadata already matches current Markdown.	1217	1217	120	120	none	Path normalized by stripping manifest export prefix altibase_docs_md/; source path resolves.
FAQE/Home/Altibase Error Messages/ERR-4109C invalid session property__6979790.md	6979790	path; body_chars; word_count	matched	No manifest edit required; metadata already matches current Markdown.	1296	1296	136	136	none	Path normalized by stripping manifest export prefix altibase_docs_md/; source path resolves.
FAQE/Home/Altibase Error Messages/ERR-410B7 Invalid size of data to bind to a host variable Data Size__7340272.md	7340272	path; body_chars; word_count	matched	No manifest edit required; metadata already matches current Markdown.	1683	1683	175	175	none	Path normalized by stripping manifest export prefix altibase_docs_md/; source path resolves.
FAQE/Home/Altibase Error Messages/ERR-410CF Too many statements have been allocated to this session__6979761.md	6979761	path; body_chars; word_count	matched	No manifest edit required; metadata already matches current Markdown.	1434	1434	123	123	none	Path normalized by stripping manifest export prefix altibase_docs_md/; source path resolves.
FAQE/Home/Altibase Error Messages/ERR-410D5 Client unable to establish connection__6979736.md	6979736	path; body_chars; word_count	matched	No manifest edit required; metadata already matches current Markdown.	1456	1456	144	144	none	Path normalized by stripping manifest export prefix altibase_docs_md/; source path resolves.
FAQE/Home/Altibase Error Messages/ERR-51014 Function sequence error__7340763.md	7340763	path; body_chars; word_count	matched	No manifest edit required; metadata already matches current Markdown.	1338	1338	135	135	none	Path normalized by stripping manifest export prefix altibase_docs_md/; source path resolves.
FAQE/Home/Altibase Error Messages/ERR-51024 Different protocol versions__7340157.md	7340157	path; body_chars; word_count	matched	No manifest edit required; metadata already matches current Markdown.	1050	1050	87	87	none	Path normalized by stripping manifest export prefix altibase_docs_md/; source path resolves.
FAQE/Home/Altibase Error Messages/ERR-5102E Invalid cursor state__7340159.md	7340159	path; body_chars; word_count	matched	No manifest edit required; metadata already matches current Markdown.	1971	1971	251	251	none	Path normalized by stripping manifest export prefix altibase_docs_md/; source path resolves.
FAQE/Home/Altibase Error Messages/ERR-51039 Invalid Protocol__6979743.md	6979743	path; body_chars; word_count	matched	No manifest edit required; metadata already matches current Markdown.	952	952	83	83	none	Path normalized by stripping manifest export prefix altibase_docs_md/; source path resolves.
FAQE/Home/Altibase Error Messages/ERR-51041 Indicator variable required but not supplied__7340270.md	7340270	path; body_chars; word_count	matched	No manifest edit required; metadata already matches current Markdown.	1501	1501	144	144	none	Path normalized by stripping manifest export prefix altibase_docs_md/; source path resolves.
FAQE/Home/Altibase Error Messages/ERR-51043 Communication link failure__6979768.md	6979768	path; body_chars; word_count	matched	No manifest edit required; metadata already matches current Markdown.	1215	1215	114	114	none	Path normalized by stripping manifest export prefix altibase_docs_md/; source path resolves.
FAQE/Home/Altibase Error Messages/ERR-5104D Connection timeout__7340765.md	7340765	path; body_chars; word_count	matched	No manifest edit required; metadata already matches current Markdown.	992	992	87	87	none	Path normalized by stripping manifest export prefix altibase_docs_md/; source path resolves.
FAQE/Home/Altibase Error Messages/ERR-5104F Communication link failure__7340245.md	7340245	path; body_chars; word_count	matched	No manifest edit required; metadata already matches current Markdown.	1301	1301	130	130	none	Path normalized by stripping manifest export prefix altibase_docs_md/; source path resolves.
FAQE/Home/Altibase Error Messages/ERR-5105A The connection does not exist__7340243.md	7340243	path; body_chars; word_count	matched	No manifest edit required; metadata already matches current Markdown.	1301	1301	142	142	none	Path normalized by stripping manifest export prefix altibase_docs_md/; source path resolves.
FAQE/Home/Altibase Error Messages/ERR-51067 Neither PORT_NO in the connection string or ALTIBASE_PORT_NO environment variable are set__7340767.md	7340767	path; body_chars; word_count	matched	No manifest edit required; metadata already matches current Markdown.	1724	1724	128	128	none	Path normalized by stripping manifest export prefix altibase_docs_md/; source path resolves.
FAQE/Home/Altibase Error Messages/ERR-51192 The call to getaddrinfo() failed. The host name or service may be unknown__7340769.md	7340769	path; body_chars; word_count	matched	No manifest edit required; metadata already matches current Markdown.	1612	1612	138	138	none	Path normalized by stripping manifest export prefix altibase_docs_md/; source path resolves.
FAQE/Home/Altibase Error Messages/ERR-52027 String data right-truncated__7340167.md	7340167	path; body_chars; word_count	matched	No manifest edit required; metadata already matches current Markdown.	1376	1376	149	149	none	Path normalized by stripping manifest export prefix altibase_docs_md/; source path resolves.
FAQE/Home/Altibase Error Messages/ERR-61000 The received record was not found in the database__7340772.md	7340772	path; body_chars; word_count	matched	No manifest edit required; metadata already matches current Markdown.	1286	1286	112	112	none	Path normalized by stripping manifest export prefix altibase_docs_md/; source path resolves.
FAQE/Home/Altibase Error Messages/ERR-61001 A conflict occurred while executing the received statement__7340171.md	7340171	path; body_chars; word_count	matched	No manifest edit required; metadata already matches current Markdown.	1366	1366	108	108	none	Path normalized by stripping manifest export prefix altibase_docs_md/; source path resolves.
FAQE/Home/Altibase Error Messages/ERR-6100C rpERR_ABORT_RP_RECEIVER_NOT_FOUND The receiver does not exist__7340774.md	7340774	path; body_chars; word_count	matched	No manifest edit required; metadata already matches current Markdown.	1324	1324	89	89	none	Path normalized by stripping manifest export prefix altibase_docs_md/; source path resolves.
FAQE/Home/Altibase Error Messages/ERR-6100D Sender failed to handshake with the peer server__6979754.md	6979754	path; body_chars; word_count	matched	No manifest edit required; metadata already matches current Markdown.	1177	1177	93	93	none	Path normalized by stripping manifest export prefix altibase_docs_md/; source path resolves.
FAQE/Home/Altibase Error Messages/ERR-61016 rpERR_ABORT_RP_SENDER_MAKE_XLOG Sender Failed to make an xlog__7340206.md	7340206	path; body_chars; word_count	matched	No manifest edit required; metadata already matches current Markdown.	1834	1834	171	171	none	Path normalized by stripping manifest export prefix altibase_docs_md/; source path resolves.
FAQE/Home/Altibase Error Messages/ERR-61023 rpERR_ABORT_RP_REPLICATION_DISABLED Replication is disabled__7340208.md	7340208	path; body_chars; word_count	matched	No manifest edit required; metadata already matches current Markdown.	1444	1444	113	113	none	Path normalized by stripping manifest export prefix altibase_docs_md/; source path resolves.
FAQE/Home/Altibase Error Messages/ERR-61035 Receiver - An update conflict occurred__6979849.md	6979849	path; body_chars; word_count	matched	No manifest edit required; metadata already matches current Markdown.	1385	1385	131	131	none	Path normalized by stripping manifest export prefix altibase_docs_md/; source path resolves.
FAQE/Home/Altibase Error Messages/ERR-61036 Receiver err_not found in deleteXlog()__7340210.md	7340210	path; body_chars; word_count	matched	No manifest edit required; metadata already matches current Markdown.	1127	1127	98	98	none	Path normalized by stripping manifest export prefix altibase_docs_md/; source path resolves.
FAQE/Home/Altibase Error Messages/ERR-6103a Receiver err_not_found in updateXlog()__7340213.md	7340213	path; body_chars; word_count	matched	No manifest edit required; metadata already matches current Markdown.	1137	1137	96	96	none	Path normalized by stripping manifest export prefix altibase_docs_md/; source path resolves.
FAQE/Home/Altibase Error Messages/ERR-610CF The transaction table size of the replication does not match__7340217.md	7340217	path; body_chars; word_count	matched	No manifest edit required; metadata already matches current Markdown.	1616	1616	137	137	none	Path normalized by stripping manifest export prefix altibase_docs_md/; source path resolves.
FAQE/Home/Altibase Error Messages/ERR-610D2 The primary key column count of the replicated table does not match__7340220.md	7340220	path; body_chars; word_count	matched	No manifest edit required; metadata already matches current Markdown.	1354	1354	106	106	none	Path normalized by stripping manifest export prefix altibase_docs_md/; source path resolves.
FAQE/Home/Altibase Error Messages/ERR-610a0 Sender Stopping REP1 sender thread__7340215.md	7340215	path; body_chars; word_count	matched	No manifest edit required; metadata already matches current Markdown.	1220	1220	104	104	none	Path normalized by stripping manifest export prefix altibase_docs_md/; source path resolves.
FAQE/Home/Altibase Error Messages/ERR-61100 rpERR_ABORT_RPC_DUPLICATE_REPLICATION Duplicate replication names. The replication name already exists in the__6979851.md	6979851	path; body_chars; word_count	matched	No manifest edit required; metadata already matches current Markdown.	1672	1672	116	116	none	Path normalized by stripping manifest export prefix altibase_docs_md/; source path resolves.
FAQE/Home/Altibase Error Messages/ERR-61113 A replicated table must have a primary key__7340225.md	7340225	path; body_chars; word_count	matched	No manifest edit required; metadata already matches current Markdown.	1074	1074	94	94	none	Path normalized by stripping manifest export prefix altibase_docs_md/; source path resolves.
FAQE/Home/Altibase Error Messages/ERR-71015 cmERR_ABORT_SELECT_ERROR Failed to invoke the select() system function__7340227.md	7340227	path; body_chars; word_count	matched	No manifest edit required; metadata already matches current Markdown.	1566	1566	118	118	none	Path normalized by stripping manifest export prefix altibase_docs_md/; source path resolves.
FAQE/Home/Altibase Error Messages/ERR-71018 Failed to invoke the read() system function__6979756.md	6979756	path; body_chars; word_count	matched	No manifest edit required; metadata already matches current Markdown.	1364	1364	122	122	none	Path normalized by stripping manifest export prefix altibase_docs_md/; source path resolves.
FAQE/Home/Altibase Error Messages/ERR-71019 Failed to invoke the write() system function Flush protocol failed. Close connection__6979853.md	6979853	path; body_chars; word_count	matched	No manifest edit required; metadata already matches current Markdown.	1714	1714	139	139	none	Path normalized by stripping manifest export prefix altibase_docs_md/; source path resolves.
FAQE/Home/Altibase Error Messages/ERR-7101d Protocol header error__6979734.md	6979734	path; body_chars; word_count	matched	No manifest edit required; metadata already matches current Markdown.	4348	4348	595	595	none	Path normalized by stripping manifest export prefix altibase_docs_md/; source path resolves.
FAQE/Home/Altibase Error Messages/ERR-91013 The query was too long the maximum length is 65536__7340229.md	7340229	path; body_chars; word_count	matched	No manifest edit required; metadata already matches current Markdown.	1451	1451	137	137	none	Path normalized by stripping manifest export prefix altibase_docs_md/; source path resolves.
FAQE/Home/Altibase Error Messages/ERR-91020 No Connection State__6979855.md	6979855	path; body_chars; word_count	matched	No manifest edit required; metadata already matches current Markdown.	993	993	91	91	none	Path normalized by stripping manifest export prefix altibase_docs_md/; source path resolves.
FAQE/Home/Altibase Error Messages/ERR-9102B utERR_ABORT_Token_Value_Range_Error Token value length overflow. Maximum token length=0%d. Column =1%s, Value=__7340231.md	7340231	path; body_chars; word_count	matched	No manifest edit required; metadata already matches current Markdown.	1737	1737	133	133	none	Path normalized by stripping manifest export prefix altibase_docs_md/; source path resolves.
FAQE/Home/Altibase Error Messages/ERR-9103D Data parsing error - LineXXXX__6979857.md	6979857	path; body_chars; word_count	matched	No manifest edit required; metadata already matches current Markdown.	1630	1630	197	197	none	Path normalized by stripping manifest export prefix altibase_docs_md/; source path resolves.
FAQE/Home/Altibase Error Messages/ERR-91044 Error occurred during data file IO__7340233.md	7340233	path; body_chars; word_count	matched	No manifest edit required; metadata already matches current Markdown.	1155	1155	117	117	none	Path normalized by stripping manifest export prefix altibase_docs_md/; source path resolves.
FAQE/Home/Altibase Error Messages/ERR-A100C Conversion not applicable__7340250.md	7340250	path; body_chars; word_count	matched	No manifest edit required; metadata already matches current Markdown.	1139	1139	101	101	none	Path normalized by stripping manifest export prefix altibase_docs_md/; source path resolves.
FAQE/Home/Altibase Error Messages/ERR-A1013 Calculation stack overflow__7340247.md	7340247	path; body_chars; word_count	matched	No manifest edit required; metadata already matches current Markdown.	1311	1311	136	136	none	Path normalized by stripping manifest export prefix altibase_docs_md/; source path resolves.
FAQE/Home/Altibase Error Messages/make Cannot find a rule to create target connect1.o from dependencies__7340239.md	7340239	path; body_chars; word_count	matched	No manifest edit required; metadata already matches current Markdown.	1916	1916	216	216	none	Path normalized by stripping manifest export prefix altibase_docs_md/; source path resolves.
FAQE/Home/Altibase Error Messages__6979655.md	6979655	path; body_chars; word_count	matched	No manifest edit required; metadata already matches current Markdown.	553	553	55	55	none	Path normalized by stripping manifest export prefix altibase_docs_md/; source path resolves.
arch/Home/AIX Setup Guide for Altibase__14058298.md	14058298	path; body_chars; word_count	matched	No manifest edit required; metadata already matches current Markdown.	16897	16897	2653	2653	none	Path normalized by stripping manifest export prefix altibase_docs_md/; source path resolves.
arch/Home/APRE_C_C++ New Features & Upgrade Guide__22643052.md	22643052	path; body_chars; word_count	matched	No manifest edit required; metadata already matches current Markdown.	28239	28239	2224	2224	none	Path normalized by stripping manifest export prefix altibase_docs_md/; source path resolves.
arch/Home/Altibase APRE(SES) _C_C++ Makefile/How to make a basic Makefile__15630382.md	15630382	path; body_chars; word_count	matched	No manifest edit required; metadata already matches current Markdown.	17930	17930	2265	2265	none	Path normalized by stripping manifest export prefix altibase_docs_md/; source path resolves.
arch/Home/Altibase APRE(SES) _C_C++ Makefile/Makefile for AIX xlc__16252935.md	16252935	path; body_chars; word_count	matched	No manifest edit required; metadata already matches current Markdown.	9357	9357	1250	1250	none	Path normalized by stripping manifest export prefix altibase_docs_md/; source path resolves.
arch/Home/Altibase APRE(SES) _C_C++ Makefile/Makefile for HP acc__16449546.md	16449546	path; body_chars; word_count	matched	No manifest edit required; metadata already matches current Markdown.	4329	4329	575	575	none	Path normalized by stripping manifest export prefix altibase_docs_md/; source path resolves.
arch/Home/Altibase APRE(SES) _C_C++ Makefile/Makefile for Linux gcc__15630400.md	15630400	path; body_chars; word_count	matched	No manifest edit required; metadata already matches current Markdown.	3809	3809	489	489	none	Path normalized by stripping manifest export prefix altibase_docs_md/; source path resolves.
arch/Home/Altibase APRE(SES) _C_C++ Makefile/Makefile for SUN(Solaris) cc__16678920.md	16678920	path; body_chars; word_count	matched	No manifest edit required; metadata already matches current Markdown.	4974	4974	663	663	none	Path normalized by stripping manifest export prefix altibase_docs_md/; source path resolves.
arch/Home/Altibase APRE(SES) _C_C++ Makefile/Notes_Considerations__16678933.md	16678933	path; body_chars; word_count	matched	No manifest edit required; metadata already matches current Markdown.	1211	1211	155	155	none	Path normalized by stripping manifest export prefix altibase_docs_md/; source path resolves.
arch/Home/Altibase APRE(SES) _C_C++ Makefile__15630378.md	15630378	path; body_chars; word_count	matched	No manifest edit required; metadata already matches current Markdown.	1542	1542	197	197	none	Path normalized by stripping manifest export prefix altibase_docs_md/; source path resolves.
arch/Home/Altibase CPU Overload Analysis Guide/1. Routine Checklist__14647587.md	14647587	path; body_chars; word_count	matched	No manifest edit required; metadata already matches current Markdown.	4600	4600	660	660	none	Path normalized by stripping manifest export prefix altibase_docs_md/; source path resolves.
arch/Home/Altibase CPU Overload Analysis Guide/2. General Analysis Procedure__14647591.md	14647591	path; body_chars; word_count	matched	No manifest edit required; metadata already matches current Markdown.	5144	5144	697	697	none	Path normalized by stripping manifest export prefix altibase_docs_md/; source path resolves.
arch/Home/Altibase CPU Overload Analysis Guide/3. CPU Cost of Query Processing__14647598.md	14647598	path; body_chars; word_count	matched	No manifest edit required; metadata already matches current Markdown.	6264	6264	886	886	none	Path normalized by stripping manifest export prefix altibase_docs_md/; source path resolves.
arch/Home/Altibase CPU Overload Analysis Guide/4. CPU problems with other cases__14647606.md	14647606	path; body_chars; word_count	matched	No manifest edit required; metadata already matches current Markdown.	6593	6593	834	834	none	Path normalized by stripping manifest export prefix altibase_docs_md/; source path resolves.
arch/Home/Altibase CPU Overload Analysis Guide/5. Summary__14647615.md	14647615	path; body_chars; word_count	matched	No manifest edit required; metadata already matches current Markdown.	4237	4237	548	548	none	Path normalized by stripping manifest export prefix altibase_docs_md/; source path resolves.
arch/Home/Altibase CPU Overload Analysis Guide__14647581.md	14647581	path; body_chars; word_count	matched	No manifest edit required; metadata already matches current Markdown.	2194	2194	270	270	none	Path normalized by stripping manifest export prefix altibase_docs_md/; source path resolves.
arch/Home/Altibase Configuration File Guide__22642991.md	22642991	path; body_chars; word_count	matched	No manifest edit required; metadata already matches current Markdown.	17378	17378	2516	2516	none	Path normalized by stripping manifest export prefix altibase_docs_md/; source path resolves.
arch/Home/Altibase Data Migration Process Guide__22642994.md	22642994	path; body_chars; word_count	matched	No manifest edit required; metadata already matches current Markdown.	18486	18486	2439	2439	none	Path normalized by stripping manifest export prefix altibase_docs_md/; source path resolves.
arch/Home/Altibase Developer Training__22642996.md	22642996	path; body_chars; word_count	matched	No manifest edit required; metadata already matches current Markdown.	2064	2064	173	173	none	Path normalized by stripping manifest export prefix altibase_docs_md/; source path resolves.
arch/Home/Altibase Development Guide/1. Considerations when Designing__22642998.md	22642998	path; body_chars; word_count	matched	No manifest edit required; metadata already matches current Markdown.	13760	13760	1873	1873	none	Path normalized by stripping manifest export prefix altibase_docs_md/; source path resolves.
arch/Home/Altibase Development Guide/2. Considerations when Developing__14058531.md	14058531	path; body_chars; word_count	matched	No manifest edit required; metadata already matches current Markdown.	18170	18170	2598	2598	none	Path normalized by stripping manifest export prefix altibase_docs_md/; source path resolves.
arch/Home/Altibase Development Guide/3. Altibase Trace Logs__22643000.md	22643000	path; body_chars; word_count	matched	No manifest edit required; metadata already matches current Markdown.	15945	15945	2381	2381	none	Path normalized by stripping manifest export prefix altibase_docs_md/; source path resolves.
arch/Home/Altibase Development Guide/4. CLIENT APPLICATION Error Messages__14058547.md	14058547	path; body_chars; word_count	matched	No manifest edit required; metadata already matches current Markdown.	13572	13572	1936	1936	none	Path normalized by stripping manifest export prefix altibase_docs_md/; source path resolves.
arch/Home/Altibase Development Guide__14058519.md	14058519	path; body_chars; word_count	matched	No manifest edit required; metadata already matches current Markdown.	2735	2735	246	246	none	Path normalized by stripping manifest export prefix altibase_docs_md/; source path resolves.
arch/Home/Altibase Docker Guide/1. Overview of Docker__14647745.md	14647745	path; body_chars; word_count	matched	No manifest edit required; metadata already matches current Markdown.	2999	2999	291	291	none	Path normalized by stripping manifest export prefix altibase_docs_md/; source path resolves.
arch/Home/Altibase Docker Guide/2. Docker Installation__14647748.md	14647748	path; body_chars; word_count	matched	No manifest edit required; metadata already matches current Markdown.	1978	1978	223	223	none	Path normalized by stripping manifest export prefix altibase_docs_md/; source path resolves.
arch/Home/Altibase Docker Guide/3. Altibase Docker Image__14647754.md	14647754	path; body_chars; word_count	matched	No manifest edit required; metadata already matches current Markdown.	11664	11664	1204	1204	none	Path normalized by stripping manifest export prefix altibase_docs_md/; source path resolves.
arch/Home/Altibase Docker Guide/4. Creating Altibase Service Container__14647760.md	14647760	path; body_chars; word_count	matched	No manifest edit required; metadata already matches current Markdown.	14832	14832	1481	1481	none	Path normalized by stripping manifest export prefix altibase_docs_md/; source path resolves.
arch/Home/Altibase Docker Guide/5. Stopping_Deleting Altibase Service Container__14909445.md	14909445	path; body_chars; word_count	matched	No manifest edit required; metadata already matches current Markdown.	4791	4791	455	455	none	Path normalized by stripping manifest export prefix altibase_docs_md/; source path resolves.
arch/Home/Altibase Docker Guide__14647741.md	14647741	path; body_chars; word_count	matched	No manifest edit required; metadata already matches current Markdown.	1526	1526	188	188	none	Path normalized by stripping manifest export prefix altibase_docs_md/; source path resolves.
arch/Home/Altibase GeoServer Integration Guide__22643004.md	22643004	path; body_chars; word_count	matched	No manifest edit required; metadata already matches current Markdown.	12958	12958	1209	1209	none	Path normalized by stripping manifest export prefix altibase_docs_md/; source path resolves.
arch/Home/Altibase Installation Guide/1. Altibase HDB package installer__14647639.md	14647639	path; body_chars; word_count	matched	No manifest edit required; metadata already matches current Markdown.	6494	6494	808	808	none	Path normalized by stripping manifest export prefix altibase_docs_md/; source path resolves.
arch/Home/Altibase Installation Guide/2. Product Installation using the Package Installer__14647653.md	14647653	path; body_chars; word_count	matched	No manifest edit required; metadata already matches current Markdown.	18499	18499	2034	2034	none	Path normalized by stripping manifest export prefix altibase_docs_md/; source path resolves.
arch/Home/Altibase Installation Guide/3. License Key Request__14647666.md	14647666	path; body_chars; word_count	matched	No manifest edit required; metadata already matches current Markdown.	4245	4245	574	574	none	Path normalized by stripping manifest export prefix altibase_docs_md/; source path resolves.
arch/Home/Altibase Installation Guide__14647632.md	14647632	path; body_chars; word_count	matched	No manifest edit required; metadata already matches current Markdown.	1233	1233	133	133	none	Path normalized by stripping manifest export prefix altibase_docs_md/; source path resolves.
arch/Home/Altibase Memory Usage Increase Analysis Guide/1. Routine Check of Memory Usage__14647392.md	14647392	path; body_chars; word_count	matched	No manifest edit required; metadata already matches current Markdown.	9563	9563	1345	1345	none	Path normalized by stripping manifest export prefix altibase_docs_md/; source path resolves.
arch/Home/Altibase Memory Usage Increase Analysis Guide/2. Causes and resolution for increase of Altibase process memory usage__14647396.md	14647396	path; body_chars; word_count	matched	No manifest edit required; metadata already matches current Markdown.	10538	10538	1575	1575	none	Path normalized by stripping manifest export prefix altibase_docs_md/; source path resolves.
arch/Home/Altibase Memory Usage Increase Analysis Guide__14647388.md	14647388	path; body_chars; word_count	matched	No manifest edit required; metadata already matches current Markdown.	2186	2186	240	240	none	Path normalized by stripping manifest export prefix altibase_docs_md/; source path resolves.
arch/Home/Altibase Monitoring Queries Guide/1. Altibase Server Monitoring Overview__14058232.md	14058232	path; body_chars; word_count	matched	No manifest edit required; metadata already matches current Markdown.	2507	2507	280	280	none	Path normalized by stripping manifest export prefix altibase_docs_md/; source path resolves.
arch/Home/Altibase Monitoring Queries Guide/2. Altibase Meta Table and Performance View Overview/1. Main meta table and performance views related to session, query, transaction, lock, service thread, and memory DB GC__14058240.md	14058240	path; body_chars; word_count	matched	No manifest edit required; metadata already matches current Markdown.	4247	4247	509	509	none	Path normalized by stripping manifest export prefix altibase_docs_md/; source path resolves.
arch/Home/Altibase Monitoring Queries Guide/2. Altibase Meta Table and Performance View Overview/2. Major Meta Tables and Performance Views related to tablespace, table, column, index, and constraint__14058242.md	14058242	path; body_chars; word_count	matched	No manifest edit required; metadata already matches current Markdown.	5204	5204	666	666	none	Path normalized by stripping manifest export prefix altibase_docs_md/; source path resolves.
arch/Home/Altibase Monitoring Queries Guide/2. Altibase Meta Table and Performance View Overview/3. Main Performance View related to Statistical Information__14058244.md	14058244	path; body_chars; word_count	matched	No manifest edit required; metadata already matches current Markdown.	6911	6911	927	927	none	Path normalized by stripping manifest export prefix altibase_docs_md/; source path resolves.
arch/Home/Altibase Monitoring Queries Guide/2. Altibase Meta Table and Performance View Overview/4. Main Metal Tables and Performance Views Related to Replication__14058248.md	14058248	path; body_chars; word_count	matched	No manifest edit required; metadata already matches current Markdown.	3337	3337	397	397	none	Path normalized by stripping manifest export prefix altibase_docs_md/; source path resolves.
arch/Home/Altibase Monitoring Queries Guide/2. Altibase Meta Table and Performance View Overview/5. Whether Users can Access the Tablespace, System_Object Privileges, PSM, View related Meta Tables and Peformance Views__14058250.md	14058250	path; body_chars; word_count	matched	No manifest edit required; metadata already matches current Markdown.	2756	2756	316	316	none	Path normalized by stripping manifest export prefix altibase_docs_md/; source path resolves.
arch/Home/Altibase Monitoring Queries Guide/2. Altibase Meta Table and Performance View Overview__14058238.md	14058238	path; body_chars; word_count	matched	No manifest edit required; metadata already matches current Markdown.	3463	3463	445	445	none	Path normalized by stripping manifest export prefix altibase_docs_md/; source path resolves.
arch/Home/Altibase Monitoring Queries Guide/3. Monitoring Elements and Corresponding Monitoring Queries/1. Session__14058254.md	14058254	path; body_chars; word_count	matched	No manifest edit required; metadata already matches current Markdown.	4408	4408	573	573	none	Path normalized by stripping manifest export prefix altibase_docs_md/; source path resolves.
arch/Home/Altibase Monitoring Queries Guide/3. Monitoring Elements and Corresponding Monitoring Queries/10. Object__14058276.md	14058276	path; body_chars; word_count	matched	No manifest edit required; metadata already matches current Markdown.	33849	33849	4163	4163	none	Path normalized by stripping manifest export prefix altibase_docs_md/; source path resolves.
arch/Home/Altibase Monitoring Queries Guide/3. Monitoring Elements and Corresponding Monitoring Queries/11. Privileges__14058278.md	14058278	path; body_chars; word_count	matched	No manifest edit required; metadata already matches current Markdown.	8714	8714	1097	1097	none	Path normalized by stripping manifest export prefix altibase_docs_md/; source path resolves.
arch/Home/Altibase Monitoring Queries Guide/3. Monitoring Elements and Corresponding Monitoring Queries/12. Constraints__14058280.md	14058280	path; body_chars; word_count	matched	No manifest edit required; metadata already matches current Markdown.	6040	6040	741	741	none	Path normalized by stripping manifest export prefix altibase_docs_md/; source path resolves.
arch/Home/Altibase Monitoring Queries Guide/3. Monitoring Elements and Corresponding Monitoring Queries/13. Replication__14058282.md	14058282	path; body_chars; word_count	matched	No manifest edit required; metadata already matches current Markdown.	7590	7590	1078	1078	none	Path normalized by stripping manifest export prefix altibase_docs_md/; source path resolves.
arch/Home/Altibase Monitoring Queries Guide/3. Monitoring Elements and Corresponding Monitoring Queries/2. Statement__14058256.md	14058256	path; body_chars; word_count	matched	No manifest edit required; metadata already matches current Markdown.	10501	10501	1358	1358	none	Path normalized by stripping manifest export prefix altibase_docs_md/; source path resolves.
arch/Home/Altibase Monitoring Queries Guide/3. Monitoring Elements and Corresponding Monitoring Queries/3. Service Thread__14058260.md	14058260	path; body_chars; word_count	matched	No manifest edit required; metadata already matches current Markdown.	2127	2127	294	294	none	Path normalized by stripping manifest export prefix altibase_docs_md/; source path resolves.
arch/Home/Altibase Monitoring Queries Guide/3. Monitoring Elements and Corresponding Monitoring Queries/4. Transaction & Lock__14058264.md	14058264	path; body_chars; word_count	matched	No manifest edit required; metadata already matches current Markdown.	4347	4347	551	551	none	Path normalized by stripping manifest export prefix altibase_docs_md/; source path resolves.
arch/Home/Altibase Monitoring Queries Guide/3. Monitoring Elements and Corresponding Monitoring Queries/5. Redo Logfile__14058266.md	14058266	path; body_chars; word_count	matched	No manifest edit required; metadata already matches current Markdown.	2152	2152	306	306	none	Path normalized by stripping manifest export prefix altibase_docs_md/; source path resolves.
arch/Home/Altibase Monitoring Queries Guide/3. Monitoring Elements and Corresponding Monitoring Queries/6. GC (Garbage Collector)__14058268.md	14058268	path; body_chars; word_count	matched	No manifest edit required; metadata already matches current Markdown.	3805	3805	539	539	none	Path normalized by stripping manifest export prefix altibase_docs_md/; source path resolves.
arch/Home/Altibase Monitoring Queries Guide/3. Monitoring Elements and Corresponding Monitoring Queries/7. Memory__14058270.md	14058270	path; body_chars; word_count	matched	No manifest edit required; metadata already matches current Markdown.	3097	3097	377	377	none	Path normalized by stripping manifest export prefix altibase_docs_md/; source path resolves.
arch/Home/Altibase Monitoring Queries Guide/3. Monitoring Elements and Corresponding Monitoring Queries/8. Tablespace (TBS)__14058272.md	14058272	path; body_chars; word_count	matched	No manifest edit required; metadata already matches current Markdown.	32886	32886	3741	3741	none	Path normalized by stripping manifest export prefix altibase_docs_md/; source path resolves.
arch/Home/Altibase Monitoring Queries Guide/3. Monitoring Elements and Corresponding Monitoring Queries/9. Disk Buffer__14058274.md	14058274	path; body_chars; word_count	matched	No manifest edit required; metadata already matches current Markdown.	1234	1234	163	163	none	Path normalized by stripping manifest export prefix altibase_docs_md/; source path resolves.
arch/Home/Altibase Monitoring Queries Guide/3. Monitoring Elements and Corresponding Monitoring Queries__14058252.md	14058252	path; body_chars; word_count	matched	No manifest edit required; metadata already matches current Markdown.	1950	1950	206	206	none	Path normalized by stripping manifest export prefix altibase_docs_md/; source path resolves.
arch/Home/Altibase Monitoring Queries Guide__14058229.md	14058229	path; body_chars; word_count	matched	No manifest edit required; metadata already matches current Markdown.	3188	3188	387	387	none	Path normalized by stripping manifest export prefix altibase_docs_md/; source path resolves.
arch/Home/Altibase ODBC Development Guide in Windows Environment__15138911.md	15138911	path; body_chars; word_count	matched	No manifest edit required; metadata already matches current Markdown.	11266	11266	1233	1233	none	Path normalized by stripping manifest export prefix altibase_docs_md/; source path resolves.
arch/Home/Altibase Oracle Conversion Guide/1. Environment Configuration__14647318.md	14647318	path; body_chars; word_count	matched	No manifest edit required; metadata already matches current Markdown.	1909	1909	229	229	none	Path normalized by stripping manifest export prefix altibase_docs_md/; source path resolves.
arch/Home/Altibase Oracle Conversion Guide/2. Environment Setting/2-1 Object Conversion__14647322.md	14647322	path; body_chars; word_count	matched	No manifest edit required; metadata already matches current Markdown.	21509	21509	3329	3329	none	Path normalized by stripping manifest export prefix altibase_docs_md/; source path resolves.
arch/Home/Altibase Oracle Conversion Guide/2. Environment Setting/2-2 SQL Conversion__14647324.md	14647324	path; body_chars; word_count	matched	No manifest edit required; metadata already matches current Markdown.	10689	10689	1980	1980	none	Path normalized by stripping manifest export prefix altibase_docs_md/; source path resolves.
arch/Home/Altibase Oracle Conversion Guide/2. Environment Setting/2-3 Stored Procedure _ Function Conversion__14647326.md	14647326	path; body_chars; word_count	matched	No manifest edit required; metadata already matches current Markdown.	5759	5759	888	888	none	Path normalized by stripping manifest export prefix altibase_docs_md/; source path resolves.
arch/Home/Altibase Oracle Conversion Guide/2. Environment Setting__14647320.md	14647320	path; body_chars; word_count	matched	No manifest edit required; metadata already matches current Markdown.	848	848	64	64	none	Path normalized by stripping manifest export prefix altibase_docs_md/; source path resolves.
arch/Home/Altibase Oracle Conversion Guide/3. Conversion Procedure__14647349.md	14647349	path; body_chars; word_count	matched	No manifest edit required; metadata already matches current Markdown.	7359	7359	892	892	none	Path normalized by stripping manifest export prefix altibase_docs_md/; source path resolves.
arch/Home/Altibase Oracle Conversion Guide__14647316.md	14647316	path; body_chars; word_count	matched	No manifest edit required; metadata already matches current Markdown.	2397	2397	337	337	none	Path normalized by stripping manifest export prefix altibase_docs_md/; source path resolves.
arch/Home/Altibase Precompiler Guide/1. Considerations for ALTIBASE Development__14647447.md	14647447	path; body_chars; word_count	matched	No manifest edit required; metadata already matches current Markdown.	10649	10649	1559	1559	none	Path normalized by stripping manifest export prefix altibase_docs_md/; source path resolves.
arch/Home/Altibase Precompiler Guide/2. How to use APRE__14647451.md	14647451	path; body_chars; word_count	matched	No manifest edit required; metadata already matches current Markdown.	23392	23392	3403	3403	none	Path normalized by stripping manifest export prefix altibase_docs_md/; source path resolves.
arch/Home/Altibase Precompiler Guide/3. APRE Sample Program__14647488.md	14647488	path; body_chars; word_count	matched	No manifest edit required; metadata already matches current Markdown.	3709	3709	479	479	none	Path normalized by stripping manifest export prefix altibase_docs_md/; source path resolves.
arch/Home/Altibase Precompiler Guide/4. Frequently Occurring Error Messages__22643006.md	22643006	path; body_chars; word_count	matched	No manifest edit required; metadata already matches current Markdown.	14372	14372	1984	1984	none	Path normalized by stripping manifest export prefix altibase_docs_md/; source path resolves.
arch/Home/Altibase Precompiler Guide/5. Considerations when converting from other DBMSs__14647506.md	14647506	path; body_chars; word_count	matched	No manifest edit required; metadata already matches current Markdown.	2536	2536	324	324	none	Path normalized by stripping manifest export prefix altibase_docs_md/; source path resolves.
arch/Home/Altibase Precompiler Guide__14647438.md	14647438	path; body_chars; word_count	matched	No manifest edit required; metadata already matches current Markdown.	1514	1514	181	181	none	Path normalized by stripping manifest export prefix altibase_docs_md/; source path resolves.
arch/Home/Altibase Quick Install & Start for UNIX__16875604.md	16875604	path; body_chars; word_count	matched	No manifest edit required; metadata already matches current Markdown.	46190	46190	5701	5701	none	Path normalized by stripping manifest export prefix altibase_docs_md/; source path resolves.
arch/Home/Altibase Replication Configuration Guide__14647672.md	14647672	path; body_chars; word_count	matched	No manifest edit required; metadata already matches current Markdown.	34312	34312	5123	5123	none	Path normalized by stripping manifest export prefix altibase_docs_md/; source path resolves.
arch/Home/Altibase Replication Constraints Guide__22643008.md	22643008	path; body_chars; word_count	matched	No manifest edit required; metadata already matches current Markdown.	16207	16207	2129	2129	none	Path normalized by stripping manifest export prefix altibase_docs_md/; source path resolves.
arch/Home/Altibase SQL Tuning Guide__22643010.md	22643010	path; body_chars; word_count	matched	No manifest edit required; metadata already matches current Markdown.	2085	2085	206	206	none	Path normalized by stripping manifest export prefix altibase_docs_md/; source path resolves.
arch/Home/Altibase Window ADO.NET Development Guide/1. ADO.NET Settings__14647569.md	14647569	path; body_chars; word_count	matched	No manifest edit required; metadata already matches current Markdown.	8704	8704	893	893	none	Path normalized by stripping manifest export prefix altibase_docs_md/; source path resolves.
arch/Home/Altibase Window ADO.NET Development Guide/2. ADO.NET Development Guide__14647573.md	14647573	path; body_chars; word_count	matched	No manifest edit required; metadata already matches current Markdown.	3842	3842	392	392	none	Path normalized by stripping manifest export prefix altibase_docs_md/; source path resolves.
arch/Home/Altibase Window ADO.NET Development Guide/3. Frequent Error Messages__14647579.md	14647579	path; body_chars; word_count	matched	No manifest edit required; metadata already matches current Markdown.	1912	1912	219	219	none	Path normalized by stripping manifest export prefix altibase_docs_md/; source path resolves.
arch/Home/Altibase Window ADO.NET Development Guide__14647565.md	14647565	path; body_chars; word_count	matched	No manifest edit required; metadata already matches current Markdown.	1606	1606	166	166	none	Path normalized by stripping manifest export prefix altibase_docs_md/; source path resolves.
arch/Home/Altibase and unixODBC Integration Guide/1. unixODBC Manager Installation__14647417.md	14647417	path; body_chars; word_count	matched	No manifest edit required; metadata already matches current Markdown.	9219	9219	1264	1264	none	Path normalized by stripping manifest export prefix altibase_docs_md/; source path resolves.
arch/Home/Altibase and unixODBC Integration Guide/2. Integrating unixODBC Manager__14647432.md	14647432	path; body_chars; word_count	matched	No manifest edit required; metadata already matches current Markdown.	5186	5186	668	668	none	Path normalized by stripping manifest export prefix altibase_docs_md/; source path resolves.
arch/Home/Altibase and unixODBC Integration Guide__14647413.md	14647413	path; body_chars; word_count	matched	No manifest edit required; metadata already matches current Markdown.	1516	1516	174	174	none	Path normalized by stripping manifest export prefix altibase_docs_md/; source path resolves.
arch/Home/Altibase_Oracle Comparison__16875638.md	16875638	path; body_chars; word_count	matched	No manifest edit required; metadata already matches current Markdown.	44378	44378	7833	7833	none	Path normalized by stripping manifest export prefix altibase_docs_md/; source path resolves.
arch/Home/Configuration Guide For Minimizing Disk I_O Contention__22643018.md	22643018	path; body_chars; word_count	matched	No manifest edit required; metadata already matches current Markdown.	22216	22216	3122	3122	none	Path normalized by stripping manifest export prefix altibase_docs_md/; source path resolves.
arch/Home/Considerations for Altibase Backup Policy/1. Backup Types__14647714.md	14647714	path; body_chars; word_count	matched	No manifest edit required; metadata already matches current Markdown.	7082	7082	838	838	none	Path normalized by stripping manifest export prefix altibase_docs_md/; source path resolves.
arch/Home/Considerations for Altibase Backup Policy/2. Considerations for Determining Backup Policy__14647722.md	14647722	path; body_chars; word_count	matched	No manifest edit required; metadata already matches current Markdown.	8540	8540	1336	1336	none	Path normalized by stripping manifest export prefix altibase_docs_md/; source path resolves.
arch/Home/Considerations for Altibase Backup Policy/3. Summary (Considerations for Altibase Backup Policy)__14647728.md	14647728	path; body_chars; word_count	matched	No manifest edit required; metadata already matches current Markdown.	5111	5111	734	734	none	Path normalized by stripping manifest export prefix altibase_docs_md/; source path resolves.
arch/Home/Considerations for Altibase Backup Policy__14647709.md	14647709	path; body_chars; word_count	matched	No manifest edit required; metadata already matches current Markdown.	1690	1690	172	172	none	Path normalized by stripping manifest export prefix altibase_docs_md/; source path resolves.
arch/Home/Creating ALTIBASE Database__22643020.md	22643020	path; body_chars; word_count	matched	No manifest edit required; metadata already matches current Markdown.	7132	7132	941	941	none	Path normalized by stripping manifest export prefix altibase_docs_md/; source path resolves.
arch/Home/Disk Configuration Guide for Altibase/1. Disk I_O Occurrence Type__14647512.md	14647512	path; body_chars; word_count	matched	No manifest edit required; metadata already matches current Markdown.	6166	6166	1044	1044	none	Path normalized by stripping manifest export prefix altibase_docs_md/; source path resolves.
arch/Home/Disk Configuration Guide for Altibase/2. Data File Configuration Plan__14647521.md	14647521	path; body_chars; word_count	matched	No manifest edit required; metadata already matches current Markdown.	4477	4477	676	676	none	Path normalized by stripping manifest export prefix altibase_docs_md/; source path resolves.
arch/Home/Disk Configuration Guide for Altibase/3. File System__14647523.md	14647523	path; body_chars; word_count	matched	No manifest edit required; metadata already matches current Markdown.	2202	2202	377	377	none	Path normalized by stripping manifest export prefix altibase_docs_md/; source path resolves.
arch/Home/Disk Configuration Guide for Altibase/4. Disk Configuraiton__14647527.md	14647527	path; body_chars; word_count	matched	No manifest edit required; metadata already matches current Markdown.	1871	1871	271	271	none	Path normalized by stripping manifest export prefix altibase_docs_md/; source path resolves.
arch/Home/Disk Configuration Guide for Altibase/5. Disk I_O Optimization__14647545.md	14647545	path; body_chars; word_count	matched	No manifest edit required; metadata already matches current Markdown.	5495	5495	950	950	none	Path normalized by stripping manifest export prefix altibase_docs_md/; source path resolves.
arch/Home/Disk Configuration Guide for Altibase__14647508.md	14647508	path; body_chars; word_count	matched	No manifest edit required; metadata already matches current Markdown.	1568	1568	193	193	none	Path normalized by stripping manifest export prefix altibase_docs_md/; source path resolves.
arch/Home/HPUX Setup Guide for Altibase__14058288.md	14058288	path; body_chars; word_count	matched	No manifest edit required; metadata already matches current Markdown.	21848	21848	3481	3481	none	Path normalized by stripping manifest export prefix altibase_docs_md/; source path resolves.
arch/Home/Hibernate Integration Guide for Altibase__14058388.md	14058388	path; body_chars; word_count	matched	No manifest edit required; metadata already matches current Markdown.	45840	45840	4659	4659	none	Path normalized by stripping manifest export prefix altibase_docs_md/; source path resolves.
arch/Home/Home/ALTIBASE HDB White papers__4030581.md	4030581	path; body_chars; word_count	matched	No manifest edit required; metadata already matches current Markdown.	1225	1225	51	51	none	Path normalized by stripping manifest export prefix altibase_docs_md/; source path resolves.
arch/Home/Home/Storage Guide__9110563.md	9110563	path; body_chars; word_count	matched	No manifest edit required; metadata already matches current Markdown.	8816	8816	1389	1389	none	Path normalized by stripping manifest export prefix altibase_docs_md/; source path resolves.
arch/Home/JAVA Developer's Guide__16875544.md	16875544	path; body_chars; word_count	matched	No manifest edit required; metadata already matches current Markdown.	27987	27987	3333	3333	none	Path normalized by stripping manifest export prefix altibase_docs_md/; source path resolves.
arch/Home/JBOSS Integration Guide for Altibase/1. JBoss Installation__14647370.md	14647370	path; body_chars; word_count	matched	No manifest edit required; metadata already matches current Markdown.	8748	8748	980	980	none	Path normalized by stripping manifest export prefix altibase_docs_md/; source path resolves.
arch/Home/JBOSS Integration Guide for Altibase/2. Integrating Altibase and JBOSS__14647372.md	14647372	path; body_chars; word_count	matched	No manifest edit required; metadata already matches current Markdown.	9185	9185	989	989	none	Path normalized by stripping manifest export prefix altibase_docs_md/; source path resolves.
arch/Home/JBOSS Integration Guide for Altibase/3. Examples__14647382.md	14647382	path; body_chars; word_count	matched	No manifest edit required; metadata already matches current Markdown.	4773	4773	522	522	none	Path normalized by stripping manifest export prefix altibase_docs_md/; source path resolves.
arch/Home/JBOSS Integration Guide for Altibase__14647358.md	14647358	path; body_chars; word_count	matched	No manifest edit required; metadata already matches current Markdown.	1054	1054	105	105	none	Path normalized by stripping manifest export prefix altibase_docs_md/; source path resolves.
arch/Home/JEUS Integration Guide for Altibase/1. JEUS Installation__14058463.md	14058463	path; body_chars; word_count	matched	No manifest edit required; metadata already matches current Markdown.	14103	14103	1513	1513	none	Path normalized by stripping manifest export prefix altibase_docs_md/; source path resolves.
arch/Home/JEUS Integration Guide for Altibase/2. Integrating ALTIBASE and JEUS__14058474.md	14058474	path; body_chars; word_count	matched	No manifest edit required; metadata already matches current Markdown.	23185	23185	2763	2763	none	Path normalized by stripping manifest export prefix altibase_docs_md/; source path resolves.
arch/Home/JEUS Integration Guide for Altibase/3. Sample Examples__14058486.md	14058486	path; body_chars; word_count	matched	No manifest edit required; metadata already matches current Markdown.	5382	5382	644	644	none	Path normalized by stripping manifest export prefix altibase_docs_md/; source path resolves.
arch/Home/JEUS Integration Guide for Altibase__14058459.md	14058459	path; body_chars; word_count	matched	No manifest edit required; metadata already matches current Markdown.	1567	1567	138	138	none	Path normalized by stripping manifest export prefix altibase_docs_md/; source path resolves.
arch/Home/Linux Setup Guide for Altibase__22643022.md	22643022	path; body_chars; word_count	matched	No manifest edit required; metadata already matches current Markdown.	51643	51643	7353	7353	none	Path normalized by stripping manifest export prefix altibase_docs_md/; source path resolves.
arch/Home/MSSQL to ALTIBASE Conversion Guide__22643024.md	22643024	path; body_chars; word_count	matched	No manifest edit required; metadata already matches current Markdown.	31630	31630	5039	5039	none	Path normalized by stripping manifest export prefix altibase_docs_md/; source path resolves.
arch/Home/MyBatis Integration Guide for Altibase/1. MyBatis Overview__14058351.md	14058351	path; body_chars; word_count	matched	No manifest edit required; metadata already matches current Markdown.	3269	3269	391	391	none	Path normalized by stripping manifest export prefix altibase_docs_md/; source path resolves.
arch/Home/MyBatis Integration Guide for Altibase/2. Differences Between MyBatis, and iBatis__14058354.md	14058354	path; body_chars; word_count	matched	No manifest edit required; metadata already matches current Markdown.	2176	2176	220	220	none	Path normalized by stripping manifest export prefix altibase_docs_md/; source path resolves.
arch/Home/MyBatis Integration Guide for Altibase/3. Sample Preparation using MyBatis__14058356.md	14058356	path; body_chars; word_count	matched	No manifest edit required; metadata already matches current Markdown.	7869	7869	802	802	none	Path normalized by stripping manifest export prefix altibase_docs_md/; source path resolves.
arch/Home/MyBatis Integration Guide for Altibase/4. Altibase Integration__22643026.md	22643026	path; body_chars; word_count	matched	No manifest edit required; metadata already matches current Markdown.	17627	17627	2100	2100	none	Path normalized by stripping manifest export prefix altibase_docs_md/; source path resolves.
arch/Home/MyBatis Integration Guide for Altibase/5. MyBatis, Spring, Altibase Integration__22643028.md	22643028	path; body_chars; word_count	matched	No manifest edit required; metadata already matches current Markdown.	5765	5765	619	619	none	Path normalized by stripping manifest export prefix altibase_docs_md/; source path resolves.
arch/Home/MyBatis Integration Guide for Altibase/6. Transaction Management__22643030.md	22643030	path; body_chars; word_count	matched	No manifest edit required; metadata already matches current Markdown.	4143	4143	412	412	none	Path normalized by stripping manifest export prefix altibase_docs_md/; source path resolves.
arch/Home/MyBatis Integration Guide for Altibase/7. Considerations for MyBatis Integration__22643032.md	22643032	path; body_chars; word_count	matched	No manifest edit required; metadata already matches current Markdown.	5695	5695	630	630	none	Path normalized by stripping manifest export prefix altibase_docs_md/; source path resolves.
arch/Home/MyBatis Integration Guide for Altibase/8. Appendix 1 (MyBatis-Altibase Integration)__22643034.md	22643034	path; body_chars; word_count	matched	No manifest edit required; metadata already matches current Markdown.	14418	14418	1413	1413	none	Path normalized by stripping manifest export prefix altibase_docs_md/; source path resolves.
arch/Home/MyBatis Integration Guide for Altibase/9. Appendix 2(Spring-MyBatis-Altibase Integration)__22643036.md	22643036	path; body_chars; word_count	matched	No manifest edit required; metadata already matches current Markdown.	22013	22013	2070	2070	none	Path normalized by stripping manifest export prefix altibase_docs_md/; source path resolves.
arch/Home/MyBatis Integration Guide for Altibase__14058349.md	14058349	path; body_chars; word_count	matched	No manifest edit required; metadata already matches current Markdown.	1880	1880	208	208	none	Path normalized by stripping manifest export prefix altibase_docs_md/; source path resolves.
arch/Home/ORACLE to ALTIBASE Conversion Guide__22643038.md	22643038	path; body_chars; word_count	matched	No manifest edit required; metadata already matches current Markdown.	64011	64011	10053	10053	none	Path normalized by stripping manifest export prefix altibase_docs_md/; source path resolves.
arch/Home/PHP Integration Guide for Altibase/1. ALTIBASE HDB PHP Module Reference__14647310.md	14647310	path; body_chars; word_count	matched	No manifest edit required; metadata already matches current Markdown.	747	747	81	81	none	Path normalized by stripping manifest export prefix altibase_docs_md/; source path resolves.
arch/Home/PHP Integration Guide for Altibase/2. ODBC Manger Installation for PHP Integration__14647312.md	14647312	path; body_chars; word_count	matched	No manifest edit required; metadata already matches current Markdown.	2839	2839	332	332	none	Path normalized by stripping manifest export prefix altibase_docs_md/; source path resolves.
arch/Home/PHP Integration Guide for Altibase/3. PHP Functions for ODBC Connection__14647314.md	14647314	path; body_chars; word_count	matched	No manifest edit required; metadata already matches current Markdown.	1853	1853	236	236	none	Path normalized by stripping manifest export prefix altibase_docs_md/; source path resolves.
arch/Home/PHP Integration Guide for Altibase__14647305.md	14647305	path; body_chars; word_count	matched	No manifest edit required; metadata already matches current Markdown.	846	846	83	83	none	Path normalized by stripping manifest export prefix altibase_docs_md/; source path resolves.
arch/Home/Responding to Failures Guide for Altibase/1. Classification by type of failure__15138822.md	15138822	path; body_chars; word_count	matched	No manifest edit required; metadata already matches current Markdown.	4346	4346	625	625	none	Path normalized by stripping manifest export prefix altibase_docs_md/; source path resolves.
arch/Home/Responding to Failures Guide for Altibase/2. Procedure by type of failure__15138835.md	15138835	path; body_chars; word_count	matched	No manifest edit required; metadata already matches current Markdown.	17472	17472	2527	2527	none	Path normalized by stripping manifest export prefix altibase_docs_md/; source path resolves.
arch/Home/Responding to Failures Guide for Altibase/3. References__15138869.md	15138869	path; body_chars; word_count	matched	No manifest edit required; metadata already matches current Markdown.	5356	5356	749	749	none	Path normalized by stripping manifest export prefix altibase_docs_md/; source path resolves.
arch/Home/Responding to Failures Guide for Altibase__15138818.md	15138818	path; body_chars; word_count	matched	No manifest edit required; metadata already matches current Markdown.	1471	1471	180	180	none	Path normalized by stripping manifest export prefix altibase_docs_md/; source path resolves.
arch/Home/SQuirrel SQL Client Quick Guide for Altibase/1. SQuirrel SQL Client Installation__14647626.md	14647626	path; body_chars; word_count	matched	No manifest edit required; metadata already matches current Markdown.	1424	1424	121	121	none	Path normalized by stripping manifest export prefix altibase_docs_md/; source path resolves.
arch/Home/SQuirrel SQL Client Quick Guide for Altibase/2. Altibase JDBC Driver Registeration__14647628.md	14647628	path; body_chars; word_count	matched	No manifest edit required; metadata already matches current Markdown.	1759	1759	174	174	none	Path normalized by stripping manifest export prefix altibase_docs_md/; source path resolves.
arch/Home/SQuirrel SQL Client Quick Guide for Altibase/3. Integration with Altibase__14647630.md	14647630	path; body_chars; word_count	matched	No manifest edit required; metadata already matches current Markdown.	2614	2614	253	253	none	Path normalized by stripping manifest export prefix altibase_docs_md/; source path resolves.
arch/Home/SQuirrel SQL Client Quick Guide for Altibase__14647622.md	14647622	path; body_chars; word_count	matched	No manifest edit required; metadata already matches current Markdown.	1584	1584	192	192	none	Path normalized by stripping manifest export prefix altibase_docs_md/; source path resolves.
arch/Home/Solaris Setup Guide for Altibase/1. Kernel Parameters__22643040.md	22643040	path; body_chars; word_count	matched	No manifest edit required; metadata already matches current Markdown.	6966	6966	1088	1088	none	Path normalized by stripping manifest export prefix altibase_docs_md/; source path resolves.
arch/Home/Solaris Setup Guide for Altibase/2. User Settings__14058294.md	14058294	path; body_chars; word_count	matched	No manifest edit required; metadata already matches current Markdown.	5090	5090	786	786	none	Path normalized by stripping manifest export prefix altibase_docs_md/; source path resolves.
arch/Home/Solaris Setup Guide for Altibase/3. Summary__14058296.md	14058296	path; body_chars; word_count	matched	No manifest edit required; metadata already matches current Markdown.	2452	2452	370	370	none	Path normalized by stripping manifest export prefix altibase_docs_md/; source path resolves.
arch/Home/Solaris Setup Guide for Altibase__14058290.md	14058290	path; body_chars; word_count	matched	No manifest edit required; metadata already matches current Markdown.	1049	1049	122	122	none	Path normalized by stripping manifest export prefix altibase_docs_md/; source path resolves.
arch/Home/Spring Integration Guide for Altibase/1. What is Spring__14058412.md	14058412	path; body_chars; word_count	matched	No manifest edit required; metadata already matches current Markdown.	1961	1961	273	273	none	Path normalized by stripping manifest export prefix altibase_docs_md/; source path resolves.
arch/Home/Spring Integration Guide for Altibase/2. Setting before Developing Spring__14058420.md	14058420	path; body_chars; word_count	matched	No manifest edit required; metadata already matches current Markdown.	3398	3398	444	444	none	Path normalized by stripping manifest export prefix altibase_docs_md/; source path resolves.
arch/Home/Spring Integration Guide for Altibase/3. Setting up JDBC Driver__14058424.md	14058424	path; body_chars; word_count	matched	No manifest edit required; metadata already matches current Markdown.	2254	2254	260	260	none	Path normalized by stripping manifest export prefix altibase_docs_md/; source path resolves.
arch/Home/Spring Integration Guide for Altibase/4. Configuring DataSource__14058429.md	14058429	path; body_chars; word_count	matched	No manifest edit required; metadata already matches current Markdown.	7546	7546	903	903	none	Path normalized by stripping manifest export prefix altibase_docs_md/; source path resolves.
arch/Home/Spring Integration Guide for Altibase/5. Additional Connection__14058433.md	14058433	path; body_chars; word_count	matched	No manifest edit required; metadata already matches current Markdown.	6077	6077	675	675	none	Path normalized by stripping manifest export prefix altibase_docs_md/; source path resolves.
arch/Home/Spring Integration Guide for Altibase/6. Transaction Manager__14058437.md	14058437	path; body_chars; word_count	matched	No manifest edit required; metadata already matches current Markdown.	10579	10579	996	996	none	Path normalized by stripping manifest export prefix altibase_docs_md/; source path resolves.
arch/Home/Spring Integration Guide for Altibase/7. Considerations_Notes for Spring Integration__14058445.md	14058445	path; body_chars; word_count	matched	No manifest edit required; metadata already matches current Markdown.	2279	2279	208	208	none	Path normalized by stripping manifest export prefix altibase_docs_md/; source path resolves.
arch/Home/Spring Integration Guide for Altibase/8. Appendix - HelloSpring__14058449.md	14058449	path; body_chars; word_count	matched	No manifest edit required; metadata already matches current Markdown.	7196	7196	653	653	none	Path normalized by stripping manifest export prefix altibase_docs_md/; source path resolves.
arch/Home/Spring Integration Guide for Altibase__14058410.md	14058410	path; body_chars; word_count	matched	No manifest edit required; metadata already matches current Markdown.	2109	2109	212	212	none	Path normalized by stripping manifest export prefix altibase_docs_md/; source path resolves.
arch/Home/System Data Capacity Estimation Guide for Altibase Operations__22643042.md	22643042	path; body_chars; word_count	matched	No manifest edit required; metadata already matches current Markdown.	22227	22227	3579	3579	none	Path normalized by stripping manifest export prefix altibase_docs_md/; source path resolves.
arch/Home/TOMCAT Integration Guide for Altibase/1. TOMCAT Installation__14058491.md	14058491	path; body_chars; word_count	matched	No manifest edit required; metadata already matches current Markdown.	3966	3966	334	334	none	Path normalized by stripping manifest export prefix altibase_docs_md/; source path resolves.
arch/Home/TOMCAT Integration Guide for Altibase/2. JDBC Driver Configuration__14058500.md	14058500	path; body_chars; word_count	matched	No manifest edit required; metadata already matches current Markdown.	3893	3893	455	455	none	Path normalized by stripping manifest export prefix altibase_docs_md/; source path resolves.
arch/Home/TOMCAT Integration Guide for Altibase/3. Integrating ALTIBASE and TOMCAT__14058506.md	14058506	path; body_chars; word_count	matched	No manifest edit required; metadata already matches current Markdown.	5966	5966	690	690	none	Path normalized by stripping manifest export prefix altibase_docs_md/; source path resolves.
arch/Home/TOMCAT Integration Guide for Altibase/4. Fail-Over Configuration__14058508.md	14058508	path; body_chars; word_count	matched	No manifest edit required; metadata already matches current Markdown.	3264	3264	412	412	none	Path normalized by stripping manifest export prefix altibase_docs_md/; source path resolves.
arch/Home/TOMCAT Integration Guide for Altibase/5. Considerations when integrating TOMCAT__22643044.md	22643044	path; body_chars; word_count	matched	No manifest edit required; metadata already matches current Markdown.	5794	5794	731	731	none	Path normalized by stripping manifest export prefix altibase_docs_md/; source path resolves.
arch/Home/TOMCAT Integration Guide for Altibase/6. Errors when integrating TOMCAT__14058515.md	14058515	path; body_chars; word_count	matched	No manifest edit required; metadata already matches current Markdown.	2384	2384	304	304	none	Path normalized by stripping manifest export prefix altibase_docs_md/; source path resolves.
arch/Home/TOMCAT Integration Guide for Altibase__14058489.md	14058489	path; body_chars; word_count	matched	No manifest edit required; metadata already matches current Markdown.	1512	1512	129	129	none	Path normalized by stripping manifest export prefix altibase_docs_md/; source path resolves.
arch/Home/Troubleshooting Altibase Installation Problems__15138879.md	15138879	path; body_chars; word_count	matched	No manifest edit required; metadata already matches current Markdown.	11070	11070	1393	1393	none	Path normalized by stripping manifest export prefix altibase_docs_md/; source path resolves.
arch/Home/UNIX Memory Management__16875572.md	16875572	path; body_chars; word_count	matched	No manifest edit required; metadata already matches current Markdown.	15457	15457	2366	2366	none	Path normalized by stripping manifest export prefix altibase_docs_md/; source path resolves.
arch/Home/Understanding the Altibase Start_Shut down Process/1. Starting Altibase__14909452.md	14909452	path; body_chars; word_count	matched	No manifest edit required; metadata already matches current Markdown.	15550	15550	1945	1945	none	Path normalized by stripping manifest export prefix altibase_docs_md/; source path resolves.
arch/Home/Understanding the Altibase Start_Shut down Process/2. Shutting Altibase Down__14909483.md	14909483	path; body_chars; word_count	matched	No manifest edit required; metadata already matches current Markdown.	5414	5414	667	667	none	Path normalized by stripping manifest export prefix altibase_docs_md/; source path resolves.
arch/Home/Understanding the Altibase Start_Shut down Process__14909450.md	14909450	path; body_chars; word_count	matched	No manifest edit required; metadata already matches current Markdown.	1526	1526	160	160	none	Path normalized by stripping manifest export prefix altibase_docs_md/; source path resolves.
arch/Home/Utility Guide for each OS for Problem Analysis__16875587.md	16875587	path; body_chars; word_count	matched	No manifest edit required; metadata already matches current Markdown.	22423	22423	2750	2750	none	Path normalized by stripping manifest export prefix altibase_docs_md/; source path resolves.
arch/Home/WEBLOGIC Integration Guide for Altibase/0. Prerequisites__14058324.md	14058324	path; body_chars; word_count	matched	No manifest edit required; metadata already matches current Markdown.	1533	1533	196	196	none	Path normalized by stripping manifest export prefix altibase_docs_md/; source path resolves.
arch/Home/WEBLOGIC Integration Guide for Altibase/1. WebLogic Setup__14058327.md	14058327	path; body_chars; word_count	matched	No manifest edit required; metadata already matches current Markdown.	4627	4627	387	387	none	Path normalized by stripping manifest export prefix altibase_docs_md/; source path resolves.
arch/Home/WEBLOGIC Integration Guide for Altibase/2. Starting and Shutdown the WebLogic Server Instance__14058329.md	14058329	path; body_chars; word_count	matched	No manifest edit required; metadata already matches current Markdown.	6653	6653	844	844	none	Path normalized by stripping manifest export prefix altibase_docs_md/; source path resolves.
arch/Home/WEBLOGIC Integration Guide for Altibase/3. ALTIBASE and WebLogic Integration__14058331.md	14058331	path; body_chars; word_count	matched	No manifest edit required; metadata already matches current Markdown.	16054	16054	1553	1553	none	Path normalized by stripping manifest export prefix altibase_docs_md/; source path resolves.
arch/Home/WEBLOGIC Integration Guide for Altibase/4. Fail-Over & Load-Balancing Settings__14058337.md	14058337	path; body_chars; word_count	matched	No manifest edit required; metadata already matches current Markdown.	1902	1902	224	224	none	Path normalized by stripping manifest export prefix altibase_docs_md/; source path resolves.
arch/Home/WEBLOGIC Integration Guide for Altibase/Integration Error__14058339.md	14058339	path; body_chars; word_count	matched	No manifest edit required; metadata already matches current Markdown.	2903	2903	395	395	none	Path normalized by stripping manifest export prefix altibase_docs_md/; source path resolves.
arch/Home/WEBLOGIC Integration Guide for Altibase/WebLogic Glossary__14058321.md	14058321	path; body_chars; word_count	matched	No manifest edit required; metadata already matches current Markdown.	3011	3011	351	351	none	Path normalized by stripping manifest export prefix altibase_docs_md/; source path resolves.
arch/Home/WEBLOGIC Integration Guide for Altibase__14058319.md	14058319	path; body_chars; word_count	matched	No manifest edit required; metadata already matches current Markdown.	2413	2413	248	248	none	Path normalized by stripping manifest export prefix altibase_docs_md/; source path resolves.
arch/Home/WebSphere Integration Guide for Altibase__14058343.md	14058343	path; body_chars; word_count	matched	No manifest edit required; metadata already matches current Markdown.	33948	33948	3180	3180	none	Path normalized by stripping manifest export prefix altibase_docs_md/; source path resolves.
arch/Home/iBatis Integration Guide for Altibase/1. iBatis Overview__14058305.md	14058305	path; body_chars; word_count	matched	No manifest edit required; metadata already matches current Markdown.	2805	2805	364	364	none	Path normalized by stripping manifest export prefix altibase_docs_md/; source path resolves.
arch/Home/iBatis Integration Guide for Altibase/2. Sample Preparation using iBATIS__14058307.md	14058307	path; body_chars; word_count	matched	No manifest edit required; metadata already matches current Markdown.	8548	8548	862	862	none	Path normalized by stripping manifest export prefix altibase_docs_md/; source path resolves.
arch/Home/iBatis Integration Guide for Altibase/3. Altibase Integration__14058309.md	14058309	path; body_chars; word_count	matched	No manifest edit required; metadata already matches current Markdown.	14352	14352	1703	1703	none	Path normalized by stripping manifest export prefix altibase_docs_md/; source path resolves.
arch/Home/iBatis Integration Guide for Altibase/4. iBATIS, Spring, Altibase Integration__14058311.md	14058311	path; body_chars; word_count	matched	No manifest edit required; metadata already matches current Markdown.	9655	9655	1016	1016	none	Path normalized by stripping manifest export prefix altibase_docs_md/; source path resolves.
arch/Home/iBatis Integration Guide for Altibase/5. Spring Integration Guide for Altibase__14058315.md	14058315	path; body_chars; word_count	matched	No manifest edit required; metadata already matches current Markdown.	5312	5312	496	496	none	Path normalized by stripping manifest export prefix altibase_docs_md/; source path resolves.
arch/Home/iBatis Integration Guide for Altibase/Appendix__14058317.md	14058317	path; body_chars; word_count	matched	No manifest edit required; metadata already matches current Markdown.	10382	10382	898	898	none	Path normalized by stripping manifest export prefix altibase_docs_md/; source path resolves.
arch/Home/iBatis Integration Guide for Altibase__14058303.md	14058303	path; body_chars; word_count	matched	No manifest edit required; metadata already matches current Markdown.	1836	1836	201	201	none	Path normalized by stripping manifest export prefix altibase_docs_md/; source path resolves.
arch/Home/Altibase VC 2008 Development Guide__19333567.md	19333567	path; body_chars; word_count	matched	No manifest edit required; metadata already matches current Markdown.	1774	1774	182	182	none	Path normalized by stripping manifest export prefix altibase_docs_md/; source path resolves.
arch/Home/Altibase VC 2010 Development Guide__19334121.md	19334121	path; body_chars; word_count	matched	No manifest edit required; metadata already matches current Markdown.	1774	1774	182	182	none	Path normalized by stripping manifest export prefix altibase_docs_md/; source path resolves.
arch/Home/Migration Center User Guide__19955861.md	19955861	path; body_chars; word_count	matched	No manifest edit required; metadata already matches current Markdown.	40492	40492	6805	6805	none	Path normalized by stripping manifest export prefix altibase_docs_md/; source path resolves.
faq/Home/01. 설치, 패치, 업그레이드/01-01. Altibase HDB가 지원하는 플랫폼(OS)은__9110736.md	9110736	path; body_chars; word_count	matched	No manifest edit required; metadata already matches current Markdown.	2834	2834	508	508	none	Path normalized by stripping manifest export prefix altibase_docs_md/; source path resolves.
faq/Home/01. 설치, 패치, 업그레이드/01-02. Unix 및 Linux 에서 알티베이스 서버 패치 절차__8454397.md	8454397	path; body_chars; word_count	matched	No manifest edit required; metadata already matches current Markdown.	9033	9033	1399	1399	none	Path normalized by stripping manifest export prefix altibase_docs_md/; source path resolves.
faq/Home/01. 설치, 패치, 업그레이드/01-03. 알티베이스 클라이언트 설치 방법(ALTIBASE HDB 5.5.1 부터)__8455011.md	8455011	path; body_chars; word_count	matched	No manifest edit required; metadata already matches current Markdown.	6846	6846	759	759	none	Path normalized by stripping manifest export prefix altibase_docs_md/; source path resolves.
faq/Home/01. 설치, 패치, 업그레이드/01-04. 윈도우에서 알티베이스 설치 할 때 _이미 설치가 되었다_고 합니다__8454409.md	8454409	path; body_chars; word_count	matched	No manifest edit required; metadata already matches current Markdown.	1326	1326	137	137	none	Path normalized by stripping manifest export prefix altibase_docs_md/; source path resolves.
faq/Home/02. 운영 및 관리/02-01. [Linux] Altibase 서버 프로세스 자동 시작 스크립트 등록 방법__12517478.md	12517478	path; body_chars; word_count	matched	No manifest edit required; metadata already matches current Markdown.	9729	9729	1227	1227	none	Path normalized by stripping manifest export prefix altibase_docs_md/; source path resolves.
faq/Home/02. 운영 및 관리/02-02. column modify 하는 방법__8454851.md	8454851	path; body_chars; word_count	matched	No manifest edit required; metadata already matches current Markdown.	3604	3604	501	501	none	Path normalized by stripping manifest export prefix altibase_docs_md/; source path resolves.
faq/Home/02. 운영 및 관리/02-03. Database 를 stop 하고 start 하는 방법__9764972.md	9764972	path; body_chars; word_count	matched	No manifest edit required; metadata already matches current Markdown.	11247	11247	1402	1402	none	Path normalized by stripping manifest export prefix altibase_docs_md/; source path resolves.
faq/Home/02. 운영 및 관리/02-04. Database 의 db name을 바꾸는 방법__10059840.md	10059840	path; body_chars; word_count	matched	No manifest edit required; metadata already matches current Markdown.	4854	4854	569	569	none	Path normalized by stripping manifest export prefix altibase_docs_md/; source path resolves.
faq/Home/02. 운영 및 관리/02-05. Datafile 을 추가한 이력 확인 방법__8454956.md	8454956	path; body_chars; word_count	matched	No manifest edit required; metadata already matches current Markdown.	2350	2350	335	335	none	Path normalized by stripping manifest export prefix altibase_docs_md/; source path resolves.
faq/Home/02. 운영 및 관리/02-06. DB 이름 변경 후 server create 오류발생시__8454421.md	8454421	path; body_chars; word_count	matched	No manifest edit required; metadata already matches current Markdown.	1949	1949	277	277	none	Path normalized by stripping manifest export prefix altibase_docs_md/; source path resolves.
faq/Home/02. 운영 및 관리/02-07. floating point 형 data type (double, float) 사용 시 주의사항__8454981.md	8454981	path; body_chars; word_count	matched	No manifest edit required; metadata already matches current Markdown.	5476	5476	664	664	none	Path normalized by stripping manifest export prefix altibase_docs_md/; source path resolves.
faq/Home/02. 운영 및 관리/02-08. HP-UX에서 부팅 시 알티베이스를 자동으로 시작(startup)하는 방법__9110724.md	9110724	path; body_chars; word_count	matched	No manifest edit required; metadata already matches current Markdown.	6238	6238	819	819	none	Path normalized by stripping manifest export prefix altibase_docs_md/; source path resolves.
faq/Home/02. 운영 및 관리/02-09. IPC 통신을 위한 알티베이스 서버 설정__9110665.md	9110665	path; body_chars; word_count	matched	No manifest edit required; metadata already matches current Markdown.	4198	4198	630	630	none	Path normalized by stripping manifest export prefix altibase_docs_md/; source path resolves.
faq/Home/02. 운영 및 관리/02-10. LOCK TIMEOUT 발생 시 조치 방법__9110702.md	9110702	path; body_chars; word_count	matched	No manifest edit required; metadata already matches current Markdown.	3172	3172	450	450	none	Path normalized by stripping manifest export prefix altibase_docs_md/; source path resolves.
faq/Home/02. 운영 및 관리/02-11. Lock 잡고 있는 세션을 강제로 종료하는 방법__9110706.md	9110706	path; body_chars; word_count	matched	No manifest edit required; metadata already matches current Markdown.	1623	1623	214	214	none	Path normalized by stripping manifest export prefix altibase_docs_md/; source path resolves.
faq/Home/02. 운영 및 관리/02-11. Maximum Capacity Specifications for Altibase__9110717.md	9110717	path; body_chars; word_count	matched	No manifest edit required; metadata already matches current Markdown.	1250	1250	187	187	none	Path normalized by stripping manifest export prefix altibase_docs_md/; source path resolves.
faq/Home/02. 운영 및 관리/02-12. MEM_MAX_DB_SIZE 프로퍼티 설정 변경__8454891.md	8454891	path; body_chars; word_count	matched	No manifest edit required; metadata already matches current Markdown.	7875	7875	998	998	none	Path normalized by stripping manifest export prefix altibase_docs_md/; source path resolves.
faq/Home/02. 운영 및 관리/02-13. PUBLIC SYNONYM 을 삭제해도 되나요__6520939.md	6520939	path; body_chars; word_count	matched	No manifest edit required; metadata already matches current Markdown.	1335	1335	178	178	none	Path normalized by stripping manifest export prefix altibase_docs_md/; source path resolves.
faq/Home/02. 운영 및 관리/02-14. Solaris에서 OS booting 시 자동 altibase startup__9110643.md	9110643	path; body_chars; word_count	matched	No manifest edit required; metadata already matches current Markdown.	4067	4067	560	560	none	Path normalized by stripping manifest export prefix altibase_docs_md/; source path resolves.
faq/Home/02. 운영 및 관리/02-15. sys 유저 패스워드 변경 방법__6521708.md	6521708	path; body_chars; word_count	matched	No manifest edit required; metadata already matches current Markdown.	2781	2781	376	376	none	Path normalized by stripping manifest export prefix altibase_docs_md/; source path resolves.
faq/Home/02. 운영 및 관리/02-16. Table 데이터는 Disk 에 저장하고 인덱스만 Memory 에 생성이 가능한가요__8454455.md	8454455	path; body_chars; word_count	matched	No manifest edit required; metadata already matches current Markdown.	1284	1284	192	192	none	Path normalized by stripping manifest export prefix altibase_docs_md/; source path resolves.
faq/Home/02. 운영 및 관리/02-17. TRANSACTION_TABLE_SIZE 변경 시 고려사항__7341337.md	7341337	path; body_chars; word_count	matched	No manifest edit required; metadata already matches current Markdown.	7926	7926	1372	1372	none	Path normalized by stripping manifest export prefix altibase_docs_md/; source path resolves.
faq/Home/02. 운영 및 관리/02-18. 데이터베이스 보안 점검 체크리스트__6521702.md	6521702	path; body_chars; word_count	matched	No manifest edit required; metadata already matches current Markdown.	19091	19091	2781	2781	none	Path normalized by stripping manifest export prefix altibase_docs_md/; source path resolves.
faq/Home/02. 운영 및 관리/02-19. 동시 접속 세션 수(MAX_CLIENT) 증가 시 고려사항__7341076.md	7341076	path; body_chars; word_count	matched	No manifest edit required; metadata already matches current Markdown.	4240	4240	665	665	none	Path normalized by stripping manifest export prefix altibase_docs_md/; source path resolves.
faq/Home/02. 운영 및 관리/02-20. 로그디스크 FULL이 발생하는 경우와 대처 방법__9110748.md	9110748	path; body_chars; word_count	matched	No manifest edit required; metadata already matches current Markdown.	8953	8953	1087	1087	none	Path normalized by stripping manifest export prefix altibase_docs_md/; source path resolves.
faq/Home/02. 운영 및 관리/02-21. 사용자 생성(CREATE USER) 및 패스워드 변경(ALTER USER) 방법__9110757.md	9110757	path; body_chars; word_count	matched	No manifest edit required; metadata already matches current Markdown.	1608	1608	177	177	none	Path normalized by stripping manifest export prefix altibase_docs_md/; source path resolves.
faq/Home/02. 운영 및 관리/02-22. 사용자 패스워드 길이 제약 - 버전 별 차이__7341322.md	7341322	path; body_chars; word_count	matched	No manifest edit required; metadata already matches current Markdown.	2304	2304	388	388	none	Path normalized by stripping manifest export prefix altibase_docs_md/; source path resolves.
faq/Home/02. 운영 및 관리/02-23. 작업(Job)객체 생성 및 실행 방법__9109696.md	9109696	path; body_chars; word_count	matched	No manifest edit required; metadata already matches current Markdown.	8625	8625	1243	1243	none	Path normalized by stripping manifest export prefix altibase_docs_md/; source path resolves.
faq/Home/02. 운영 및 관리/02-24. 캐릭터셋 변경 방법 상세 절차__8454470.md	8454470	path; body_chars; word_count	matched	No manifest edit required; metadata already matches current Markdown.	4848	4848	723	723	none	Path normalized by stripping manifest export prefix altibase_docs_md/; source path resolves.
faq/Home/02. 운영 및 관리/02-25. 테이블스페이스 데이터 파일 경로 변경 방법__9109934.md	9109934	path; body_chars; word_count	matched	No manifest edit required; metadata already matches current Markdown.	9204	9204	1345	1345	none	Path normalized by stripping manifest export prefix altibase_docs_md/; source path resolves.
faq/Home/02. 운영 및 관리/02-26. 로그앵커, 온라인 로그파일, 아카이브 로그파일, 더블 라이트(Double Write)파일 경로 변경 방법__14057689.md	14057689	path; body_chars; word_count	matched	No manifest edit required; metadata already matches current Markdown.	4761	4761	528	528	none	Path normalized by stripping manifest export prefix altibase_docs_md/; source path resolves.
faq/Home/02. 운영 및 관리/02-27. OS시간과 DB시간이 맞질 않습니다__22642857.md	22642857	path; body_chars; word_count	matched	No manifest edit required; metadata already matches current Markdown.	4747	4747	513	513	none	Path normalized by stripping manifest export prefix altibase_docs_md/; source path resolves.
faq/Home/03. 이중화/03-01. replication conflict 발생원인과 해결방법__9110676.md	9110676	path; body_chars; word_count	matched	No manifest edit required; metadata already matches current Markdown.	4320	4320	638	638	none	Path normalized by stripping manifest export prefix altibase_docs_md/; source path resolves.
faq/Home/03. 이중화/03-02. 동일 IP로 여러 개의 이중화 객체를 생성하는 방법__12517469.md	12517469	path; body_chars; word_count	matched	No manifest edit required; metadata already matches current Markdown.	2711	2711	349	349	none	Path normalized by stripping manifest export prefix altibase_docs_md/; source path resolves.
faq/Home/03. 이중화/03-03. 알티베이스 이중화 대상 테이블에 대한 DDL 작업__8454667.md	8454667	path; body_chars; word_count	matched	No manifest edit required; metadata already matches current Markdown.	3059	3059	491	491	none	Path normalized by stripping manifest export prefix altibase_docs_md/; source path resolves.
faq/Home/03. 이중화/03-04. 이중화 give-up에 대해__9110761.md	9110761	path; body_chars; word_count	matched	No manifest edit required; metadata already matches current Markdown.	4130	4130	668	668	none	Path normalized by stripping manifest export prefix altibase_docs_md/; source path resolves.
faq/Home/03. 이중화/03-05. 이중화 객체 IP 변경 방법__12517463.md	12517463	path; body_chars; word_count	matched	No manifest edit required; metadata already matches current Markdown.	1298	1298	158	158	none	Path normalized by stripping manifest export prefix altibase_docs_md/; source path resolves.
faq/Home/03. 이중화/03-06. 이중화 객체 생성 및 삭제 방법__13008990.md	13008990	path; body_chars; word_count	matched	No manifest edit required; metadata already matches current Markdown.	14951	14951	1638	1638	none	Path normalized by stripping manifest export prefix altibase_docs_md/; source path resolves.
faq/Home/03. 이중화/03-07. 이중화 대상 테이블 추가_삭제 방법__13008994.md	13008994	path; body_chars; word_count	matched	No manifest edit required; metadata already matches current Markdown.	3088	3088	414	414	none	Path normalized by stripping manifest export prefix altibase_docs_md/; source path resolves.
faq/Home/03. 이중화/03-08. 이중화 모니터링 쿼리__9110681.md	9110681	path; body_chars; word_count	matched	No manifest edit required; metadata already matches current Markdown.	5595	5595	733	733	none	Path normalized by stripping manifest export prefix altibase_docs_md/; source path resolves.
faq/Home/04. 백업 및 복구/04-01. aexport 및 iloader 이용/04-01-01. aexport, iloader 란__7341696.md	7341696	path; body_chars; word_count	matched	No manifest edit required; metadata already matches current Markdown.	1024	1024	163	163	none	Path normalized by stripping manifest export prefix altibase_docs_md/; source path resolves.
faq/Home/04. 백업 및 복구/04-01. aexport 및 iloader 이용/04-01-02. aexport 를 이용한 데이터베이스 객체 백업__7341698.md	7341698	path; body_chars; word_count	matched	No manifest edit required; metadata already matches current Markdown.	5091	5091	708	708	none	Path normalized by stripping manifest export prefix altibase_docs_md/; source path resolves.
faq/Home/04. 백업 및 복구/04-01. aexport 및 iloader 이용/04-01-03. iloader 를 이용한 데이터 다운로드__7341700.md	7341700	path; body_chars; word_count	matched	No manifest edit required; metadata already matches current Markdown.	7944	7944	1038	1038	none	Path normalized by stripping manifest export prefix altibase_docs_md/; source path resolves.
faq/Home/04. 백업 및 복구/04-01. aexport 및 iloader 이용/04-01-04. 데이터베이스 객체 생성 및 데이터 업로드__7341702.md	7341702	path; body_chars; word_count	matched	No manifest edit required; metadata already matches current Markdown.	5168	5168	818	818	none	Path normalized by stripping manifest export prefix altibase_docs_md/; source path resolves.
faq/Home/04. 백업 및 복구/04-01. aexport 및 iloader 이용__7341694.md	7341694	path; body_chars; word_count	matched	No manifest edit required; metadata already matches current Markdown.	787	787	99	99	none	Path normalized by stripping manifest export prefix altibase_docs_md/; source path resolves.
faq/Home/04. 백업 및 복구/04-02. Cold Backup한 것을 Directory 경로변경 하여 복구하는 방법__9110699.md	9110699	path; body_chars; word_count	matched	No manifest edit required; metadata already matches current Markdown.	4941	4941	480	480	none	Path normalized by stripping manifest export prefix altibase_docs_md/; source path resolves.
faq/Home/04. 백업 및 복구/04-03. Online Backup 및 Time Based Recovery 방법__9110695.md	9110695	path; body_chars; word_count	matched	No manifest edit required; metadata already matches current Markdown.	5149	5149	710	710	none	Path normalized by stripping manifest export prefix altibase_docs_md/; source path resolves.
faq/Home/05. SQL/05-01. varchar, char 타입 비교__9110650.md	9110650	path; body_chars; word_count	matched	No manifest edit required; metadata already matches current Markdown.	1383	1383	214	214	none	Path normalized by stripping manifest export prefix altibase_docs_md/; source path resolves.
faq/Home/05. SQL/05-02. 객체에 부여된 권한을 확인하는 방법__8454634.md	8454634	path; body_chars; word_count	matched	No manifest edit required; metadata already matches current Markdown.	2251	2251	244	244	none	Path normalized by stripping manifest export prefix altibase_docs_md/; source path resolves.
faq/Home/06. Stored Procedures/06-01. Stored Procedure 내에서 DML 로 영향 받은 레코드 수 확인 방법__8454526.md	8454526	path; body_chars; word_count	matched	No manifest edit required; metadata already matches current Markdown.	954	954	116	116	none	Path normalized by stripping manifest export prefix altibase_docs_md/; source path resolves.
faq/Home/06. Stored Procedures/06-02. 저장 프로시저 내용 확인 방법__9110656.md	9110656	path; body_chars; word_count	matched	No manifest edit required; metadata already matches current Markdown.	6519	6519	769	769	none	Path normalized by stripping manifest export prefix altibase_docs_md/; source path resolves.
faq/Home/07. 개발 및 API/07-01. Connection 연결이 끊어지는 경우와 각 경우의 에러 코드 및 에러 메세지(APRE_C_C++, SQLCLI)__9110022.md	9110022	path; body_chars; word_count	matched	No manifest edit required; metadata already matches current Markdown.	6787	6787	662	662	none	Path normalized by stripping manifest export prefix altibase_docs_md/; source path resolves.
faq/Home/07. 개발 및 API/07-02. JDBC/07-02-01. Altibase JDBC에서 Fail-Over 사용하는 방법은__9110740.md	9110740	path; body_chars; word_count	matched	No manifest edit required; metadata already matches current Markdown.	5597	5597	733	733	none	Path normalized by stripping manifest export prefix altibase_docs_md/; source path resolves.
faq/Home/07. 개발 및 API/07-02. JDBC/07-02-02. jdbc.trc 파일 생성 위치 변경 방법__8454703.md	8454703	path; body_chars; word_count	matched	No manifest edit required; metadata already matches current Markdown.	2018	2018	285	285	none	Path normalized by stripping manifest export prefix altibase_docs_md/; source path resolves.
faq/Home/07. 개발 및 API/07-02. JDBC/07-02-03. JDBC를 통한 서로 다른 Altibase 버전 동시 접속__22642863.md	22642863	path; body_chars; word_count	matched	No manifest edit required; metadata already matches current Markdown.	2076	2076	256	256	none	Path normalized by stripping manifest export prefix altibase_docs_md/; source path resolves.
faq/Home/07. 개발 및 API/07-03. ODBC/07-03-01. 64-bit Windows에서 32-bit ODBC 설치__9110670.md	9110670	path; body_chars; word_count	matched	No manifest edit required; metadata already matches current Markdown.	3498	3498	312	312	none	Path normalized by stripping manifest export prefix altibase_docs_md/; source path resolves.
faq/Home/07. 개발 및 API/07-03. ODBC/07-03-02. ODBC 함수, SQLFreeStmt__9110024.md	9110024	path; body_chars; word_count	matched	No manifest edit required; metadata already matches current Markdown.	1676	1676	255	255	none	Path normalized by stripping manifest export prefix altibase_docs_md/; source path resolves.
faq/Home/07. 개발 및 API/07-03. ODBC/07-03-03. unix_odbc와 연동하기__9110646.md	9110646	path; body_chars; word_count	matched	No manifest edit required; metadata already matches current Markdown.	4921	4921	518	518	none	Path normalized by stripping manifest export prefix altibase_docs_md/; source path resolves.
faq/Home/07. 개발 및 API/07-04. PHP/07-04-01. php 사용중인데 한글이 깨집니다__8454801.md	8454801	path; body_chars; word_count	matched	No manifest edit required; metadata already matches current Markdown.	4060	4060	525	525	none	Path normalized by stripping manifest export prefix altibase_docs_md/; source path resolves.
faq/Home/07. 개발 및 API/07-05. Spring+iBatis 트랜잭션 관리 방법__9109742.md	9109742	path; body_chars; word_count	matched	No manifest edit required; metadata already matches current Markdown.	6855	6855	517	517	none	Path normalized by stripping manifest export prefix altibase_docs_md/; source path resolves.
faq/Home/08. 모니터링/08-01. Altibase에서 수행된 쿼리 로그 남기는 방법(altiProfile)은__9110730.md	9110730	path; body_chars; word_count	matched	No manifest edit required; metadata already matches current Markdown.	33316	33316	4171	4171	none	Path normalized by stripping manifest export prefix altibase_docs_md/; source path resolves.
faq/Home/08. 모니터링/08-02. Lock 관련 정보 조회__9109812.md	9109812	path; body_chars; word_count	matched	No manifest edit required; metadata already matches current Markdown.	2737	2737	396	396	none	Path normalized by stripping manifest export prefix altibase_docs_md/; source path resolves.
faq/Home/08. 모니터링/08-03. OS별 시스템 정보 보기__9110801.md	9110801	path; body_chars; word_count	matched	No manifest edit required; metadata already matches current Markdown.	34495	34495	5082	5082	none	Path normalized by stripping manifest export prefix altibase_docs_md/; source path resolves.
faq/Home/08. 모니터링/08-04. Windows 용 모니터링 툴__7340488.md	7340488	path; body_chars; word_count	matched	No manifest edit required; metadata already matches current Markdown.	4716	4716	621	621	none	Path normalized by stripping manifest export prefix altibase_docs_md/; source path resolves.
faq/Home/08. 모니터링/08-05. 디스크 테이블 및 인덱스 사용량/08-05-01. ALTIBASE HDB 4.3.9.x__7342017.md	7342017	path; body_chars; word_count	matched	No manifest edit required; metadata already matches current Markdown.	6657	6657	596	596	none	Path normalized by stripping manifest export prefix altibase_docs_md/; source path resolves.
faq/Home/08. 모니터링/08-05. 디스크 테이블 및 인덱스 사용량/08-05-02. ALTIBASE HDB 5.1.5.x__7342019.md	7342019	path; body_chars; word_count	matched	No manifest edit required; metadata already matches current Markdown.	10065	10065	839	839	none	Path normalized by stripping manifest export prefix altibase_docs_md/; source path resolves.
faq/Home/08. 모니터링/08-05. 디스크 테이블 및 인덱스 사용량/08-05-03. ALTIBASE HDB 5.3.x, 5.5.1, 6.1.1, 6.3.1__7342021.md	7342021	path; body_chars; word_count	matched	No manifest edit required; metadata already matches current Markdown.	15543	15543	1321	1321	none	Path normalized by stripping manifest export prefix altibase_docs_md/; source path resolves.
faq/Home/08. 모니터링/08-05. 디스크 테이블 및 인덱스 사용량__7342015.md	7342015	path; body_chars; word_count	matched	No manifest edit required; metadata already matches current Markdown.	692	692	91	91	none	Path normalized by stripping manifest export prefix altibase_docs_md/; source path resolves.
faq/Home/08. 모니터링/08-06. 디스크 테이블스페이스 사용량/08-06-01. ALTIBASE HDB 4.3.9__7342007.md	7342007	path; body_chars; word_count	matched	No manifest edit required; metadata already matches current Markdown.	3846	3846	335	335	none	Path normalized by stripping manifest export prefix altibase_docs_md/; source path resolves.
faq/Home/08. 모니터링/08-06. 디스크 테이블스페이스 사용량/08-06-02. ALTIBASE HDB 5.1.5__7342009.md	7342009	path; body_chars; word_count	matched	No manifest edit required; metadata already matches current Markdown.	2939	2939	292	292	none	Path normalized by stripping manifest export prefix altibase_docs_md/; source path resolves.
faq/Home/08. 모니터링/08-06. 디스크 테이블스페이스 사용량/08-06-03. ALTIBASE HDB 5.3.3, 5.3.5__7342011.md	7342011	path; body_chars; word_count	matched	No manifest edit required; metadata already matches current Markdown.	5330	5330	452	452	none	Path normalized by stripping manifest export prefix altibase_docs_md/; source path resolves.
faq/Home/08. 모니터링/08-06. 디스크 테이블스페이스 사용량/08-06-04. ALTIBASE HDB 5.5.1, 6.1.1, 6.3.1__7342013.md	7342013	path; body_chars; word_count	matched	No manifest edit required; metadata already matches current Markdown.	5437	5437	455	455	none	Path normalized by stripping manifest export prefix altibase_docs_md/; source path resolves.
faq/Home/08. 모니터링/08-07. 롤백(rollback) 중인 쿼리를 확인하는 방법__8454580.md	8454580	path; body_chars; word_count	matched	No manifest edit required; metadata already matches current Markdown.	2532	2532	346	346	none	Path normalized by stripping manifest export prefix altibase_docs_md/; source path resolves.
faq/Home/08. 모니터링/08-08. 메모리 테이블 및 인덱스 사용량__8454613.md	8454613	path; body_chars; word_count	matched	No manifest edit required; metadata already matches current Markdown.	9829	9829	951	951	none	Path normalized by stripping manifest export prefix altibase_docs_md/; source path resolves.
faq/Home/08. 모니터링/08-09. 메모리 테이블스페이스 사용량/08-09-01. ALTIBASE HDB 5.5.1, 6.1.1, 6.3.1__8454645.md	8454645	path; body_chars; word_count	matched	No manifest edit required; metadata already matches current Markdown.	5630	5630	602	602	none	Path normalized by stripping manifest export prefix altibase_docs_md/; source path resolves.
faq/Home/08. 모니터링/08-10. 알티몬(altimon) 설정 및 실행 방법__6979592.md	6979592	path; body_chars; word_count	matched	No manifest edit required; metadata already matches current Markdown.	7802	7802	827	827	none	Path normalized by stripping manifest export prefix altibase_docs_md/; source path resolves.
faq/Home/08. 모니터링/08-11. 언두 테이블스페이스(UNDO TABLESPACE)/08-11-01. 언두 테이블스페이스 사용량__7341970.md	7341970	path; body_chars; word_count	matched	No manifest edit required; metadata already matches current Markdown.	4370	4370	670	670	none	Path normalized by stripping manifest export prefix altibase_docs_md/; source path resolves.
faq/Home/08. 모니터링/08-11. 언두 테이블스페이스(UNDO TABLESPACE)/08-11-02. 언두 테이블스페이스 사용량 증가 시 모니터링 방법__8455098.md	8455098	path; body_chars; word_count	matched	No manifest edit required; metadata already matches current Markdown.	21284	21284	3076	3076	none	Path normalized by stripping manifest export prefix altibase_docs_md/; source path resolves.
faq/Home/08. 모니터링/08-12. 테이블_컬럼 정의서__12517434.md	12517434	path; body_chars; word_count	matched	No manifest edit required; metadata already matches current Markdown.	5471	5471	754	754	none	Path normalized by stripping manifest export prefix altibase_docs_md/; source path resolves.
faq/Home/09. 에러메시지/09-01. [Notify _ Fetch Timeout] Session Closed by Server__9109652.md	9109652	path; body_chars; word_count	matched	No manifest edit required; metadata already matches current Markdown.	15993	15993	1674	1674	none	Path normalized by stripping manifest export prefix altibase_docs_md/; source path resolves.
faq/Home/09. 에러메시지/09-02. [Warning] Memory allocation failed__9109748.md	9109748	path; body_chars; word_count	matched	No manifest edit required; metadata already matches current Markdown.	2602	2602	342	342	none	Path normalized by stripping manifest export prefix altibase_docs_md/; source path resolves.
faq/Home/09. 에러메시지/09-03. altibase_boot.log의 TRY_COUNT, LOCK_COUNT, MISS_COUNT 메시지 의미__9110174.md	9110174	path; body_chars; word_count	matched	No manifest edit required; metadata already matches current Markdown.	4008	4008	335	335	none	Path normalized by stripping manifest export prefix altibase_docs_md/; source path resolves.
faq/Home/09. 에러메시지/09-04. altibase_qp.log의 8자리 errorcode 확인방법__6521445.md	6521445	path; body_chars; word_count	matched	No manifest edit required; metadata already matches current Markdown.	2117	2117	299	299	none	Path normalized by stripping manifest export prefix altibase_docs_md/; source path resolves.
faq/Home/09. 에러메시지/09-05. Closed Socket by client is Detected__6521171.md	6521171	path; body_chars; word_count	matched	No manifest edit required; metadata already matches current Markdown.	1309	1309	163	163	none	Path normalized by stripping manifest export prefix altibase_docs_md/; source path resolves.
faq/Home/09. 에러메시지/09-06. ERR-0109D Insufficient memory__6521110.md	6521110	path; body_chars; word_count	matched	No manifest edit required; metadata already matches current Markdown.	3351	3351	509	509	none	Path normalized by stripping manifest export prefix altibase_docs_md/; source path resolves.
faq/Home/09. 에러메시지/09-07. ERR-311E0 The estimated size of the index key exceeds the maximum limit__6521026.md	6521026	path; body_chars; word_count	matched	No manifest edit required; metadata already matches current Markdown.	2805	2805	406	406	none	Path normalized by stripping manifest export prefix altibase_docs_md/; source path resolves.
faq/Home/09. 에러메시지/09-08. ERR-410D2 (266450) Fetch out of sequence__10060534.md	10060534	path; body_chars; word_count	matched	No manifest edit required; metadata already matches current Markdown.	8395	8395	1221	1221	none	Path normalized by stripping manifest export prefix altibase_docs_md/; source path resolves.
faq/Home/09. 에러메시지/09-09. ERR-1105D Unable to begin a new update statement__6521112.md	6521112	path; body_chars; word_count	matched	No manifest edit required; metadata already matches current Markdown.	3815	3815	554	554	none	Path normalized by stripping manifest export prefix altibase_docs_md/; source path resolves.
faq/Home/09. 에러메시지/09-10. ERR-4103C (266300) Request of fetching data to an unprepared SQL statement__10060521.md	10060521	path; body_chars; word_count	matched	No manifest edit required; metadata already matches current Markdown.	7902	7902	1115	1115	none	Path normalized by stripping manifest export prefix altibase_docs_md/; source path resolves.
faq/Home/09. 에러메시지/09-11. ERR-4109C Invalid session property__8454428.md	8454428	path; body_chars; word_count	matched	No manifest edit required; metadata already matches current Markdown.	5437	5437	648	648	none	Path normalized by stripping manifest export prefix altibase_docs_md/; source path resolves.
faq/Home/09. 에러메시지/09-12. ERR-5102E ( 331822) Invalid cursor state__9110660.md	9110660	path; body_chars; word_count	matched	No manifest edit required; metadata already matches current Markdown.	3540	3540	563	563	none	Path normalized by stripping manifest export prefix altibase_docs_md/; source path resolves.
faq/Home/09. 에러메시지/09-13. ERR-7101D ( 462877) Protocol header error__6521284.md	6521284	path; body_chars; word_count	matched	No manifest edit required; metadata already matches current Markdown.	3500	3500	492	492	none	Path normalized by stripping manifest export prefix altibase_docs_md/; source path resolves.
faq/Home/09. 에러메시지/09-14. ERR-11030 ( 69680) The data file cannot be extended because the requested size is bigger than the maximum size (F__9110712.md	9110712	path; body_chars; word_count	matched	No manifest edit required; metadata already matches current Markdown.	4811	4811	543	543	none	Path normalized by stripping manifest export prefix altibase_docs_md/; source path resolves.
faq/Home/09. 에러메시지/09-15. ERR-11036 The data file is in use__6521344.md	6521344	path; body_chars; word_count	matched	No manifest edit required; metadata already matches current Markdown.	1664	1664	244	244	none	Path normalized by stripping manifest export prefix altibase_docs_md/; source path resolves.
faq/Home/09. 에러메시지/09-16. ERR-11049 ( 69705) Too many pages are allocated ( Maximum Number of Pages= 숫자)__9110685.md	9110685	path; body_chars; word_count	matched	No manifest edit required; metadata already matches current Markdown.	5015	5015	582	582	none	Path normalized by stripping manifest export prefix altibase_docs_md/; source path resolves.
faq/Home/09. 에러메시지/09-17. ERR-11075 ( 69749) The transaction has exceeded the lock timeout specified by the user__6521290.md	6521290	path; body_chars; word_count	matched	No manifest edit required; metadata already matches current Markdown.	7587	7587	1086	1086	none	Path normalized by stripping manifest export prefix altibase_docs_md/; source path resolves.
faq/Home/09. 에러메시지/09-18. ERR-11118 ( 69912) The update log size '_' is bigger than TRX_UPDATE_MAX_LOGSIZE '_'__8454818.md	8454818	path; body_chars; word_count	matched	No manifest edit required; metadata already matches current Markdown.	7465	7465	1039	1039	none	Path normalized by stripping manifest export prefix altibase_docs_md/; source path resolves.
faq/Home/09. 에러메시지/09-19. ERR-11183 ( 70019) Insufficient page descriptor area in the temp table__10846427.md	10846427	path; body_chars; word_count	matched	No manifest edit required; metadata already matches current Markdown.	8522	8522	1100	1100	none	Path normalized by stripping manifest export prefix altibase_docs_md/; source path resolves.
faq/Home/09. 에러메시지/09-20. ERR-11184 ( 70020) Insufficient free space in work area__10846429.md	10846429	path; body_chars; word_count	matched	No manifest edit required; metadata already matches current Markdown.	3137	3137	427	427	none	Path normalized by stripping manifest export prefix altibase_docs_md/; source path resolves.
faq/Home/09. 에러메시지/09-22. ERR-21011 _ Invalid literal__8455157.md	8455157	path; body_chars; word_count	matched	No manifest edit required; metadata already matches current Markdown.	2362	2362	379	379	none	Path normalized by stripping manifest export prefix altibase_docs_md/; source path resolves.
faq/Home/09. 에러메시지/09-23. ERR-31283 Unable to create a primary key or a unique key constraint in the local non-prefixed index__6521108.md	6521108	path; body_chars; word_count	matched	No manifest edit required; metadata already matches current Markdown.	8362	8362	854	854	none	Path normalized by stripping manifest export prefix altibase_docs_md/; source path resolves.
faq/Home/09. 에러메시지/09-24. ERR-41059 ( 266329) Task pool overflow. Check properties__9110810.md	9110810	path; body_chars; word_count	matched	No manifest edit required; metadata already matches current Markdown.	9309	9309	1400	1400	none	Path normalized by stripping manifest export prefix altibase_docs_md/; source path resolves.
faq/Home/09. 에러메시지/09-25. ERR-71018 ( 462872) Failed to invoke a system function, read() 또는 Failed to invoke the read() system function__9110051.md	9110051	path; body_chars; word_count	matched	No manifest edit required; metadata already matches current Markdown.	3742	3742	563	563	none	Path normalized by stripping manifest export prefix altibase_docs_md/; source path resolves.
faq/Home/09. 에러메시지/09-26. ERR-71019(errno=104) Failed to invoke a system function, write()__9110055.md	9110055	path; body_chars; word_count	matched	No manifest edit required; metadata already matches current Markdown.	892	892	75	75	none	Path normalized by stripping manifest export prefix altibase_docs_md/; source path resolves.
faq/Home/09. 에러메시지/09-27. ERR-91015 ( 593941) Communication failure__9110894.md	9110894	path; body_chars; word_count	matched	No manifest edit required; metadata already matches current Markdown.	6416	6416	778	778	none	Path normalized by stripping manifest export prefix altibase_docs_md/; source path resolves.
faq/Home/09. 에러메시지/09-28. Not found data__10060525.md	10060525	path; body_chars; word_count	matched	No manifest edit required; metadata already matches current Markdown.	7133	7133	1087	1087	none	Path normalized by stripping manifest export prefix altibase_docs_md/; source path resolves.
faq/Home/09. 에러메시지/09-29. tablespace does not have enough free space 에러__9110690.md	9110690	path; body_chars; word_count	matched	No manifest edit required; metadata already matches current Markdown.	1427	1427	173	173	none	Path normalized by stripping manifest export prefix altibase_docs_md/; source path resolves.
faq/Home/09. 에러메시지/Home/09. 에러메시지/09-21. ERR-21010 Value overflow__6521028.md	6521028	path; body_chars; word_count	matched	No manifest edit required; metadata already matches current Markdown.	1741	1741	216	216	none	Path normalized by stripping manifest export prefix altibase_docs_md/; source path resolves.
faq/Home/11. 유틸리티/11-01. AdminCenter2 실행 파일__8454900.md	8454900	path; body_chars; word_count	matched	No manifest edit required; metadata already matches current Markdown.	1108	1108	128	128	none	Path normalized by stripping manifest export prefix altibase_docs_md/; source path resolves.
faq/Home/11. 유틸리티/11-02. iLoader/11-02-01. 도스 형식 데이터 파일을 iloader로 업로드 할 때 에러가 발생 합니다__8454513.md	8454513	path; body_chars; word_count	matched	No manifest edit required; metadata already matches current Markdown.	3152	3152	420	420	none	Path normalized by stripping manifest export prefix altibase_docs_md/; source path resolves.
faq/Home/12. 기타/12-01. Thread process debugging방법__9109859.md	9109859	path; body_chars; word_count	matched	No manifest edit required; metadata already matches current Markdown.	5019	5019	750	750	none	Path normalized by stripping manifest export prefix altibase_docs_md/; source path resolves.
faq/Home/12. 기타/12-02. 대용량 DRDB Index 구축__20873218.md	20873218	path; body_chars; word_count	matched	No manifest edit required; metadata already matches current Markdown.	2267	2267	304	304	none	Path normalized by stripping manifest export prefix altibase_docs_md/; source path resolves.
faq/Home/13. 일반/13-01. Altibase는 어떤 인터페이스를 제공하나요__9110631.md	9110631	path; body_chars; word_count	matched	No manifest edit required; metadata already matches current Markdown.	2563	2563	444	444	none	Path normalized by stripping manifest export prefix altibase_docs_md/; source path resolves.
faq/Home/13. 일반/13-02. Altibase와 디스크 기반 DBMS의 가장 큰 차이점은 무엇인가요__9110635.md	9110635	path; body_chars; word_count	matched	No manifest edit required; metadata already matches current Markdown.	2027	2027	208	208	none	Path normalized by stripping manifest export prefix altibase_docs_md/; source path resolves.
faq/Home/13. 일반/13-03. 메모리에 전체 데이터베이스가 존재하는데 데이터의 안전성에는 문제가 없나요__9110752.md	9110752	path; body_chars; word_count	matched	No manifest edit required; metadata already matches current Markdown.	2021	2021	341	341	none	Path normalized by stripping manifest export prefix altibase_docs_md/; source path resolves.
