path	source_class	evidence_path	allowed_phase3_use	risk	notes
FAQE/Home/01. Installation, Patch, Upgrade/Altibase Client Installation/Starting from ALTIBASE HDB 5.5.1__16875941.md	Korean-source-verified	semantic-coverage/doc-mapping.tsv (F01-03); KO_EN_SEMANTIC_COVERAGE_REPORT.md	Primary Phase 3 source; may be described as Korean-source-verified.	none	Korean-core FAQE target for faq/Home/01. 설치, 패치, 업그레이드/01-03. 알티베이스 클라이언트 설치 방법(ALTIBASE HDB 5.5.1 부터)__8455011.md audited by S020 with Phase 1 COMPLETE coverage.
FAQE/Home/01. Installation, Patch, Upgrade/Altibase Server Patch Procedure on Unix and Linux__16875922.md	Korean-source-verified	semantic-coverage/doc-mapping.tsv (F01-02); KO_EN_SEMANTIC_COVERAGE_REPORT.md	Primary Phase 3 source; may be described as Korean-source-verified.	none	Korean-core FAQE target for faq/Home/01. 설치, 패치, 업그레이드/01-02. Unix 및 Linux 에서 알티베이스 서버 패치 절차__8454397.md audited by S020 with Phase 1 COMPLETE coverage.
FAQE/Home/01. Installation, Patch, Upgrade/What Platforms (OS) Altibase HDB supports__16875920.md	Korean-source-verified	semantic-coverage/doc-mapping.tsv (F01-01); KO_EN_SEMANTIC_COVERAGE_REPORT.md	Primary Phase 3 source; may be described as Korean-source-verified.	none	Korean-core FAQE target for faq/Home/01. 설치, 패치, 업그레이드/01-01. Altibase HDB가 지원하는 플랫폼(OS)은__9110736.md audited by S020 with Phase 1 COMPLETE coverage.
FAQE/Home/01. Installation, Patch, Upgrade/What to do when installing Altibase on Windows, and it says _It has already been installed__16875943.md	Korean-source-verified	semantic-coverage/doc-mapping.tsv (F01-04); KO_EN_SEMANTIC_COVERAGE_REPORT.md	Primary Phase 3 source; may be described as Korean-source-verified.	none	Korean-core FAQE target for faq/Home/01. 설치, 패치, 업그레이드/01-04. 윈도우에서 알티베이스 설치 할 때 _이미 설치가 되었다_고 합니다__8454409.md audited by S020 with Phase 1 COMPLETE coverage.
FAQE/Home/02. Operation and Management/Altibase Server Configuration for IPC Communication__22642933.md	Korean-source-verified	semantic-coverage/doc-mapping.tsv (F02-09); KO_EN_SEMANTIC_COVERAGE_REPORT.md	Primary Phase 3 source; may be described as Korean-source-verified.	none	Korean-core FAQE target for faq/Home/02. 운영 및 관리/02-09. IPC 통신을 위한 알티베이스 서버 설정__9110665.md audited by S021 with Phase 1 COMPLETE coverage.
FAQE/Home/02. Operation and Management/Automatic altibase startup during OS booting in Solaris__16875996.md	Korean-source-verified	semantic-coverage/doc-mapping.tsv (F02-14); KO_EN_SEMANTIC_COVERAGE_REPORT.md	Primary Phase 3 source; may be described as Korean-source-verified.	none	Korean-core FAQE target for faq/Home/02. 운영 및 관리/02-14. Solaris에서 OS booting 시 자동 altibase startup__9110643.md audited by S021 with Phase 1 COMPLETE coverage.
FAQE/Home/02. Operation and Management/Can PUBLIC SYNONYM be dropped__16875993.md	Korean-source-verified	semantic-coverage/doc-mapping.tsv (F02-13); KO_EN_SEMANTIC_COVERAGE_REPORT.md	Primary Phase 3 source; may be described as Korean-source-verified.	none	Korean-core FAQE target for faq/Home/02. 운영 및 관리/02-13. PUBLIC SYNONYM 을 삭제해도 되나요__6520939.md audited by S021 with Phase 1 COMPLETE coverage.
FAQE/Home/02. Operation and Management/Can table data be saved on disk and only indexes can be created in memory__16876008.md	Korean-source-verified	semantic-coverage/doc-mapping.tsv (F02-16); KO_EN_SEMANTIC_COVERAGE_REPORT.md	Primary Phase 3 source; may be described as Korean-source-verified.	none	Korean-core FAQE target for faq/Home/02. 운영 및 관리/02-16. Table 데이터는 Disk 에 저장하고 인덱스만 Memory 에 생성이 가능한가요__8454455.md audited by S022 with Phase 1 COMPLETE coverage.
FAQE/Home/02. Operation and Management/Database Security Checklist__22642935.md	Korean-source-verified	semantic-coverage/doc-mapping.tsv (F02-18); KO_EN_SEMANTIC_COVERAGE_REPORT.md	Primary Phase 3 source; may be described as Korean-source-verified.	none	Korean-core FAQE target for faq/Home/02. 운영 및 관리/02-18. 데이터베이스 보안 점검 체크리스트__6521702.md audited by S021 with Phase 1 COMPLETE coverage.
FAQE/Home/02. Operation and Management/Detailed procedure for changing character set__16876045.md	Korean-source-verified	semantic-coverage/doc-mapping.tsv (F02-24); KO_EN_SEMANTIC_COVERAGE_REPORT.md	Primary Phase 3 source; may be described as Korean-source-verified.	none	Korean-core FAQE target for faq/Home/02. 운영 및 관리/02-24. 캐릭터셋 변경 방법 상세 절차__8454470.md audited by S022 with Phase 1 COMPLETE coverage.
FAQE/Home/02. Operation and Management/How to change sys user password__16876004.md	Korean-source-verified	semantic-coverage/doc-mapping.tsv (F02-15); KO_EN_SEMANTIC_COVERAGE_REPORT.md	Primary Phase 3 source; may be described as Korean-source-verified.	none	Korean-core FAQE target for faq/Home/02. 운영 및 관리/02-15. sys 유저 패스워드 변경 방법__6521708.md audited by S021 with Phase 1 COMPLETE coverage.
FAQE/Home/02. Operation and Management/How to change the database's db name__16875966.md	Korean-source-verified	semantic-coverage/doc-mapping.tsv (F02-04); KO_EN_SEMANTIC_COVERAGE_REPORT.md	Primary Phase 3 source; may be described as Korean-source-verified.	none	Korean-core FAQE target for faq/Home/02. 운영 및 관리/02-04. Database 의 db name을 바꾸는 방법__10059840.md audited by S021 with Phase 1 COMPLETE coverage.
FAQE/Home/02. Operation and Management/How to change the path of log anchor, online log file, archive log file, and double write file__16876052.md	Korean-source-verified	semantic-coverage/doc-mapping.tsv (F02-26); KO_EN_SEMANTIC_COVERAGE_REPORT.md	Primary Phase 3 source; may be described as Korean-source-verified.	none	Korean-core FAQE target for faq/Home/02. 운영 및 관리/02-26. 로그앵커, 온라인 로그파일, 아카이브 로그파일, 더블 라이트(Double Write)파일 경로 변경 방법__14057689.md audited by S022 with Phase 1 COMPLETE coverage.
FAQE/Home/02. Operation and Management/How to change the tablespace data file path__16876049.md	Korean-source-verified	semantic-coverage/doc-mapping.tsv (F02-25); KO_EN_SEMANTIC_COVERAGE_REPORT.md	Primary Phase 3 source; may be described as Korean-source-verified.	none	Korean-core FAQE target for faq/Home/02. 운영 및 관리/02-25. 테이블스페이스 데이터 파일 경로 변경 방법__9109934.md audited by S022 with Phase 1 COMPLETE coverage.
FAQE/Home/02. Operation and Management/How to check the history of adding datafiles__16875969.md	Korean-source-verified	semantic-coverage/doc-mapping.tsv (F02-05); KO_EN_SEMANTIC_COVERAGE_REPORT.md	Primary Phase 3 source; may be described as Korean-source-verified.	none	Korean-core FAQE target for faq/Home/02. 운영 및 관리/02-05. Datafile 을 추가한 이력 확인 방법__8454956.md audited by S022 with Phase 1 COMPLETE coverage.
FAQE/Home/02. Operation and Management/How to create a user (CREATE USER) and change a password (ALTER USER)__16876036.md	Korean-source-verified	semantic-coverage/doc-mapping.tsv (F02-21); KO_EN_SEMANTIC_COVERAGE_REPORT.md	Primary Phase 3 source; may be described as Korean-source-verified.	none	Korean-core FAQE target for faq/Home/02. 운영 및 관리/02-21. 사용자 생성(CREATE USER) 및 패스워드 변경(ALTER USER) 방법__9110757.md audited by S021 with Phase 1 COMPLETE coverage.
FAQE/Home/02. Operation and Management/How to create and execute Job objects__16876042.md	Korean-source-verified	semantic-coverage/doc-mapping.tsv (F02-23); KO_EN_SEMANTIC_COVERAGE_REPORT.md	Primary Phase 3 source; may be described as Korean-source-verified.	none	Korean-core FAQE target for faq/Home/02. 운영 및 관리/02-23. 작업(Job)객체 생성 및 실행 방법__9109696.md audited by S022 with Phase 1 COMPLETE coverage.
FAQE/Home/02. Operation and Management/How to forcefully close a session that is being locked__16875986.md	Korean-source-verified	semantic-coverage/doc-mapping.tsv (F02-11A); KO_EN_SEMANTIC_COVERAGE_REPORT.md	Primary Phase 3 source; may be described as Korean-source-verified.	none	Korean-core FAQE target for faq/Home/02. 운영 및 관리/02-11. Lock 잡고 있는 세션을 강제로 종료하는 방법__9110706.md audited by S021 with Phase 1 COMPLETE coverage.
FAQE/Home/02. Operation and Management/How to modify column__16875952.md	Korean-source-verified	semantic-coverage/doc-mapping.tsv (F02-02); KO_EN_SEMANTIC_COVERAGE_REPORT.md	Primary Phase 3 source; may be described as Korean-source-verified.	none	Korean-core FAQE target for faq/Home/02. 운영 및 관리/02-02. column modify 하는 방법__8454851.md audited by S022 with Phase 1 COMPLETE coverage.
FAQE/Home/02. Operation and Management/How to resolve when LOCK TIMEOUT occurs__16875984.md	Korean-source-verified	semantic-coverage/doc-mapping.tsv (F02-10); KO_EN_SEMANTIC_COVERAGE_REPORT.md	Primary Phase 3 source; may be described as Korean-source-verified.	none	Korean-core FAQE target for faq/Home/02. 운영 및 관리/02-10. LOCK TIMEOUT 발생 시 조치 방법__9110702.md audited by S021 with Phase 1 COMPLETE coverage.
FAQE/Home/02. Operation and Management/How to start and stop the database__22642937.md	Korean-source-verified	semantic-coverage/doc-mapping.tsv (F02-03); KO_EN_SEMANTIC_COVERAGE_REPORT.md	Primary Phase 3 source; may be described as Korean-source-verified.	none	Korean-core FAQE target for faq/Home/02. 운영 및 관리/02-03. Database 를 stop 하고 start 하는 방법__9764972.md audited by S021 with Phase 1 COMPLETE coverage.
FAQE/Home/02. Operation and Management/How to startup Altibase automatically when booting from HP-UX__16875976.md	Korean-source-verified	semantic-coverage/doc-mapping.tsv (F02-08); KO_EN_SEMANTIC_COVERAGE_REPORT.md	Primary Phase 3 source; may be described as Korean-source-verified.	none	Korean-core FAQE target for faq/Home/02. 운영 및 관리/02-08. HP-UX에서 부팅 시 알티베이스를 자동으로 시작(startup)하는 방법__9110724.md audited by S021 with Phase 1 COMPLETE coverage.
FAQE/Home/02. Operation and Management/Maximum Capacity Specifications for Altibase__16875989.md	Korean-source-verified	semantic-coverage/doc-mapping.tsv (F02-11B); KO_EN_SEMANTIC_COVERAGE_REPORT.md	Primary Phase 3 source; may be described as Korean-source-verified.	none	Korean-core FAQE target for faq/Home/02. 운영 및 관리/02-11. Maximum Capacity Specifications for Altibase__9110717.md audited by S022 with Phase 1 COMPLETE coverage.
FAQE/Home/02. Operation and Management/Notes on using floating point data type (double, float)__16875974.md	Korean-source-verified	semantic-coverage/doc-mapping.tsv (F02-07); KO_EN_SEMANTIC_COVERAGE_REPORT.md	Primary Phase 3 source; may be described as Korean-source-verified.	none	Korean-core FAQE target for faq/Home/02. 운영 및 관리/02-07. floating point 형 data type (double, float) 사용 시 주의사항__8454981.md audited by S022 with Phase 1 COMPLETE coverage.
FAQE/Home/02. Operation and Management/Notes_Considerations when changing TRANSACTION_TABLE_SIZE__16876013.md	Korean-source-verified	semantic-coverage/doc-mapping.tsv (F02-17); KO_EN_SEMANTIC_COVERAGE_REPORT.md	Primary Phase 3 source; may be described as Korean-source-verified.	none	Korean-core FAQE target for faq/Home/02. 운영 및 관리/02-17. TRANSACTION_TABLE_SIZE 변경 시 고려사항__7341337.md audited by S022 with Phase 1 COMPLETE coverage.
FAQE/Home/02. Operation and Management/Notes_Considerations when increasing the number of concurrent connection sessions (MAX_CLIENT)__16876028.md	Korean-source-verified	semantic-coverage/doc-mapping.tsv (F02-19); KO_EN_SEMANTIC_COVERAGE_REPORT.md	Primary Phase 3 source; may be described as Korean-source-verified.	none	Korean-core FAQE target for faq/Home/02. 운영 및 관리/02-19. 동시 접속 세션 수(MAX_CLIENT) 증가 시 고려사항__7341076.md audited by S021 with Phase 1 COMPLETE coverage.
FAQE/Home/02. Operation and Management/The OS time and the DB time do not match__22642939.md	Korean-source-verified	semantic-coverage/doc-mapping.tsv (F02-27); KO_EN_SEMANTIC_COVERAGE_REPORT.md	Primary Phase 3 source; may be described as Korean-source-verified.	none	Korean-core FAQE target for faq/Home/02. 운영 및 관리/02-27. OS시간과 DB시간이 맞질 않습니다__22642857.md audited by S021 with Phase 1 COMPLETE coverage.
FAQE/Home/02. Operation and Management/User password length limitation - Differences by version__22642941.md	Korean-source-verified	semantic-coverage/doc-mapping.tsv (F02-22); KO_EN_SEMANTIC_COVERAGE_REPORT.md	Primary Phase 3 source; may be described as Korean-source-verified.	none	Korean-core FAQE target for faq/Home/02. 운영 및 관리/02-22. 사용자 패스워드 길이 제약 - 버전 별 차이__7341322.md audited by S021 with Phase 1 COMPLETE coverage.
FAQE/Home/02. Operation and Management/What is MEM_MAX_DB_SIZE__16875991.md	Korean-source-verified	semantic-coverage/doc-mapping.tsv (F02-12); KO_EN_SEMANTIC_COVERAGE_REPORT.md	Primary Phase 3 source; may be described as Korean-source-verified.	legacy attachment label tracked separately; do not infer a missing URL	Korean-core FAQE target for faq/Home/02. 운영 및 관리/02-12. MEM_MAX_DB_SIZE 프로퍼티 설정 변경__8454891.md audited by S022; only legacy no-downloadable-URL evidence applies.
FAQE/Home/02. Operation and Management/When log disk is FULL and its countermeasures__16876034.md	Korean-source-verified	semantic-coverage/doc-mapping.tsv (F02-20); KO_EN_SEMANTIC_COVERAGE_REPORT.md	Primary Phase 3 source; may be described as Korean-source-verified.	none	Korean-core FAQE target for faq/Home/02. 운영 및 관리/02-20. 로그디스크 FULL이 발생하는 경우와 대처 방법__9110748.md audited by S022 with Phase 1 COMPLETE coverage.
FAQE/Home/02. Operation and Management/When server create errors occur after DB name change__16875972.md	Korean-source-verified	semantic-coverage/doc-mapping.tsv (F02-06); KO_EN_SEMANTIC_COVERAGE_REPORT.md	Primary Phase 3 source; may be described as Korean-source-verified.	none	Korean-core FAQE target for faq/Home/02. 운영 및 관리/02-06. DB 이름 변경 후 server create 오류발생시__8454421.md audited by S021 with Phase 1 COMPLETE coverage.
FAQE/Home/02. Operation and Management/[Linux] How to register Altibase server process auto start script__16875947.md	Korean-source-verified	semantic-coverage/doc-mapping.tsv (F02-01); KO_EN_SEMANTIC_COVERAGE_REPORT.md	Primary Phase 3 source; may be described as Korean-source-verified.	none	Korean-core FAQE target for faq/Home/02. 운영 및 관리/02-01. [Linux] Altibase 서버 프로세스 자동 시작 스크립트 등록 방법__12517478.md audited by S021 with Phase 1 COMPLETE coverage.
FAQE/Home/03. Replication/Causes and Solutions of Replication Conflicts__16876059.md	Korean-source-verified	semantic-coverage/doc-mapping.tsv (F03-01); KO_EN_SEMANTIC_COVERAGE_REPORT.md	Primary Phase 3 source; may be described as Korean-source-verified.	none	Korean-core FAQE target for faq/Home/03. 이중화/03-01. replication conflict 발생원인과 해결방법__9110676.md audited by S023 with Phase 1 COMPLETE coverage.
FAQE/Home/03. Replication/DDL operation on the table for Altibase replication__22642943.md	Korean-source-verified	semantic-coverage/doc-mapping.tsv (F03-03); KO_EN_SEMANTIC_COVERAGE_REPORT.md	Primary Phase 3 source; may be described as Korean-source-verified.	none	Korean-core FAQE target for faq/Home/03. 이중화/03-03. 알티베이스 이중화 대상 테이블에 대한 DDL 작업__8454667.md audited by S023 with Phase 1 COMPLETE coverage.
FAQE/Home/03. Replication/How to add_delete replication target table__16876094.md	Korean-source-verified	semantic-coverage/doc-mapping.tsv (F03-07); KO_EN_SEMANTIC_COVERAGE_REPORT.md	Primary Phase 3 source; may be described as Korean-source-verified.	none	Korean-core FAQE target for faq/Home/03. 이중화/03-07. 이중화 대상 테이블 추가_삭제 방법__13008994.md audited by S023 with Phase 1 COMPLETE coverage.
FAQE/Home/03. Replication/How to change replication object IP__16876079.md	Korean-source-verified	semantic-coverage/doc-mapping.tsv (F03-05); KO_EN_SEMANTIC_COVERAGE_REPORT.md	Primary Phase 3 source; may be described as Korean-source-verified.	none	Korean-core FAQE target for faq/Home/03. 이중화/03-05. 이중화 객체 IP 변경 방법__12517463.md audited by S023 with Phase 1 COMPLETE coverage.
FAQE/Home/03. Replication/How to create multiple replication objects with the same IP__16876063.md	Korean-source-verified	semantic-coverage/doc-mapping.tsv (F03-02); KO_EN_SEMANTIC_COVERAGE_REPORT.md	Primary Phase 3 source; may be described as Korean-source-verified.	none	Korean-core FAQE target for faq/Home/03. 이중화/03-02. 동일 IP로 여러 개의 이중화 객체를 생성하는 방법__12517469.md audited by S023 with Phase 1 COMPLETE coverage.
FAQE/Home/03. Replication/How to create_delete replication objects__16876082.md	Link-validated Korean-source-verified	semantic-coverage/doc-mapping.tsv (F03-06); source-stabilization/url-backed-attachments.tsv	Primary Phase 3 source; preserve recorded URLs and attachment status.	none	Korean-core FAQE target for faq/Home/03. 이중화/03-06. 이중화 객체 생성 및 삭제 방법__13008990.md audited by S023; E006 records URL/link preservation or non-document-format exclusion.
FAQE/Home/03. Replication/Replication give-up__22642945.md	Korean-source-verified	semantic-coverage/doc-mapping.tsv (F03-04); KO_EN_SEMANTIC_COVERAGE_REPORT.md	Primary Phase 3 source; may be described as Korean-source-verified.	none	Korean-core FAQE target for faq/Home/03. 이중화/03-04. 이중화 give-up에 대해__9110761.md audited by S023 with Phase 1 COMPLETE coverage.
FAQE/Home/03. Replication/Replication monitoring query__22642947.md	Korean-source-verified	semantic-coverage/doc-mapping.tsv (F03-08); KO_EN_SEMANTIC_COVERAGE_REPORT.md	Primary Phase 3 source; may be described as Korean-source-verified.	none	Korean-core FAQE target for faq/Home/03. 이중화/03-08. 이중화 모니터링 쿼리__9110681.md audited by S023 with Phase 1 COMPLETE coverage.
FAQE/Home/04. Backup and Recovery/How to recover cold backup by changing directory path__16876133.md	Korean-source-verified	semantic-coverage/doc-mapping.tsv (F04-02); KO_EN_SEMANTIC_COVERAGE_REPORT.md	Primary Phase 3 source; may be described as Korean-source-verified.	none	Korean-core FAQE target for faq/Home/04. 백업 및 복구/04-02. Cold Backup한 것을 Directory 경로변경 하여 복구하는 방법__9110699.md audited by S024 with Phase 1 COMPLETE coverage.
FAQE/Home/04. Backup and Recovery/Online Backup and Time Based Recovery__16876135.md	Korean-source-verified	semantic-coverage/doc-mapping.tsv (F04-03); KO_EN_SEMANTIC_COVERAGE_REPORT.md	Primary Phase 3 source; may be described as Korean-source-verified.	none	Korean-core FAQE target for faq/Home/04. 백업 및 복구/04-03. Online Backup 및 Time Based Recovery 방법__9110695.md audited by S024 with Phase 1 COMPLETE coverage.
FAQE/Home/04. Backup and Recovery/Using aexport and iloader/Create database object and upload data__16876145.md	Korean-source-verified	semantic-coverage/doc-mapping.tsv (F04-01-04); KO_EN_SEMANTIC_COVERAGE_REPORT.md	Primary Phase 3 source; may be described as Korean-source-verified.	none	Korean-core FAQE target for faq/Home/04. 백업 및 복구/04-01. aexport 및 iloader 이용/04-01-04. 데이터베이스 객체 생성 및 데이터 업로드__7341702.md audited by S024 with Phase 1 COMPLETE coverage.
FAQE/Home/04. Backup and Recovery/Using aexport and iloader/Data download using iloader__16876147.md	Korean-source-verified	semantic-coverage/doc-mapping.tsv (F04-01-03); KO_EN_SEMANTIC_COVERAGE_REPORT.md	Primary Phase 3 source; may be described as Korean-source-verified.	none	Korean-core FAQE target for faq/Home/04. 백업 및 복구/04-01. aexport 및 iloader 이용/04-01-03. iloader 를 이용한 데이터 다운로드__7341700.md audited by S024 with Phase 1 COMPLETE coverage.
FAQE/Home/04. Backup and Recovery/Using aexport and iloader/Database object backup using aexport__22642949.md	Korean-source-verified	semantic-coverage/doc-mapping.tsv (F04-01-02); KO_EN_SEMANTIC_COVERAGE_REPORT.md	Primary Phase 3 source; may be described as Korean-source-verified.	none	Korean-core FAQE target for faq/Home/04. 백업 및 복구/04-01. aexport 및 iloader 이용/04-01-02. aexport 를 이용한 데이터베이스 객체 백업__7341698.md audited by S024 with Phase 1 COMPLETE coverage.
FAQE/Home/04. Backup and Recovery/Using aexport and iloader/What is aexport, iloader__16876105.md	Korean-source-verified	semantic-coverage/doc-mapping.tsv (F04-01-01); KO_EN_SEMANTIC_COVERAGE_REPORT.md	Primary Phase 3 source; may be described as Korean-source-verified.	none	Korean-core FAQE target for faq/Home/04. 백업 및 복구/04-01. aexport 및 iloader 이용/04-01-01. aexport, iloader 란__7341696.md audited by S024 with Phase 1 COMPLETE coverage.
FAQE/Home/04. Backup and Recovery/Using aexport and iloader__16876103.md	Korean-source-verified	semantic-coverage/doc-mapping.tsv (F04-01); KO_EN_SEMANTIC_COVERAGE_REPORT.md	Primary Phase 3 source; may be described as Korean-source-verified.	none	Korean-core FAQE target for faq/Home/04. 백업 및 복구/04-01. aexport 및 iloader 이용__7341694.md audited by S024 with Phase 1 COMPLETE coverage.
FAQE/Home/05. SQL/Comparison between VARCHAR and CHAR types__16876151.md	Korean-source-verified	semantic-coverage/doc-mapping.tsv (F05-01); KO_EN_SEMANTIC_COVERAGE_REPORT.md	Primary Phase 3 source; may be described as Korean-source-verified.	none	Korean-core FAQE target for faq/Home/05. SQL/05-01. varchar, char 타입 비교__9110650.md audited by S024 with Phase 1 COMPLETE coverage.
FAQE/Home/05. SQL/How to check the privileges granted to an object__16876153.md	Korean-source-verified	semantic-coverage/doc-mapping.tsv (F05-02); KO_EN_SEMANTIC_COVERAGE_REPORT.md	Primary Phase 3 source; may be described as Korean-source-verified.	none	Korean-core FAQE target for faq/Home/05. SQL/05-02. 객체에 부여된 권한을 확인하는 방법__8454634.md audited by S024 with Phase 1 COMPLETE coverage.
FAQE/Home/06. Stored Procedure/How to check the contents of stored procedure__16876159.md	Korean-source-verified	semantic-coverage/doc-mapping.tsv (F06-02); KO_EN_SEMANTIC_COVERAGE_REPORT.md	Primary Phase 3 source; may be described as Korean-source-verified.	none	Korean-core FAQE target for faq/Home/06. Stored Procedures/06-02. 저장 프로시저 내용 확인 방법__9110656.md audited by S024 with Phase 1 COMPLETE coverage.
FAQE/Home/06. Stored Procedure/How to check the number of records affected by DML within the stored procedure__16876157.md	Link-validated Korean-source-verified	semantic-coverage/doc-mapping.tsv (F06-01); source-stabilization/url-backed-attachments.tsv	Primary Phase 3 source; preserve recorded URLs and attachment status.	none	Korean-core FAQE target for faq/Home/06. Stored Procedures/06-01. Stored Procedure 내에서 DML 로 영향 받은 레코드 수 확인 방법__8454526.md audited by S024; E006 records URL/link preservation or non-document-format exclusion.
FAQE/Home/07. Development and API/Connection disconnection, error codes, and error messages in each case (APRE_C_C++, SQLCLI)__16876167.md	Korean-source-verified	semantic-coverage/doc-mapping.tsv (F07-01); KO_EN_SEMANTIC_COVERAGE_REPORT.md	Primary Phase 3 source; may be described as Korean-source-verified.	none	Korean-core FAQE target for faq/Home/07. 개발 및 API/07-01. Connection 연결이 끊어지는 경우와 각 경우의 에러 코드 및 에러 메세지(APRE_C_C++, SQLCLI)__9110022.md audited by S025 with Phase 1 COMPLETE coverage.
FAQE/Home/07. Development and API/How to manage Spring+iBatis transaction__16876194.md	Link-validated Korean-source-verified	semantic-coverage/doc-mapping.tsv (F07-05); source-stabilization/url-backed-attachments.tsv	Primary Phase 3 source; preserve recorded URLs and attachment status.	none	Korean-core FAQE target for faq/Home/07. 개발 및 API/07-05. Spring+iBatis 트랜잭션 관리 방법__9109742.md audited by S025; E006 records URL/link preservation or non-document-format exclusion.
FAQE/Home/07. Development and API/JDBC/How to change the jdbc.trc file creation location__16876175.md	Korean-source-verified	semantic-coverage/doc-mapping.tsv (F07-02-02); KO_EN_SEMANTIC_COVERAGE_REPORT.md	Primary Phase 3 source; may be described as Korean-source-verified.	none	Korean-core FAQE target for faq/Home/07. 개발 및 API/07-02. JDBC/07-02-02. jdbc.trc 파일 생성 위치 변경 방법__8454703.md audited by S025 with Phase 1 COMPLETE coverage.
FAQE/Home/07. Development and API/JDBC/How to use Fail-Over in Altibase JDBC__16876173.md	Korean-source-verified	semantic-coverage/doc-mapping.tsv (F07-02-01); KO_EN_SEMANTIC_COVERAGE_REPORT.md	Primary Phase 3 source; may be described as Korean-source-verified.	none	Korean-core FAQE target for faq/Home/07. 개발 및 API/07-02. JDBC/07-02-01. Altibase JDBC에서 Fail-Over 사용하는 방법은__9110740.md audited by S025 with Phase 1 COMPLETE coverage.
FAQE/Home/07. Development and API/JDBC/Simultaneous connections to different Altibase versions via JDBC__22642951.md	Korean-source-verified	semantic-coverage/doc-mapping.tsv (F07-02-03); KO_EN_SEMANTIC_COVERAGE_REPORT.md	Primary Phase 3 source; may be described as Korean-source-verified.	none	Korean-core FAQE target for faq/Home/07. 개발 및 API/07-02. JDBC/07-02-03. JDBC를 통한 서로 다른 Altibase 버전 동시 접속__22642863.md audited by S025 with Phase 1 COMPLETE coverage.
FAQE/Home/07. Development and API/ODBC/32-bit ODBC installation on 64-bit Windows__22642957.md	Korean-source-verified	semantic-coverage/doc-mapping.tsv (F07-03-01); KO_EN_SEMANTIC_COVERAGE_REPORT.md	Primary Phase 3 source; may be described as Korean-source-verified.	none	Korean-core FAQE target for faq/Home/07. 개발 및 API/07-03. ODBC/07-03-01. 64-bit Windows에서 32-bit ODBC 설치__9110670.md audited by S025 with Phase 1 COMPLETE coverage.
FAQE/Home/07. Development and API/ODBC/Integrating with unix_odbc__16876187.md	Korean-source-verified	semantic-coverage/doc-mapping.tsv (F07-03-03); KO_EN_SEMANTIC_COVERAGE_REPORT.md	Primary Phase 3 source; may be described as Korean-source-verified.	none	Korean-core FAQE target for faq/Home/07. 개발 및 API/07-03. ODBC/07-03-03. unix_odbc와 연동하기__9110646.md audited by S025 with Phase 1 COMPLETE coverage.
FAQE/Home/07. Development and API/ODBC/ODBC function, SQLFreeStmt__16876183.md	Korean-source-verified	semantic-coverage/doc-mapping.tsv (F07-03-02); KO_EN_SEMANTIC_COVERAGE_REPORT.md	Primary Phase 3 source; may be described as Korean-source-verified.	none	Korean-core FAQE target for faq/Home/07. 개발 및 API/07-03. ODBC/07-03-02. ODBC 함수, SQLFreeStmt__9110024.md audited by S025 with Phase 1 COMPLETE coverage.
FAQE/Home/07. Development and API/PHP/Hangul is broken when using php__16876191.md	Korean-source-verified	semantic-coverage/doc-mapping.tsv (F07-04-01); KO_EN_SEMANTIC_COVERAGE_REPORT.md	Primary Phase 3 source; may be described as Korean-source-verified.	none	Korean-core FAQE target for faq/Home/07. 개발 및 API/07-04. PHP/07-04-01. php 사용중인데 한글이 깨집니다__8454801.md audited by S025 with Phase 1 COMPLETE coverage.
FAQE/Home/08. Monitoring/Disk table and index usage/ALTIBASE HDB 4.3.9.x__16876229.md	Korean-source-verified	semantic-coverage/doc-mapping.tsv (F08-05-01); KO_EN_SEMANTIC_COVERAGE_REPORT.md	Primary Phase 3 source; may be described as Korean-source-verified.	none	Korean-core FAQE target for faq/Home/08. 모니터링/08-05. 디스크 테이블 및 인덱스 사용량/08-05-01. ALTIBASE HDB 4.3.9.x__7342017.md audited by S026 with Phase 1 COMPLETE coverage.
FAQE/Home/08. Monitoring/Disk table and index usage/ALTIBASE HDB 5.1.5.x__16876234.md	Korean-source-verified	semantic-coverage/doc-mapping.tsv (F08-05-02); KO_EN_SEMANTIC_COVERAGE_REPORT.md	Primary Phase 3 source; may be described as Korean-source-verified.	none	Korean-core FAQE target for faq/Home/08. 모니터링/08-05. 디스크 테이블 및 인덱스 사용량/08-05-02. ALTIBASE HDB 5.1.5.x__7342019.md audited by S026 with Phase 1 COMPLETE coverage.
FAQE/Home/08. Monitoring/Disk table and index usage/ALTIBASE HDB 5.3.x, 5.5.1, 6.1.1, 6.3.1__16876240.md	Korean-source-verified	semantic-coverage/doc-mapping.tsv (F08-05-03); KO_EN_SEMANTIC_COVERAGE_REPORT.md	Primary Phase 3 source; may be described as Korean-source-verified.	none	Korean-core FAQE target for faq/Home/08. 모니터링/08-05. 디스크 테이블 및 인덱스 사용량/08-05-03. ALTIBASE HDB 5.3.x, 5.5.1, 6.1.1, 6.3.1__7342021.md audited by S026 with Phase 1 COMPLETE coverage.
FAQE/Home/08. Monitoring/Disk table and index usage__16876226.md	Korean-source-verified	semantic-coverage/doc-mapping.tsv (F08-05); KO_EN_SEMANTIC_COVERAGE_REPORT.md	Primary Phase 3 source; may be described as Korean-source-verified.	none	Korean-core FAQE target for faq/Home/08. 모니터링/08-05. 디스크 테이블 및 인덱스 사용량__7342015.md audited by S026 with Phase 1 COMPLETE coverage.
FAQE/Home/08. Monitoring/Disk tablespace usage/ALTIBASE HDB 4.3.9__16876249.md	Korean-source-verified	semantic-coverage/doc-mapping.tsv (F08-06-01); KO_EN_SEMANTIC_COVERAGE_REPORT.md	Primary Phase 3 source; may be described as Korean-source-verified.	none	Korean-core FAQE target for faq/Home/08. 모니터링/08-06. 디스크 테이블스페이스 사용량/08-06-01. ALTIBASE HDB 4.3.9__7342007.md audited by S026 with Phase 1 COMPLETE coverage.
FAQE/Home/08. Monitoring/Disk tablespace usage/ALTIBASE HDB 5.1.5__16876251.md	Korean-source-verified	semantic-coverage/doc-mapping.tsv (F08-06-02); KO_EN_SEMANTIC_COVERAGE_REPORT.md	Primary Phase 3 source; may be described as Korean-source-verified.	none	Korean-core FAQE target for faq/Home/08. 모니터링/08-06. 디스크 테이블스페이스 사용량/08-06-02. ALTIBASE HDB 5.1.5__7342009.md audited by S026 with Phase 1 COMPLETE coverage.
FAQE/Home/08. Monitoring/Disk tablespace usage/ALTIBASE HDB 5.3.3, 5.3.5__16876253.md	Korean-source-verified	semantic-coverage/doc-mapping.tsv (F08-06-03); KO_EN_SEMANTIC_COVERAGE_REPORT.md	Primary Phase 3 source; may be described as Korean-source-verified.	none	Korean-core FAQE target for faq/Home/08. 모니터링/08-06. 디스크 테이블스페이스 사용량/08-06-03. ALTIBASE HDB 5.3.3, 5.3.5__7342011.md audited by S026 with Phase 1 COMPLETE coverage.
FAQE/Home/08. Monitoring/Disk tablespace usage/ALTIBASE HDB 5.5.1, 6.1.1, 6.3.1__16876255.md	Korean-source-verified	semantic-coverage/doc-mapping.tsv (F08-06-04); KO_EN_SEMANTIC_COVERAGE_REPORT.md	Primary Phase 3 source; may be described as Korean-source-verified.	none	Korean-core FAQE target for faq/Home/08. 모니터링/08-06. 디스크 테이블스페이스 사용량/08-06-04. ALTIBASE HDB 5.5.1, 6.1.1, 6.3.1__7342013.md audited by S026 with Phase 1 COMPLETE coverage.
FAQE/Home/08. Monitoring/How to determine which queries are being rolled back__16876296.md	Korean-source-verified	semantic-coverage/doc-mapping.tsv (F08-07); KO_EN_SEMANTIC_COVERAGE_REPORT.md	Primary Phase 3 source; may be described as Korean-source-verified.	none	Korean-core FAQE target for faq/Home/08. 모니터링/08-07. 롤백(rollback) 중인 쿼리를 확인하는 방법__8454580.md audited by S026 with Phase 1 COMPLETE coverage.
FAQE/Home/08. Monitoring/How to log queries performed in Altibase (altiProfile)__22642959.md	Korean-source-verified	semantic-coverage/doc-mapping.tsv (F08-01); KO_EN_SEMANTIC_COVERAGE_REPORT.md	Primary Phase 3 source; may be described as Korean-source-verified.	none	Korean-core FAQE target for faq/Home/08. 모니터링/08-01. Altibase에서 수행된 쿼리 로그 남기는 방법(altiProfile)은__9110730.md audited by S026 with Phase 1 COMPLETE coverage.
FAQE/Home/08. Monitoring/How to set up and execute altimon__16876266.md	Link-validated Korean-source-verified	semantic-coverage/doc-mapping.tsv (F08-10); source-stabilization/url-backed-attachments.tsv	Primary Phase 3 source; preserve recorded URLs and attachment status.	legacy attachment label tracked separately; do not infer a missing URL	Korean-core FAQE target for faq/Home/08. 모니터링/08-10. 알티몬(altimon) 설정 및 실행 방법__6979592.md audited by S026; E006 records URL/link preservation plus legacy-label limits where applicable.
FAQE/Home/08. Monitoring/Lock related properties__16876204.md	Korean-source-verified	semantic-coverage/doc-mapping.tsv (F08-02); KO_EN_SEMANTIC_COVERAGE_REPORT.md	Primary Phase 3 source; may be described as Korean-source-verified.	none	Korean-core FAQE target for faq/Home/08. 모니터링/08-02. Lock 관련 정보 조회__9109812.md audited by S026 with Phase 1 COMPLETE coverage.
FAQE/Home/08. Monitoring/Memory table and index usage__16876259.md	Korean-source-verified	semantic-coverage/doc-mapping.tsv (F08-08); KO_EN_SEMANTIC_COVERAGE_REPORT.md	Primary Phase 3 source; may be described as Korean-source-verified.	none	Korean-core FAQE target for faq/Home/08. 모니터링/08-08. 메모리 테이블 및 인덱스 사용량__8454613.md audited by S026 with Phase 1 COMPLETE coverage.
FAQE/Home/08. Monitoring/Memory tablespace usage/ALTIBASE HDB 5.5.1, 6.1.1, 6.3.1__16876263.md	Korean-source-verified	semantic-coverage/doc-mapping.tsv (F08-09-01); KO_EN_SEMANTIC_COVERAGE_REPORT.md	Primary Phase 3 source; may be described as Korean-source-verified.	none	Korean-core FAQE target for faq/Home/08. 모니터링/08-09. 메모리 테이블스페이스 사용량/08-09-01. ALTIBASE HDB 5.5.1, 6.1.1, 6.3.1__8454645.md audited by S026 with Phase 1 COMPLETE coverage.
FAQE/Home/08. Monitoring/Monitoring Tools for Windows__16876220.md	Link-validated Korean-source-verified	semantic-coverage/doc-mapping.tsv (F08-04); source-stabilization/url-backed-attachments.tsv	Primary Phase 3 source; preserve recorded URLs and attachment status.	none	Korean-core FAQE target for faq/Home/08. 모니터링/08-04. Windows 용 모니터링 툴__7340488.md audited by S026; E006 records URL/link preservation or non-document-format exclusion.
FAQE/Home/08. Monitoring/System information by OS__16876206.md	Korean-source-verified	semantic-coverage/doc-mapping.tsv (F08-03); KO_EN_SEMANTIC_COVERAGE_REPORT.md	Primary Phase 3 source; may be described as Korean-source-verified.	none	Korean-core FAQE target for faq/Home/08. 모니터링/08-03. OS별 시스템 정보 보기__9110801.md audited by S026 with Phase 1 COMPLETE coverage.
FAQE/Home/08. Monitoring/Table_Column Definition__22642961.md	Korean-source-verified	semantic-coverage/doc-mapping.tsv (F08-12); KO_EN_SEMANTIC_COVERAGE_REPORT.md	Primary Phase 3 source; may be described as Korean-source-verified.	none	Korean-core FAQE target for faq/Home/08. 모니터링/08-12. 테이블_컬럼 정의서__12517434.md audited by S026 with Phase 1 COMPLETE coverage.
FAQE/Home/08. Monitoring/Undo Tablespace/Monitoring method when undo tablespace usage increases__22642963.md	Korean-source-verified	semantic-coverage/doc-mapping.tsv (F08-11-02); KO_EN_SEMANTIC_COVERAGE_REPORT.md	Primary Phase 3 source; may be described as Korean-source-verified.	none	Korean-core FAQE target for faq/Home/08. 모니터링/08-11. 언두 테이블스페이스(UNDO TABLESPACE)/08-11-02. 언두 테이블스페이스 사용량 증가 시 모니터링 방법__8455098.md audited by S026 with Phase 1 COMPLETE coverage.
FAQE/Home/08. Monitoring/Undo Tablespace/Undo tablespace usage__22642965.md	Korean-source-verified	semantic-coverage/doc-mapping.tsv (F08-11-01); KO_EN_SEMANTIC_COVERAGE_REPORT.md	Primary Phase 3 source; may be described as Korean-source-verified.	none	Korean-core FAQE target for faq/Home/08. 모니터링/08-11. 언두 테이블스페이스(UNDO TABLESPACE)/08-11-01. 언두 테이블스페이스 사용량__7341970.md audited by S026 with Phase 1 COMPLETE coverage.
FAQE/Home/09. Error Messages/Closed Socket by client is Detected__16876319.md	Korean-source-verified	semantic-coverage/doc-mapping.tsv (F09-05); KO_EN_SEMANTIC_COVERAGE_REPORT.md	Primary Phase 3 source; may be described as Korean-source-verified.	none	Korean-core FAQE target for faq/Home/09. 에러메시지/09-05. Closed Socket by client is Detected__6521171.md audited by S027 with Phase 1 COMPLETE coverage.
FAQE/Home/09. Error Messages/ERR-0109D Insufficient memory__16876324.md	Korean-source-verified	semantic-coverage/doc-mapping.tsv (F09-06); KO_EN_SEMANTIC_COVERAGE_REPORT.md	Primary Phase 3 source; may be described as Korean-source-verified.	none	Korean-core FAQE target for faq/Home/09. 에러메시지/09-06. ERR-0109D Insufficient memory__6521110.md audited by S027 with Phase 1 COMPLETE coverage.
FAQE/Home/09. Error Messages/ERR-11030 ( 69680) The data file cannot be extended because the requested size is bigger than the maximum size (FID_0%d__16876378.md	Korean-source-verified	semantic-coverage/doc-mapping.tsv (F09-14); KO_EN_SEMANTIC_COVERAGE_REPORT.md	Primary Phase 3 source; may be described as Korean-source-verified.	none	Korean-core FAQE target for faq/Home/09. 에러메시지/09-14. ERR-11030 ( 69680) The data file cannot be extended because the requested size is bigger than the maximum size (F__9110712.md audited by S028 with Phase 1 COMPLETE coverage.
FAQE/Home/09. Error Messages/ERR-11036 The data file is in use__16876380.md	Korean-source-verified	semantic-coverage/doc-mapping.tsv (F09-15); KO_EN_SEMANTIC_COVERAGE_REPORT.md	Primary Phase 3 source; may be described as Korean-source-verified.	none	Korean-core FAQE target for faq/Home/09. 에러메시지/09-15. ERR-11036 The data file is in use__6521344.md audited by S028 with Phase 1 COMPLETE coverage.
FAQE/Home/09. Error Messages/ERR-11049 ( 69705) Too many pages are allocated ( Maximum Number of Pages= #)__16876385.md	Korean-source-verified	semantic-coverage/doc-mapping.tsv (F09-16); KO_EN_SEMANTIC_COVERAGE_REPORT.md	Primary Phase 3 source; may be described as Korean-source-verified.	none	Korean-core FAQE target for faq/Home/09. 에러메시지/09-16. ERR-11049 ( 69705) Too many pages are allocated ( Maximum Number of Pages= 숫자)__9110685.md audited by S028 with Phase 1 COMPLETE coverage.
FAQE/Home/09. Error Messages/ERR-1105D Unable to begin a new update statement__22642969.md	Korean-source-verified	semantic-coverage/doc-mapping.tsv (F09-09); KO_EN_SEMANTIC_COVERAGE_REPORT.md	Primary Phase 3 source; may be described as Korean-source-verified.	none	Korean-core FAQE target for faq/Home/09. 에러메시지/09-09. ERR-1105D Unable to begin a new update statement__6521112.md audited by S027 with Phase 1 COMPLETE coverage.
FAQE/Home/09. Error Messages/ERR-11075 The transaction has exceeded the lock timeout specified by the user__16876388.md	Korean-source-verified	semantic-coverage/doc-mapping.tsv (F09-17); KO_EN_SEMANTIC_COVERAGE_REPORT.md	Primary Phase 3 source; may be described as Korean-source-verified.	none	Korean-core FAQE target for faq/Home/09. 에러메시지/09-17. ERR-11075 ( 69749) The transaction has exceeded the lock timeout specified by the user__6521290.md audited by S028 with Phase 1 COMPLETE coverage.
FAQE/Home/09. Error Messages/ERR-11118 ( 69912) The update log size '_' is bigger than TRX_UPDATE_MAX_LOGSIZE '_'__16876399.md	Korean-source-verified	semantic-coverage/doc-mapping.tsv (F09-18); KO_EN_SEMANTIC_COVERAGE_REPORT.md	Primary Phase 3 source; may be described as Korean-source-verified.	none	Korean-core FAQE target for faq/Home/09. 에러메시지/09-18. ERR-11118 ( 69912) The update log size '_' is bigger than TRX_UPDATE_MAX_LOGSIZE '_'__8454818.md audited by S028 with Phase 1 COMPLETE coverage.
FAQE/Home/09. Error Messages/ERR-11183 ( 70019) Insufficient page descriptor area in the temp table__16876409.md	Korean-source-verified	semantic-coverage/doc-mapping.tsv (F09-19); KO_EN_SEMANTIC_COVERAGE_REPORT.md	Primary Phase 3 source; may be described as Korean-source-verified.	none	Korean-core FAQE target for faq/Home/09. 에러메시지/09-19. ERR-11183 ( 70019) Insufficient page descriptor area in the temp table__10846427.md audited by S028 with Phase 1 COMPLETE coverage.
FAQE/Home/09. Error Messages/ERR-11184 ( 70020) Insufficient free space in work area__16876418.md	Korean-source-verified	semantic-coverage/doc-mapping.tsv (F09-20); KO_EN_SEMANTIC_COVERAGE_REPORT.md	Primary Phase 3 source; may be described as Korean-source-verified.	none	Korean-core FAQE target for faq/Home/09. 에러메시지/09-20. ERR-11184 ( 70020) Insufficient free space in work area__10846429.md audited by S028 with Phase 1 COMPLETE coverage.
FAQE/Home/09. Error Messages/ERR-21010 Value overflow__16876422.md	Korean-source-verified	semantic-coverage/doc-mapping.tsv (F09-21); KO_EN_SEMANTIC_COVERAGE_REPORT.md	Primary Phase 3 source; may be described as Korean-source-verified.	none	Korean-core FAQE target for faq/Home/09. 에러메시지/Home/09. 에러메시지/09-21. ERR-21010 Value overflow__6521028.md audited by S029 with Phase 1 COMPLETE coverage.
FAQE/Home/09. Error Messages/ERR-21011 _ Invalid literal__16876425.md	Korean-source-verified	semantic-coverage/doc-mapping.tsv (F09-22); KO_EN_SEMANTIC_COVERAGE_REPORT.md	Primary Phase 3 source; may be described as Korean-source-verified.	none	Korean-core FAQE target for faq/Home/09. 에러메시지/09-22. ERR-21011 _ Invalid literal__8455157.md audited by S029 with Phase 1 COMPLETE coverage.
FAQE/Home/09. Error Messages/ERR-311E0 The estimated size of the index key exceeds the maximum limit__16876328.md	Korean-source-verified	semantic-coverage/doc-mapping.tsv (F09-07); KO_EN_SEMANTIC_COVERAGE_REPORT.md	Primary Phase 3 source; may be described as Korean-source-verified.	none	Korean-core FAQE target for faq/Home/09. 에러메시지/09-07. ERR-311E0 The estimated size of the index key exceeds the maximum limit__6521026.md audited by S027 with Phase 1 COMPLETE coverage.
FAQE/Home/09. Error Messages/ERR-31283 Unable to create a primary key or a unique key constraint in the local non-prefixed index__16876430.md	Korean-source-verified	semantic-coverage/doc-mapping.tsv (F09-23); KO_EN_SEMANTIC_COVERAGE_REPORT.md	Primary Phase 3 source; may be described as Korean-source-verified.	none	Korean-core FAQE target for faq/Home/09. 에러메시지/09-23. ERR-31283 Unable to create a primary key or a unique key constraint in the local non-prefixed index__6521108.md audited by S029 with Phase 1 COMPLETE coverage.
FAQE/Home/09. Error Messages/ERR-4103C (266300) Request of fetching data to an unprepared SQL statement__16876347.md	Korean-source-verified	semantic-coverage/doc-mapping.tsv (F09-10); KO_EN_SEMANTIC_COVERAGE_REPORT.md	Primary Phase 3 source; may be described as Korean-source-verified.	none	Korean-core FAQE target for faq/Home/09. 에러메시지/09-10. ERR-4103C (266300) Request of fetching data to an unprepared SQL statement__10060521.md audited by S027 with Phase 1 COMPLETE coverage.
FAQE/Home/09. Error Messages/ERR-41059 ( 266329) Task pool overflow. Check properties__16876433.md	Korean-source-verified	semantic-coverage/doc-mapping.tsv (F09-24); KO_EN_SEMANTIC_COVERAGE_REPORT.md	Primary Phase 3 source; may be described as Korean-source-verified.	none	Korean-core FAQE target for faq/Home/09. 에러메시지/09-24. ERR-41059 ( 266329) Task pool overflow. Check properties__9110810.md audited by S029 with Phase 1 COMPLETE coverage.
FAQE/Home/09. Error Messages/ERR-4109C Invalid session property__22642975.md	Korean-source-verified	semantic-coverage/doc-mapping.tsv (F09-11); KO_EN_SEMANTIC_COVERAGE_REPORT.md	Primary Phase 3 source; may be described as Korean-source-verified.	none	Korean-core FAQE target for faq/Home/09. 에러메시지/09-11. ERR-4109C Invalid session property__8454428.md audited by S028 with Phase 1 COMPLETE coverage.
FAQE/Home/09. Error Messages/ERR-410D2 (266450) Fetch out of sequence__16876332.md	Korean-source-verified	semantic-coverage/doc-mapping.tsv (F09-08); KO_EN_SEMANTIC_COVERAGE_REPORT.md	Primary Phase 3 source; may be described as Korean-source-verified.	none	Korean-core FAQE target for faq/Home/09. 에러메시지/09-08. ERR-410D2 (266450) Fetch out of sequence__10060534.md audited by S027 with Phase 1 COMPLETE coverage.
FAQE/Home/09. Error Messages/ERR-5102E ( 331822) Invalid cursor state__16876356.md	Korean-source-verified	semantic-coverage/doc-mapping.tsv (F09-12); KO_EN_SEMANTIC_COVERAGE_REPORT.md	Primary Phase 3 source; may be described as Korean-source-verified.	none	Korean-core FAQE target for faq/Home/09. 에러메시지/09-12. ERR-5102E ( 331822) Invalid cursor state__9110660.md audited by S028 with Phase 1 COMPLETE coverage.
FAQE/Home/09. Error Messages/ERR-71018 ( 462872) Failed to invoke a system function, read() or Failed to invoke the read() system function__16876441.md	Korean-source-verified	semantic-coverage/doc-mapping.tsv (F09-25); KO_EN_SEMANTIC_COVERAGE_REPORT.md	Primary Phase 3 source; may be described as Korean-source-verified.	none	Korean-core FAQE target for faq/Home/09. 에러메시지/09-25. ERR-71018 ( 462872) Failed to invoke a system function, read() 또는 Failed to invoke the read() system function__9110051.md audited by S029 with Phase 1 COMPLETE coverage.
FAQE/Home/09. Error Messages/ERR-71019(errno=104) Failed to invoke a system function, write()__16876443.md	Korean-source-verified	semantic-coverage/doc-mapping.tsv (F09-26); KO_EN_SEMANTIC_COVERAGE_REPORT.md	Primary Phase 3 source; may be described as Korean-source-verified.	none	Korean-core FAQE target for faq/Home/09. 에러메시지/09-26. ERR-71019(errno=104) Failed to invoke a system function, write()__9110055.md audited by S029 with Phase 1 COMPLETE coverage.
FAQE/Home/09. Error Messages/ERR-7101D ( 462877) Protocol header error__16876373.md	Korean-source-verified	semantic-coverage/doc-mapping.tsv (F09-13); KO_EN_SEMANTIC_COVERAGE_REPORT.md	Primary Phase 3 source; may be described as Korean-source-verified.	none	Korean-core FAQE target for faq/Home/09. 에러메시지/09-13. ERR-7101D ( 462877) Protocol header error__6521284.md audited by S028 with Phase 1 COMPLETE coverage.
FAQE/Home/09. Error Messages/ERR-91015 ( 593941) Communication failure__22642976.md	Korean-source-verified	semantic-coverage/doc-mapping.tsv (F09-27); KO_EN_SEMANTIC_COVERAGE_REPORT.md	Primary Phase 3 source; may be described as Korean-source-verified.	none	Korean-core FAQE target for faq/Home/09. 에러메시지/09-27. ERR-91015 ( 593941) Communication failure__9110894.md audited by S029 with Phase 1 COMPLETE coverage.
FAQE/Home/09. Error Messages/How to check the 8-digit errorcode of altibase_qp.log__16876313.md	Korean-source-verified	semantic-coverage/doc-mapping.tsv (F09-04); KO_EN_SEMANTIC_COVERAGE_REPORT.md	Primary Phase 3 source; may be described as Korean-source-verified.	none	Korean-core FAQE target for faq/Home/09. 에러메시지/09-04. altibase_qp.log의 8자리 errorcode 확인방법__6521445.md audited by S027 with Phase 1 COMPLETE coverage.
FAQE/Home/09. Error Messages/Not found data__16876451.md	Korean-source-verified	semantic-coverage/doc-mapping.tsv (F09-28); KO_EN_SEMANTIC_COVERAGE_REPORT.md	Primary Phase 3 source; may be described as Korean-source-verified.	none	Korean-core FAQE target for faq/Home/09. 에러메시지/09-28. Not found data__10060525.md audited by S029 with Phase 1 COMPLETE coverage.
FAQE/Home/09. Error Messages/[Notify _ Fetch Timeout] Session Closed by Server__16876301.md	Korean-source-verified	semantic-coverage/doc-mapping.tsv (F09-01); KO_EN_SEMANTIC_COVERAGE_REPORT.md	Primary Phase 3 source; may be described as Korean-source-verified.	none	Korean-core FAQE target for faq/Home/09. 에러메시지/09-01. [Notify _ Fetch Timeout] Session Closed by Server__9109652.md audited by S027 with Phase 1 COMPLETE coverage.
FAQE/Home/09. Error Messages/[Warning] Memory allocation failed__16876308.md	Link-validated Korean-source-verified	semantic-coverage/doc-mapping.tsv (F09-02); source-stabilization/url-backed-attachments.tsv	Primary Phase 3 source; preserve recorded URLs and attachment status.	none	Korean-core FAQE target for faq/Home/09. 에러메시지/09-02. [Warning] Memory allocation failed__9109748.md audited by S027; E006 records URL/link preservation or non-document-format exclusion.
FAQE/Home/09. Error Messages/altibase_boot.log - TRY_COUNT, LOCK_COUNT, MISS_COUNT__22642967.md	Korean-source-verified	semantic-coverage/doc-mapping.tsv (F09-03); KO_EN_SEMANTIC_COVERAGE_REPORT.md	Primary Phase 3 source; may be described as Korean-source-verified.	none	Korean-core FAQE target for faq/Home/09. 에러메시지/09-03. altibase_boot.log의 TRY_COUNT, LOCK_COUNT, MISS_COUNT 메시지 의미__9110174.md audited by S027 with Phase 1 COMPLETE coverage.
FAQE/Home/09. Error Messages/tablespace does not have enough free space error__16876454.md	Korean-source-verified	semantic-coverage/doc-mapping.tsv (F09-29); KO_EN_SEMANTIC_COVERAGE_REPORT.md	Primary Phase 3 source; may be described as Korean-source-verified.	none	Korean-core FAQE target for faq/Home/09. 에러메시지/09-29. tablespace does not have enough free space 에러__9110690.md audited by S029 with Phase 1 COMPLETE coverage.
FAQE/Home/11. Utilities/AdminCenter2 execution file__16876465.md	Link-validated Korean-source-verified	semantic-coverage/doc-mapping.tsv (F11-01); source-stabilization/url-backed-attachments.tsv	Primary Phase 3 source; preserve recorded URLs and attachment status.	none	Korean-core FAQE target for faq/Home/11. 유틸리티/11-01. AdminCenter2 실행 파일__8454900.md audited by S030; E006 records URL/link preservation or non-document-format exclusion.
FAQE/Home/11. Utilities/iLoader/An error occurs when uploading a DOS format data file to iloader__16876469.md	Korean-source-verified	semantic-coverage/doc-mapping.tsv (F11-02-01); KO_EN_SEMANTIC_COVERAGE_REPORT.md	Primary Phase 3 source; may be described as Korean-source-verified.	none	Korean-core FAQE target for faq/Home/11. 유틸리티/11-02. iLoader/11-02-01. 도스 형식 데이터 파일을 iloader로 업로드 할 때 에러가 발생 합니다__8454513.md audited by S030 with Phase 1 COMPLETE coverage.
FAQE/Home/12. Others/Building a Large-Scale DRDB Index__22642978.md	Korean-source-verified	semantic-coverage/doc-mapping.tsv (F12-02); KO_EN_SEMANTIC_COVERAGE_REPORT.md	Primary Phase 3 source; may be described as Korean-source-verified.	none	Korean-core FAQE target for faq/Home/12. 기타/12-02. 대용량 DRDB Index 구축__20873218.md audited by S030 with Phase 1 COMPLETE coverage.
FAQE/Home/12. Others/Thread process debugging method__16876474.md	Korean-source-verified	semantic-coverage/doc-mapping.tsv (F12-01); KO_EN_SEMANTIC_COVERAGE_REPORT.md	Primary Phase 3 source; may be described as Korean-source-verified.	none	Korean-core FAQE target for faq/Home/12. 기타/12-01. Thread process debugging방법__9109859.md audited by S030 with Phase 1 COMPLETE coverage.
FAQE/Home/13. General/The entire database exists in memory. Is there any problem with the safety of the data__22642980.md	Korean-source-verified	semantic-coverage/doc-mapping.tsv (F13-03); KO_EN_SEMANTIC_COVERAGE_REPORT.md	Primary Phase 3 source; may be described as Korean-source-verified.	none	Korean-core FAQE target for faq/Home/13. 일반/13-03. 메모리에 전체 데이터베이스가 존재하는데 데이터의 안전성에는 문제가 없나요__9110752.md audited by S030 with Phase 1 COMPLETE coverage.
FAQE/Home/13. General/What interface does Altibase provide__22642982.md	Korean-source-verified	semantic-coverage/doc-mapping.tsv (F13-01); KO_EN_SEMANTIC_COVERAGE_REPORT.md	Primary Phase 3 source; may be described as Korean-source-verified.	none	Korean-core FAQE target for faq/Home/13. 일반/13-01. Altibase는 어떤 인터페이스를 제공하나요__9110631.md audited by S030 with Phase 1 COMPLETE coverage.
FAQE/Home/13. General/What is the biggest difference between Altibase and disk-based DBMS__16876485.md	Korean-source-verified	semantic-coverage/doc-mapping.tsv (F13-02); KO_EN_SEMANTIC_COVERAGE_REPORT.md	Primary Phase 3 source; may be described as Korean-source-verified.	none	Korean-core FAQE target for faq/Home/13. 일반/13-02. Altibase와 디스크 기반 DBMS의 가장 큰 차이점은 무엇인가요__9110635.md audited by S030 with Phase 1 COMPLETE coverage.
FAQE/Home/ALTIBASE HDB Administration/How to terminate a session__1802689.md	English-only source	semantic-coverage/matrices/S031-faq-attachments-english-only-classification.tsv; LLM_REFERENCE_REVIEW_PLAN.md	Auxiliary Phase 3 source only; label as English-only source and do not present as Korean-source-verified.	outside Korean-core FAQ mapping; no Korean-source semantic verification	Outside the 115 mapped Korean-core FAQE targets; S031 classifies ALTIBASE HDB Administration as English-only auxiliary material.
FAQE/Home/ALTIBASE HDB Administration/Useful SQL/Miscellaneous queries__1802687.md	English-only source	semantic-coverage/matrices/S031-faq-attachments-english-only-classification.tsv; LLM_REFERENCE_REVIEW_PLAN.md	Auxiliary Phase 3 source only; label as English-only source and do not present as Korean-source-verified.	outside Korean-core FAQ mapping; no Korean-source semantic verification	Outside the 115 mapped Korean-core FAQE targets; S031 classifies ALTIBASE HDB Administration as English-only auxiliary material.
FAQE/Home/ALTIBASE HDB Administration/Useful SQL/SQL about Objects__1802681.md	English-only source	semantic-coverage/matrices/S031-faq-attachments-english-only-classification.tsv; LLM_REFERENCE_REVIEW_PLAN.md	Auxiliary Phase 3 source only; label as English-only source and do not present as Korean-source-verified.	outside Korean-core FAQ mapping; no Korean-source semantic verification	Outside the 115 mapped Korean-core FAQE targets; S031 classifies ALTIBASE HDB Administration as English-only auxiliary material.
FAQE/Home/ALTIBASE HDB Administration/Useful SQL/SQL about Replication__1802683.md	English-only source	semantic-coverage/matrices/S031-faq-attachments-english-only-classification.tsv; LLM_REFERENCE_REVIEW_PLAN.md	Auxiliary Phase 3 source only; label as English-only source and do not present as Korean-source-verified.	outside Korean-core FAQ mapping; no Korean-source semantic verification	Outside the 115 mapped Korean-core FAQE targets; S031 classifies ALTIBASE HDB Administration as English-only auxiliary material.
FAQE/Home/ALTIBASE HDB Administration/Useful SQL/SQL about Sessions__1802677.md	English-only source	semantic-coverage/matrices/S031-faq-attachments-english-only-classification.tsv; LLM_REFERENCE_REVIEW_PLAN.md	Auxiliary Phase 3 source only; label as English-only source and do not present as Korean-source-verified.	outside Korean-core FAQ mapping; no Korean-source semantic verification	Outside the 115 mapped Korean-core FAQE targets; S031 classifies ALTIBASE HDB Administration as English-only auxiliary material.
FAQE/Home/ALTIBASE HDB Administration/Useful SQL/SQL about Statements__1802679.md	English-only source	semantic-coverage/matrices/S031-faq-attachments-english-only-classification.tsv; LLM_REFERENCE_REVIEW_PLAN.md	Auxiliary Phase 3 source only; label as English-only source and do not present as Korean-source-verified.	outside Korean-core FAQ mapping; no Korean-source semantic verification	Outside the 115 mapped Korean-core FAQE targets; S031 classifies ALTIBASE HDB Administration as English-only auxiliary material.
FAQE/Home/ALTIBASE HDB Administration/Useful SQL/SQL about Tablespaces__1802685.md	English-only source	semantic-coverage/matrices/S031-faq-attachments-english-only-classification.tsv; LLM_REFERENCE_REVIEW_PLAN.md	Auxiliary Phase 3 source only; label as English-only source and do not present as Korean-source-verified.	outside Korean-core FAQ mapping; no Korean-source semantic verification	Outside the 115 mapped Korean-core FAQE targets; S031 classifies ALTIBASE HDB Administration as English-only auxiliary material.
FAQE/Home/ALTIBASE HDB Architecture/ALTIBASE HDB Architecture Overview__2983417.md	English-only source	semantic-coverage/matrices/S031-faq-attachments-english-only-classification.tsv; LLM_REFERENCE_REVIEW_PLAN.md	Auxiliary Phase 3 source only; label as English-only source and do not present as Korean-source-verified.	outside Korean-core FAQ mapping; no Korean-source semantic verification	Outside the 115 mapped Korean-core FAQE targets; S031 classifies ALTIBASE HDB Architecture as English-only auxiliary material.
FAQE/Home/ALTIBASE HDB Architecture/How a query is executed in ALTIBASE HDB__1802795.md	English-only source	semantic-coverage/matrices/S031-faq-attachments-english-only-classification.tsv; LLM_REFERENCE_REVIEW_PLAN.md	Auxiliary Phase 3 source only; label as English-only source and do not present as Korean-source-verified.	outside Korean-core FAQ mapping; no Korean-source semantic verification	Outside the 115 mapped Korean-core FAQE targets; S031 classifies ALTIBASE HDB Architecture as English-only auxiliary material.
FAQE/Home/ALTIBASE HDB Architecture/Transaction Durability in ALTIBASE HDB__2558087.md	English-only source	semantic-coverage/matrices/S031-faq-attachments-english-only-classification.tsv; LLM_REFERENCE_REVIEW_PLAN.md	Auxiliary Phase 3 source only; label as English-only source and do not present as Korean-source-verified.	outside Korean-core FAQ mapping; no Korean-source semantic verification	Outside the 115 mapped Korean-core FAQE targets; S031 classifies ALTIBASE HDB Architecture as English-only auxiliary material.
FAQE/Home/ALTIBASE HDB Performance Tuning/Performance diagnostics for ALTIBASE HDB/1. Application side diagnostics__1802808.md	English-only source	semantic-coverage/matrices/S031-faq-attachments-english-only-classification.tsv; LLM_REFERENCE_REVIEW_PLAN.md	Auxiliary Phase 3 source only; label as English-only source and do not present as Korean-source-verified.	outside Korean-core FAQ mapping; no Korean-source semantic verification	Outside the 115 mapped Korean-core FAQE targets; S031 classifies ALTIBASE HDB Performance Tuning as English-only auxiliary material.
FAQE/Home/ALTIBASE HDB Performance Tuning/Performance diagnostics for ALTIBASE HDB/2. Database side diagnostics__1802812.md	English-only source	semantic-coverage/matrices/S031-faq-attachments-english-only-classification.tsv; LLM_REFERENCE_REVIEW_PLAN.md	Auxiliary Phase 3 source only; label as English-only source and do not present as Korean-source-verified.	outside Korean-core FAQ mapping; no Korean-source semantic verification	Outside the 115 mapped Korean-core FAQE targets; S031 classifies ALTIBASE HDB Performance Tuning as English-only auxiliary material.
FAQE/Home/ALTIBASE HDB Performance Tuning/Performance diagnostics for ALTIBASE HDB/3. System side diagnostics__1802815.md	English-only source	semantic-coverage/matrices/S031-faq-attachments-english-only-classification.tsv; LLM_REFERENCE_REVIEW_PLAN.md	Auxiliary Phase 3 source only; label as English-only source and do not present as Korean-source-verified.	outside Korean-core FAQ mapping; no Korean-source semantic verification	Outside the 115 mapped Korean-core FAQE targets; S031 classifies ALTIBASE HDB Performance Tuning as English-only auxiliary material.
FAQE/Home/ALTIBASE HDB Performance Tuning/Performance diagnostics for ALTIBASE HDB__1802804.md	English-only source	semantic-coverage/matrices/S031-faq-attachments-english-only-classification.tsv; LLM_REFERENCE_REVIEW_PLAN.md	Auxiliary Phase 3 source only; label as English-only source and do not present as Korean-source-verified.	outside Korean-core FAQ mapping; no Korean-source semantic verification	Outside the 115 mapped Korean-core FAQE targets; S031 classifies ALTIBASE HDB Performance Tuning as English-only auxiliary material.
FAQE/Home/ALTIBASE HDB Replication/How to resolve a replication conflict__1802562.md	English-only source	semantic-coverage/matrices/S031-faq-attachments-english-only-classification.tsv; LLM_REFERENCE_REVIEW_PLAN.md	Auxiliary Phase 3 source only; label as English-only source and do not present as Korean-source-verified.	outside Korean-core FAQ mapping; no Korean-source semantic verification	Outside the 115 mapped Korean-core FAQE targets; S031 classifies ALTIBASE HDB Replication as English-only auxiliary material.
FAQE/Home/ALTIBASE HDB Replication/Replication Overview__1802501.md	English-only source	semantic-coverage/matrices/S031-faq-attachments-english-only-classification.tsv; LLM_REFERENCE_REVIEW_PLAN.md	Auxiliary Phase 3 source only; label as English-only source and do not present as Korean-source-verified.	outside Korean-core FAQ mapping; no Korean-source semantic verification	Outside the 115 mapped Korean-core FAQE targets; S031 classifies ALTIBASE HDB Replication as English-only auxiliary material.
FAQE/Home/ALTIBASE HDB Replication/What is Offline Replicator__1803108.md	English-only source	semantic-coverage/matrices/S031-faq-attachments-english-only-classification.tsv; LLM_REFERENCE_REVIEW_PLAN.md	Auxiliary Phase 3 source only; label as English-only source and do not present as Korean-source-verified.	outside Korean-core FAQ mapping; no Korean-source semantic verification	Outside the 115 mapped Korean-core FAQE targets; S031 classifies ALTIBASE HDB Replication as English-only auxiliary material.
FAQE/Home/ALTIBASE HDB Replication/What is a Replication Conflict__1802533.md	English-only source	semantic-coverage/matrices/S031-faq-attachments-english-only-classification.tsv; LLM_REFERENCE_REVIEW_PLAN.md	Auxiliary Phase 3 source only; label as English-only source and do not present as Korean-source-verified.	outside Korean-core FAQ mapping; no Korean-source semantic verification	Outside the 115 mapped Korean-core FAQE targets; S031 classifies ALTIBASE HDB Replication as English-only auxiliary material.
FAQE/Home/ALTIBASE HDB Troubleshooting/A transaction exceeds lock timeout value specified by user__2130190.md	English-only source	semantic-coverage/matrices/S031-faq-attachments-english-only-classification.tsv; LLM_REFERENCE_REVIEW_PLAN.md	Auxiliary Phase 3 source only; label as English-only source and do not present as Korean-source-verified.	outside Korean-core FAQ mapping; no Korean-source semantic verification	Outside the 115 mapped Korean-core FAQE targets; S031 classifies ALTIBASE HDB Troubleshooting as English-only auxiliary material.
FAQE/Home/ALTIBASE HDB Troubleshooting/A user tablespace does not have enough free space__2130199.md	English-only source	semantic-coverage/matrices/S031-faq-attachments-english-only-classification.tsv; LLM_REFERENCE_REVIEW_PLAN.md	Auxiliary Phase 3 source only; label as English-only source and do not present as Korean-source-verified.	outside Korean-core FAQ mapping; no Korean-source semantic verification	Outside the 115 mapped Korean-core FAQE targets; S031 classifies ALTIBASE HDB Troubleshooting as English-only auxiliary material.
FAQE/Home/ALTIBASE HDB Troubleshooting/Cannot insert new records after deleting bulk records/1. Test case with ALTIBASE HDB 5.3.3__2558084.md	English-only source	semantic-coverage/matrices/S031-faq-attachments-english-only-classification.tsv; LLM_REFERENCE_REVIEW_PLAN.md	Auxiliary Phase 3 source only; label as English-only source and do not present as Korean-source-verified.	outside Korean-core FAQ mapping; no Korean-source semantic verification	Outside the 115 mapped Korean-core FAQE targets; S031 classifies ALTIBASE HDB Troubleshooting as English-only auxiliary material.
FAQE/Home/ALTIBASE HDB Troubleshooting/Cannot insert new records after deleting bulk records/2. How did we determine that the cause of the problem is the Index Segment__2558186.md	English-only source	semantic-coverage/matrices/S031-faq-attachments-english-only-classification.tsv; LLM_REFERENCE_REVIEW_PLAN.md	Auxiliary Phase 3 source only; label as English-only source and do not present as Korean-source-verified.	outside Korean-core FAQ mapping; no Korean-source semantic verification	Outside the 115 mapped Korean-core FAQE targets; S031 classifies ALTIBASE HDB Troubleshooting as English-only auxiliary material.
FAQE/Home/ALTIBASE HDB Troubleshooting/Cannot insert new records after deleting bulk records/3. How to avoid the problem by seperating Tablespaces__2558192.md	English-only source	semantic-coverage/matrices/S031-faq-attachments-english-only-classification.tsv; LLM_REFERENCE_REVIEW_PLAN.md	Auxiliary Phase 3 source only; label as English-only source and do not present as Korean-source-verified.	outside Korean-core FAQ mapping; no Korean-source semantic verification	Outside the 115 mapped Korean-core FAQE targets; S031 classifies ALTIBASE HDB Troubleshooting as English-only auxiliary material.
FAQE/Home/ALTIBASE HDB Troubleshooting/Cannot insert new records after deleting bulk records__2557870.md	English-only source	semantic-coverage/matrices/S031-faq-attachments-english-only-classification.tsv; LLM_REFERENCE_REVIEW_PLAN.md	Auxiliary Phase 3 source only; label as English-only source and do not present as Korean-source-verified.	outside Korean-core FAQ mapping; no Korean-source semantic verification	Outside the 115 mapped Korean-core FAQE targets; S031 classifies ALTIBASE HDB Troubleshooting as English-only auxiliary material.
FAQE/Home/ALTIBASE HDB Troubleshooting/Information required to diagnose ALTIBASE HDB problems__1802800.md	English-only source	semantic-coverage/matrices/S031-faq-attachments-english-only-classification.tsv; LLM_REFERENCE_REVIEW_PLAN.md	Auxiliary Phase 3 source only; label as English-only source and do not present as Korean-source-verified.	outside Korean-core FAQ mapping; no Korean-source semantic verification	Outside the 115 mapped Korean-core FAQE targets; S031 classifies ALTIBASE HDB Troubleshooting as English-only auxiliary material.
FAQE/Home/ALTIBASE HDB Troubleshooting/Performance degradation issue when upgrading AIX OS to 6.1__2984400.md	English-only source	semantic-coverage/matrices/S031-faq-attachments-english-only-classification.tsv; LLM_REFERENCE_REVIEW_PLAN.md	Auxiliary Phase 3 source only; label as English-only source and do not present as Korean-source-verified.	outside Korean-core FAQ mapping; no Korean-source semantic verification	Outside the 115 mapped Korean-core FAQE targets; S031 classifies ALTIBASE HDB Troubleshooting as English-only auxiliary material.
FAQE/Home/ALTIBASE HDB Troubleshooting/The number of logfiles grows rapidly__1802691.md	English-only source	semantic-coverage/matrices/S031-faq-attachments-english-only-classification.tsv; LLM_REFERENCE_REVIEW_PLAN.md	Auxiliary Phase 3 source only; label as English-only source and do not present as Korean-source-verified.	outside Korean-core FAQ mapping; no Korean-source semantic verification	Outside the 115 mapped Korean-core FAQE targets; S031 classifies ALTIBASE HDB Troubleshooting as English-only auxiliary material.
FAQE/Home/Altibase Error Messages/ERR-0001c Unable to shutdown the communication channel__7340235.md	English-only source	semantic-coverage/matrices/S031-faq-attachments-english-only-classification.tsv; LLM_REFERENCE_REVIEW_PLAN.md	Auxiliary Phase 3 source only; label as English-only source and do not present as Korean-source-verified.	outside Korean-core FAQ mapping; no Korean-source semantic verification	Outside the 115 mapped Korean-core FAQE targets; S031 classifies the Altibase Error Messages area as English-only auxiliary material.
FAQE/Home/Altibase Error Messages/ERR-01002 Invalid character in use__7340276.md	English-only source	semantic-coverage/matrices/S031-faq-attachments-english-only-classification.tsv; LLM_REFERENCE_REVIEW_PLAN.md	Auxiliary Phase 3 source only; label as English-only source and do not present as Korean-source-verified.	outside Korean-core FAQ mapping; no Korean-source semantic verification	Outside the 115 mapped Korean-core FAQE targets; S031 classifies the Altibase Error Messages area as English-only auxiliary material.
FAQE/Home/Altibase Error Messages/ERR-01027 No more IPC channel__7340237.md	English-only source	semantic-coverage/matrices/S031-faq-attachments-english-only-classification.tsv; LLM_REFERENCE_REVIEW_PLAN.md	Auxiliary Phase 3 source only; label as English-only source and do not present as Korean-source-verified.	outside Korean-core FAQ mapping; no Korean-source semantic verification	Outside the 115 mapped Korean-core FAQE targets; S031 classifies the Altibase Error Messages area as English-only auxiliary material.
FAQE/Home/Altibase Error Messages/ERR-01044 Client's query exceeded in the execution time limitation__6979720.md	English-only source	semantic-coverage/matrices/S031-faq-attachments-english-only-classification.tsv; LLM_REFERENCE_REVIEW_PLAN.md	Auxiliary Phase 3 source only; label as English-only source and do not present as Korean-source-verified.	outside Korean-core FAQ mapping; no Korean-source semantic verification	Outside the 115 mapped Korean-core FAQE targets; S031 classifies the Altibase Error Messages area as English-only auxiliary material.
FAQE/Home/Altibase Error Messages/ERR-0104E The property XXX is read-only__7340662.md	English-only source	semantic-coverage/matrices/S031-faq-attachments-english-only-classification.tsv; LLM_REFERENCE_REVIEW_PLAN.md	Auxiliary Phase 3 source only; label as English-only source and do not present as Korean-source-verified.	outside Korean-core FAQ mapping; no Korean-source semantic verification	Outside the 115 mapped Korean-core FAQE targets; S031 classifies the Altibase Error Messages area as English-only auxiliary material.
FAQE/Home/Altibase Error Messages/ERR-01050 License File does not exist__6979815.md	English-only source	semantic-coverage/matrices/S031-faq-attachments-english-only-classification.tsv; LLM_REFERENCE_REVIEW_PLAN.md	Auxiliary Phase 3 source only; label as English-only source and do not present as Korean-source-verified.	outside Korean-core FAQ mapping; no Korean-source semantic verification	Outside the 115 mapped Korean-core FAQE targets; S031 classifies the Altibase Error Messages area as English-only auxiliary material.
FAQE/Home/Altibase Error Messages/ERR-01067 The memory size allocated for the statement has exceeded the maximum limit__6979765.md	English-only source	semantic-coverage/matrices/S031-faq-attachments-english-only-classification.tsv; LLM_REFERENCE_REVIEW_PLAN.md	Auxiliary Phase 3 source only; label as English-only source and do not present as Korean-source-verified.	outside Korean-core FAQ mapping; no Korean-source semantic verification	Outside the 115 mapped Korean-core FAQE targets; S031 classifies the Altibase Error Messages area as English-only auxiliary material.
FAQE/Home/Altibase Error Messages/ERR-0106B The session has been disconnected by the client__6979739.md	English-only source	semantic-coverage/matrices/S031-faq-attachments-english-only-classification.tsv; LLM_REFERENCE_REVIEW_PLAN.md	Auxiliary Phase 3 source only; label as English-only source and do not present as Korean-source-verified.	outside Korean-core FAQ mapping; no Korean-source semantic verification	Outside the 115 mapped Korean-core FAQE targets; S031 classifies the Altibase Error Messages area as English-only auxiliary material.
FAQE/Home/Altibase Error Messages/ERR-0108D License invalid or expired__6979817.md	English-only source	semantic-coverage/matrices/S031-faq-attachments-english-only-classification.tsv; LLM_REFERENCE_REVIEW_PLAN.md	Auxiliary Phase 3 source only; label as English-only source and do not present as Korean-source-verified.	outside Korean-core FAQ mapping; no Korean-source semantic verification	Outside the 115 mapped Korean-core FAQE targets; S031 classifies the Altibase Error Messages area as English-only auxiliary material.
FAQE/Home/Altibase Error Messages/ERR-0109D Insufficient memory__6979800.md	English-only source	semantic-coverage/matrices/S031-faq-attachments-english-only-classification.tsv; LLM_REFERENCE_REVIEW_PLAN.md	Auxiliary Phase 3 source only; label as English-only source and do not present as Korean-source-verified.	outside Korean-core FAQ mapping; no Korean-source semantic verification	Outside the 115 mapped Korean-core FAQE targets; S031 classifies the Altibase Error Messages area as English-only auxiliary material.
FAQE/Home/Altibase Error Messages/ERR-0109F Library file for external procedure(function) not found__6980119.md	English-only source	semantic-coverage/matrices/S031-faq-attachments-english-only-classification.tsv; LLM_REFERENCE_REVIEW_PLAN.md	Auxiliary Phase 3 source only; label as English-only source and do not present as Korean-source-verified.	outside Korean-core FAQ mapping; no Korean-source semantic verification	Outside the 115 mapped Korean-core FAQE targets; S031 classifies the Altibase Error Messages area as English-only auxiliary material.
FAQE/Home/Altibase Error Messages/ERR-1051 Memory allocation failed__6980122.md	English-only source	semantic-coverage/matrices/S031-faq-attachments-english-only-classification.tsv; LLM_REFERENCE_REVIEW_PLAN.md	Auxiliary Phase 3 source only; label as English-only source and do not present as Korean-source-verified.	outside Korean-core FAQ mapping; no Korean-source semantic verification	Outside the 115 mapped Korean-core FAQE targets; S031 classifies the Altibase Error Messages area as English-only auxiliary material.
FAQE/Home/Altibase Error Messages/ERR-11009 Failed to invoke a system function, shmat()__7340315.md	English-only source	semantic-coverage/matrices/S031-faq-attachments-english-only-classification.tsv; LLM_REFERENCE_REVIEW_PLAN.md	Auxiliary Phase 3 source only; label as English-only source and do not present as Korean-source-verified.	outside Korean-core FAQ mapping; no Korean-source semantic verification	Outside the 115 mapped Korean-core FAQE targets; S031 classifies the Altibase Error Messages area as English-only auxiliary material.
FAQE/Home/Altibase Error Messages/ERR-11025 The data file already exists__6980129.md	English-only source	semantic-coverage/matrices/S031-faq-attachments-english-only-classification.tsv; LLM_REFERENCE_REVIEW_PLAN.md	Auxiliary Phase 3 source only; label as English-only source and do not present as Korean-source-verified.	outside Korean-core FAQ mapping; no Korean-source semantic verification	Outside the 115 mapped Korean-core FAQE targets; S031 classifies the Altibase Error Messages area as English-only auxiliary material.
FAQE/Home/Altibase Error Messages/ERR-11027 The data file does not exist__7340037.md	English-only source	semantic-coverage/matrices/S031-faq-attachments-english-only-classification.tsv; LLM_REFERENCE_REVIEW_PLAN.md	Auxiliary Phase 3 source only; label as English-only source and do not present as Korean-source-verified.	outside Korean-core FAQ mapping; no Korean-source semantic verification	Outside the 115 mapped Korean-core FAQE targets; S031 classifies the Altibase Error Messages area as English-only auxiliary material.
FAQE/Home/Altibase Error Messages/ERR-1102A Tablespace node not found__11207177.md	English-only source	semantic-coverage/matrices/S031-faq-attachments-english-only-classification.tsv; LLM_REFERENCE_REVIEW_PLAN.md	Auxiliary Phase 3 source only; label as English-only source and do not present as Korean-source-verified.	outside Korean-core FAQ mapping; no Korean-source semantic verification	Outside the 115 mapped Korean-core FAQE targets; S031 classifies the Altibase Error Messages area as English-only auxiliary material.
FAQE/Home/Altibase Error Messages/ERR-11030 The data file cannot be extended because the requested size is bigger than the maximum size (262144 pages)__6979787.md	English-only source	semantic-coverage/matrices/S031-faq-attachments-english-only-classification.tsv; LLM_REFERENCE_REVIEW_PLAN.md	Auxiliary Phase 3 source only; label as English-only source and do not present as Korean-source-verified.	outside Korean-core FAQ mapping; no Korean-source semantic verification	Outside the 115 mapped Korean-core FAQE targets; S031 classifies the Altibase Error Messages area as English-only auxiliary material.
FAQE/Home/Altibase Error Messages/ERR-11035 The tablespace does not have enough free space__7340049.md	English-only source	semantic-coverage/matrices/S031-faq-attachments-english-only-classification.tsv; LLM_REFERENCE_REVIEW_PLAN.md	Auxiliary Phase 3 source only; label as English-only source and do not present as Korean-source-verified.	outside Korean-core FAQ mapping; no Korean-source semantic verification	Outside the 115 mapped Korean-core FAQE targets; S031 classifies the Altibase Error Messages area as English-only auxiliary material.
FAQE/Home/Altibase Error Messages/ERR-11036 The data file is in use__6979796.md	English-only source	semantic-coverage/matrices/S031-faq-attachments-english-only-classification.tsv; LLM_REFERENCE_REVIEW_PLAN.md	Auxiliary Phase 3 source only; label as English-only source and do not present as Korean-source-verified.	outside Korean-core FAQ mapping; no Korean-source semantic verification	Outside the 115 mapped Korean-core FAQE targets; S031 classifies the Altibase Error Messages area as English-only auxiliary material.
FAQE/Home/Altibase Error Messages/ERR-11041 A deadlock situation has been detected__6979819.md	English-only source	semantic-coverage/matrices/S031-faq-attachments-english-only-classification.tsv; LLM_REFERENCE_REVIEW_PLAN.md	Auxiliary Phase 3 source only; label as English-only source and do not present as Korean-source-verified.	outside Korean-core FAQ mapping; no Korean-source semantic verification	Outside the 115 mapped Korean-core FAQE targets; S031 classifies the Altibase Error Messages area as English-only auxiliary material.
FAQE/Home/Altibase Error Messages/ERR-11049 Too many pages were allocated__6979809.md	English-only source	semantic-coverage/matrices/S031-faq-attachments-english-only-classification.tsv; LLM_REFERENCE_REVIEW_PLAN.md	Auxiliary Phase 3 source only; label as English-only source and do not present as Korean-source-verified.	outside Korean-core FAQ mapping; no Korean-source semantic verification	Outside the 115 mapped Korean-core FAQE targets; S031 classifies the Altibase Error Messages area as English-only auxiliary material.
FAQE/Home/Altibase Error Messages/ERR-11058 The row already exists in a unique index__6979811.md	English-only source	semantic-coverage/matrices/S031-faq-attachments-english-only-classification.tsv; LLM_REFERENCE_REVIEW_PLAN.md	Auxiliary Phase 3 source only; label as English-only source and do not present as Korean-source-verified.	outside Korean-core FAQ mapping; no Korean-source semantic verification	Outside the 115 mapped Korean-core FAQE targets; S031 classifies the Altibase Error Messages area as English-only auxiliary material.
FAQE/Home/Altibase Error Messages/ERR-1105D Unable to begin a new update statement__6979825.md	English-only source	semantic-coverage/matrices/S031-faq-attachments-english-only-classification.tsv; LLM_REFERENCE_REVIEW_PLAN.md	Auxiliary Phase 3 source only; label as English-only source and do not present as Korean-source-verified.	outside Korean-core FAQ mapping; no Korean-source semantic verification	Outside the 115 mapped Korean-core FAQE targets; S031 classifies the Altibase Error Messages area as English-only auxiliary material.
FAQE/Home/Altibase Error Messages/ERR-11075 The transaction has exceeded the lock timeout specified by the user__6979715.md	English-only source	semantic-coverage/matrices/S031-faq-attachments-english-only-classification.tsv; LLM_REFERENCE_REVIEW_PLAN.md	Auxiliary Phase 3 source only; label as English-only source and do not present as Korean-source-verified.	outside Korean-core FAQ mapping; no Korean-source semantic verification	Outside the 115 mapped Korean-core FAQE targets; S031 classifies the Altibase Error Messages area as English-only auxiliary material.
FAQE/Home/Altibase Error Messages/ERR-11098 smERR_ABORT_BackupLogMode cannot be executed in no archive log mode__6980107.md	English-only source	semantic-coverage/matrices/S031-faq-attachments-english-only-classification.tsv; LLM_REFERENCE_REVIEW_PLAN.md	Auxiliary Phase 3 source only; label as English-only source and do not present as Korean-source-verified.	outside Korean-core FAQ mapping; no Korean-source semantic verification	Outside the 115 mapped Korean-core FAQE targets; S031 classifies the Altibase Error Messages area as English-only auxiliary material.
FAQE/Home/Altibase Error Messages/ERR-110AA Duplicate tablespace names__6980117.md	English-only source	semantic-coverage/matrices/S031-faq-attachments-english-only-classification.tsv; LLM_REFERENCE_REVIEW_PLAN.md	Auxiliary Phase 3 source only; label as English-only source and do not present as Korean-source-verified.	outside Korean-core FAQ mapping; no Korean-source semantic verification	Outside the 115 mapped Korean-core FAQE targets; S031 classifies the Altibase Error Messages area as English-only auxiliary material.
FAQE/Home/Altibase Error Messages/ERR-110F0 Unable to extend the tablespace (SYS_TBS_MEM_DIC) because the database would be larger than MEM_MAX_DB_SIZE(12__7340747.md	English-only source	semantic-coverage/matrices/S031-faq-attachments-english-only-classification.tsv; LLM_REFERENCE_REVIEW_PLAN.md	Auxiliary Phase 3 source only; label as English-only source and do not present as Korean-source-verified.	outside Korean-core FAQ mapping; no Korean-source semantic verification	Outside the 115 mapped Korean-core FAQE targets; S031 classifies the Altibase Error Messages area as English-only auxiliary material.
FAQE/Home/Altibase Error Messages/ERR-11107 smERR_ABORT_UNABLE_TO_CREATE_CUZ_VOL_MAX_DB_SIZE Unable to create the tablespace because the database would be__7340317.md	English-only source	semantic-coverage/matrices/S031-faq-attachments-english-only-classification.tsv; LLM_REFERENCE_REVIEW_PLAN.md	Auxiliary Phase 3 source only; label as English-only source and do not present as Korean-source-verified.	outside Korean-core FAQ mapping; no Korean-source semantic verification	Outside the 115 mapped Korean-core FAQE targets; S031 classifies the Altibase Error Messages area as English-only auxiliary material.
FAQE/Home/Altibase Error Messages/ERR-11118 The update log size '...' is bigger than TRX_UPDATE_MAX_LOGSIZE '...'__7340281.md	English-only source	semantic-coverage/matrices/S031-faq-attachments-english-only-classification.tsv; LLM_REFERENCE_REVIEW_PLAN.md	Auxiliary Phase 3 source only; label as English-only source and do not present as Korean-source-verified.	outside Korean-core FAQ mapping; no Korean-source semantic verification	Outside the 115 mapped Korean-core FAQE targets; S031 classifies the Altibase Error Messages area as English-only auxiliary material.
FAQE/Home/Altibase Error Messages/ERR-11118 The update log size '10485760' is bigger than TRX_UPDATE_MAX_LOGSIZE__6979741.md	English-only source	semantic-coverage/matrices/S031-faq-attachments-english-only-classification.tsv; LLM_REFERENCE_REVIEW_PLAN.md	Auxiliary Phase 3 source only; label as English-only source and do not present as Korean-source-verified.	outside Korean-core FAQ mapping; no Korean-source semantic verification	Outside the 115 mapped Korean-core FAQE targets; S031 classifies the Altibase Error Messages area as English-only auxiliary material.
FAQE/Home/Altibase Error Messages/ERR-11123 The tablespace does not have enough free space__6979770.md	English-only source	semantic-coverage/matrices/S031-faq-attachments-english-only-classification.tsv; LLM_REFERENCE_REVIEW_PLAN.md	Auxiliary Phase 3 source only; label as English-only source and do not present as Korean-source-verified.	outside Korean-core FAQ mapping; no Korean-source semantic verification	Outside the 115 mapped Korean-core FAQE targets; S031 classifies the Altibase Error Messages area as English-only auxiliary material.
FAQE/Home/Altibase Error Messages/ERR-11136 The LogAnchor file already exists__7340099.md	English-only source	semantic-coverage/matrices/S031-faq-attachments-english-only-classification.tsv; LLM_REFERENCE_REVIEW_PLAN.md	Auxiliary Phase 3 source only; label as English-only source and do not present as Korean-source-verified.	outside Korean-core FAQ mapping; no Korean-source semantic verification	Outside the 115 mapped Korean-core FAQE targets; S031 classifies the Altibase Error Messages area as English-only auxiliary material.
FAQE/Home/Altibase Error Messages/ERR-135181 Invalid data type length__7340105.md	English-only source	semantic-coverage/matrices/S031-faq-attachments-english-only-classification.tsv; LLM_REFERENCE_REVIEW_PLAN.md	Auxiliary Phase 3 source only; label as English-only source and do not present as Korean-source-verified.	outside Korean-core FAQ mapping; no Korean-source semantic verification	Outside the 115 mapped Korean-core FAQE targets; S031 classifies the Altibase Error Messages area as English-only auxiliary material.
FAQE/Home/Altibase Error Messages/ERR-201436 The number of host variables exceed the maximum limit (1024)__6979839.md	English-only source	semantic-coverage/matrices/S031-faq-attachments-english-only-classification.tsv; LLM_REFERENCE_REVIEW_PLAN.md	Auxiliary Phase 3 source only; label as English-only source and do not present as Korean-source-verified.	outside Korean-core FAQ mapping; no Korean-source semantic verification	Outside the 115 mapped Korean-core FAQE targets; S031 classifies the Altibase Error Messages area as English-only auxiliary material.
FAQE/Home/Altibase Error Messages/ERR-2100D Invalid length of the data type__6979821.md	English-only source	semantic-coverage/matrices/S031-faq-attachments-english-only-classification.tsv; LLM_REFERENCE_REVIEW_PLAN.md	Auxiliary Phase 3 source only; label as English-only source and do not present as Korean-source-verified.	outside Korean-core FAQ mapping; no Korean-source semantic verification	Outside the 115 mapped Korean-core FAQE targets; S031 classifies the Altibase Error Messages area as English-only auxiliary material.
FAQE/Home/Altibase Error Messages/ERR-21010 Value overflow__6979763.md	English-only source	semantic-coverage/matrices/S031-faq-attachments-english-only-classification.tsv; LLM_REFERENCE_REVIEW_PLAN.md	Auxiliary Phase 3 source only; label as English-only source and do not present as Korean-source-verified.	outside Korean-core FAQ mapping; no Korean-source semantic verification	Outside the 115 mapped Korean-core FAQE targets; S031 classifies the Altibase Error Messages area as English-only auxiliary material.
FAQE/Home/Altibase Error Messages/ERR-21011 Invalid literal__6979802.md	English-only source	semantic-coverage/matrices/S031-faq-attachments-english-only-classification.tsv; LLM_REFERENCE_REVIEW_PLAN.md	Auxiliary Phase 3 source only; label as English-only source and do not present as Korean-source-verified.	outside Korean-core FAQ mapping; no Korean-source semantic verification	Outside the 115 mapped Korean-core FAQE targets; S031 classifies the Altibase Error Messages area as English-only auxiliary material.
FAQE/Home/Altibase Error Messages/ERR-21013 Calculation stack overflow__6979710.md	English-only source	semantic-coverage/matrices/S031-faq-attachments-english-only-classification.tsv; LLM_REFERENCE_REVIEW_PLAN.md	Auxiliary Phase 3 source only; label as English-only source and do not present as Korean-source-verified.	outside Korean-core FAQ mapping; no Korean-source semantic verification	Outside the 115 mapped Korean-core FAQE targets; S031 classifies the Altibase Error Messages area as English-only auxiliary material.
FAQE/Home/Altibase Error Messages/ERR-266300 Request of fetching data to an unprepared SQL statement__7340131.md	English-only source	semantic-coverage/matrices/S031-faq-attachments-english-only-classification.tsv; LLM_REFERENCE_REVIEW_PLAN.md	Auxiliary Phase 3 source only; label as English-only source and do not present as Korean-source-verified.	outside Korean-core FAQ mapping; no Korean-source semantic verification	Outside the 115 mapped Korean-core FAQE targets; S031 classifies the Altibase Error Messages area as English-only auxiliary material.
FAQE/Home/Altibase Error Messages/ERR-266447 mmERR_ABORT_TOO_MANY_STATEMENTS_IN_THE_SESSION__7340133.md	English-only source	semantic-coverage/matrices/S031-faq-attachments-english-only-classification.tsv; LLM_REFERENCE_REVIEW_PLAN.md	Auxiliary Phase 3 source only; label as English-only source and do not present as Korean-source-verified.	outside Korean-core FAQ mapping; no Korean-source semantic verification	Outside the 115 mapped Korean-core FAQE targets; S031 classifies the Altibase Error Messages area as English-only auxiliary material.
FAQE/Home/Altibase Error Messages/ERR-31020 You cannot execute DDL on a replicated table__7340135.md	English-only source	semantic-coverage/matrices/S031-faq-attachments-english-only-classification.tsv; LLM_REFERENCE_REVIEW_PLAN.md	Auxiliary Phase 3 source only; label as English-only source and do not present as Korean-source-verified.	outside Korean-core FAQ mapping; no Korean-source semantic verification	Outside the 115 mapped Korean-core FAQE targets; S031 classifies the Altibase Error Messages area as English-only auxiliary material.
FAQE/Home/Altibase Error Messages/ERR-3103F No DDL statement is allowed to be executed on a replicated table__7340137.md	English-only source	semantic-coverage/matrices/S031-faq-attachments-english-only-classification.tsv; LLM_REFERENCE_REVIEW_PLAN.md	Auxiliary Phase 3 source only; label as English-only source and do not present as Korean-source-verified.	outside Korean-core FAQ mapping; no Korean-source semantic verification	Outside the 115 mapped Korean-core FAQE targets; S031 classifies the Altibase Error Messages area as English-only auxiliary material.
FAQE/Home/Altibase Error Messages/ERR-31088 A replicated table must have a primary key__6979805.md	English-only source	semantic-coverage/matrices/S031-faq-attachments-english-only-classification.tsv; LLM_REFERENCE_REVIEW_PLAN.md	Auxiliary Phase 3 source only; label as English-only source and do not present as Korean-source-verified.	outside Korean-core FAQ mapping; no Korean-source semantic verification	Outside the 115 mapped Korean-core FAQE targets; S031 classifies the Altibase Error Messages area as English-only auxiliary material.
FAQE/Home/Altibase Error Messages/ERR-3109F REPL sender failure to handshake with peer server__6979813.md	English-only source	semantic-coverage/matrices/S031-faq-attachments-english-only-classification.tsv; LLM_REFERENCE_REVIEW_PLAN.md	Auxiliary Phase 3 source only; label as English-only source and do not present as Korean-source-verified.	outside Korean-core FAQ mapping; no Korean-source semantic verification	Outside the 115 mapped Korean-core FAQE targets; S031 classifies the Altibase Error Messages area as English-only auxiliary material.
FAQE/Home/Altibase Error Messages/ERR-311B1 The user must have SYSDBA privilege(s) to execute this statement__7340144.md	English-only source	semantic-coverage/matrices/S031-faq-attachments-english-only-classification.tsv; LLM_REFERENCE_REVIEW_PLAN.md	Auxiliary Phase 3 source only; label as English-only source and do not present as Korean-source-verified.	outside Korean-core FAQ mapping; no Korean-source semantic verification	Outside the 115 mapped Korean-core FAQE targets; S031 classifies the Altibase Error Messages area as English-only auxiliary material.
FAQE/Home/Altibase Error Messages/ERR-311E0 The estimated size of the index key exceeds the maximum limit__6979717.md	English-only source	semantic-coverage/matrices/S031-faq-attachments-english-only-classification.tsv; LLM_REFERENCE_REVIEW_PLAN.md	Auxiliary Phase 3 source only; label as English-only source and do not present as Korean-source-verified.	outside Korean-core FAQ mapping; no Korean-source semantic verification	Outside the 115 mapped Korean-core FAQE targets; S031 classifies the Altibase Error Messages area as English-only auxiliary material.
FAQE/Home/Altibase Error Messages/ERR-31233 The fixed record size exceeds the page size__7340252.md	English-only source	semantic-coverage/matrices/S031-faq-attachments-english-only-classification.tsv; LLM_REFERENCE_REVIEW_PLAN.md	Auxiliary Phase 3 source only; label as English-only source and do not present as Korean-source-verified.	outside Korean-core FAQ mapping; no Korean-source semantic verification	Outside the 115 mapped Korean-core FAQE targets; S031 classifies the Altibase Error Messages area as English-only auxiliary material.
FAQE/Home/Altibase Error Messages/ERR-31240 Invalid request to process SQL statement__7340268.md	English-only source	semantic-coverage/matrices/S031-faq-attachments-english-only-classification.tsv; LLM_REFERENCE_REVIEW_PLAN.md	Auxiliary Phase 3 source only; label as English-only source and do not present as Korean-source-verified.	outside Korean-core FAQ mapping; no Korean-source semantic verification	Outside the 115 mapped Korean-core FAQE targets; S031 classifies the Altibase Error Messages area as English-only auxiliary material.
FAQE/Home/Altibase Error Messages/ERR-31283 Unable to create a primary key or a unique key constraint in the local non-prefixed index__6979844.md	English-only source	semantic-coverage/matrices/S031-faq-attachments-english-only-classification.tsv; LLM_REFERENCE_REVIEW_PLAN.md	Auxiliary Phase 3 source only; label as English-only source and do not present as Korean-source-verified.	outside Korean-core FAQ mapping; no Korean-source semantic verification	Outside the 115 mapped Korean-core FAQE targets; S031 classifies the Altibase Error Messages area as English-only auxiliary material.
FAQE/Home/Altibase Error Messages/ERR-312C4 Cannot execute this DDL on a replicated table when the system property REPLICATION_DDL_ENABLE is 0__7340146.md	English-only source	semantic-coverage/matrices/S031-faq-attachments-english-only-classification.tsv; LLM_REFERENCE_REVIEW_PLAN.md	Auxiliary Phase 3 source only; label as English-only source and do not present as Korean-source-verified.	outside Korean-core FAQ mapping; no Korean-source semantic verification	Outside the 115 mapped Korean-core FAQE targets; S031 classifies the Altibase Error Messages area as English-only auxiliary material.
FAQE/Home/Altibase Error Messages/ERR-40029 Failed to invoke a system function, flock_trywrlock()__6979846.md	English-only source	semantic-coverage/matrices/S031-faq-attachments-english-only-classification.tsv; LLM_REFERENCE_REVIEW_PLAN.md	Auxiliary Phase 3 source only; label as English-only source and do not present as Korean-source-verified.	outside Korean-core FAQ mapping; no Korean-source semantic verification	Outside the 115 mapped Korean-core FAQE targets; S031 classifies the Altibase Error Messages area as English-only auxiliary material.
FAQE/Home/Altibase Error Messages/ERR-4102C Incompatible NLS between the client and the server__6979729.md	English-only source	semantic-coverage/matrices/S031-faq-attachments-english-only-classification.tsv; LLM_REFERENCE_REVIEW_PLAN.md	Auxiliary Phase 3 source only; label as English-only source and do not present as Korean-source-verified.	outside Korean-core FAQ mapping; no Korean-source semantic verification	Outside the 115 mapped Korean-core FAQE targets; S031 classifies the Altibase Error Messages area as English-only auxiliary material.
FAQE/Home/Altibase Error Messages/ERR-41041 Another SYSDBA session is already running__7340761.md	English-only source	semantic-coverage/matrices/S031-faq-attachments-english-only-classification.tsv; LLM_REFERENCE_REVIEW_PLAN.md	Auxiliary Phase 3 source only; label as English-only source and do not present as Korean-source-verified.	outside Korean-core FAQ mapping; no Korean-source semantic verification	Outside the 115 mapped Korean-core FAQE targets; S031 classifies the Altibase Error Messages area as English-only auxiliary material.
FAQE/Home/Altibase Error Messages/ERR-41047 The transaction is already active__6979774.md	English-only source	semantic-coverage/matrices/S031-faq-attachments-english-only-classification.tsv; LLM_REFERENCE_REVIEW_PLAN.md	Auxiliary Phase 3 source only; label as English-only source and do not present as Korean-source-verified.	outside Korean-core FAQ mapping; no Korean-source semantic verification	Outside the 115 mapped Korean-core FAQE targets; S031 classifies the Altibase Error Messages area as English-only auxiliary material.
FAQE/Home/Altibase Error Messages/ERR-41059 Task pool overflow__6979777.md	English-only source	semantic-coverage/matrices/S031-faq-attachments-english-only-classification.tsv; LLM_REFERENCE_REVIEW_PLAN.md	Auxiliary Phase 3 source only; label as English-only source and do not present as Korean-source-verified.	outside Korean-core FAQ mapping; no Korean-source semantic verification	Outside the 115 mapped Korean-core FAQE targets; S031 classifies the Altibase Error Messages area as English-only auxiliary material.
FAQE/Home/Altibase Error Messages/ERR-4105A Several statements still open__7340285.md	English-only source	semantic-coverage/matrices/S031-faq-attachments-english-only-classification.tsv; LLM_REFERENCE_REVIEW_PLAN.md	Auxiliary Phase 3 source only; label as English-only source and do not present as Korean-source-verified.	outside Korean-core FAQ mapping; no Korean-source semantic verification	Outside the 115 mapped Korean-core FAQE targets; S031 classifies the Altibase Error Messages area as English-only auxiliary material.
FAQE/Home/Altibase Error Messages/ERR-4109C invalid session property__6979790.md	English-only source	semantic-coverage/matrices/S031-faq-attachments-english-only-classification.tsv; LLM_REFERENCE_REVIEW_PLAN.md	Auxiliary Phase 3 source only; label as English-only source and do not present as Korean-source-verified.	outside Korean-core FAQ mapping; no Korean-source semantic verification	Outside the 115 mapped Korean-core FAQE targets; S031 classifies the Altibase Error Messages area as English-only auxiliary material.
FAQE/Home/Altibase Error Messages/ERR-410B7 Invalid size of data to bind to a host variable Data Size__7340272.md	English-only source	semantic-coverage/matrices/S031-faq-attachments-english-only-classification.tsv; LLM_REFERENCE_REVIEW_PLAN.md	Auxiliary Phase 3 source only; label as English-only source and do not present as Korean-source-verified.	outside Korean-core FAQ mapping; no Korean-source semantic verification	Outside the 115 mapped Korean-core FAQE targets; S031 classifies the Altibase Error Messages area as English-only auxiliary material.
FAQE/Home/Altibase Error Messages/ERR-410CF Too many statements have been allocated to this session__6979761.md	English-only source	semantic-coverage/matrices/S031-faq-attachments-english-only-classification.tsv; LLM_REFERENCE_REVIEW_PLAN.md	Auxiliary Phase 3 source only; label as English-only source and do not present as Korean-source-verified.	outside Korean-core FAQ mapping; no Korean-source semantic verification	Outside the 115 mapped Korean-core FAQE targets; S031 classifies the Altibase Error Messages area as English-only auxiliary material.
FAQE/Home/Altibase Error Messages/ERR-410D5 Client unable to establish connection__6979736.md	English-only source	semantic-coverage/matrices/S031-faq-attachments-english-only-classification.tsv; LLM_REFERENCE_REVIEW_PLAN.md	Auxiliary Phase 3 source only; label as English-only source and do not present as Korean-source-verified.	outside Korean-core FAQ mapping; no Korean-source semantic verification	Outside the 115 mapped Korean-core FAQE targets; S031 classifies the Altibase Error Messages area as English-only auxiliary material.
FAQE/Home/Altibase Error Messages/ERR-51014 Function sequence error__7340763.md	English-only source	semantic-coverage/matrices/S031-faq-attachments-english-only-classification.tsv; LLM_REFERENCE_REVIEW_PLAN.md	Auxiliary Phase 3 source only; label as English-only source and do not present as Korean-source-verified.	outside Korean-core FAQ mapping; no Korean-source semantic verification	Outside the 115 mapped Korean-core FAQE targets; S031 classifies the Altibase Error Messages area as English-only auxiliary material.
FAQE/Home/Altibase Error Messages/ERR-51024 Different protocol versions__7340157.md	English-only source	semantic-coverage/matrices/S031-faq-attachments-english-only-classification.tsv; LLM_REFERENCE_REVIEW_PLAN.md	Auxiliary Phase 3 source only; label as English-only source and do not present as Korean-source-verified.	outside Korean-core FAQ mapping; no Korean-source semantic verification	Outside the 115 mapped Korean-core FAQE targets; S031 classifies the Altibase Error Messages area as English-only auxiliary material.
FAQE/Home/Altibase Error Messages/ERR-5102E Invalid cursor state__7340159.md	English-only source	semantic-coverage/matrices/S031-faq-attachments-english-only-classification.tsv; LLM_REFERENCE_REVIEW_PLAN.md	Auxiliary Phase 3 source only; label as English-only source and do not present as Korean-source-verified.	outside Korean-core FAQ mapping; no Korean-source semantic verification	Outside the 115 mapped Korean-core FAQE targets; S031 classifies the Altibase Error Messages area as English-only auxiliary material.
FAQE/Home/Altibase Error Messages/ERR-51039 Invalid Protocol__6979743.md	English-only source	semantic-coverage/matrices/S031-faq-attachments-english-only-classification.tsv; LLM_REFERENCE_REVIEW_PLAN.md	Auxiliary Phase 3 source only; label as English-only source and do not present as Korean-source-verified.	outside Korean-core FAQ mapping; no Korean-source semantic verification	Outside the 115 mapped Korean-core FAQE targets; S031 classifies the Altibase Error Messages area as English-only auxiliary material.
FAQE/Home/Altibase Error Messages/ERR-51041 Indicator variable required but not supplied__7340270.md	English-only source	semantic-coverage/matrices/S031-faq-attachments-english-only-classification.tsv; LLM_REFERENCE_REVIEW_PLAN.md	Auxiliary Phase 3 source only; label as English-only source and do not present as Korean-source-verified.	outside Korean-core FAQ mapping; no Korean-source semantic verification	Outside the 115 mapped Korean-core FAQE targets; S031 classifies the Altibase Error Messages area as English-only auxiliary material.
FAQE/Home/Altibase Error Messages/ERR-51043 Communication link failure__6979768.md	English-only source	semantic-coverage/matrices/S031-faq-attachments-english-only-classification.tsv; LLM_REFERENCE_REVIEW_PLAN.md	Auxiliary Phase 3 source only; label as English-only source and do not present as Korean-source-verified.	outside Korean-core FAQ mapping; no Korean-source semantic verification	Outside the 115 mapped Korean-core FAQE targets; S031 classifies the Altibase Error Messages area as English-only auxiliary material.
FAQE/Home/Altibase Error Messages/ERR-5104D Connection timeout__7340765.md	English-only source	semantic-coverage/matrices/S031-faq-attachments-english-only-classification.tsv; LLM_REFERENCE_REVIEW_PLAN.md	Auxiliary Phase 3 source only; label as English-only source and do not present as Korean-source-verified.	outside Korean-core FAQ mapping; no Korean-source semantic verification	Outside the 115 mapped Korean-core FAQE targets; S031 classifies the Altibase Error Messages area as English-only auxiliary material.
FAQE/Home/Altibase Error Messages/ERR-5104F Communication link failure__7340245.md	English-only source	semantic-coverage/matrices/S031-faq-attachments-english-only-classification.tsv; LLM_REFERENCE_REVIEW_PLAN.md	Auxiliary Phase 3 source only; label as English-only source and do not present as Korean-source-verified.	outside Korean-core FAQ mapping; no Korean-source semantic verification	Outside the 115 mapped Korean-core FAQE targets; S031 classifies the Altibase Error Messages area as English-only auxiliary material.
FAQE/Home/Altibase Error Messages/ERR-5105A The connection does not exist__7340243.md	English-only source	semantic-coverage/matrices/S031-faq-attachments-english-only-classification.tsv; LLM_REFERENCE_REVIEW_PLAN.md	Auxiliary Phase 3 source only; label as English-only source and do not present as Korean-source-verified.	outside Korean-core FAQ mapping; no Korean-source semantic verification	Outside the 115 mapped Korean-core FAQE targets; S031 classifies the Altibase Error Messages area as English-only auxiliary material.
FAQE/Home/Altibase Error Messages/ERR-51067 Neither PORT_NO in the connection string or ALTIBASE_PORT_NO environment variable are set__7340767.md	English-only source	semantic-coverage/matrices/S031-faq-attachments-english-only-classification.tsv; LLM_REFERENCE_REVIEW_PLAN.md	Auxiliary Phase 3 source only; label as English-only source and do not present as Korean-source-verified.	outside Korean-core FAQ mapping; no Korean-source semantic verification	Outside the 115 mapped Korean-core FAQE targets; S031 classifies the Altibase Error Messages area as English-only auxiliary material.
FAQE/Home/Altibase Error Messages/ERR-51192 The call to getaddrinfo() failed. The host name or service may be unknown__7340769.md	English-only source	semantic-coverage/matrices/S031-faq-attachments-english-only-classification.tsv; LLM_REFERENCE_REVIEW_PLAN.md	Auxiliary Phase 3 source only; label as English-only source and do not present as Korean-source-verified.	outside Korean-core FAQ mapping; no Korean-source semantic verification	Outside the 115 mapped Korean-core FAQE targets; S031 classifies the Altibase Error Messages area as English-only auxiliary material.
FAQE/Home/Altibase Error Messages/ERR-52027 String data right-truncated__7340167.md	English-only source	semantic-coverage/matrices/S031-faq-attachments-english-only-classification.tsv; LLM_REFERENCE_REVIEW_PLAN.md	Auxiliary Phase 3 source only; label as English-only source and do not present as Korean-source-verified.	outside Korean-core FAQ mapping; no Korean-source semantic verification	Outside the 115 mapped Korean-core FAQE targets; S031 classifies the Altibase Error Messages area as English-only auxiliary material.
FAQE/Home/Altibase Error Messages/ERR-61000 The received record was not found in the database__7340772.md	English-only source	semantic-coverage/matrices/S031-faq-attachments-english-only-classification.tsv; LLM_REFERENCE_REVIEW_PLAN.md	Auxiliary Phase 3 source only; label as English-only source and do not present as Korean-source-verified.	outside Korean-core FAQ mapping; no Korean-source semantic verification	Outside the 115 mapped Korean-core FAQE targets; S031 classifies the Altibase Error Messages area as English-only auxiliary material.
FAQE/Home/Altibase Error Messages/ERR-61001 A conflict occurred while executing the received statement__7340171.md	English-only source	semantic-coverage/matrices/S031-faq-attachments-english-only-classification.tsv; LLM_REFERENCE_REVIEW_PLAN.md	Auxiliary Phase 3 source only; label as English-only source and do not present as Korean-source-verified.	outside Korean-core FAQ mapping; no Korean-source semantic verification	Outside the 115 mapped Korean-core FAQE targets; S031 classifies the Altibase Error Messages area as English-only auxiliary material.
FAQE/Home/Altibase Error Messages/ERR-6100C rpERR_ABORT_RP_RECEIVER_NOT_FOUND The receiver does not exist__7340774.md	English-only source	semantic-coverage/matrices/S031-faq-attachments-english-only-classification.tsv; LLM_REFERENCE_REVIEW_PLAN.md	Auxiliary Phase 3 source only; label as English-only source and do not present as Korean-source-verified.	outside Korean-core FAQ mapping; no Korean-source semantic verification	Outside the 115 mapped Korean-core FAQE targets; S031 classifies the Altibase Error Messages area as English-only auxiliary material.
FAQE/Home/Altibase Error Messages/ERR-6100D Sender failed to handshake with the peer server__6979754.md	English-only source	semantic-coverage/matrices/S031-faq-attachments-english-only-classification.tsv; LLM_REFERENCE_REVIEW_PLAN.md	Auxiliary Phase 3 source only; label as English-only source and do not present as Korean-source-verified.	outside Korean-core FAQ mapping; no Korean-source semantic verification	Outside the 115 mapped Korean-core FAQE targets; S031 classifies the Altibase Error Messages area as English-only auxiliary material.
FAQE/Home/Altibase Error Messages/ERR-61016 rpERR_ABORT_RP_SENDER_MAKE_XLOG Sender Failed to make an xlog__7340206.md	English-only source	semantic-coverage/matrices/S031-faq-attachments-english-only-classification.tsv; LLM_REFERENCE_REVIEW_PLAN.md	Auxiliary Phase 3 source only; label as English-only source and do not present as Korean-source-verified.	outside Korean-core FAQ mapping; no Korean-source semantic verification	Outside the 115 mapped Korean-core FAQE targets; S031 classifies the Altibase Error Messages area as English-only auxiliary material.
FAQE/Home/Altibase Error Messages/ERR-61023 rpERR_ABORT_RP_REPLICATION_DISABLED Replication is disabled__7340208.md	English-only source	semantic-coverage/matrices/S031-faq-attachments-english-only-classification.tsv; LLM_REFERENCE_REVIEW_PLAN.md	Auxiliary Phase 3 source only; label as English-only source and do not present as Korean-source-verified.	outside Korean-core FAQ mapping; no Korean-source semantic verification	Outside the 115 mapped Korean-core FAQE targets; S031 classifies the Altibase Error Messages area as English-only auxiliary material.
FAQE/Home/Altibase Error Messages/ERR-61035 Receiver - An update conflict occurred__6979849.md	English-only source	semantic-coverage/matrices/S031-faq-attachments-english-only-classification.tsv; LLM_REFERENCE_REVIEW_PLAN.md	Auxiliary Phase 3 source only; label as English-only source and do not present as Korean-source-verified.	outside Korean-core FAQ mapping; no Korean-source semantic verification	Outside the 115 mapped Korean-core FAQE targets; S031 classifies the Altibase Error Messages area as English-only auxiliary material.
FAQE/Home/Altibase Error Messages/ERR-61036 Receiver err_not found in deleteXlog()__7340210.md	English-only source	semantic-coverage/matrices/S031-faq-attachments-english-only-classification.tsv; LLM_REFERENCE_REVIEW_PLAN.md	Auxiliary Phase 3 source only; label as English-only source and do not present as Korean-source-verified.	outside Korean-core FAQ mapping; no Korean-source semantic verification	Outside the 115 mapped Korean-core FAQE targets; S031 classifies the Altibase Error Messages area as English-only auxiliary material.
FAQE/Home/Altibase Error Messages/ERR-6103a Receiver err_not_found in updateXlog()__7340213.md	English-only source	semantic-coverage/matrices/S031-faq-attachments-english-only-classification.tsv; LLM_REFERENCE_REVIEW_PLAN.md	Auxiliary Phase 3 source only; label as English-only source and do not present as Korean-source-verified.	outside Korean-core FAQ mapping; no Korean-source semantic verification	Outside the 115 mapped Korean-core FAQE targets; S031 classifies the Altibase Error Messages area as English-only auxiliary material.
FAQE/Home/Altibase Error Messages/ERR-610CF The transaction table size of the replication does not match__7340217.md	English-only source	semantic-coverage/matrices/S031-faq-attachments-english-only-classification.tsv; LLM_REFERENCE_REVIEW_PLAN.md	Auxiliary Phase 3 source only; label as English-only source and do not present as Korean-source-verified.	outside Korean-core FAQ mapping; no Korean-source semantic verification	Outside the 115 mapped Korean-core FAQE targets; S031 classifies the Altibase Error Messages area as English-only auxiliary material.
FAQE/Home/Altibase Error Messages/ERR-610D2 The primary key column count of the replicated table does not match__7340220.md	English-only source	semantic-coverage/matrices/S031-faq-attachments-english-only-classification.tsv; LLM_REFERENCE_REVIEW_PLAN.md	Auxiliary Phase 3 source only; label as English-only source and do not present as Korean-source-verified.	outside Korean-core FAQ mapping; no Korean-source semantic verification	Outside the 115 mapped Korean-core FAQE targets; S031 classifies the Altibase Error Messages area as English-only auxiliary material.
FAQE/Home/Altibase Error Messages/ERR-610a0 Sender Stopping REP1 sender thread__7340215.md	English-only source	semantic-coverage/matrices/S031-faq-attachments-english-only-classification.tsv; LLM_REFERENCE_REVIEW_PLAN.md	Auxiliary Phase 3 source only; label as English-only source and do not present as Korean-source-verified.	outside Korean-core FAQ mapping; no Korean-source semantic verification	Outside the 115 mapped Korean-core FAQE targets; S031 classifies the Altibase Error Messages area as English-only auxiliary material.
FAQE/Home/Altibase Error Messages/ERR-61100 rpERR_ABORT_RPC_DUPLICATE_REPLICATION Duplicate replication names. The replication name already exists in the__6979851.md	English-only source	semantic-coverage/matrices/S031-faq-attachments-english-only-classification.tsv; LLM_REFERENCE_REVIEW_PLAN.md	Auxiliary Phase 3 source only; label as English-only source and do not present as Korean-source-verified.	outside Korean-core FAQ mapping; no Korean-source semantic verification	Outside the 115 mapped Korean-core FAQE targets; S031 classifies the Altibase Error Messages area as English-only auxiliary material.
FAQE/Home/Altibase Error Messages/ERR-61113 A replicated table must have a primary key__7340225.md	English-only source	semantic-coverage/matrices/S031-faq-attachments-english-only-classification.tsv; LLM_REFERENCE_REVIEW_PLAN.md	Auxiliary Phase 3 source only; label as English-only source and do not present as Korean-source-verified.	outside Korean-core FAQ mapping; no Korean-source semantic verification	Outside the 115 mapped Korean-core FAQE targets; S031 classifies the Altibase Error Messages area as English-only auxiliary material.
FAQE/Home/Altibase Error Messages/ERR-71015 cmERR_ABORT_SELECT_ERROR Failed to invoke the select() system function__7340227.md	English-only source	semantic-coverage/matrices/S031-faq-attachments-english-only-classification.tsv; LLM_REFERENCE_REVIEW_PLAN.md	Auxiliary Phase 3 source only; label as English-only source and do not present as Korean-source-verified.	outside Korean-core FAQ mapping; no Korean-source semantic verification	Outside the 115 mapped Korean-core FAQE targets; S031 classifies the Altibase Error Messages area as English-only auxiliary material.
FAQE/Home/Altibase Error Messages/ERR-71018 Failed to invoke the read() system function__6979756.md	English-only source	semantic-coverage/matrices/S031-faq-attachments-english-only-classification.tsv; LLM_REFERENCE_REVIEW_PLAN.md	Auxiliary Phase 3 source only; label as English-only source and do not present as Korean-source-verified.	outside Korean-core FAQ mapping; no Korean-source semantic verification	Outside the 115 mapped Korean-core FAQE targets; S031 classifies the Altibase Error Messages area as English-only auxiliary material.
FAQE/Home/Altibase Error Messages/ERR-71019 Failed to invoke the write() system function Flush protocol failed. Close connection__6979853.md	English-only source	semantic-coverage/matrices/S031-faq-attachments-english-only-classification.tsv; LLM_REFERENCE_REVIEW_PLAN.md	Auxiliary Phase 3 source only; label as English-only source and do not present as Korean-source-verified.	outside Korean-core FAQ mapping; no Korean-source semantic verification	Outside the 115 mapped Korean-core FAQE targets; S031 classifies the Altibase Error Messages area as English-only auxiliary material.
FAQE/Home/Altibase Error Messages/ERR-7101d Protocol header error__6979734.md	English-only source	semantic-coverage/matrices/S031-faq-attachments-english-only-classification.tsv; LLM_REFERENCE_REVIEW_PLAN.md	Auxiliary Phase 3 source only; label as English-only source and do not present as Korean-source-verified.	outside Korean-core FAQ mapping; no Korean-source semantic verification	Outside the 115 mapped Korean-core FAQE targets; S031 classifies the Altibase Error Messages area as English-only auxiliary material.
FAQE/Home/Altibase Error Messages/ERR-91013 The query was too long the maximum length is 65536__7340229.md	English-only source	semantic-coverage/matrices/S031-faq-attachments-english-only-classification.tsv; LLM_REFERENCE_REVIEW_PLAN.md	Auxiliary Phase 3 source only; label as English-only source and do not present as Korean-source-verified.	outside Korean-core FAQ mapping; no Korean-source semantic verification	Outside the 115 mapped Korean-core FAQE targets; S031 classifies the Altibase Error Messages area as English-only auxiliary material.
FAQE/Home/Altibase Error Messages/ERR-91020 No Connection State__6979855.md	English-only source	semantic-coverage/matrices/S031-faq-attachments-english-only-classification.tsv; LLM_REFERENCE_REVIEW_PLAN.md	Auxiliary Phase 3 source only; label as English-only source and do not present as Korean-source-verified.	outside Korean-core FAQ mapping; no Korean-source semantic verification	Outside the 115 mapped Korean-core FAQE targets; S031 classifies the Altibase Error Messages area as English-only auxiliary material.
FAQE/Home/Altibase Error Messages/ERR-9102B utERR_ABORT_Token_Value_Range_Error Token value length overflow. Maximum token length=0%d. Column =1%s, Value=__7340231.md	English-only source	semantic-coverage/matrices/S031-faq-attachments-english-only-classification.tsv; LLM_REFERENCE_REVIEW_PLAN.md	Auxiliary Phase 3 source only; label as English-only source and do not present as Korean-source-verified.	outside Korean-core FAQ mapping; no Korean-source semantic verification	Outside the 115 mapped Korean-core FAQE targets; S031 classifies the Altibase Error Messages area as English-only auxiliary material.
FAQE/Home/Altibase Error Messages/ERR-9103D Data parsing error - LineXXXX__6979857.md	English-only source	semantic-coverage/matrices/S031-faq-attachments-english-only-classification.tsv; LLM_REFERENCE_REVIEW_PLAN.md	Auxiliary Phase 3 source only; label as English-only source and do not present as Korean-source-verified.	outside Korean-core FAQ mapping; no Korean-source semantic verification	Outside the 115 mapped Korean-core FAQE targets; S031 classifies the Altibase Error Messages area as English-only auxiliary material.
FAQE/Home/Altibase Error Messages/ERR-91044 Error occurred during data file IO__7340233.md	English-only source	semantic-coverage/matrices/S031-faq-attachments-english-only-classification.tsv; LLM_REFERENCE_REVIEW_PLAN.md	Auxiliary Phase 3 source only; label as English-only source and do not present as Korean-source-verified.	outside Korean-core FAQ mapping; no Korean-source semantic verification	Outside the 115 mapped Korean-core FAQE targets; S031 classifies the Altibase Error Messages area as English-only auxiliary material.
FAQE/Home/Altibase Error Messages/ERR-A100C Conversion not applicable__7340250.md	English-only source	semantic-coverage/matrices/S031-faq-attachments-english-only-classification.tsv; LLM_REFERENCE_REVIEW_PLAN.md	Auxiliary Phase 3 source only; label as English-only source and do not present as Korean-source-verified.	outside Korean-core FAQ mapping; no Korean-source semantic verification	Outside the 115 mapped Korean-core FAQE targets; S031 classifies the Altibase Error Messages area as English-only auxiliary material.
FAQE/Home/Altibase Error Messages/ERR-A1013 Calculation stack overflow__7340247.md	English-only source	semantic-coverage/matrices/S031-faq-attachments-english-only-classification.tsv; LLM_REFERENCE_REVIEW_PLAN.md	Auxiliary Phase 3 source only; label as English-only source and do not present as Korean-source-verified.	outside Korean-core FAQ mapping; no Korean-source semantic verification	Outside the 115 mapped Korean-core FAQE targets; S031 classifies the Altibase Error Messages area as English-only auxiliary material.
FAQE/Home/Altibase Error Messages/make Cannot find a rule to create target connect1.o from dependencies__7340239.md	English-only source	semantic-coverage/matrices/S031-faq-attachments-english-only-classification.tsv; LLM_REFERENCE_REVIEW_PLAN.md	Auxiliary Phase 3 source only; label as English-only source and do not present as Korean-source-verified.	outside Korean-core FAQ mapping; no Korean-source semantic verification	Outside the 115 mapped Korean-core FAQE targets; S031 classifies the Altibase Error Messages area as English-only auxiliary material.
FAQE/Home/Altibase Error Messages__6979655.md	English-only source	semantic-coverage/matrices/S031-faq-attachments-english-only-classification.tsv; LLM_REFERENCE_REVIEW_PLAN.md	Auxiliary Phase 3 source only; label as English-only source and do not present as Korean-source-verified.	outside Korean-core FAQ mapping; no Korean-source semantic verification	Outside the 115 mapped Korean-core FAQE targets; explicitly listed as English-only source in LLM_REFERENCE_REVIEW_PLAN.md.
